from,to
C00027-K1,3553105
C00073-K2,3528265
C00140-K1,3525374
C00140-K1,3525381
C00140-K1,3525391
C00215-K1,3535752
C00215-K1,3535753
C00215-K1,3535754
C00215-K1,3535755
C00215-K1,3535765
C00215-K1,3535818
C00253-K1,3546602
C00259-K1,3532014
C00259-K1,3545953
C00259-K1,3546047
C00288-K1,3468226
C00294-K2,3531326
C00294-K2,3531517
C00294-K2,3535982
C00294-K2,3535986
C00294-K2,3536661
C00294-K2,3538149
C00294-K2,3538170
C00294-K2,3538190
C00294-K2,3538501
C00294-K2,3539910
C00294-K2,3540864
C00294-K2,3541887
C00294-K2,3543146
C00294-K2,3544386
C00294-K2,3544406
C00294-K2,3544764
C00294-K2,3544790
C00294-K2,3545339
C00294-K2,3545374
C00294-K2,3553003
C00319-K1,3544579
C00426-K2,3526821
C00426-K2,3528189
C00426-K2,3545756
C00426-K2,3545777
C00426-K2,3545823
C00426-K2,3545852
C00426-K2,3553280
C00426-K2,3560397
C00466-K1,3532754
C00523-K1,3524763
C00555-K1,3492059
C00583-K1,3560206
C00606-K1,3575895
C00679-K1,3488844
C00685-K1,3455135
C00704-K1,3524941
C00712-K1,3468491
C00750-K2,3431552
C00750-K2,3434965
C00750-K2,3441122
C00750-K2,3446555
C00750-K2,3467528
C00750-K2,3508325
C00750-K2,3528420
C00788-K1,3522696
C00841-K1,3563120
C00854-K2,3451963
C00854-K2,3452470
C00854-K2,3452483
C00854-K2,3455778
C00854-K2,3456986
C00854-K2,3468912
C00854-K2,3509470
C00854-K2,3516942
C00854-K2,3531451
C00889-K2,3562337
C00927-K1,3516410
C00939-K1,3535481
C00941-K1,3488736
C00941-K1,3488761
C00952-K1,3454159
C00952-K1,3454616
C00952-K1,3542119
C00960-K1,3444352
C00978-K1,3520683
C00978-K1,3566575
C00989-K1,3494965
C01002-K1,3529379
C01002-K1,3529926
C01002-K1,3529938
C01002-K1,3535543
C01104-K2,3513647
C01109-K2,3460184
C01109-K2,3524314
C01109-K2,3524322
C01109-K2,3524323
C01109-K2,3543849
C01109-K2,3543909
C01144-K1,3493293
C01155-K2,3462159
C01155-K2,3462193
C01155-K2,3550533
C01187-K1,3568155
C01187-K1,3571568
C01239-K1,3432417
C01239-K1,3432422
C01239-K1,3432424
C01239-K1,3432433
C01289-K1,3467346
C01367-K1,3468225
C01387-K1,3447265
C01419-K1,3491334
C01433-K1,3525547
C01521-K2,3526534
C01521-K2,3536199
C01521-K2,3545720
C01521-K2,3545748
C01521-K2,3558128
C01525-K2,3522034
C01525-K2,3532418
C01525-K2,3540972
C01525-K2,3541259
C01525-K2,3541260
C01890-K1,3538210
C01909-K2,3445800
C01952-K1,3432821
C01961-K1,3460675
C01982-K2,3472754
C01983-K1,3513574
C01983-K1,3555244
C01996-K2,3462447
C01996-K2,3496814
C02031-K1,3533059
C02079-K1,3462917
C02095-K1,3574893
C02123-K1,3533907
C02147-K1,3535304
C02147-K1,3535349
C02147-K2,3531921
C02147-K2,3536021
C02147-K2,3536649
C02147-K2,3536677
C02147-K2,3537012
C02147-K2,3537904
C02147-K2,3538466
C02147-K2,3538557
C02147-K2,3539463
C02147-K2,3539490
C02147-K2,3540426
C02147-K2,3540553
C02147-K2,3540764
C02147-K2,3543599
C02147-K2,3543867
C02147-K2,3544230
C02147-K2,3552900
C02147-K2,3552911
C02147-K2,3556915
C02147-K2,3567884
C02147-K2,3567896
C02147-K2,3574728
C02171-K1,3503256
C02181-K2,3544244
C02181-K2,3549708
C02181-K2,3551076
C02214-K1,3467167
C02222-K1,3570476
C02228-K1,3525877
C02228-K1,3545407
C02228-K1,3545475
C02231-K1,3432914
C02231-K1,3444049
C02247-K1,3548511
C02250-K2,3506263
C02254-K1,3521292
C02289-K1,3561154
C02315-K1,3521468
C02315-K1,3521480
C02354-K1,3310782
C02354-K1,3310809
C02354-K1,3311203
C02354-K1,3311243
C02354-K1,3523384
C02354-K1,3523392
C02354-K1,3523535
C02354-K1,3523668
C02354-K1,3523709
C02354-K1,3523768
C02354-K1,3524102
C02354-K1,3524115
C02354-K2,3000053
C02354-K2,3000110
C02354-K2,3000260
C02354-K2,3000377
C02354-K2,3000429
C02354-K2,3000487
C02354-K2,3000513
C02354-K2,3000523
C02354-K2,3000529
C02354-K2,3000601
C02354-K2,3000623
C02354-K2,3000659
C02354-K2,3000664
C02354-K2,3000667
C02354-K2,3000670
C02354-K2,3000704
C02354-K2,3000706
C02354-K2,3000713
C02354-K2,3000742
C02354-K2,3000814
C02354-K2,3000855
C02354-K2,3000943
C02354-K2,3000962
C02354-K2,3001000
C02354-K2,3001053
C02354-K2,3001089
C02354-K2,3001098
C02354-K2,3001111
C02354-K2,3001172
C02354-K2,3001176
C02354-K2,3001232
C02354-K2,3001265
C02354-K2,3001309
C02354-K2,3001318
C02354-K2,3001332
C02354-K2,3001344
C02354-K2,3001346
C02354-K2,3001360
C02354-K2,3001393
C02354-K2,3001457
C02354-K2,3001460
C02354-K2,3001662
C02354-K2,3001764
C02354-K2,3001775
C02354-K2,3001887
C02354-K2,3001924
C02354-K2,3002057
C02354-K2,3002076
C02354-K2,3002165
C02354-K2,3002173
C02354-K2,3002181
C02354-K2,3002231
C02354-K2,3002248
C02354-K2,3002577
C02354-K2,3002693
C02354-K2,3002805
C02354-K2,3003253
C02354-K2,3003254
C02354-K2,3003299
C02354-K2,3003301
C02354-K2,3003423
C02354-K2,3003526
C02354-K2,3003547
C02354-K2,3003834
C02354-K2,3003860
C02354-K2,3003880
C02354-K2,3003882
C02354-K2,3003904
C02354-K2,3003910
C02354-K2,3004026
C02354-K2,3004104
C02354-K2,3004117
C02354-K2,3004235
C02354-K2,3004267
C02354-K2,3004273
C02354-K2,3004371
C02354-K2,3004493
C02354-K2,3004547
C02354-K2,3004660
C02354-K2,3004663
C02354-K2,3004694
C02354-K2,3004816
C02354-K2,3004819
C02354-K2,3004844
C02354-K2,3004972
C02354-K2,3004977
C02354-K2,3005059
C02354-K2,3005130
C02354-K2,3005143
C02354-K2,3005214
C02354-K2,3005394
C02354-K2,3005445
C02354-K2,3005621
C02354-K2,3005800
C02354-K2,3005938
C02354-K2,3005954
C02354-K2,3006050
C02354-K2,3006114
C02354-K2,3006227
C02354-K2,3006346
C02354-K2,3006575
C02354-K2,3006729
C02354-K2,3006999
C02354-K2,3007055
C02354-K2,3007130
C02354-K2,3007213
C02354-K2,3007223
C02354-K2,3007242
C02354-K2,3007324
C02354-K2,3007348
C02354-K2,3007351
C02354-K2,3007409
C02354-K2,3007628
C02354-K2,3007721
C02354-K2,3007729
C02354-K2,3008101
C02354-K2,3008120
C02354-K2,3008141
C02354-K2,3008331
C02354-K2,3008497
C02354-K2,3008529
C02354-K2,3008552
C02354-K2,3008618
C02354-K2,3008632
C02354-K2,3008689
C02354-K2,3008720
C02354-K2,3008848
C02354-K2,3008971
C02354-K2,3008977
C02354-K2,3009148
C02354-K2,3009444
C02354-K2,3009542
C02354-K2,3009669
C02354-K2,3009735
C02354-K2,3009766
C02354-K2,3009789
C02354-K2,3009826
C02354-K2,3009883
C02354-K2,3009902
C02354-K2,3009947
C02354-K2,3009973
C02354-K2,3010068
C02354-K2,3010075
C02354-K2,3010090
C02354-K2,3010288
C02354-K2,3010320
C02354-K2,3010331
C02354-K2,3010535
C02354-K2,3010547
C02354-K2,3010566
C02354-K2,3010672
C02354-K2,3010700
C02354-K2,3010830
C02354-K2,3010873
C02354-K2,3010923
C02354-K2,3011034
C02354-K2,3011088
C02354-K2,3011134
C02354-K2,3011614
C02354-K2,3011683
C02354-K2,3011729
C02354-K2,3011938
C02354-K2,3012144
C02354-K2,3012183
C02354-K2,3012237
C02354-K2,3012300
C02354-K2,3012356
C02354-K2,3012388
C02354-K2,3012511
C02354-K2,3012533
C02354-K2,3012583
C02354-K2,3012613
C02354-K2,3012673
C02354-K2,3012821
C02354-K2,3012843
C02354-K2,3013461
C02354-K2,3013732
C02354-K2,3013736
C02354-K2,3013776
C02354-K2,3013823
C02354-K2,3014011
C02354-K2,3014293
C02354-K2,3014354
C02354-K2,3014392
C02354-K2,3014559
C02354-K2,3014604
C02354-K2,3014744
C02354-K2,3014791
C02354-K2,3014814
C02354-K2,3014915
C02354-K2,3014994
C02354-K2,3015423
C02354-K2,3015570
C02354-K2,3015758
C02354-K2,3015900
C02354-K2,3015953
C02354-K2,3016195
C02354-K2,3016197
C02354-K2,3016209
C02354-K2,3016473
C02354-K2,3016515
C02354-K2,3016545
C02354-K2,3016657
C02354-K2,3017005
C02354-K2,3017054
C02354-K2,3017182
C02354-K2,3017223
C02354-K2,3017278
C02354-K2,3017351
C02354-K2,3017461
C02354-K2,3017466
C02354-K2,3017522
C02354-K2,3017526
C02354-K2,3017596
C02354-K2,3017672
C02354-K2,3017811
C02354-K2,3017824
C02354-K2,3018046
C02354-K2,3018063
C02354-K2,3018095
C02354-K2,3018330
C02354-K2,3018396
C02354-K2,3018405
C02354-K2,3018564
C02354-K2,3018602
C02354-K2,3018610
C02354-K2,3018640
C02354-K2,3018770
C02354-K2,3019070
C02354-K2,3019093
C02354-K2,3019154
C02354-K2,3019529
C02354-K2,3019537
C02354-K2,3019614
C02354-K2,3019671
C02354-K2,3019702
C02354-K2,3019995
C02354-K2,3020055
C02354-K2,3020123
C02354-K2,3020440
C02354-K2,3020634
C02354-K2,3021167
C02354-K2,3021171
C02354-K2,3021220
C02354-K2,3021349
C02354-K2,3021430
C02354-K2,3021434
C02354-K2,3021454
C02354-K2,3021788
C02354-K2,3021800
C02354-K2,3021837
C02354-K2,3021844
C02354-K2,3022223
C02354-K2,3022253
C02354-K2,3022258
C02354-K2,3022307
C02354-K2,3022314
C02354-K2,3022316
C02354-K2,3022338
C02354-K2,3022391
C02354-K2,3022431
C02354-K2,3022500
C02354-K2,3022528
C02354-K2,3022628
C02354-K2,3022819
C02354-K2,3022934
C02354-K2,3023137
C02354-K2,3023392
C02354-K2,3023417
C02354-K2,3023513
C02354-K2,3023539
C02354-K2,3023585
C02354-K2,3023766
C02354-K2,3023869
C02354-K2,3024096
C02354-K2,3024100
C02354-K2,3024144
C02354-K2,3024148
C02354-K2,3024167
C02354-K2,3024168
C02354-K2,3024201
C02354-K2,3024237
C02354-K2,3024527
C02354-K2,3024556
C02354-K2,3024598
C02354-K2,3024892
C02354-K2,3024917
C02354-K2,3024977
C02354-K2,3025080
C02354-K2,3025338
C02354-K2,3025346
C02354-K2,3025372
C02354-K2,3025499
C02354-K2,3025771
C02354-K2,3025783
C02354-K2,3025810
C02354-K2,3025868
C02354-K2,3025920
C02354-K2,3025938
C02354-K2,3026053
C02354-K2,3026119
C02354-K2,3026140
C02354-K2,3026175
C02354-K2,3026191
C02354-K2,3026593
C02354-K2,3026630
C02354-K2,3026784
C02354-K2,3026787
C02354-K2,3026831
C02354-K2,3026848
C02354-K2,3026922
C02354-K2,3026923
C02354-K2,3026978
C02354-K2,3027010
C02354-K2,3027044
C02354-K2,3027084
C02354-K2,3027157
C02354-K2,3027196
C02354-K2,3027208
C02354-K2,3027216
C02354-K2,3027353
C02354-K2,3027647
C02354-K2,3027652
C02354-K2,3027760
C02354-K2,3027781
C02354-K2,3027843
C02354-K2,3027859
C02354-K2,3027923
C02354-K2,3027926
C02354-K2,3027954
C02354-K2,3028076
C02354-K2,3028093
C02354-K2,3028123
C02354-K2,3028136
C02354-K2,3028167
C02354-K2,3028228
C02354-K2,3028322
C02354-K2,3028435
C02354-K2,3028455
C02354-K2,3028503
C02354-K2,3028550
C02354-K2,3028552
C02354-K2,3028589
C02354-K2,3028683
C02354-K2,3028773
C02354-K2,3028818
C02354-K2,3028840
C02354-K2,3028853
C02354-K2,3028883
C02354-K2,3029189
C02354-K2,3029194
C02354-K2,3029206
C02354-K2,3029514
C02354-K2,3029556
C02354-K2,3029558
C02354-K2,3029582
C02354-K2,3029583
C02354-K2,3029603
C02354-K2,3029612
C02354-K2,3029648
C02354-K2,3029705
C02354-K2,3029713
C02354-K2,3029754
C02354-K2,3029798
C02354-K2,3029812
C02354-K2,3029839
C02354-K2,3029913
C02354-K2,3030196
C02354-K2,3030307
C02354-K2,3030344
C02354-K2,3030405
C02354-K2,3030467
C02354-K2,3030484
C02354-K2,3030726
C02354-K2,3030748
C02354-K2,3030754
C02354-K2,3031042
C02354-K2,3031316
C02354-K2,3031434
C02354-K2,3031451
C02354-K2,3031508
C02354-K2,3031509
C02354-K2,3031926
C02354-K2,3032338
C02354-K2,3032341
C02354-K2,3032372
C02354-K2,3032714
C02354-K2,3032879
C02354-K2,3033034
C02354-K2,3033078
C02354-K2,3033218
C02354-K2,3033272
C02354-K2,3033563
C02354-K2,3033825
C02354-K2,3033828
C02354-K2,3033931
C02354-K2,3034004
C02354-K2,3034079
C02354-K2,3034409
C02354-K2,3034421
C02354-K2,3034422
C02354-K2,3034425
C02354-K2,3034533
C02354-K2,3034700
C02354-K2,3034818
C02354-K2,3034846
C02354-K2,3035052
C02354-K2,3035077
C02354-K2,3035361
C02354-K2,3035401
C02354-K2,3035419
C02354-K2,3035437
C02354-K2,3035649
C02354-K2,3035733
C02354-K2,3035770
C02354-K2,3035847
C02354-K2,3036193
C02354-K2,3036244
C02354-K2,3036250
C02354-K2,3036473
C02354-K2,3036531
C02354-K2,3036550
C02354-K2,3036708
C02354-K2,3036718
C02354-K2,3036831
C02354-K2,3036834
C02354-K2,3036845
C02354-K2,3036890
C02354-K2,3036928
C02354-K2,3037349
C02354-K2,3037587
C02354-K2,3037613
C02354-K2,3037620
C02354-K2,3037899
C02354-K2,3037912
C02354-K2,3037959
C02354-K2,3038133
C02354-K2,3038244
C02354-K2,3038356
C02354-K2,3038390
C02354-K2,3038556
C02354-K2,3038564
C02354-K2,3038725
C02354-K2,3038961
C02354-K2,3039028
C02354-K2,3039043
C02354-K2,3039090
C02354-K2,3039150
C02354-K2,3039253
C02354-K2,3039469
C02354-K2,3039566
C02354-K2,3039571
C02354-K2,3039659
C02354-K2,3039670
C02354-K2,3039781
C02354-K2,3039789
C02354-K2,3039911
C02354-K2,3039935
C02354-K2,3040021
C02354-K2,3040034
C02354-K2,3040259
C02354-K2,3040275
C02354-K2,3040328
C02354-K2,3040369
C02354-K2,3040541
C02354-K2,3040746
C02354-K2,3040820
C02354-K2,3040900
C02354-K2,3040928
C02354-K2,3041067
C02354-K2,3041351
C02354-K2,3041562
C02354-K2,3041590
C02354-K2,3041595
C02354-K2,3041628
C02354-K2,3042072
C02354-K2,3042081
C02354-K2,3042144
C02354-K2,3042491
C02354-K2,3042499
C02354-K2,3042660
C02354-K2,3042764
C02354-K2,3043293
C02354-K2,3043495
C02354-K2,3043534
C02354-K2,3043787
C02354-K2,3043919
C02354-K2,3043973
C02354-K2,3043991
C02354-K2,3044069
C02354-K2,3044165
C02354-K2,3044272
C02354-K2,3044296
C02354-K2,3044403
C02354-K2,3044449
C02354-K2,3044556
C02354-K2,3044642
C02354-K2,3044782
C02354-K2,3044789
C02354-K2,3044812
C02354-K2,3044920
C02354-K2,3044924
C02354-K2,3045086
C02354-K2,3045119
C02354-K2,3045220
C02354-K2,3045362
C02354-K2,3045512
C02354-K2,3045545
C02354-K2,3045661
C02354-K2,3045750
C02354-K2,3046041
C02354-K2,3046240
C02354-K2,3046327
C02354-K2,3046361
C02354-K2,3046434
C02354-K2,3046606
C02354-K2,3046908
C02354-K2,3046957
C02354-K2,3046970
C02354-K2,3047123
C02354-K2,3047235
C02354-K2,3047486
C02354-K2,3047555
C02354-K2,3047801
C02354-K2,3047940
C02354-K2,3048218
C02354-K2,3048602
C02354-K2,3048926
C02354-K2,3048928
C02354-K2,3048940
C02354-K2,3048994
C02354-K2,3049065
C02354-K2,3049088
C02354-K2,3049156
C02354-K2,3049346
C02354-K2,3049361
C02354-K2,3049393
C02354-K2,3049497
C02354-K2,3049552
C02354-K2,3049599
C02354-K2,3049656
C02354-K2,3049675
C02354-K2,3049936
C02354-K2,3050236
C02354-K2,3050598
C02354-K2,3050681
C02354-K2,3050715
C02354-K2,3050847
C02354-K2,3050867
C02354-K2,3050938
C02354-K2,3051030
C02354-K2,3051077
C02354-K2,3051098
C02354-K2,3051240
C02354-K2,3051361
C02354-K2,3051395
C02354-K2,3051546
C02354-K2,3051578
C02354-K2,3051771
C02354-K2,3051816
C02354-K2,3051951
C02354-K2,3051982
C02354-K2,3052166
C02354-K2,3052338
C02354-K2,3052501
C02354-K2,3052546
C02354-K2,3052607
C02354-K2,3052620
C02354-K2,3052688
C02354-K2,3052707
C02354-K2,3052732
C02354-K2,3052737
C02354-K2,3052748
C02354-K2,3052761
C02354-K2,3052841
C02354-K2,3052867
C02354-K2,3053062
C02354-K2,3053070
C02354-K2,3053125
C02354-K2,3053163
C02354-K2,3053167
C02354-K2,3053172
C02354-K2,3053189
C02354-K2,3053206
C02354-K2,3053238
C02354-K2,3053334
C02354-K2,3053372
C02354-K2,3053382
C02354-K2,3053621
C02354-K2,3053636
C02354-K2,3053663
C02354-K2,3053667
C02354-K2,3053843
C02354-K2,3053930
C02354-K2,3054016
C02354-K2,3054124
C02354-K2,3054135
C02354-K2,3054145
C02354-K2,3054171
C02354-K2,3054250
C02354-K2,3054281
C02354-K2,3054289
C02354-K2,3054406
C02354-K2,3054407
C02354-K2,3054410
C02354-K2,3054424
C02354-K2,3054557
C02354-K2,3054843
C02354-K2,3054908
C02354-K2,3055361
C02354-K2,3055462
C02354-K2,3055546
C02354-K2,3055580
C02354-K2,3055638
C02354-K2,3055780
C02354-K2,3055834
C02354-K2,3056129
C02354-K2,3056135
C02354-K2,3056150
C02354-K2,3056229
C02354-K2,3056361
C02354-K2,3056436
C02354-K2,3056503
C02354-K2,3056520
C02354-K2,3056534
C02354-K2,3056750
C02354-K2,3056836
C02354-K2,3056856
C02354-K2,3056914
C02354-K2,3056994
C02354-K2,3057425
C02354-K2,3057486
C02354-K2,3057519
C02354-K2,3057618
C02354-K2,3057751
C02354-K2,3057817
C02354-K2,3057873
C02354-K2,3057895
C02354-K2,3057948
C02354-K2,3057996
C02354-K2,3058009
C02354-K2,3058047
C02354-K2,3058221
C02354-K2,3058234
C02354-K2,3058259
C02354-K2,3058338
C02354-K2,3058427
C02354-K2,3058563
C02354-K2,3058697
C02354-K2,3058750
C02354-K2,3058874
C02354-K2,3058876
C02354-K2,3059023
C02354-K2,3059083
C02354-K2,3059085
C02354-K2,3059483
C02354-K2,3059499
C02354-K2,3059528
C02354-K2,3059564
C02354-K2,3059882
C02354-K2,3059947
C02354-K2,3060025
C02354-K2,3060138
C02354-K2,3060174
C02354-K2,3060325
C02354-K2,3060395
C02354-K2,3060438
C02354-K2,3060796
C02354-K2,3060828
C02354-K2,3060902
C02354-K2,3060908
C02354-K2,3060920
C02354-K2,3061000
C02354-K2,3061006
C02354-K2,3061212
C02354-K2,3061315
C02354-K2,3061385
C02354-K2,3061568
C02354-K2,3061901
C02354-K2,3061972
C02354-K2,3062337
C02354-K2,3062491
C02354-K2,3062974
C02354-K2,3062989
C02354-K2,3063050
C02354-K2,3063121
C02354-K2,3063129
C02354-K2,3063226
C02354-K2,3063252
C02354-K2,3063302
C02354-K2,3063442
C02354-K2,3063495
C02354-K2,3063665
C02354-K2,3063817
C02354-K2,3063882
C02354-K2,3063925
C02354-K2,3063934
C02354-K2,3064267
C02354-K2,3064285
C02354-K2,3064336
C02354-K2,3064367
C02354-K2,3064404
C02354-K2,3064609
C02354-K2,3064690
C02354-K2,3064709
C02354-K2,3064753
C02354-K2,3064993
C02354-K2,3065135
C02354-K2,3065145
C02354-K2,3065428
C02354-K2,3065611
C02354-K2,3065686
C02354-K2,3065984
C02354-K2,3065995
C02354-K2,3066056
C02354-K2,3066397
C02354-K2,3066741
C02354-K2,3066857
C02354-K2,3066937
C02354-K2,3067110
C02354-K2,3067155
C02354-K2,3067159
C02354-K2,3067229
C02354-K2,3067265
C02354-K2,3067271
C02354-K2,3067292
C02354-K2,3067396
C02354-K2,3067455
C02354-K2,3067477
C02354-K2,3067550
C02354-K2,3067688
C02354-K2,3068316
C02354-K2,3068338
C02354-K2,3068386
C02354-K2,3068481
C02354-K2,3068550
C02354-K2,3068557
C02354-K2,3068609
C02354-K2,3068616
C02354-K2,3068734
C02354-K2,3068841
C02354-K2,3068860
C02354-K2,3068917
C02354-K2,3069026
C02354-K2,3069060
C02354-K2,3069109
C02354-K2,3069119
C02354-K2,3069207
C02354-K2,3069262
C02354-K2,3069349
C02354-K2,3069408
C02354-K2,3069446
C02354-K2,3069495
C02354-K2,3069620
C02354-K2,3069694
C02354-K2,3069912
C02354-K2,3070045
C02354-K2,3070050
C02354-K2,3070073
C02354-K2,3070225
C02354-K2,3070273
C02354-K2,3070381
C02354-K2,3070707
C02354-K2,3070797
C02354-K2,3070823
C02354-K2,3070866
C02354-K2,3070953
C02354-K2,3071078
C02354-K2,3071454
C02354-K2,3071456
C02354-K2,3071766
C02354-K2,3071793
C02354-K2,3071798
C02354-K2,3071801
C02354-K2,3071817
C02354-K2,3071832
C02354-K2,3071856
C02354-K2,3071866
C02354-K2,3071907
C02354-K2,3071916
C02354-K2,3071941
C02354-K2,3071984
C02354-K2,3072062
C02354-K2,3072305
C02354-K2,3072413
C02354-K2,3072433
C02354-K2,3072488
C02354-K2,3072521
C02354-K2,3072580
C02354-K2,3072776
C02354-K2,3072893
C02354-K2,3072957
C02354-K2,3072987
C02354-K2,3073187
C02354-K2,3073295
C02354-K2,3073313
C02354-K2,3073511
C02354-K2,3073607
C02354-K2,3073716
C02354-K2,3073831
C02354-K2,3074005
C02354-K2,3074256
C02354-K2,3074324
C02354-K2,3074394
C02354-K2,3074405
C02354-K2,3074490
C02354-K2,3074498
C02354-K2,3074589
C02354-K2,3074771
C02354-K2,3074998
C02354-K2,3075324
C02354-K2,3075405
C02354-K2,3075702
C02354-K2,3075720
C02354-K2,3075788
C02354-K2,3075817
C02354-K2,3075832
C02354-K2,3075851
C02354-K2,3075860
C02354-K2,3075941
C02354-K2,3075964
C02354-K2,3076019
C02354-K2,3076235
C02354-K2,3076551
C02354-K2,3076610
C02354-K2,3076629
C02354-K2,3076662
C02354-K2,3076708
C02354-K2,3076733
C02354-K2,3076903
C02354-K2,3077081
C02354-K2,3077163
C02354-K2,3077350
C02354-K2,3077730
C02354-K2,3077942
C02354-K2,3078575
C02354-K2,3078637
C02354-K2,3078692
C02354-K2,3078780
C02354-K2,3078810
C02354-K2,3078830
C02354-K2,3078891
C02354-K2,3079093
C02354-K2,3079141
C02354-K2,3079478
C02354-K2,3079730
C02354-K2,3079744
C02354-K2,3079836
C02354-K2,3080055
C02354-K2,3080080
C02354-K2,3080156
C02354-K2,3080173
C02354-K2,3080358
C02354-K2,3080438
C02354-K2,3080524
C02354-K2,3080589
C02354-K2,3080605
C02354-K2,3080649
C02354-K2,3081027
C02354-K2,3081470
C02354-K2,3081508
C02354-K2,3081561
C02354-K2,3081604
C02354-K2,3081887
C02354-K2,3081950
C02354-K2,3081952
C02354-K2,3082156
C02354-K2,3082404
C02354-K2,3082428
C02354-K2,3082483
C02354-K2,3082731
C02354-K2,3082890
C02354-K2,3082953
C02354-K2,3083058
C02354-K2,3083131
C02354-K2,3083173
C02354-K2,3083388
C02354-K2,3083499
C02354-K2,3083709
C02354-K2,3083990
C02354-K2,3084138
C02354-K2,3084346
C02354-K2,3084382
C02354-K2,3084400
C02354-K2,3084818
C02354-K2,3084905
C02354-K2,3085066
C02354-K2,3085202
C02354-K2,3085339
C02354-K2,3085362
C02354-K2,3085386
C02354-K2,3085452
C02354-K2,3085494
C02354-K2,3085541
C02354-K2,3085579
C02354-K2,3085750
C02354-K2,3085768
C02354-K2,3085785
C02354-K2,3085942
C02354-K2,3085963
C02354-K2,3086082
C02354-K2,3086238
C02354-K2,3086438
C02354-K2,3086442
C02354-K2,3086519
C02354-K2,3086856
C02354-K2,3086864
C02354-K2,3087296
C02354-K2,3087302
C02354-K2,3087328
C02354-K2,3087380
C02354-K2,3087464
C02354-K2,3087492
C02354-K2,3087677
C02354-K2,3087748
C02354-K2,3087754
C02354-K2,3087790
C02354-K2,3088073
C02354-K2,3088133
C02354-K2,3088165
C02354-K2,3088197
C02354-K2,3088208
C02354-K2,3088274
C02354-K2,3088316
C02354-K2,3088321
C02354-K2,3088531
C02354-K2,3088580
C02354-K2,3088852
C02354-K2,3088864
C02354-K2,3088882
C02354-K2,3088991
C02354-K2,3089089
C02354-K2,3089093
C02354-K2,3089109
C02354-K2,3089129
C02354-K2,3089131
C02354-K2,3089162
C02354-K2,3089230
C02354-K2,3089345
C02354-K2,3089435
C02354-K2,3089478
C02354-K2,3089543
C02354-K2,3089551
C02354-K2,3089563
C02354-K2,3089612
C02354-K2,3089635
C02354-K2,3089637
C02354-K2,3089701
C02354-K2,3089786
C02354-K2,3090021
C02354-K2,3090208
C02354-K2,3090288
C02354-K2,3090419
C02354-K2,3090479
C02354-K2,3090491
C02354-K2,3090687
C02354-K2,3090750
C02354-K2,3090769
C02354-K2,3090889
C02354-K2,3091016
C02354-K2,3091040
C02354-K2,3091078
C02354-K2,3091131
C02354-K2,3091208
C02354-K2,3091249
C02354-K2,3091275
C02354-K2,3091305
C02354-K2,3091325
C02354-K2,3091412
C02354-K2,3091616
C02354-K2,3091623
C02354-K2,3091658
C02354-K2,3091849
C02354-K2,3091910
C02354-K2,3092068
C02354-K2,3092156
C02354-K2,3092228
C02354-K2,3092310
C02354-K2,3092325
C02354-K2,3092340
C02354-K2,3092401
C02354-K2,3092448
C02354-K2,3092457
C02354-K2,3092462
C02354-K2,3092512
C02354-K2,3092519
C02354-K2,3092570
C02354-K2,3092620
C02354-K2,3092661
C02354-K2,3092706
C02354-K2,3092746
C02354-K2,3092749
C02354-K2,3092815
C02354-K2,3092823
C02354-K2,3093016
C02354-K2,3093142
C02354-K2,3093460
C02354-K2,3093535
C02354-K2,3093656
C02354-K2,3094100
C02354-K2,3094172
C02354-K2,3094272
C02354-K2,3094391
C02354-K2,3094568
C02354-K2,3094703
C02354-K2,3094741
C02354-K2,3094773
C02354-K2,3094835
C02354-K2,3094862
C02354-K2,3094979
C02354-K2,3094981
C02354-K2,3095055
C02354-K2,3095096
C02354-K2,3095098
C02354-K2,3095193
C02354-K2,3095239
C02354-K2,3095356
C02354-K2,3095364
C02354-K2,3095461
C02354-K2,3095512
C02354-K2,3095574
C02354-K2,3095657
C02354-K2,3095701
C02354-K2,3095803
C02354-K2,3095850
C02354-K2,3095934
C02354-K2,3095994
C02354-K2,3096004
C02354-K2,3096223
C02354-K2,3096333
C02354-K2,3096522
C02354-K2,3096817
C02354-K2,3096915
C02354-K2,3097074
C02354-K2,3097102
C02354-K2,3097127
C02354-K2,3097185
C02354-K2,3097202
C02354-K2,3097300
C02354-K2,3097519
C02354-K2,3097589
C02354-K2,3097710
C02354-K2,3097714
C02354-K2,3097830
C02354-K2,3097964
C02354-K2,3097998
C02354-K2,3098050
C02354-K2,3098392
C02354-K2,3098470
C02354-K2,3098498
C02354-K2,3098554
C02354-K2,3098686
C02354-K2,3098796
C02354-K2,3098937
C02354-K2,3099140
C02354-K2,3099284
C02354-K2,3099315
C02354-K2,3099366
C02354-K2,3099869
C02354-K2,3099976
C02354-K2,3099994
C02354-K2,3100007
C02354-K2,3100144
C02354-K2,3100262
C02354-K2,3100455
C02354-K2,3100465
C02354-K2,3100600
C02354-K2,3100643
C02354-K2,3100649
C02354-K2,3100698
C02354-K2,3100731
C02354-K2,3100784
C02354-K2,3101063
C02354-K2,3101183
C02354-K2,3101191
C02354-K2,3101229
C02354-K2,3101308
C02354-K2,3101311
C02354-K2,3101342
C02354-K2,3101397
C02354-K2,3101522
C02354-K2,3101615
C02354-K2,3101635
C02354-K2,3101877
C02354-K2,3101918
C02354-K2,3102160
C02354-K2,3102202
C02354-K2,3102330
C02354-K2,3102333
C02354-K2,3102374
C02354-K2,3102418
C02354-K2,3102452
C02354-K2,3102540
C02354-K2,3102546
C02354-K2,3102571
C02354-K2,3102590
C02354-K2,3102620
C02354-K2,3102708
C02354-K2,3102778
C02354-K2,3102812
C02354-K2,3102875
C02354-K2,3102878
C02354-K2,3102929
C02354-K2,3102956
C02354-K2,3103226
C02354-K2,3103287
C02354-K2,3103327
C02354-K2,3103387
C02354-K2,3103404
C02354-K2,3103728
C02354-K2,3103897
C02354-K2,3103899
C02354-K2,3104098
C02354-K2,3104106
C02354-K2,3104220
C02354-K2,3104250
C02354-K2,3104307
C02354-K2,3104386
C02354-K2,3104430
C02354-K2,3104462
C02354-K2,3104481
C02354-K2,3104500
C02354-K2,3104530
C02354-K2,3104539
C02354-K2,3104562
C02354-K2,3104596
C02354-K2,3104604
C02354-K2,3104723
C02354-K2,3104735
C02354-K2,3104815
C02354-K2,3104821
C02354-K2,3104882
C02354-K2,3105115
C02354-K2,3105125
C02354-K2,3105213
C02354-K2,3105218
C02354-K2,3105396
C02354-K2,3105402
C02354-K2,3105489
C02354-K2,3105527
C02354-K2,3105673
C02354-K2,3105936
C02354-K2,3106008
C02354-K2,3106120
C02354-K2,3106136
C02354-K2,3106203
C02354-K2,3106210
C02354-K2,3106231
C02354-K2,3106276
C02354-K2,3106301
C02354-K2,3106392
C02354-K2,3106418
C02354-K2,3106473
C02354-K2,3106487
C02354-K2,3106555
C02354-K2,3106558
C02354-K2,3106691
C02354-K2,3106821
C02354-K2,3106833
C02354-K2,3106872
C02354-K2,3106909
C02354-K2,3106917
C02354-K2,3106997
C02354-K2,3107199
C02354-K2,3107289
C02354-K2,3107322
C02354-K2,3107578
C02354-K2,3107780
C02354-K2,3107807
C02354-K2,3108025
C02354-K2,3108074
C02354-K2,3108125
C02354-K2,3108292
C02354-K2,3108671
C02354-K2,3108695
C02354-K2,3108698
C02354-K2,3108705
C02354-K2,3108754
C02354-K2,3108859
C02354-K2,3108904
C02354-K2,3108976
C02354-K2,3109006
C02354-K2,3109344
C02354-K2,3109629
C02354-K2,3109739
C02354-K2,3109769
C02354-K2,3109882
C02354-K2,3110119
C02354-K2,3110137
C02354-K2,3110152
C02354-K2,3110222
C02354-K2,3110387
C02354-K2,3110683
C02354-K2,3110860
C02354-K2,3110947
C02354-K2,3110950
C02354-K2,3111163
C02354-K2,3111348
C02354-K2,3111410
C02354-K2,3112026
C02354-K2,3112400
C02354-K2,3112489
C02354-K2,3112495
C02354-K2,3112585
C02354-K2,3112632
C02354-K2,3112777
C02354-K2,3112862
C02354-K2,3112866
C02354-K2,3112876
C02354-K2,3113081
C02354-K2,3113095
C02354-K2,3113328
C02354-K2,3113357
C02354-K2,3113385
C02354-K2,3113545
C02354-K2,3113601
C02354-K2,3113719
C02354-K2,3113742
C02354-K2,3113848
C02354-K2,3113874
C02354-K2,3113881
C02354-K2,3113965
C02354-K2,3113997
C02354-K2,3114051
C02354-K2,3114278
C02354-K2,3114372
C02354-K2,3114621
C02354-K2,3114705
C02354-K2,3114774
C02354-K2,3114961
C02354-K2,3115099
C02354-K2,3115130
C02354-K2,3115211
C02354-K2,3115584
C02354-K2,3115624
C02354-K2,3115639
C02354-K2,3116223
C02354-K2,3116234
C02354-K2,3116275
C02354-K2,3116349
C02354-K2,3116508
C02354-K2,3116530
C02354-K2,3116590
C02354-K2,3116657
C02354-K2,3116658
C02354-K2,3116682
C02354-K2,3116708
C02354-K2,3116770
C02354-K2,3116941
C02354-K2,3117248
C02354-K2,3117285
C02354-K2,3117331
C02354-K2,3117359
C02354-K2,3117514
C02354-K2,3117885
C02354-K2,3118046
C02354-K2,3118087
C02354-K2,3118311
C02354-K2,3118398
C02354-K2,3118695
C02354-K2,3118906
C02354-K2,3119536
C02354-K2,3119676
C02354-K2,3119937
C02354-K2,3120128
C02354-K2,3120176
C02354-K2,3120211
C02354-K2,3120212
C02354-K2,3120222
C02354-K2,3120225
C02354-K2,3120230
C02354-K2,3120234
C02354-K2,3120257
C02354-K2,3120278
C02354-K2,3120386
C02354-K2,3120406
C02354-K2,3120853
C02354-K2,3120938
C02354-K2,3121056
C02354-K2,3121397
C02354-K2,3121403
C02354-K2,3121640
C02354-K2,3121706
C02354-K2,3122191
C02354-K2,3122386
C02354-K2,3122522
C02354-K2,3122575
C02354-K2,3122604
C02354-K2,3122609
C02354-K2,3122656
C02354-K2,3122892
C02354-K2,3122906
C02354-K2,3122970
C02354-K2,3122973
C02354-K2,3123297
C02354-K2,3123476
C02354-K2,3124032
C02354-K2,3124083
C02354-K2,3124130
C02354-K2,3124152
C02354-K2,3124164
C02354-K2,3124171
C02354-K2,3124218
C02354-K2,3124248
C02354-K2,3124299
C02354-K2,3124325
C02354-K2,3124332
C02354-K2,3124341
C02354-K2,3124363
C02354-K2,3124394
C02354-K2,3124442
C02354-K2,3124455
C02354-K2,3124482
C02354-K2,3124492
C02354-K2,3124512
C02354-K2,3124533
C02354-K2,3124546
C02354-K2,3124576
C02354-K2,3124636
C02354-K2,3124658
C02354-K2,3124689
C02354-K2,3124737
C02354-K2,3124873
C02354-K2,3124945
C02354-K2,3124984
C02354-K2,3125016
C02354-K2,3125088
C02354-K2,3125207
C02354-K2,3125238
C02354-K2,3125430
C02354-K2,3125513
C02354-K2,3125592
C02354-K2,3125647
C02354-K2,3125793
C02354-K2,3125833
C02354-K2,3125931
C02354-K2,3125934
C02354-K2,3125937
C02354-K2,3125957
C02354-K2,3125962
C02354-K2,3125988
C02354-K2,3126079
C02354-K2,3126313
C02354-K2,3126412
C02354-K2,3126477
C02354-K2,3126499
C02354-K2,3126506
C02354-K2,3126559
C02354-K2,3126606
C02354-K2,3126607
C02354-K2,3126847
C02354-K2,3127009
C02354-K2,3127041
C02354-K2,3127087
C02354-K2,3127088
C02354-K2,3127158
C02354-K2,3127169
C02354-K2,3127275
C02354-K2,3127328
C02354-K2,3127462
C02354-K2,3127512
C02354-K2,3127738
C02354-K2,3127759
C02354-K2,3127767
C02354-K2,3127792
C02354-K2,3127819
C02354-K2,3127866
C02354-K2,3127993
C02354-K2,3128029
C02354-K2,3128089
C02354-K2,3128131
C02354-K2,3128175
C02354-K2,3128191
C02354-K2,3128235
C02354-K2,3128245
C02354-K2,3128302
C02354-K2,3128339
C02354-K2,3128411
C02354-K2,3128617
C02354-K2,3128825
C02354-K2,3128868
C02354-K2,3128952
C02354-K2,3129051
C02354-K2,3129134
C02354-K2,3129135
C02354-K2,3129141
C02354-K2,3129151
C02354-K2,3129178
C02354-K2,3129183
C02354-K2,3129195
C02354-K2,3129304
C02354-K2,3129305
C02354-K2,3129314
C02354-K2,3129353
C02354-K2,3129374
C02354-K2,3129457
C02354-K2,3129532
C02354-K2,3129643
C02354-K2,3129687
C02354-K2,3129690
C02354-K2,3129754
C02354-K2,3129774
C02354-K2,3129865
C02354-K2,3129909
C02354-K2,3130113
C02354-K2,3130190
C02354-K2,3130289
C02354-K2,3130399
C02354-K2,3130405
C02354-K2,3130492
C02354-K2,3130519
C02354-K2,3130576
C02354-K2,3130579
C02354-K2,3130771
C02354-K2,3130883
C02354-K2,3131091
C02354-K2,3131290
C02354-K2,3131297
C02354-K2,3131361
C02354-K2,3131437
C02354-K2,3131499
C02354-K2,3131514
C02354-K2,3131604
C02354-K2,3131628
C02354-K2,3131719
C02354-K2,3131883
C02354-K2,3131890
C02354-K2,3131987
C02354-K2,3132390
C02354-K2,3132401
C02354-K2,3132437
C02354-K2,3132458
C02354-K2,3132507
C02354-K2,3132518
C02354-K2,3132653
C02354-K2,3132742
C02354-K2,3132758
C02354-K2,3132766
C02354-K2,3132855
C02354-K2,3133177
C02354-K2,3133182
C02354-K2,3133196
C02354-K2,3133288
C02354-K2,3133317
C02354-K2,3133405
C02354-K2,3133427
C02354-K2,3133438
C02354-K2,3133702
C02354-K2,3133883
C02354-K2,3133900
C02354-K2,3133940
C02354-K2,3134016
C02354-K2,3134046
C02354-K2,3134327
C02354-K2,3134335
C02354-K2,3134627
C02354-K2,3134636
C02354-K2,3134680
C02354-K2,3134681
C02354-K2,3134743
C02354-K2,3134809
C02354-K2,3134906
C02354-K2,3135168
C02354-K2,3135285
C02354-K2,3135417
C02354-K2,3135424
C02354-K2,3135527
C02354-K2,3135650
C02354-K2,3135776
C02354-K2,3135787
C02354-K2,3135985
C02354-K2,3136028
C02354-K2,3136046
C02354-K2,3136277
C02354-K2,3136296
C02354-K2,3136318
C02354-K2,3136494
C02354-K2,3136572
C02354-K2,3136654
C02354-K2,3136662
C02354-K2,3136757
C02354-K2,3136766
C02354-K2,3136822
C02354-K2,3136931
C02354-K2,3137057
C02354-K2,3137220
C02354-K2,3137251
C02354-K2,3137435
C02354-K2,3137481
C02354-K2,3137498
C02354-K2,3137527
C02354-K2,3137597
C02354-K2,3137643
C02354-K2,3137772
C02354-K2,3137889
C02354-K2,3137995
C02354-K2,3138007
C02354-K2,3138069
C02354-K2,3138087
C02354-K2,3138153
C02354-K2,3138166
C02354-K2,3138181
C02354-K2,3138207
C02354-K2,3138272
C02354-K2,3138281
C02354-K2,3138314
C02354-K2,3138386
C02354-K2,3138424
C02354-K2,3138468
C02354-K2,3138495
C02354-K2,3138581
C02354-K2,3138617
C02354-K2,3138680
C02354-K2,3138866
C02354-K2,3138969
C02354-K2,3139012
C02354-K2,3139016
C02354-K2,3139077
C02354-K2,3139271
C02354-K2,3139372
C02354-K2,3139434
C02354-K2,3139456
C02354-K2,3139513
C02354-K2,3139640
C02354-K2,3139655
C02354-K2,3139662
C02354-K2,3139719
C02354-K2,3139787
C02354-K2,3139835
C02354-K2,3139862
C02354-K2,3140044
C02354-K2,3140155
C02354-K2,3140170
C02354-K2,3140180
C02354-K2,3140181
C02354-K2,3140264
C02354-K2,3140283
C02354-K2,3140313
C02354-K2,3140527
C02354-K2,3140665
C02354-K2,3140755
C02354-K2,3140864
C02354-K2,3140974
C02354-K2,3141284
C02354-K2,3141318
C02354-K2,3141365
C02354-K2,3141371
C02354-K2,3141391
C02354-K2,3141409
C02354-K2,3141437
C02354-K2,3141442
C02354-K2,3141466
C02354-K2,3141544
C02354-K2,3141545
C02354-K2,3141568
C02354-K2,3141581
C02354-K2,3141622
C02354-K2,3141658
C02354-K2,3141799
C02354-K2,3141812
C02354-K2,3141830
C02354-K2,3141832
C02354-K2,3141842
C02354-K2,3141867
C02354-K2,3141884
C02354-K2,3142039
C02354-K2,3142272
C02354-K2,3142304
C02354-K2,3142318
C02354-K2,3142408
C02354-K2,3142505
C02354-K2,3142604
C02354-K2,3142614
C02354-K2,3142642
C02354-K2,3142656
C02354-K2,3142767
C02354-K2,3142770
C02354-K2,3142835
C02354-K2,3143111
C02354-K2,3143232
C02354-K2,3143361
C02354-K2,3143386
C02354-K2,3143561
C02354-K2,3143576
C02354-K2,3143701
C02354-K2,3143742
C02354-K2,3143784
C02354-K2,3143869
C02354-K2,3143917
C02354-K2,3143954
C02354-K2,3143992
C02354-K2,3144025
C02354-K2,3144061
C02354-K2,3144068
C02354-K2,3144204
C02354-K2,3144311
C02354-K2,3144339
C02354-K2,3144343
C02354-K2,3144789
C02354-K2,3144823
C02354-K2,3144918
C02354-K2,3144976
C02354-K2,3144984
C02354-K2,3145063
C02354-K2,3145075
C02354-K2,3145103
C02354-K2,3145121
C02354-K2,3145229
C02354-K2,3145328
C02354-K2,3145393
C02354-K2,3145497
C02354-K2,3145536
C02354-K2,3145587
C02354-K2,3145656
C02354-K2,3145801
C02354-K2,3145807
C02354-K2,3145815
C02354-K2,3145874
C02354-K2,3145903
C02354-K2,3145984
C02354-K2,3145988
C02354-K2,3145993
C02354-K2,3146092
C02354-K2,3146100
C02354-K2,3146145
C02354-K2,3146151
C02354-K2,3146223
C02354-K2,3146348
C02354-K2,3146397
C02354-K2,3146604
C02354-K2,3146702
C02354-K2,3146798
C02354-K2,3146807
C02354-K2,3146809
C02354-K2,3146980
C02354-K2,3147007
C02354-K2,3147355
C02354-K2,3147396
C02354-K2,3147481
C02354-K2,3147483
C02354-K2,3147522
C02354-K2,3147723
C02354-K2,3147818
C02354-K2,3147862
C02354-K2,3148072
C02354-K2,3148250
C02354-K2,3148392
C02354-K2,3148394
C02354-K2,3148428
C02354-K2,3148440
C02354-K2,3148443
C02354-K2,3148504
C02354-K2,3148581
C02354-K2,3148588
C02354-K2,3148669
C02354-K2,3148694
C02354-K2,3149006
C02354-K2,3149077
C02354-K2,3149088
C02354-K2,3149138
C02354-K2,3149139
C02354-K2,3149402
C02354-K2,3149410
C02354-K2,3149420
C02354-K2,3149473
C02354-K2,3149486
C02354-K2,3149507
C02354-K2,3149575
C02354-K2,3149636
C02354-K2,3149685
C02354-K2,3149696
C02354-K2,3149709
C02354-K2,3149765
C02354-K2,3149771
C02354-K2,3150160
C02354-K2,3150257
C02354-K2,3150405
C02354-K2,3150520
C02354-K2,3150629
C02354-K2,3150640
C02354-K2,3150666
C02354-K2,3150691
C02354-K2,3150845
C02354-K2,3151035
C02354-K2,3151048
C02354-K2,3151180
C02354-K2,3151271
C02354-K2,3151337
C02354-K2,3151743
C02354-K2,3151915
C02354-K2,3151971
C02354-K2,3151995
C02354-K2,3152124
C02354-K2,3152132
C02354-K2,3152203
C02354-K2,3152316
C02354-K2,3152491
C02354-K2,3152526
C02354-K2,3152546
C02354-K2,3152550
C02354-K2,3152586
C02354-K2,3152770
C02354-K2,3152774
C02354-K2,3152807
C02354-K2,3152816
C02354-K2,3152865
C02354-K2,3152990
C02354-K2,3153060
C02354-K2,3153142
C02354-K2,3153378
C02354-K2,3153616
C02354-K2,3153669
C02354-K2,3153707
C02354-K2,3153952
C02354-K2,3154219
C02354-K2,3154293
C02354-K2,3154295
C02354-K2,3154308
C02354-K2,3154414
C02354-K2,3154440
C02354-K2,3154456
C02354-K2,3154516
C02354-K2,3154558
C02354-K2,3154804
C02354-K2,3155152
C02354-K2,3155244
C02354-K2,3155261
C02354-K2,3155340
C02354-K2,3155416
C02354-K2,3155666
C02354-K2,3155760
C02354-K2,3155931
C02354-K2,3155948
C02354-K2,3156038
C02354-K2,3156152
C02354-K2,3156156
C02354-K2,3156190
C02354-K2,3156224
C02354-K2,3156228
C02354-K2,3156234
C02354-K2,3156270
C02354-K2,3156422
C02354-K2,3156431
C02354-K2,3156492
C02354-K2,3156521
C02354-K2,3156727
C02354-K2,3156735
C02354-K2,3156759
C02354-K2,3156875
C02354-K2,3156932
C02354-K2,3156939
C02354-K2,3156970
C02354-K2,3156972
C02354-K2,3157046
C02354-K2,3157420
C02354-K2,3157517
C02354-K2,3157578
C02354-K2,3157600
C02354-K2,3157714
C02354-K2,3157726
C02354-K2,3157904
C02354-K2,3157962
C02354-K2,3157981
C02354-K2,3158043
C02354-K2,3158095
C02354-K2,3158170
C02354-K2,3158211
C02354-K2,3158220
C02354-K2,3158241
C02354-K2,3158297
C02354-K2,3158356
C02354-K2,3158403
C02354-K2,3158466
C02354-K2,3158537
C02354-K2,3158776
C02354-K2,3158841
C02354-K2,3158847
C02354-K2,3158935
C02354-K2,3159058
C02354-K2,3159144
C02354-K2,3159292
C02354-K2,3159330
C02354-K2,3159466
C02354-K2,3159528
C02354-K2,3159538
C02354-K2,3159540
C02354-K2,3159818
C02354-K2,3159823
C02354-K2,3159882
C02354-K2,3159922
C02354-K2,3159924
C02354-K2,3160051
C02354-K2,3160070
C02354-K2,3160168
C02354-K2,3160276
C02354-K2,3160321
C02354-K2,3160360
C02354-K2,3160391
C02354-K2,3160722
C02354-K2,3160726
C02354-K2,3160727
C02354-K2,3160805
C02354-K2,3160945
C02354-K2,3161016
C02354-K2,3161368
C02354-K2,3161383
C02354-K2,3161388
C02354-K2,3161411
C02354-K2,3161446
C02354-K2,3161507
C02354-K2,3161783
C02354-K2,3161821
C02354-K2,3161895
C02354-K2,3162111
C02354-K2,3162220
C02354-K2,3162230
C02354-K2,3162277
C02354-K2,3162305
C02354-K2,3162307
C02354-K2,3162312
C02354-K2,3162317
C02354-K2,3162346
C02354-K2,3162479
C02354-K2,3162514
C02354-K2,3162637
C02354-K2,3162685
C02354-K2,3162691
C02354-K2,3162722
C02354-K2,3162743
C02354-K2,3162763
C02354-K2,3162874
C02354-K2,3162945
C02354-K2,3163112
C02354-K2,3163544
C02354-K2,3163561
C02354-K2,3163565
C02354-K2,3163569
C02354-K2,3163601
C02354-K2,3163715
C02354-K2,3163752
C02354-K2,3163774
C02354-K2,3163783
C02354-K2,3163796
C02354-K2,3164005
C02354-K2,3164078
C02354-K2,3164217
C02354-K2,3164219
C02354-K2,3164234
C02354-K2,3164238
C02354-K2,3164334
C02354-K2,3164472
C02354-K2,3164475
C02354-K2,3164592
C02354-K2,3164719
C02354-K2,3164873
C02354-K2,3164988
C02354-K2,3165048
C02354-K2,3165077
C02354-K2,3165148
C02354-K2,3165320
C02354-K2,3165471
C02354-K2,3165731
C02354-K2,3165835
C02354-K2,3165845
C02354-K2,3165862
C02354-K2,3165910
C02354-K2,3166173
C02354-K2,3166414
C02354-K2,3166541
C02354-K2,3166621
C02354-K2,3166649
C02354-K2,3166694
C02354-K2,3166751
C02354-K2,3166815
C02354-K2,3166984
C02354-K2,3167010
C02354-K2,3167025
C02354-K2,3167102
C02354-K2,3167228
C02354-K2,3167246
C02354-K2,3167258
C02354-K2,3167307
C02354-K2,3167355
C02354-K2,3167512
C02354-K2,3167541
C02354-K2,3167596
C02354-K2,3167726
C02354-K2,3167752
C02354-K2,3167902
C02354-K2,3167907
C02354-K2,3167948
C02354-K2,3168011
C02354-K2,3168021
C02354-K2,3168039
C02354-K2,3168071
C02354-K2,3168194
C02354-K2,3168238
C02354-K2,3168277
C02354-K2,3168488
C02354-K2,3168491
C02354-K2,3168497
C02354-K2,3168501
C02354-K2,3168647
C02354-K2,3168799
C02354-K2,3168962
C02354-K2,3169044
C02354-K2,3169222
C02354-K2,3169292
C02354-K2,3169415
C02354-K2,3169493
C02354-K2,3169510
C02354-K2,3169600
C02354-K2,3170010
C02354-K2,3170044
C02354-K2,3170077
C02354-K2,3170105
C02354-K2,3170115
C02354-K2,3170146
C02354-K2,3170148
C02354-K2,3170182
C02354-K2,3170188
C02354-K2,3170213
C02354-K2,3170224
C02354-K2,3170236
C02354-K2,3170262
C02354-K2,3170279
C02354-K2,3170350
C02354-K2,3170358
C02354-K2,3170469
C02354-K2,3170520
C02354-K2,3170575
C02354-K2,3170629
C02354-K2,3170635
C02354-K2,3170654
C02354-K2,3170768
C02354-K2,3170860
C02354-K2,3170869
C02354-K2,3170878
C02354-K2,3170899
C02354-K2,3170967
C02354-K2,3170997
C02354-K2,3171016
C02354-K2,3171254
C02354-K2,3171264
C02354-K2,3171337
C02354-K2,3171416
C02354-K2,3171444
C02354-K2,3171458
C02354-K2,3171479
C02354-K2,3171515
C02354-K2,3171712
C02354-K2,3171731
C02354-K2,3171748
C02354-K2,3171758
C02354-K2,3171795
C02354-K2,3171820
C02354-K2,3171893
C02354-K2,3171951
C02354-K2,3171956
C02354-K2,3172066
C02354-K2,3172141
C02354-K2,3172160
C02354-K2,3172314
C02354-K2,3172381
C02354-K2,3172569
C02354-K2,3172627
C02354-K2,3172644
C02354-K2,3172650
C02354-K2,3172698
C02354-K2,3172928
C02354-K2,3172954
C02354-K2,3172968
C02354-K2,3173082
C02354-K2,3173184
C02354-K2,3173412
C02354-K2,3173455
C02354-K2,3173474
C02354-K2,3173502
C02354-K2,3173505
C02354-K2,3173538
C02354-K2,3173734
C02354-K2,3173758
C02354-K2,3173842
C02354-K2,3173935
C02354-K2,3173947
C02354-K2,3174044
C02354-K2,3174066
C02354-K2,3174091
C02354-K2,3174192
C02354-K2,3174317
C02354-K2,3174390
C02354-K2,3174447
C02354-K2,3174484
C02354-K2,3174574
C02354-K2,3174628
C02354-K2,3174637
C02354-K2,3174680
C02354-K2,3174681
C02354-K2,3174702
C02354-K2,3174725
C02354-K2,3174744
C02354-K2,3174979
C02354-K2,3175172
C02354-K2,3175269
C02354-K2,3175364
C02354-K2,3175369
C02354-K2,3175381
C02354-K2,3175406
C02354-K2,3175463
C02354-K2,3175586
C02354-K2,3175952
C02354-K2,3175980
C02354-K2,3176113
C02354-K2,3176236
C02354-K2,3176339
C02354-K2,3176613
C02354-K2,3176655
C02354-K2,3176818
C02354-K2,3176867
C02354-K2,3176909
C02354-K2,3176984
C02354-K2,3177095
C02354-K2,3177242
C02354-K2,3177272
C02354-K2,3177280
C02354-K2,3177431
C02354-K2,3177441
C02354-K2,3177463
C02354-K2,3177466
C02354-K2,3177525
C02354-K2,3177532
C02354-K2,3177562
C02354-K2,3177566
C02354-K2,3177572
C02354-K2,3177707
C02354-K2,3177855
C02354-K2,3178176
C02354-K2,3178240
C02354-K2,3178353
C02354-K2,3178522
C02354-K2,3178769
C02354-K2,3178850
C02354-K2,3179002
C02354-K2,3179003
C02354-K2,3179019
C02354-K2,3179032
C02354-K2,3179290
C02354-K2,3179300
C02354-K2,3179336
C02354-K2,3179356
C02354-K2,3179406
C02354-K2,3179456
C02354-K2,3179786
C02354-K2,3179823
C02354-K2,3179844
C02354-K2,3179872
C02354-K2,3179962
C02354-K2,3179995
C02354-K2,3180003
C02354-K2,3180149
C02354-K2,3180168
C02354-K2,3180323
C02354-K2,3180330
C02354-K2,3180362
C02354-K2,3180363
C02354-K2,3180375
C02354-K2,3180377
C02354-K2,3180463
C02354-K2,3180533
C02354-K2,3180610
C02354-K2,3180642
C02354-K2,3180776
C02354-K2,3180781
C02354-K2,3180869
C02354-K2,3180927
C02354-K2,3180965
C02354-K2,3181010
C02354-K2,3181119
C02354-K2,3181133
C02354-K2,3181149
C02354-K2,3181207
C02354-K2,3181226
C02354-K2,3181400
C02354-K2,3181407
C02354-K2,3181512
C02354-K2,3181647
C02354-K2,3181765
C02354-K2,3181858
C02354-K2,3181881
C02354-K2,3181935
C02354-K2,3182091
C02354-K2,3182143
C02354-K2,3182175
C02354-K2,3182209
C02354-K2,3182228
C02354-K2,3182281
C02354-K2,3182445
C02354-K2,3182453
C02354-K2,3182457
C02354-K2,3182464
C02354-K2,3182520
C02354-K2,3182578
C02354-K2,3182619
C02354-K2,3182662
C02354-K2,3182750
C02354-K2,3182847
C02354-K2,3182862
C02354-K2,3182879
C02354-K2,3183038
C02354-K2,3183066
C02354-K2,3183214
C02354-K2,3183224
C02354-K2,3183411
C02354-K2,3183524
C02354-K2,3183583
C02354-K2,3183633
C02354-K2,3183668
C02354-K2,3183741
C02354-K2,3183757
C02354-K2,3183801
C02354-K2,3184099
C02354-K2,3184123
C02354-K2,3184145
C02354-K2,3184158
C02354-K2,3184482
C02354-K2,3184484
C02354-K2,3184512
C02354-K2,3184517
C02354-K2,3184530
C02354-K2,3184627
C02354-K2,3184712
C02354-K2,3184844
C02354-K2,3184999
C02354-K2,3185045
C02354-K2,3185061
C02354-K2,3185124
C02354-K2,3185329
C02354-K2,3185391
C02354-K2,3185484
C02354-K2,3185503
C02354-K2,3185654
C02354-K2,3185671
C02354-K2,3185696
C02354-K2,3185778
C02354-K2,3185790
C02354-K2,3185853
C02354-K2,3185886
C02354-K2,3185966
C02354-K2,3186013
C02354-K2,3186090
C02354-K2,3186245
C02354-K2,3186248
C02354-K2,3186308
C02354-K2,3186406
C02354-K2,3186560
C02354-K2,3186562
C02354-K2,3186664
C02354-K2,3186799
C02354-K2,3186888
C02354-K2,3186914
C02354-K2,3187028
C02354-K2,3187074
C02354-K2,3187153
C02354-K2,3187359
C02354-K2,3187365
C02354-K2,3187434
C02354-K2,3187494
C02354-K2,3187765
C02354-K2,3187883
C02354-K2,3187997
C02354-K2,3188006
C02354-K2,3188018
C02354-K2,3188058
C02354-K2,3188203
C02354-K2,3188258
C02354-K2,3188267
C02354-K2,3188279
C02354-K2,3188305
C02354-K2,3188324
C02354-K2,3188329
C02354-K2,3188416
C02354-K2,3188464
C02354-K2,3188650
C02354-K2,3188653
C02354-K2,3188683
C02354-K2,3188894
C02354-K2,3188924
C02354-K2,3188940
C02354-K2,3188971
C02354-K2,3189116
C02354-K2,3189147
C02354-K2,3189179
C02354-K2,3189389
C02354-K2,3189419
C02354-K2,3189595
C02354-K2,3189647
C02354-K2,3189682
C02354-K2,3189730
C02354-K2,3189840
C02354-K2,3189919
C02354-K2,3189969
C02354-K2,3189983
C02354-K2,3190038
C02354-K2,3190427
C02354-K2,3190521
C02354-K2,3190549
C02354-K2,3190553
C02354-K2,3190572
C02354-K2,3190591
C02354-K2,3190651
C02354-K2,3190724
C02354-K2,3190758
C02354-K2,3190815
C02354-K2,3190879
C02354-K2,3190939
C02354-K2,3190956
C02354-K2,3191001
C02354-K2,3191095
C02354-K2,3191102
C02354-K2,3191194
C02354-K2,3191201
C02354-K2,3191285
C02354-K2,3191325
C02354-K2,3191332
C02354-K2,3191415
C02354-K2,3191457
C02354-K2,3191484
C02354-K2,3191495
C02354-K2,3191542
C02354-K2,3191594
C02354-K2,3191636
C02354-K2,3191662
C02354-K2,3191702
C02354-K2,3191720
C02354-K2,3191738
C02354-K2,3191741
C02354-K2,3191906
C02354-K2,3191989
C02354-K2,3192007
C02354-K2,3192118
C02354-K2,3192130
C02354-K2,3192276
C02354-K2,3192324
C02354-K2,3192346
C02354-K2,3192359
C02354-K2,3192445
C02354-K2,3192562
C02354-K2,3192678
C02354-K2,3192920
C02354-K2,3192989
C02354-K2,3193204
C02354-K2,3193444
C02354-K2,3193452
C02354-K2,3193567
C02354-K2,3193685
C02354-K2,3193705
C02354-K2,3193763
C02354-K2,3193963
C02354-K2,3194225
C02354-K2,3194267
C02354-K2,3194317
C02354-K2,3194319
C02354-K2,3194332
C02354-K2,3194372
C02354-K2,3194427
C02354-K2,3194445
C02354-K2,3194547
C02354-K2,3194566
C02354-K2,3194595
C02354-K2,3194613
C02354-K2,3194841
C02354-K2,3195194
C02354-K2,3195250
C02354-K2,3195276
C02354-K2,3195629
C02354-K2,3195644
C02354-K2,3195773
C02354-K2,3195813
C02354-K2,3195872
C02354-K2,3195913
C02354-K2,3196053
C02354-K2,3196250
C02354-K2,3196628
C02354-K2,3196806
C02354-K2,3196833
C02354-K2,3196863
C02354-K2,3196889
C02354-K2,3196981
C02354-K2,3196991
C02354-K2,3197053
C02354-K2,3197066
C02354-K2,3197094
C02354-K2,3197113
C02354-K2,3197115
C02354-K2,3197261
C02354-K2,3197324
C02354-K2,3197350
C02354-K2,3197456
C02354-K2,3197528
C02354-K2,3197701
C02354-K2,3197878
C02354-K2,3197925
C02354-K2,3197994
C02354-K2,3198200
C02354-K2,3198394
C02354-K2,3198451
C02354-K2,3198623
C02354-K2,3198790
C02354-K2,3198836
C02354-K2,3198870
C02354-K2,3198900
C02354-K2,3198994
C02354-K2,3199110
C02354-K2,3199111
C02354-K2,3199166
C02354-K2,3199227
C02354-K2,3199424
C02354-K2,3199474
C02354-K2,3199514
C02354-K2,3199653
C02354-K2,3199663
C02354-K2,3199905
C02354-K2,3199954
C02354-K2,3200233
C02354-K2,3200245
C02354-K2,3200265
C02354-K2,3200561
C02354-K2,3200623
C02354-K2,3200700
C02354-K2,3200882
C02354-K2,3200980
C02354-K2,3200995
C02354-K2,3201171
C02354-K2,3201223
C02354-K2,3201231
C02354-K2,3201273
C02354-K2,3201391
C02354-K2,3201398
C02354-K2,3201461
C02354-K2,3201958
C02354-K2,3201991
C02354-K2,3201997
C02354-K2,3202000
C02354-K2,3202039
C02354-K2,3202052
C02354-K2,3202283
C02354-K2,3202300
C02354-K2,3202317
C02354-K2,3202373
C02354-K2,3202540
C02354-K2,3202565
C02354-K2,3202593
C02354-K2,3202628
C02354-K2,3202669
C02354-K2,3202930
C02354-K2,3202999
C02354-K2,3203078
C02354-K2,3203231
C02354-K2,3203504
C02354-K2,3203529
C02354-K2,3203671
C02354-K2,3203723
C02354-K2,3203807
C02354-K2,3203872
C02354-K2,3203891
C02354-K2,3203897
C02354-K2,3203948
C02354-K2,3203992
C02354-K2,3204039
C02354-K2,3204073
C02354-K2,3204193
C02354-K2,3204206
C02354-K2,3204322
C02354-K2,3204550
C02354-K2,3204618
C02354-K2,3204755
C02354-K2,3204782
C02354-K2,3204811
C02354-K2,3204869
C02354-K2,3204923
C02354-K2,3204945
C02354-K2,3205038
C02354-K2,3205075
C02354-K2,3205078
C02354-K2,3205164
C02354-K2,3205255
C02354-K2,3205586
C02354-K2,3205588
C02354-K2,3205620
C02354-K2,3205671
C02354-K2,3205756
C02354-K2,3205763
C02354-K2,3205895
C02354-K2,3205919
C02354-K2,3205928
C02354-K2,3206017
C02354-K2,3206045
C02354-K2,3206052
C02354-K2,3206085
C02354-K2,3206106
C02354-K2,3206151
C02354-K2,3206195
C02354-K2,3206207
C02354-K2,3206212
C02354-K2,3206261
C02354-K2,3206328
C02354-K2,3206364
C02354-K2,3206391
C02354-K2,3206435
C02354-K2,3206634
C02354-K2,3206675
C02354-K2,3206755
C02354-K2,3206779
C02354-K2,3206999
C02354-K2,3207013
C02354-K2,3207044
C02354-K2,3207075
C02354-K2,3207171
C02354-K2,3207221
C02354-K2,3207399
C02354-K2,3207755
C02354-K2,3207795
C02354-K2,3207859
C02354-K2,3207879
C02354-K2,3207915
C02354-K2,3207980
C02354-K2,3207993
C02354-K2,3208635
C02354-K2,3208750
C02354-K2,3208795
C02354-K2,3208990
C02354-K2,3209061
C02354-K2,3209247
C02354-K2,3209268
C02354-K2,3209586
C02354-K2,3209793
C02354-K2,3209886
C02354-K2,3209889
C02354-K2,3209936
C02354-K2,3210183
C02354-K2,3210372
C02354-K2,3210383
C02354-K2,3210393
C02354-K2,3210447
C02354-K2,3210511
C02354-K2,3210537
C02354-K2,3210551
C02354-K2,3210587
C02354-K2,3210717
C02354-K2,3210719
C02354-K2,3210731
C02354-K2,3210762
C02354-K2,3210768
C02354-K2,3210825
C02354-K2,3210896
C02354-K2,3210960
C02354-K2,3211281
C02354-K2,3211339
C02354-K2,3211389
C02354-K2,3211400
C02354-K2,3211449
C02354-K2,3211482
C02354-K2,3211583
C02354-K2,3211621
C02354-K2,3211647
C02354-K2,3211728
C02354-K2,3211763
C02354-K2,3211791
C02354-K2,3211871
C02354-K2,3211889
C02354-K2,3211925
C02354-K2,3211951
C02354-K2,3211981
C02354-K2,3212173
C02354-K2,3212212
C02354-K2,3212408
C02354-K2,3212548
C02354-K2,3212598
C02354-K2,3212668
C02354-K2,3212696
C02354-K2,3212734
C02354-K2,3212971
C02354-K2,3213116
C02354-K2,3213205
C02354-K2,3213409
C02354-K2,3213458
C02354-K2,3213552
C02354-K2,3213569
C02354-K2,3213575
C02354-K2,3213579
C02354-K2,3213583
C02354-K2,3213627
C02354-K2,3213638
C02354-K2,3213648
C02354-K2,3213823
C02354-K2,3213937
C02354-K2,3214274
C02354-K2,3214394
C02354-K2,3214431
C02354-K2,3214436
C02354-K2,3214467
C02354-K2,3214525
C02354-K2,3214602
C02354-K2,3214739
C02354-K2,3214852
C02354-K2,3215075
C02354-K2,3215465
C02354-K2,3215478
C02354-K2,3215625
C02354-K2,3215649
C02354-K2,3215654
C02354-K2,3215691
C02354-K2,3215693
C02354-K2,3215920
C02354-K2,3216125
C02354-K2,3216343
C02354-K2,3216446
C02354-K2,3216475
C02354-K2,3216492
C02354-K2,3216494
C02354-K2,3216536
C02354-K2,3216598
C02354-K2,3216617
C02354-K2,3216676
C02354-K2,3216737
C02354-K2,3216970
C02354-K2,3217043
C02354-K2,3217055
C02354-K2,3217150
C02354-K2,3217154
C02354-K2,3217232
C02354-K2,3217236
C02354-K2,3217257
C02354-K2,3217332
C02354-K2,3217410
C02354-K2,3217444
C02354-K2,3217464
C02354-K2,3217559
C02354-K2,3217566
C02354-K2,3217574
C02354-K2,3217684
C02354-K2,3217792
C02354-K2,3217967
C02354-K2,3217970
C02354-K2,3218045
C02354-K2,3218114
C02354-K2,3218360
C02354-K2,3218528
C02354-K2,3218747
C02354-K2,3218878
C02354-K2,3218950
C02354-K2,3218959
C02354-K2,3218978
C02354-K2,3219034
C02354-K2,3219067
C02354-K2,3219144
C02354-K2,3219206
C02354-K2,3219267
C02354-K2,3219352
C02354-K2,3219607
C02354-K2,3219642
C02354-K2,3219688
C02354-K2,3219894
C02354-K2,3219965
C02354-K2,3220096
C02354-K2,3220127
C02354-K2,3220260
C02354-K2,3220527
C02354-K2,3220588
C02354-K2,3220623
C02354-K2,3220722
C02354-K2,3220745
C02354-K2,3220757
C02354-K2,3220797
C02354-K2,3220911
C02354-K2,3220957
C02354-K2,3220983
C02354-K2,3221235
C02354-K2,3221242
C02354-K2,3221294
C02354-K2,3221307
C02354-K2,3221323
C02354-K2,3221369
C02354-K2,3221400
C02354-K2,3221406
C02354-K2,3221484
C02354-K2,3221556
C02354-K2,3221622
C02354-K2,3221624
C02354-K2,3221636
C02354-K2,3221638
C02354-K2,3221646
C02354-K2,3221767
C02354-K2,3221818
C02354-K2,3221869
C02354-K2,3221967
C02354-K2,3222111
C02354-K2,3222182
C02354-K2,3222360
C02354-K2,3222396
C02354-K2,3222444
C02354-K2,3222465
C02354-K2,3222624
C02354-K2,3222833
C02354-K2,3223214
C02354-K2,3223341
C02354-K2,3223441
C02354-K2,3223461
C02354-K2,3223477
C02354-K2,3223612
C02354-K2,3223723
C02354-K2,3223889
C02354-K2,3223968
C02354-K2,3224003
C02354-K2,3224220
C02354-K2,3224356
C02354-K2,3224392
C02354-K2,3224427
C02354-K2,3224628
C02354-K2,3224965
C02354-K2,3225038
C02354-K2,3225071
C02354-K2,3225109
C02354-K2,3225120
C02354-K2,3225152
C02354-K2,3225172
C02354-K2,3225184
C02354-K2,3225492
C02354-K2,3225752
C02354-K2,3225754
C02354-K2,3225936
C02354-K2,3225990
C02354-K2,3226004
C02354-K2,3226035
C02354-K2,3226057
C02354-K2,3226117
C02354-K2,3226263
C02354-K2,3226387
C02354-K2,3226395
C02354-K2,3226537
C02354-K2,3226541
C02354-K2,3226562
C02354-K2,3226568
C02354-K2,3226613
C02354-K2,3226837
C02354-K2,3226896
C02354-K2,3226900
C02354-K2,3226907
C02354-K2,3226920
C02354-K2,3226924
C02354-K2,3226996
C02354-K2,3227029
C02354-K2,3227187
C02354-K2,3227283
C02354-K2,3227284
C02354-K2,3227315
C02354-K2,3227322
C02354-K2,3227365
C02354-K2,3227449
C02354-K2,3227520
C02354-K2,3227581
C02354-K2,3227705
C02354-K2,3227870
C02354-K2,3227976
C02354-K2,3228005
C02354-K2,3228057
C02354-K2,3228059
C02354-K2,3228086
C02354-K2,3228118
C02354-K2,3228129
C02354-K2,3228238
C02354-K2,3228255
C02354-K2,3228274
C02354-K2,3228277
C02354-K2,3228297
C02354-K2,3228337
C02354-K2,3228428
C02354-K2,3228457
C02354-K2,3228485
C02354-K2,3228493
C02354-K2,3228550
C02354-K2,3228635
C02354-K2,3228643
C02354-K2,3228712
C02354-K2,3228748
C02354-K2,3228865
C02354-K2,3228984
C02354-K2,3229224
C02354-K2,3229371
C02354-K2,3229458
C02354-K2,3229521
C02354-K2,3229532
C02354-K2,3229695
C02354-K2,3229703
C02354-K2,3229909
C02354-K2,3230213
C02354-K2,3230494
C02354-K2,3230850
C02354-K2,3230907
C02354-K2,3230910
C02354-K2,3230973
C02354-K2,3230985
C02354-K2,3230997
C02354-K2,3231041
C02354-K2,3231562
C02354-K2,3231650
C02354-K2,3231738
C02354-K2,3231751
C02354-K2,3231776
C02354-K2,3231795
C02354-K2,3231811
C02354-K2,3231853
C02354-K2,3231863
C02354-K2,3231870
C02354-K2,3231911
C02354-K2,3232020
C02354-K2,3232118
C02354-K2,3232119
C02354-K2,3232178
C02354-K2,3232276
C02354-K2,3232340
C02354-K2,3232507
C02354-K2,3232575
C02354-K2,3232581
C02354-K2,3232620
C02354-K2,3232715
C02354-K2,3232744
C02354-K2,3232851
C02354-K2,3233041
C02354-K2,3233085
C02354-K2,3233276
C02354-K2,3233317
C02354-K2,3233445
C02354-K2,3233604
C02354-K2,3233647
C02354-K2,3233722
C02354-K2,3233748
C02354-K2,3233901
C02354-K2,3233922
C02354-K2,3233992
C02354-K2,3233997
C02354-K2,3234015
C02354-K2,3234107
C02354-K2,3234124
C02354-K2,3234145
C02354-K2,3234228
C02354-K2,3234320
C02354-K2,3234439
C02354-K2,3234451
C02354-K2,3234503
C02354-K2,3234524
C02354-K2,3234637
C02354-K2,3234740
C02354-K2,3234854
C02354-K2,3234875
C02354-K2,3234889
C02354-K2,3234902
C02354-K2,3234984
C02354-K2,3235012
C02354-K2,3235029
C02354-K2,3235033
C02354-K2,3235069
C02354-K2,3235257
C02354-K2,3235446
C02354-K2,3235538
C02354-K2,3235614
C02354-K2,3235626
C02354-K2,3235645
C02354-K2,3235689
C02354-K2,3235774
C02354-K2,3235783
C02354-K2,3235786
C02354-K2,3235850
C02354-K2,3235889
C02354-K2,3235978
C02354-K2,3236004
C02354-K2,3236031
C02354-K2,3236138
C02354-K2,3236162
C02354-K2,3236259
C02354-K2,3236270
C02354-K2,3236421
C02354-K2,3236432
C02354-K2,3236517
C02354-K2,3236730
C02354-K2,3236740
C02354-K2,3236802
C02354-K2,3237029
C02354-K2,3237060
C02354-K2,3237098
C02354-K2,3237122
C02354-K2,3237189
C02354-K2,3237260
C02354-K2,3237286
C02354-K2,3237424
C02354-K2,3237498
C02354-K2,3237499
C02354-K2,3237573
C02354-K2,3237600
C02354-K2,3237610
C02354-K2,3237671
C02354-K2,3237694
C02354-K2,3237804
C02354-K2,3237871
C02354-K2,3237913
C02354-K2,3238118
C02354-K2,3238461
C02354-K2,3238629
C02354-K2,3238635
C02354-K2,3238704
C02354-K2,3238778
C02354-K2,3239071
C02354-K2,3239175
C02354-K2,3239358
C02354-K2,3239494
C02354-K2,3239530
C02354-K2,3239609
C02354-K2,3239630
C02354-K2,3239675
C02354-K2,3239676
C02354-K2,3239840
C02354-K2,3240087
C02354-K2,3240161
C02354-K2,3240181
C02354-K2,3240192
C02354-K2,3240249
C02354-K2,3240316
C02354-K2,3240493
C02354-K2,3240521
C02354-K2,3240601
C02354-K2,3240947
C02354-K2,3240989
C02354-K2,3241043
C02354-K2,3241052
C02354-K2,3241053
C02354-K2,3241058
C02354-K2,3241087
C02354-K2,3241177
C02354-K2,3241420
C02354-K2,3241465
C02354-K2,3241603
C02354-K2,3241718
C02354-K2,3241885
C02354-K2,3242081
C02354-K2,3242119
C02354-K2,3242288
C02354-K2,3242291
C02354-K2,3242319
C02354-K2,3242401
C02354-K2,3242460
C02354-K2,3242500
C02354-K2,3242544
C02354-K2,3242607
C02354-K2,3242675
C02354-K2,3242796
C02354-K2,3242847
C02354-K2,3242920
C02354-K2,3243059
C02354-K2,3243075
C02354-K2,3243118
C02354-K2,3243342
C02354-K2,3243440
C02354-K2,3243462
C02354-K2,3243615
C02354-K2,3243633
C02354-K2,3243666
C02354-K2,3243696
C02354-K2,3243814
C02354-K2,3243826
C02354-K2,3243894
C02354-K2,3243922
C02354-K2,3243987
C02354-K2,3244014
C02354-K2,3244055
C02354-K2,3244065
C02354-K2,3244066
C02354-K2,3244117
C02354-K2,3244224
C02354-K2,3244489
C02354-K2,3244519
C02354-K2,3244615
C02354-K2,3244666
C02354-K2,3244969
C02354-K2,3244976
C02354-K2,3244981
C02354-K2,3245064
C02354-K2,3245244
C02354-K2,3245454
C02354-K2,3245546
C02354-K2,3245556
C02354-K2,3245641
C02354-K2,3246297
C02354-K2,3246408
C02354-K2,3246446
C02354-K2,3246470
C02354-K2,3246498
C02354-K2,3246696
C02354-K2,3247058
C02354-K2,3247304
C02354-K2,3247389
C02354-K2,3247496
C02354-K2,3247537
C02354-K2,3247818
C02354-K2,3247939
C02354-K2,3248041
C02354-K2,3248140
C02354-K2,3248259
C02354-K2,3248459
C02354-K2,3248615
C02354-K2,3248655
C02354-K2,3248703
C02354-K2,3248748
C02354-K2,3248891
C02354-K2,3249060
C02354-K2,3249113
C02354-K2,3249328
C02354-K2,3249351
C02354-K2,3249453
C02354-K2,3249523
C02354-K2,3249677
C02354-K2,3249775
C02354-K2,3249798
C02354-K2,3249907
C02354-K2,3250122
C02354-K2,3250154
C02354-K2,3250250
C02354-K2,3250277
C02354-K2,3250305
C02354-K2,3250315
C02354-K2,3250369
C02354-K2,3250393
C02354-K2,3250494
C02354-K2,3250597
C02354-K2,3250740
C02354-K2,3250741
C02354-K2,3250882
C02354-K2,3250910
C02354-K2,3250933
C02354-K2,3250950
C02354-K2,3250964
C02354-K2,3250987
C02354-K2,3251011
C02354-K2,3251021
C02354-K2,3251238
C02354-K2,3251241
C02354-K2,3251245
C02354-K2,3251250
C02354-K2,3251254
C02354-K2,3251318
C02354-K2,3251352
C02354-K2,3251427
C02354-K2,3251443
C02354-K2,3251502
C02354-K2,3251671
C02354-K2,3251678
C02354-K2,3251824
C02354-K2,3251980
C02354-K2,3252016
C02354-K2,3252083
C02354-K2,3252163
C02354-K2,3252173
C02354-K2,3252572
C02354-K2,3252935
C02354-K2,3253082
C02354-K2,3253608
C02354-K2,3253631
C02354-K2,3253675
C02354-K2,3253774
C02354-K2,3254106
C02354-K2,3254335
C02354-K2,3254350
C02354-K2,3254383
C02354-K2,3254511
C02354-K2,3254553
C02354-K2,3254599
C02354-K2,3254648
C02354-K2,3254664
C02354-K2,3254697
C02354-K2,3254715
C02354-K2,3254772
C02354-K2,3254808
C02354-K2,3254825
C02354-K2,3254851
C02354-K2,3254997
C02354-K2,3255219
C02354-K2,3255267
C02354-K2,3255297
C02354-K2,3255410
C02354-K2,3255421
C02354-K2,3255436
C02354-K2,3255447
C02354-K2,3255698
C02354-K2,3255816
C02354-K2,3255861
C02354-K2,3255863
C02354-K2,3255864
C02354-K2,3255889
C02354-K2,3255903
C02354-K2,3256431
C02354-K2,3256677
C02354-K2,3256861
C02354-K2,3256977
C02354-K2,3257270
C02354-K2,3257452
C02354-K2,3257593
C02354-K2,3257684
C02354-K2,3258041
C02354-K2,3258293
C02354-K2,3258322
C02354-K2,3258480
C02354-K2,3258518
C02354-K2,3258627
C02354-K2,3258726
C02354-K2,3258754
C02354-K2,3258787
C02354-K2,3258800
C02354-K2,3258809
C02354-K2,3258861
C02354-K2,3258881
C02354-K2,3258914
C02354-K2,3259040
C02354-K2,3259054
C02354-K2,3259228
C02354-K2,3259351
C02354-K2,3259392
C02354-K2,3259409
C02354-K2,3259452
C02354-K2,3259574
C02354-K2,3259587
C02354-K2,3260602
C02354-K2,3260791
C02354-K2,3260818
C02354-K2,3260985
C02354-K2,3261003
C02354-K2,3261142
C02354-K2,3261272
C02354-K2,3261362
C02354-K2,3261563
C02354-K2,3261573
C02354-K2,3261579
C02354-K2,3261688
C02354-K2,3261692
C02354-K2,3261757
C02354-K2,3261847
C02354-K2,3261902
C02354-K2,3262033
C02354-K2,3262262
C02354-K2,3262378
C02354-K2,3262379
C02354-K2,3262404
C02354-K2,3262434
C02354-K2,3262444
C02354-K2,3262727
C02354-K2,3262853
C02354-K2,3262934
C02354-K2,3262961
C02354-K2,3262972
C02354-K2,3263124
C02354-K2,3263131
C02354-K2,3263134
C02354-K2,3263323
C02354-K2,3263367
C02354-K2,3263436
C02354-K2,3263577
C02354-K2,3263653
C02354-K2,3263673
C02354-K2,3263727
C02354-K2,3263758
C02354-K2,3263820
C02354-K2,3263997
C02354-K2,3264121
C02354-K2,3264315
C02354-K2,3264534
C02354-K2,3264592
C02354-K2,3264651
C02354-K2,3264694
C02354-K2,3264727
C02354-K2,3264868
C02354-K2,3264971
C02354-K2,3265064
C02354-K2,3265088
C02354-K2,3265314
C02354-K2,3265361
C02354-K2,3265520
C02354-K2,3265570
C02354-K2,3265628
C02354-K2,3265633
C02354-K2,3265651
C02354-K2,3265689
C02354-K2,3266026
C02354-K2,3266050
C02354-K2,3266110
C02354-K2,3266138
C02354-K2,3266172
C02354-K2,3266379
C02354-K2,3266428
C02354-K2,3266534
C02354-K2,3266545
C02354-K2,3266586
C02354-K2,3266668
C02354-K2,3266735
C02354-K2,3266848
C02354-K2,3266884
C02354-K2,3267024
C02354-K2,3267473
C02354-K2,3267504
C02354-K2,3267628
C02354-K2,3267887
C02354-K2,3267933
C02354-K2,3268025
C02354-K2,3268041
C02354-K2,3268414
C02354-K2,3268513
C02354-K2,3268766
C02354-K2,3268776
C02354-K2,3268895
C02354-K2,3268898
C02354-K2,3269064
C02354-K2,3269068
C02354-K2,3269143
C02354-K2,3269352
C02354-K2,3269378
C02354-K2,3269407
C02354-K2,3269590
C02354-K2,3269635
C02354-K2,3269800
C02354-K2,3269858
C02354-K2,3269874
C02354-K2,3269981
C02354-K2,3270054
C02354-K2,3270056
C02354-K2,3270106
C02354-K2,3270200
C02354-K2,3270525
C02354-K2,3270535
C02354-K2,3270564
C02354-K2,3270594
C02354-K2,3271013
C02354-K2,3271203
C02354-K2,3271346
C02354-K2,3271496
C02354-K2,3271549
C02354-K2,3271551
C02354-K2,3271571
C02354-K2,3271823
C02354-K2,3272003
C02354-K2,3272027
C02354-K2,3272251
C02354-K2,3272269
C02354-K2,3272279
C02354-K2,3272347
C02354-K2,3272395
C02354-K2,3272661
C02354-K2,3272674
C02354-K2,3272682
C02354-K2,3272692
C02354-K2,3272802
C02354-K2,3272814
C02354-K2,3272879
C02354-K2,3272890
C02354-K2,3272935
C02354-K2,3273005
C02354-K2,3273157
C02354-K2,3273165
C02354-K2,3273187
C02354-K2,3273280
C02354-K2,3273395
C02354-K2,3273412
C02354-K2,3273519
C02354-K2,3273866
C02354-K2,3273882
C02354-K2,3274105
C02354-K2,3274351
C02354-K2,3274464
C02354-K2,3274493
C02354-K2,3274617
C02354-K2,3274650
C02354-K2,3274661
C02354-K2,3274869
C02354-K2,3274893
C02354-K2,3274919
C02354-K2,3274940
C02354-K2,3274941
C02354-K2,3274968
C02354-K2,3274971
C02354-K2,3274985
C02354-K2,3275035
C02354-K2,3275036
C02354-K2,3275076
C02354-K2,3275096
C02354-K2,3275163
C02354-K2,3275195
C02354-K2,3275242
C02354-K2,3275344
C02354-K2,3275480
C02354-K2,3275489
C02354-K2,3275530
C02354-K2,3275544
C02354-K2,3275582
C02354-K2,3275704
C02354-K2,3275993
C02354-K2,3276002
C02354-K2,3276048
C02354-K2,3276054
C02354-K2,3276062
C02354-K2,3276247
C02354-K2,3276316
C02354-K2,3276319
C02354-K2,3276340
C02354-K2,3276379
C02354-K2,3276441
C02354-K2,3276591
C02354-K2,3276632
C02354-K2,3276651
C02354-K2,3276666
C02354-K2,3276784
C02354-K2,3276999
C02354-K2,3277131
C02354-K2,3277311
C02354-K2,3277352
C02354-K2,3277594
C02354-K2,3277600
C02354-K2,3277985
C02354-K2,3277990
C02354-K2,3278016
C02354-K2,3278338
C02354-K2,3278455
C02354-K2,3278500
C02354-K2,3278504
C02354-K2,3278622
C02354-K2,3278640
C02354-K2,3278845
C02354-K2,3278897
C02354-K2,3278960
C02354-K2,3279006
C02354-K2,3279042
C02354-K2,3279224
C02354-K2,3279235
C02354-K2,3279325
C02354-K2,3279327
C02354-K2,3279338
C02354-K2,3279428
C02354-K2,3279579
C02354-K2,3279869
C02354-K2,3279959
C02354-K2,3279971
C02354-K2,3280037
C02354-K2,3280069
C02354-K2,3280129
C02354-K2,3280136
C02354-K2,3280278
C02354-K2,3280286
C02354-K2,3280384
C02354-K2,3280968
C02354-K2,3281032
C02354-K2,3281225
C02354-K2,3281256
C02354-K2,3281379
C02354-K2,3281531
C02354-K2,3281584
C02354-K2,3281775
C02354-K2,3281826
C02354-K2,3281835
C02354-K2,3281855
C02354-K2,3281975
C02354-K2,3282304
C02354-K2,3282333
C02354-K2,3282342
C02354-K2,3282351
C02354-K2,3282364
C02354-K2,3282682
C02354-K2,3282766
C02354-K2,3282832
C02354-K2,3282835
C02354-K2,3282968
C02354-K2,3282974
C02354-K2,3283157
C02354-K2,3283158
C02354-K2,3283218
C02354-K2,3283224
C02354-K2,3283466
C02354-K2,3283469
C02354-K2,3283532
C02354-K2,3283539
C02354-K2,3283774
C02354-K2,3283795
C02354-K2,3283845
C02354-K2,3283865
C02354-K2,3283994
C02354-K2,3284144
C02354-K2,3284227
C02354-K2,3284252
C02354-K2,3284343
C02354-K2,3284374
C02354-K2,3284394
C02354-K2,3284481
C02354-K2,3284630
C02354-K2,3284650
C02354-K2,3284716
C02354-K2,3284793
C02354-K2,3284822
C02354-K2,3285011
C02354-K2,3285050
C02354-K2,3285064
C02354-K2,3285134
C02354-K2,3285200
C02354-K2,3285278
C02354-K2,3285309
C02354-K2,3285358
C02354-K2,3285544
C02354-K2,3285827
C02354-K2,3285912
C02354-K2,3285997
C02354-K2,3286393
C02354-K2,3286411
C02354-K2,3286436
C02354-K2,3286437
C02354-K2,3286439
C02354-K2,3286766
C02354-K2,3286811
C02354-K2,3286840
C02354-K2,3286847
C02354-K2,3287126
C02354-K2,3287162
C02354-K2,3287278
C02354-K2,3287292
C02354-K2,3287313
C02354-K2,3287316
C02354-K2,3287419
C02354-K2,3287506
C02354-K2,3287628
C02354-K2,3287663
C02354-K2,3287823
C02354-K2,3287842
C02354-K2,3287920
C02354-K2,3287946
C02354-K2,3288047
C02354-K2,3288337
C02354-K2,3288539
C02354-K2,3288617
C02354-K2,3288799
C02354-K2,3288804
C02354-K2,3288902
C02354-K2,3288991
C02354-K2,3289033
C02354-K2,3289266
C02354-K2,3289353
C02354-K2,3289394
C02354-K2,3289399
C02354-K2,3289402
C02354-K2,3289410
C02354-K2,3289513
C02354-K2,3289539
C02354-K2,3289679
C02354-K2,3289732
C02354-K2,3289785
C02354-K2,3289811
C02354-K2,3289876
C02354-K2,3289901
C02354-K2,3289949
C02354-K2,3289953
C02354-K2,3289987
C02354-K2,3290136
C02354-K2,3290168
C02354-K2,3290257
C02354-K2,3290291
C02354-K2,3290381
C02354-K2,3290667
C02354-K2,3290686
C02354-K2,3290993
C02354-K2,3291130
C02354-K2,3291147
C02354-K2,3291285
C02354-K2,3291363
C02354-K2,3291426
C02354-K2,3291480
C02354-K2,3291483
C02354-K2,3291735
C02354-K2,3291828
C02354-K2,3291952
C02354-K2,3292020
C02354-K2,3292026
C02354-K2,3292131
C02354-K2,3292134
C02354-K2,3292141
C02354-K2,3292189
C02354-K2,3292387
C02354-K2,3292395
C02354-K2,3292408
C02354-K2,3292459
C02354-K2,3292509
C02354-K2,3292550
C02354-K2,3292587
C02354-K2,3292597
C02354-K2,3292723
C02354-K2,3292739
C02354-K2,3292807
C02354-K2,3292913
C02354-K2,3292938
C02354-K2,3292981
C02354-K2,3293003
C02354-K2,3293044
C02354-K2,3293187
C02354-K2,3293331
C02354-K2,3293419
C02354-K2,3293431
C02354-K2,3293556
C02354-K2,3293561
C02354-K2,3293641
C02354-K2,3293699
C02354-K2,3293797
C02354-K2,3293807
C02354-K2,3293847
C02354-K2,3293891
C02354-K2,3293975
C02354-K2,3294035
C02354-K2,3294069
C02354-K2,3294165
C02354-K2,3294278
C02354-K2,3294310
C02354-K2,3294346
C02354-K2,3294356
C02354-K2,3294522
C02354-K2,3294691
C02354-K2,3294773
C02354-K2,3294805
C02354-K2,3294890
C02354-K2,3294923
C02354-K2,3294932
C02354-K2,3295008
C02354-K2,3295118
C02354-K2,3295171
C02354-K2,3295183
C02354-K2,3295184
C02354-K2,3295262
C02354-K2,3295414
C02354-K2,3295615
C02354-K2,3295622
C02354-K2,3295699
C02354-K2,3295778
C02354-K2,3295895
C02354-K2,3295952
C02354-K2,3296030
C02354-K2,3296068
C02354-K2,3296228
C02354-K2,3296263
C02354-K2,3296313
C02354-K2,3296365
C02354-K2,3296379
C02354-K2,3296430
C02354-K2,3296467
C02354-K2,3296595
C02354-K2,3296601
C02354-K2,3296621
C02354-K2,3296651
C02354-K2,3296745
C02354-K2,3296839
C02354-K2,3296905
C02354-K2,3297073
C02354-K2,3297115
C02354-K2,3297119
C02354-K2,3297124
C02354-K2,3297133
C02354-K2,3297144
C02354-K2,3297183
C02354-K2,3297189
C02354-K2,3297306
C02354-K2,3297354
C02354-K2,3297403
C02354-K2,3297476
C02354-K2,3297734
C02354-K2,3297848
C02354-K2,3297869
C02354-K2,3297944
C02354-K2,3297971
C02354-K2,3297977
C02354-K2,3297980
C02354-K2,3298152
C02354-K2,3298259
C02354-K2,3298370
C02354-K2,3298464
C02354-K2,3298558
C02354-K2,3298569
C02354-K2,3298649
C02354-K2,3298689
C02354-K2,3298810
C02354-K2,3298842
C02354-K2,3298909
C02354-K2,3298930
C02354-K2,3298934
C02354-K2,3298945
C02354-K2,3299148
C02354-K2,3299179
C02354-K2,3299183
C02354-K2,3299220
C02354-K2,3299376
C02354-K2,3299403
C02354-K2,3299516
C02354-K2,3299575
C02354-K2,3299649
C02354-K2,3299662
C02354-K2,3299977
C02354-K2,3300166
C02354-K2,3300336
C02354-K2,3300343
C02354-K2,3300404
C02354-K2,3300456
C02354-K2,3300872
C02354-K2,3300919
C02354-K2,3301351
C02354-K2,3301381
C02354-K2,3301536
C02354-K2,3301771
C02354-K2,3301868
C02354-K2,3301923
C02354-K2,3301938
C02354-K2,3301976
C02354-K2,3302225
C02354-K2,3302347
C02354-K2,3302863
C02354-K2,3303047
C02354-K2,3303408
C02354-K2,3303434
C02354-K2,3303518
C02354-K2,3303525
C02354-K2,3303576
C02354-K2,3303623
C02354-K2,3303936
C02354-K2,3304174
C02354-K2,3304284
C02354-K2,3304364
C02354-K2,3304418
C02354-K2,3304460
C02354-K2,3304539
C02354-K2,3304714
C02354-K2,3304983
C02354-K2,3305171
C02354-K2,3305299
C02354-K2,3305459
C02354-K2,3306005
C02354-K2,3306190
C02354-K2,3306201
C02354-K2,3306432
C02354-K2,3306447
C02354-K2,3306480
C02354-K2,3306527
C02354-K2,3306601
C02354-K2,3306736
C02354-K2,3306938
C02354-K2,3306940
C02354-K2,3307054
C02354-K2,3307153
C02354-K2,3307182
C02354-K2,3307232
C02354-K2,3307305
C02354-K2,3307456
C02354-K2,3307848
C02354-K2,3307974
C02354-K2,3308024
C02354-K2,3308067
C02354-K2,3308174
C02354-K2,3308316
C02354-K2,3308652
C02354-K2,3308869
C02354-K2,3308991
C02354-K2,3309127
C02354-K2,3309162
C02354-K2,3309279
C02354-K2,3309586
C02354-K2,3309593
C02354-K2,3309669
C02354-K2,3309706
C02354-K2,3309755
C02354-K2,3310067
C02354-K2,3310145
C02354-K2,3310221
C02354-K2,3310371
C02354-K2,3310509
C02354-K2,3310521
C02354-K2,3310568
C02354-K2,3310622
C02354-K2,3311383
C02354-K2,3311815
C02354-K2,3311819
C02354-K2,3311866
C02354-K2,3311967
C02354-K2,3311987
C02354-K2,3312101
C02354-K2,3312186
C02354-K2,3312368
C02354-K2,3312421
C02354-K2,3312605
C02354-K2,3312643
C02354-K2,3313227
C02354-K2,3313253
C02354-K2,3313263
C02354-K2,3313313
C02354-K2,3313409
C02354-K2,3313694
C02354-K2,3313982
C02354-K2,3314053
C02354-K2,3314082
C02354-K2,3314350
C02354-K2,3314378
C02354-K2,3314381
C02354-K2,3314458
C02354-K2,3314491
C02354-K2,3314513
C02354-K2,3314676
C02354-K2,3314808
C02354-K2,3314827
C02354-K2,3314942
C02354-K2,3315118
C02354-K2,3315232
C02354-K2,3315262
C02354-K2,3315349
C02354-K2,3315385
C02354-K2,3315474
C02354-K2,3315519
C02354-K2,3315527
C02354-K2,3315654
C02354-K2,3315718
C02354-K2,3315731
C02354-K2,3315937
C02354-K2,3315973
C02354-K2,3316060
C02354-K2,3316258
C02354-K2,3316467
C02354-K2,3316830
C02354-K2,3316978
C02354-K2,3316988
C02354-K2,3317034
C02354-K2,3317082
C02354-K2,3317158
C02354-K2,3317307
C02354-K2,3317329
C02354-K2,3317503
C02354-K2,3317524
C02354-K2,3317549
C02354-K2,3317586
C02354-K2,3317755
C02354-K2,3317893
C02354-K2,3317978
C02354-K2,3318005
C02354-K2,3318081
C02354-K2,3318234
C02354-K2,3318283
C02354-K2,3318323
C02354-K2,3318368
C02354-K2,3318447
C02354-K2,3318448
C02354-K2,3318494
C02354-K2,3318567
C02354-K2,3318599
C02354-K2,3318621
C02354-K2,3318635
C02354-K2,3318669
C02354-K2,3318686
C02354-K2,3318727
C02354-K2,3318871
C02354-K2,3318899
C02354-K2,3318926
C02354-K2,3318981
C02354-K2,3318983
C02354-K2,3319041
C02354-K2,3319056
C02354-K2,3319064
C02354-K2,3319103
C02354-K2,3319123
C02354-K2,3319153
C02354-K2,3319177
C02354-K2,3319181
C02354-K2,3319189
C02354-K2,3319192
C02354-K2,3319198
C02354-K2,3319228
C02354-K2,3319234
C02354-K2,3319295
C02354-K2,3319335
C02354-K2,3319337
C02354-K2,3319469
C02354-K2,3319498
C02354-K2,3319506
C02354-K2,3319554
C02354-K2,3319560
C02354-K2,3319643
C02354-K2,3319655
C02354-K2,3319672
C02354-K2,3319675
C02354-K2,3319694
C02354-K2,3319726
C02354-K2,3319737
C02354-K2,3319759
C02354-K2,3319779
C02354-K2,3319878
C02354-K2,3319906
C02354-K2,3319928
C02354-K2,3319933
C02354-K2,3319999
C02354-K2,3320017
C02354-K2,3320038
C02354-K2,3320086
C02354-K2,3320099
C02354-K2,3320135
C02354-K2,3320147
C02354-K2,3320153
C02354-K2,3320182
C02354-K2,3320196
C02354-K2,3320228
C02354-K2,3320235
C02354-K2,3320262
C02354-K2,3320283
C02354-K2,3320304
C02354-K2,3320312
C02354-K2,3320358
C02354-K2,3320359
C02354-K2,3320392
C02354-K2,3320421
C02354-K2,3320483
C02354-K2,3320555
C02354-K2,3320571
C02354-K2,3320572
C02354-K2,3320612
C02354-K2,3320653
C02354-K2,3320720
C02354-K2,3320880
C02354-K2,3320883
C02354-K2,3321006
C02354-K2,3321017
C02354-K2,3321084
C02354-K2,3321100
C02354-K2,3321231
C02354-K2,3321267
C02354-K2,3321297
C02354-K2,3321359
C02354-K2,3321409
C02354-K2,3321442
C02354-K2,3321454
C02354-K2,3321632
C02354-K2,3321691
C02354-K2,3321703
C02354-K2,3321737
C02354-K2,3321752
C02354-K2,3321760
C02354-K2,3321824
C02354-K2,3321875
C02354-K2,3322397
C02354-K2,3322441
C02354-K2,3322445
C02354-K2,3322735
C02354-K2,3322790
C02354-K2,3322847
C02354-K2,3322864
C02354-K2,3322872
C02354-K2,3322877
C02354-K2,3322988
C02354-K2,3322998
C02354-K2,3323014
C02354-K2,3323032
C02354-K2,3323071
C02354-K2,3323104
C02354-K2,3323108
C02354-K2,3323232
C02354-K2,3323287
C02354-K2,3323357
C02354-K2,3323416
C02354-K2,3323473
C02354-K2,3323475
C02354-K2,3323521
C02354-K2,3323550
C02354-K2,3323613
C02354-K2,3323748
C02354-K2,3323766
C02354-K2,3323781
C02354-K2,3323989
C02354-K2,3324134
C02354-K2,3324398
C02354-K2,3324816
C02354-K2,3324923
C02354-K2,3324931
C02354-K2,3324990
C02354-K2,3325115
C02354-K2,3325229
C02354-K2,3325359
C02354-K2,3325405
C02354-K2,3325528
C02354-K2,3325546
C02354-K2,3325725
C02354-K2,3326026
C02354-K2,3326070
C02354-K2,3326282
C02354-K2,3326294
C02354-K2,3326388
C02354-K2,3326397
C02354-K2,3326795
C02354-K2,3326870
C02354-K2,3326921
C02354-K2,3327005
C02354-K2,3327042
C02354-K2,3327204
C02354-K2,3327212
C02354-K2,3327244
C02354-K2,3327361
C02354-K2,3327559
C02354-K2,3327694
C02354-K2,3327758
C02354-K2,3328096
C02354-K2,3328231
C02354-K2,3328311
C02354-K2,3328501
C02354-K2,3328667
C02354-K2,3328669
C02354-K2,3328835
C02354-K2,3329012
C02354-K2,3329055
C02354-K2,3329498
C02354-K2,3329596
C02354-K2,3329612
C02354-K2,3329704
C02354-K2,3330157
C02354-K2,3330193
C02354-K2,3330465
C02354-K2,3330615
C02354-K2,3330867
C02354-K2,3331012
C02354-K2,3331209
C02354-K2,3331247
C02354-K2,3331248
C02354-K2,3331379
C02354-K2,3331696
C02354-K2,3331761
C02354-K2,3331862
C02354-K2,3332166
C02354-K2,3332432
C02354-K2,3332849
C02354-K2,3332934
C02354-K2,3333052
C02354-K2,3333069
C02354-K2,3333098
C02354-K2,3333175
C02354-K2,3333412
C02354-K2,3333448
C02354-K2,3333542
C02354-K2,3333716
C02354-K2,3333882
C02354-K2,3334145
C02354-K2,3334260
C02354-K2,3334303
C02354-K2,3334313
C02354-K2,3334322
C02354-K2,3334466
C02354-K2,3334506
C02354-K2,3334597
C02354-K2,3334633
C02354-K2,3334686
C02354-K2,3334747
C02354-K2,3334786
C02354-K2,3335026
C02354-K2,3335069
C02354-K2,3335295
C02354-K2,3335409
C02354-K2,3335560
C02354-K2,3335651
C02354-K2,3335743
C02354-K2,3336431
C02354-K2,3336510
C02354-K2,3336696
C02354-K2,3336705
C02354-K2,3336721
C02354-K2,3336814
C02354-K2,3336921
C02354-K2,3337178
C02354-K2,3337188
C02354-K2,3337422
C02354-K2,3337423
C02354-K2,3337797
C02354-K2,3337799
C02354-K2,3337957
C02354-K2,3338050
C02354-K2,3338160
C02354-K2,3338204
C02354-K2,3338371
C02354-K2,3338488
C02354-K2,3338568
C02354-K2,3338577
C02354-K2,3338787
C02354-K2,3338933
C02354-K2,3338996
C02354-K2,3339025
C02354-K2,3339037
C02354-K2,3339051
C02354-K2,3339075
C02354-K2,3339091
C02354-K2,3339149
C02354-K2,3339174
C02354-K2,3339176
C02354-K2,3339274
C02354-K2,3339314
C02354-K2,3339340
C02354-K2,3339419
C02354-K2,3339494
C02354-K2,3339500
C02354-K2,3339531
C02354-K2,3339565
C02354-K2,3339638
C02354-K2,3339675
C02354-K2,3339676
C02354-K2,3339687
C02354-K2,3339746
C02354-K2,3339819
C02354-K2,3339972
C02354-K2,3339973
C02354-K2,3340084
C02354-K2,3340121
C02354-K2,3340138
C02354-K2,3340148
C02354-K2,3340303
C02354-K2,3340426
C02354-K2,3340640
C02354-K2,3340959
C02354-K2,3341029
C02354-K2,3341047
C02354-K2,3341180
C02354-K2,3341232
C02354-K2,3341247
C02354-K2,3341365
C02354-K2,3341425
C02354-K2,3341430
C02354-K2,3341438
C02354-K2,3341488
C02354-K2,3341520
C02354-K2,3341531
C02354-K2,3341698
C02354-K2,3341842
C02354-K2,3341940
C02354-K2,3342183
C02354-K2,3342204
C02354-K2,3342214
C02354-K2,3342252
C02354-K2,3342258
C02354-K2,3342300
C02354-K2,3342411
C02354-K2,3342595
C02354-K2,3342599
C02354-K2,3342636
C02354-K2,3342644
C02354-K2,3342670
C02354-K2,3342858
C02354-K2,3343159
C02354-K2,3343172
C02354-K2,3343174
C02354-K2,3343199
C02354-K2,3343253
C02354-K2,3343259
C02354-K2,3343295
C02354-K2,3343340
C02354-K2,3343408
C02354-K2,3343488
C02354-K2,3343588
C02354-K2,3343591
C02354-K2,3343656
C02354-K2,3343689
C02354-K2,3343722
C02354-K2,3343739
C02354-K2,3343819
C02354-K2,3343829
C02354-K2,3343893
C02354-K2,3343935
C02354-K2,3343991
C02354-K2,3344497
C02354-K2,3344739
C02354-K2,3344759
C02354-K2,3344778
C02354-K2,3344810
C02354-K2,3344825
C02354-K2,3344881
C02354-K2,3344946
C02354-K2,3344978
C02354-K2,3345032
C02354-K2,3345233
C02354-K2,3345316
C02354-K2,3345446
C02354-K2,3345662
C02354-K2,3345735
C02354-K2,3345816
C02354-K2,3345986
C02354-K2,3346033
C02354-K2,3346105
C02354-K2,3346111
C02354-K2,3346126
C02354-K2,3346200
C02354-K2,3346240
C02354-K2,3346295
C02354-K2,3346324
C02354-K2,3346412
C02354-K2,3346471
C02354-K2,3346490
C02354-K2,3346622
C02354-K2,3346690
C02354-K2,3346765
C02354-K2,3346830
C02354-K2,3346947
C02354-K2,3346975
C02354-K2,3347133
C02354-K2,3347251
C02354-K2,3347289
C02354-K2,3347343
C02354-K2,3347354
C02354-K2,3347383
C02354-K2,3347393
C02354-K2,3347593
C02354-K2,3347678
C02354-K2,3347940
C02354-K2,3347954
C02354-K2,3348011
C02354-K2,3348114
C02354-K2,3348241
C02354-K2,3348350
C02354-K2,3348365
C02354-K2,3348425
C02354-K2,3348467
C02354-K2,3348595
C02354-K2,3348648
C02354-K2,3348825
C02354-K2,3348833
C02354-K2,3348843
C02354-K2,3349005
C02354-K2,3349037
C02354-K2,3349039
C02354-K2,3349053
C02354-K2,3349319
C02354-K2,3349492
C02354-K2,3349671
C02354-K2,3349859
C02354-K2,3349952
C02354-K2,3349993
C02354-K2,3350067
C02354-K2,3350092
C02354-K2,3350119
C02354-K2,3350178
C02354-K2,3350347
C02354-K2,3350745
C02354-K2,3351042
C02354-K2,3351069
C02354-K2,3351071
C02354-K2,3351100
C02354-K2,3351176
C02354-K2,3351318
C02354-K2,3351333
C02354-K2,3351438
C02354-K2,3351480
C02354-K2,3351552
C02354-K2,3351597
C02354-K2,3351986
C02354-K2,3352171
C02354-K2,3352282
C02354-K2,3352424
C02354-K2,3352449
C02354-K2,3352497
C02354-K2,3352585
C02354-K2,3352672
C02354-K2,3352679
C02354-K2,3352790
C02354-K2,3352908
C02354-K2,3353060
C02354-K2,3353325
C02354-K2,3353332
C02354-K2,3353517
C02354-K2,3353627
C02354-K2,3353630
C02354-K2,3353654
C02354-K2,3353687
C02354-K2,3354207
C02354-K2,3354257
C02354-K2,3354274
C02354-K2,3354307
C02354-K2,3354427
C02354-K2,3354445
C02354-K2,3354461
C02354-K2,3354538
C02354-K2,3354546
C02354-K2,3354547
C02354-K2,3354581
C02354-K2,3354643
C02354-K2,3354804
C02354-K2,3354821
C02354-K2,3354933
C02354-K2,3354967
C02354-K2,3355242
C02354-K2,3355277
C02354-K2,3355312
C02354-K2,3355439
C02354-K2,3355463
C02354-K2,3355530
C02354-K2,3355592
C02354-K2,3355653
C02354-K2,3355672
C02354-K2,3355700
C02354-K2,3355864
C02354-K2,3356014
C02354-K2,3356066
C02354-K2,3356138
C02354-K2,3356371
C02354-K2,3356436
C02354-K2,3356668
C02354-K2,3356674
C02354-K2,3356675
C02354-K2,3356680
C02354-K2,3356684
C02354-K2,3356689
C02354-K2,3356772
C02354-K2,3356788
C02354-K2,3356991
C02354-K2,3357226
C02354-K2,3357393
C02354-K2,3357413
C02354-K2,3357419
C02354-K2,3357477
C02354-K2,3357678
C02354-K2,3357739
C02354-K2,3357748
C02354-K2,3357760
C02354-K2,3357765
C02354-K2,3357768
C02354-K2,3357830
C02354-K2,3357889
C02354-K2,3357967
C02354-K2,3357989
C02354-K2,3358027
C02354-K2,3358184
C02354-K2,3358208
C02354-K2,3358249
C02354-K2,3358292
C02354-K2,3358348
C02354-K2,3358360
C02354-K2,3358396
C02354-K2,3358416
C02354-K2,3358446
C02354-K2,3358462
C02354-K2,3358478
C02354-K2,3358505
C02354-K2,3358512
C02354-K2,3358584
C02354-K2,3358608
C02354-K2,3358624
C02354-K2,3358733
C02354-K2,3358748
C02354-K2,3358860
C02354-K2,3358978
C02354-K2,3359053
C02354-K2,3359059
C02354-K2,3359207
C02354-K2,3359405
C02354-K2,3359450
C02354-K2,3359650
C02354-K2,3359652
C02354-K2,3359685
C02354-K2,3359699
C02354-K2,3359707
C02354-K2,3359723
C02354-K2,3359828
C02354-K2,3359927
C02354-K2,3359932
C02354-K2,3360423
C02354-K2,3360449
C02354-K2,3360459
C02354-K2,3360500
C02354-K2,3360502
C02354-K2,3360552
C02354-K2,3360561
C02354-K2,3360580
C02354-K2,3360586
C02354-K2,3360598
C02354-K2,3360601
C02354-K2,3360642
C02354-K2,3360646
C02354-K2,3360647
C02354-K2,3360658
C02354-K2,3360679
C02354-K2,3360761
C02354-K2,3360770
C02354-K2,3360774
C02354-K2,3360817
C02354-K2,3360821
C02354-K2,3360822
C02354-K2,3360842
C02354-K2,3360862
C02354-K2,3360884
C02354-K2,3360894
C02354-K2,3360917
C02354-K2,3361074
C02354-K2,3361393
C02354-K2,3361588
C02354-K2,3361673
C02354-K2,3361689
C02354-K2,3361707
C02354-K2,3361794
C02354-K2,3361861
C02354-K2,3361893
C02354-K2,3361974
C02354-K2,3362014
C02354-K2,3362081
C02354-K2,3362177
C02354-K2,3362739
C02354-K2,3362805
C02354-K2,3362840
C02354-K2,3362859
C02354-K2,3363244
C02354-K2,3363313
C02354-K2,3363405
C02354-K2,3363452
C02354-K2,3363509
C02354-K2,3363605
C02354-K2,3363619
C02354-K2,3363830
C02354-K2,3363862
C02354-K2,3363886
C02354-K2,3363925
C02354-K2,3364196
C02354-K2,3364214
C02354-K2,3364261
C02354-K2,3364267
C02354-K2,3364320
C02354-K2,3364448
C02354-K2,3364451
C02354-K2,3364520
C02354-K2,3364570
C02354-K2,3364654
C02354-K2,3364688
C02354-K2,3364769
C02354-K2,3364891
C02354-K2,3364912
C02354-K2,3365068
C02354-K2,3365306
C02354-K2,3365395
C02354-K2,3365402
C02354-K2,3365414
C02354-K2,3365451
C02354-K2,3365560
C02354-K2,3365782
C02354-K2,3365881
C02354-K2,3365995
C02354-K2,3366109
C02354-K2,3366118
C02354-K2,3366137
C02354-K2,3366143
C02354-K2,3366148
C02354-K2,3366319
C02354-K2,3366324
C02354-K2,3366337
C02354-K2,3366453
C02354-K2,3366531
C02354-K2,3366619
C02354-K2,3366738
C02354-K2,3366854
C02354-K2,3366901
C02354-K2,3366920
C02354-K2,3366986
C02354-K2,3367026
C02354-K2,3367103
C02354-K2,3367147
C02354-K2,3367148
C02354-K2,3367187
C02354-K2,3367282
C02354-K2,3367325
C02354-K2,3367380
C02354-K2,3367525
C02354-K2,3367532
C02354-K2,3367722
C02354-K2,3367795
C02354-K2,3367812
C02354-K2,3368009
C02354-K2,3368053
C02354-K2,3368099
C02354-K2,3368202
C02354-K2,3368287
C02354-K2,3368493
C02354-K2,3368547
C02354-K2,3368563
C02354-K2,3368576
C02354-K2,3368582
C02354-K2,3368611
C02354-K2,3368632
C02354-K2,3368670
C02354-K2,3368827
C02354-K2,3368877
C02354-K2,3368896
C02354-K2,3368961
C02354-K2,3368968
C02354-K2,3368978
C02354-K2,3369182
C02354-K2,3369264
C02354-K2,3369297
C02354-K2,3369302
C02354-K2,3369336
C02354-K2,3369365
C02354-K2,3369454
C02354-K2,3369468
C02354-K2,3369538
C02354-K2,3369550
C02354-K2,3369565
C02354-K2,3369585
C02354-K2,3369676
C02354-K2,3369700
C02354-K2,3369721
C02354-K2,3369814
C02354-K2,3369847
C02354-K2,3369874
C02354-K2,3369900
C02354-K2,3369928
C02354-K2,3369975
C02354-K2,3370000
C02354-K2,3370019
C02354-K2,3370037
C02354-K2,3370038
C02354-K2,3370094
C02354-K2,3370281
C02354-K2,3370350
C02354-K2,3370410
C02354-K2,3370449
C02354-K2,3370631
C02354-K2,3370727
C02354-K2,3370729
C02354-K2,3370743
C02354-K2,3370745
C02354-K2,3370815
C02354-K2,3370853
C02354-K2,3370880
C02354-K2,3371084
C02354-K2,3371085
C02354-K2,3371124
C02354-K2,3371248
C02354-K2,3371265
C02354-K2,3371307
C02354-K2,3371516
C02354-K2,3371560
C02354-K2,3371579
C02354-K2,3371961
C02354-K2,3372192
C02354-K2,3372255
C02354-K2,3372357
C02354-K2,3372558
C02354-K2,3372679
C02354-K2,3372864
C02354-K2,3373113
C02354-K2,3373198
C02354-K2,3373214
C02354-K2,3373245
C02354-K2,3373265
C02354-K2,3373373
C02354-K2,3373653
C02354-K2,3373667
C02354-K2,3373968
C02354-K2,3374062
C02354-K2,3374093
C02354-K2,3374136
C02354-K2,3374146
C02354-K2,3374209
C02354-K2,3374516
C02354-K2,3374711
C02354-K2,3375195
C02354-K2,3375228
C02354-K2,3375277
C02354-K2,3375487
C02354-K2,3375507
C02354-K2,3375525
C02354-K2,3375533
C02354-K2,3375536
C02354-K2,3375587
C02354-K2,3375851
C02354-K2,3375916
C02354-K2,3375989
C02354-K2,3376055
C02354-K2,3376144
C02354-K2,3376161
C02354-K2,3376279
C02354-K2,3376658
C02354-K2,3376695
C02354-K2,3376697
C02354-K2,3376711
C02354-K2,3376770
C02354-K2,3376842
C02354-K2,3376881
C02354-K2,3377063
C02354-K2,3377140
C02354-K2,3377261
C02354-K2,3377280
C02354-K2,3377286
C02354-K2,3377384
C02354-K2,3377429
C02354-K2,3377469
C02354-K2,3377610
C02354-K2,3377732
C02354-K2,3377804
C02354-K2,3378038
C02354-K2,3378212
C02354-K2,3378247
C02354-K2,3378298
C02354-K2,3378457
C02354-K2,3378611
C02354-K2,3378626
C02354-K2,3378640
C02354-K2,3378769
C02354-K2,3378803
C02354-K2,3378825
C02354-K2,3378897
C02354-K2,3378911
C02354-K2,3378944
C02354-K2,3378970
C02354-K2,3379117
C02354-K2,3379157
C02354-K2,3379249
C02354-K2,3379274
C02354-K2,3379327
C02354-K2,3379349
C02354-K2,3379430
C02354-K2,3379470
C02354-K2,3379487
C02354-K2,3379497
C02354-K2,3379519
C02354-K2,3379583
C02354-K2,3379666
C02354-K2,3379692
C02354-K2,3379888
C02354-K2,3380023
C02354-K2,3380027
C02354-K2,3380073
C02354-K2,3380096
C02354-K2,3380233
C02354-K2,3380251
C02354-K2,3380396
C02354-K2,3380457
C02354-K2,3380461
C02354-K2,3380472
C02354-K2,3380512
C02354-K2,3380916
C02354-K2,3380939
C02354-K2,3381006
C02354-K2,3381019
C02354-K2,3381231
C02354-K2,3381237
C02354-K2,3381263
C02354-K2,3381392
C02354-K2,3381429
C02354-K2,3381491
C02354-K2,3381619
C02354-K2,3381628
C02354-K2,3381659
C02354-K2,3381683
C02354-K2,3381751
C02354-K2,3381799
C02354-K2,3381821
C02354-K2,3381843
C02354-K2,3381957
C02354-K2,3381974
C02354-K2,3381980
C02354-K2,3382072
C02354-K2,3382094
C02354-K2,3382236
C02354-K2,3382296
C02354-K2,3382317
C02354-K2,3382318
C02354-K2,3382572
C02354-K2,3382666
C02354-K2,3382723
C02354-K2,3382741
C02354-K2,3382749
C02354-K2,3382766
C02354-K2,3382816
C02354-K2,3382859
C02354-K2,3382910
C02354-K2,3383104
C02354-K2,3383149
C02354-K2,3383320
C02354-K2,3383374
C02354-K2,3383602
C02354-K2,3383625
C02354-K2,3383984
C02354-K2,3384000
C02354-K2,3384131
C02354-K2,3384220
C02354-K2,3384221
C02354-K2,3384302
C02354-K2,3384316
C02354-K2,3384497
C02354-K2,3384785
C02354-K2,3384953
C02354-K2,3384965
C02354-K2,3384970
C02354-K2,3384997
C02354-K2,3385152
C02354-K2,3385159
C02354-K2,3385271
C02354-K2,3385286
C02354-K2,3385372
C02354-K2,3385375
C02354-K2,3385493
C02354-K2,3385581
C02354-K2,3385617
C02354-K2,3385629
C02354-K2,3385775
C02354-K2,3386042
C02354-K2,3386055
C02354-K2,3386129
C02354-K2,3386264
C02354-K2,3386278
C02354-K2,3386414
C02354-K2,3386491
C02354-K2,3386577
C02354-K2,3386718
C02354-K2,3386837
C02354-K2,3386979
C02354-K2,3386981
C02354-K2,3386983
C02354-K2,3386989
C02354-K2,3387780
C02354-K2,3387808
C02354-K2,3387823
C02354-K2,3387976
C02354-K2,3388082
C02354-K2,3388208
C02354-K2,3388243
C02354-K2,3388263
C02354-K2,3388279
C02354-K2,3388310
C02354-K2,3388332
C02354-K2,3388410
C02354-K2,3388458
C02354-K2,3388538
C02354-K2,3388574
C02354-K2,3388713
C02354-K2,3388737
C02354-K2,3388812
C02354-K2,3388862
C02354-K2,3388877
C02354-K2,3389127
C02354-K2,3389161
C02354-K2,3389206
C02354-K2,3389261
C02354-K2,3389299
C02354-K2,3389836
C02354-K2,3390069
C02354-K2,3390205
C02354-K2,3390441
C02354-K2,3390547
C02354-K2,3390572
C02354-K2,3390629
C02354-K2,3390669
C02354-K2,3390713
C02354-K2,3390742
C02354-K2,3390769
C02354-K2,3390957
C02354-K2,3390989
C02354-K2,3391390
C02354-K2,3392062
C02354-K2,3392079
C02354-K2,3392099
C02354-K2,3392104
C02354-K2,3392148
C02354-K2,3392172
C02354-K2,3392234
C02354-K2,3392271
C02354-K2,3392346
C02354-K2,3392392
C02354-K2,3392440
C02354-K2,3392575
C02354-K2,3392609
C02354-K2,3393397
C02354-K2,3393537
C02354-K2,3393878
C02354-K2,3393918
C02354-K2,3394019
C02354-K2,3394088
C02354-K2,3394089
C02354-K2,3394113
C02354-K2,3394222
C02354-K2,3394223
C02354-K2,3394226
C02354-K2,3394238
C02354-K2,3394295
C02354-K2,3394430
C02354-K2,3394634
C02354-K2,3394676
C02354-K2,3394772
C02354-K2,3394836
C02354-K2,3395022
C02354-K2,3395047
C02354-K2,3395081
C02354-K2,3395178
C02354-K2,3395191
C02354-K2,3395254
C02354-K2,3395266
C02354-K2,3395337
C02354-K2,3395369
C02354-K2,3395417
C02354-K2,3395479
C02354-K2,3395732
C02354-K2,3395849
C02354-K2,3396053
C02354-K2,3396076
C02354-K2,3396080
C02354-K2,3396107
C02354-K2,3396123
C02354-K2,3396129
C02354-K2,3396163
C02354-K2,3396195
C02354-K2,3396354
C02354-K2,3396387
C02354-K2,3396638
C02354-K2,3396660
C02354-K2,3396717
C02354-K2,3396787
C02354-K2,3397022
C02354-K2,3397194
C02354-K2,3397203
C02354-K2,3397305
C02354-K2,3397312
C02354-K2,3397399
C02354-K2,3397669
C02354-K2,3397821
C02354-K2,3397844
C02354-K2,3397883
C02354-K2,3398107
C02354-K2,3398154
C02354-K2,3398160
C02354-K2,3398218
C02354-K2,3398372
C02354-K2,3398397
C02354-K2,3398448
C02354-K2,3398488
C02354-K2,3398569
C02354-K2,3398620
C02354-K2,3398663
C02354-K2,3398810
C02354-K2,3398823
C02354-K2,3398958
C02354-K2,3399067
C02354-K2,3399218
C02354-K2,3399263
C02354-K2,3399539
C02354-K2,3399567
C02354-K2,3399592
C02354-K2,3399593
C02354-K2,3399810
C02354-K2,3399897
C02354-K2,3400200
C02354-K2,3400222
C02354-K2,3400231
C02354-K2,3400239
C02354-K2,3400803
C02354-K2,3401025
C02354-K2,3401047
C02354-K2,3401271
C02354-K2,3401319
C02354-K2,3401337
C02354-K2,3401436
C02354-K2,3401454
C02354-K2,3401458
C02354-K2,3401470
C02354-K2,3401592
C02354-K2,3401639
C02354-K2,3401656
C02354-K2,3401702
C02354-K2,3401747
C02354-K2,3401769
C02354-K2,3401772
C02354-K2,3401880
C02354-K2,3402178
C02354-K2,3402199
C02354-K2,3402349
C02354-K2,3402359
C02354-K2,3402421
C02354-K2,3402422
C02354-K2,3402429
C02354-K2,3402464
C02354-K2,3402562
C02354-K2,3402581
C02354-K2,3402584
C02354-K2,3402758
C02354-K2,3402895
C02354-K2,3403091
C02354-K2,3403203
C02354-K2,3403225
C02354-K2,3403390
C02354-K2,3403418
C02354-K2,3403433
C02354-K2,3403622
C02354-K2,3403693
C02354-K2,3403957
C02354-K2,3404014
C02354-K2,3404069
C02354-K2,3404248
C02354-K2,3404260
C02354-K2,3404326
C02354-K2,3404362
C02354-K2,3404484
C02354-K2,3404540
C02354-K2,3404863
C02354-K2,3404869
C02354-K2,3404979
C02354-K2,3405124
C02354-K2,3405332
C02354-K2,3405425
C02354-K2,3405454
C02354-K2,3405469
C02354-K2,3405614
C02354-K2,3405628
C02354-K2,3405631
C02354-K2,3405778
C02354-K2,3405801
C02354-K2,3405833
C02354-K2,3405887
C02354-K2,3405926
C02354-K2,3406032
C02354-K2,3406041
C02354-K2,3406108
C02354-K2,3406116
C02354-K2,3406175
C02354-K2,3406208
C02354-K2,3406390
C02354-K2,3406416
C02354-K2,3406419
C02354-K2,3406464
C02354-K2,3406471
C02354-K2,3406477
C02354-K2,3406501
C02354-K2,3406677
C02354-K2,3406737
C02354-K2,3406887
C02354-K2,3406896
C02354-K2,3406935
C02354-K2,3406980
C02354-K2,3406993
C02354-K2,3407025
C02354-K2,3407086
C02354-K2,3407240
C02354-K2,3407259
C02354-K2,3407535
C02354-K2,3407545
C02354-K2,3407602
C02354-K2,3407646
C02354-K2,3407666
C02354-K2,3408298
C02354-K2,3408311
C02354-K2,3408397
C02354-K2,3408418
C02354-K2,3408420
C02354-K2,3408444
C02354-K2,3408458
C02354-K2,3408468
C02354-K2,3408509
C02354-K2,3408537
C02354-K2,3408640
C02354-K2,3408684
C02354-K2,3408752
C02354-K2,3408753
C02354-K2,3408763
C02354-K2,3408945
C02354-K2,3408955
C02354-K2,3408968
C02354-K2,3408992
C02354-K2,3409014
C02354-K2,3409348
C02354-K2,3409370
C02354-K2,3409422
C02354-K2,3409433
C02354-K2,3409639
C02354-K2,3409680
C02354-K2,3409775
C02354-K2,3409807
C02354-K2,3409838
C02354-K2,3409843
C02354-K2,3409868
C02354-K2,3409915
C02354-K2,3409959
C02354-K2,3409977
C02354-K2,3410029
C02354-K2,3410041
C02354-K2,3410053
C02354-K2,3410096
C02354-K2,3410159
C02354-K2,3410278
C02354-K2,3410297
C02354-K2,3410397
C02354-K2,3410485
C02354-K2,3410568
C02354-K2,3410601
C02354-K2,3410604
C02354-K2,3410610
C02354-K2,3410639
C02354-K2,3410694
C02354-K2,3410755
C02354-K2,3410809
C02354-K2,3410846
C02354-K2,3410858
C02354-K2,3411087
C02354-K2,3411150
C02354-K2,3411715
C02354-K2,3412032
C02354-K2,3412070
C02354-K2,3412161
C02354-K2,3412177
C02354-K2,3412215
C02354-K2,3412243
C02354-K2,3412427
C02354-K2,3412430
C02354-K2,3412538
C02354-K2,3412661
C02354-K2,3412665
C02354-K2,3412675
C02354-K2,3412701
C02354-K2,3412729
C02354-K2,3412752
C02354-K2,3412930
C02354-K2,3413177
C02354-K2,3413327
C02354-K2,3413441
C02354-K2,3413450
C02354-K2,3413471
C02354-K2,3413594
C02354-K2,3413628
C02354-K2,3413631
C02354-K2,3413659
C02354-K2,3413665
C02354-K2,3413891
C02354-K2,3413901
C02354-K2,3413928
C02354-K2,3413941
C02354-K2,3413974
C02354-K2,3414014
C02354-K2,3414038
C02354-K2,3414053
C02354-K2,3414062
C02354-K2,3414090
C02354-K2,3414115
C02354-K2,3414170
C02354-K2,3414234
C02354-K2,3414268
C02354-K2,3414302
C02354-K2,3414307
C02354-K2,3414328
C02354-K2,3414364
C02354-K2,3414453
C02354-K2,3414479
C02354-K2,3414537
C02354-K2,3414542
C02354-K2,3414693
C02354-K2,3414728
C02354-K2,3414753
C02354-K2,3414790
C02354-K2,3414825
C02354-K2,3415074
C02354-K2,3415270
C02354-K2,3415299
C02354-K2,3415373
C02354-K2,3415894
C02354-K2,3416187
C02354-K2,3416283
C02354-K2,3416345
C02354-K2,3416468
C02354-K2,3416472
C02354-K2,3416607
C02354-K2,3416635
C02354-K2,3416724
C02354-K2,3416888
C02354-K2,3416921
C02354-K2,3417039
C02354-K2,3417221
C02354-K2,3417250
C02354-K2,3417407
C02354-K2,3418012
C02354-K2,3418029
C02354-K2,3418092
C02354-K2,3418214
C02354-K2,3418232
C02354-K2,3418243
C02354-K2,3418490
C02354-K2,3418496
C02354-K2,3418630
C02354-K2,3418667
C02354-K2,3418875
C02354-K2,3419174
C02354-K2,3419231
C02354-K2,3419463
C02354-K2,3419468
C02354-K2,3419555
C02354-K2,3419584
C02354-K2,3419595
C02354-K2,3419620
C02354-K2,3419625
C02354-K2,3419747
C02354-K2,3419853
C02354-K2,3419945
C02354-K2,3419959
C02354-K2,3420165
C02354-K2,3420316
C02354-K2,3420327
C02354-K2,3420352
C02354-K2,3420381
C02354-K2,3420396
C02354-K2,3420416
C02354-K2,3420456
C02354-K2,3420830
C02354-K2,3420844
C02354-K2,3420848
C02354-K2,3420893
C02354-K2,3421066
C02354-K2,3421075
C02354-K2,3421193
C02354-K2,3421295
C02354-K2,3421323
C02354-K2,3421401
C02354-K2,3421412
C02354-K2,3421449
C02354-K2,3421454
C02354-K2,3421490
C02354-K2,3421579
C02354-K2,3421600
C02354-K2,3421639
C02354-K2,3421644
C02354-K2,3421711
C02354-K2,3421740
C02354-K2,3421836
C02354-K2,3421853
C02354-K2,3421953
C02354-K2,3422099
C02354-K2,3422216
C02354-K2,3422336
C02354-K2,3422356
C02354-K2,3422446
C02354-K2,3422458
C02354-K2,3422543
C02354-K2,3422554
C02354-K2,3422593
C02354-K2,3422811
C02354-K2,3422852
C02354-K2,3422896
C02354-K2,3422909
C02354-K2,3423033
C02354-K2,3423141
C02354-K2,3423312
C02354-K2,3423514
C02354-K2,3423549
C02354-K2,3423642
C02354-K2,3423645
C02354-K2,3423765
C02354-K2,3423856
C02354-K2,3423857
C02354-K2,3424013
C02354-K2,3424140
C02354-K2,3424161
C02354-K2,3424254
C02354-K2,3424264
C02354-K2,3424313
C02354-K2,3424341
C02354-K2,3424376
C02354-K2,3424513
C02354-K2,3424872
C02354-K2,3425211
C02354-K2,3425247
C02354-K2,3425293
C02354-K2,3425321
C02354-K2,3425398
C02354-K2,3425436
C02354-K2,3425475
C02354-K2,3425539
C02354-K2,3425621
C02354-K2,3425986
C02354-K2,3426020
C02354-K2,3426096
C02354-K2,3426304
C02354-K2,3426431
C02354-K2,3426541
C02354-K2,3426620
C02354-K2,3426627
C02354-K2,3426727
C02354-K2,3426738
C02354-K2,3426857
C02354-K2,3426879
C02354-K2,3427084
C02354-K2,3427108
C02354-K2,3427237
C02354-K2,3427348
C02354-K2,3427605
C02354-K2,3427710
C02354-K2,3427734
C02354-K2,3428085
C02354-K2,3428108
C02354-K2,3428141
C02354-K2,3428269
C02354-K2,3428366
C02354-K2,3428437
C02354-K2,3428485
C02354-K2,3428582
C02354-K2,3428609
C02354-K2,3428614
C02354-K2,3428618
C02354-K2,3428628
C02354-K2,3428712
C02354-K2,3428843
C02354-K2,3428887
C02354-K2,3428931
C02354-K2,3429023
C02354-K2,3429088
C02354-K2,3429349
C02354-K2,3429413
C02354-K2,3429514
C02354-K2,3429640
C02354-K2,3429653
C02354-K2,3429695
C02354-K2,3429696
C02354-K2,3429849
C02354-K2,3429902
C02354-K2,3429935
C02354-K2,3429959
C02354-K2,3429970
C02354-K2,3430099
C02354-K2,3430189
C02354-K2,3430238
C02354-K2,3430305
C02354-K2,3430358
C02354-K2,3430420
C02354-K2,3430469
C02354-K2,3430519
C02354-K2,3430630
C02354-K2,3430665
C02354-K2,3430856
C02354-K2,3430923
C02354-K2,3430998
C02354-K2,3431143
C02354-K2,3431244
C02354-K2,3431290
C02354-K2,3431375
C02354-K2,3431381
C02354-K2,3431627
C02354-K2,3431730
C02354-K2,3431784
C02354-K2,3432060
C02354-K2,3432096
C02354-K2,3432170
C02354-K2,3432181
C02354-K2,3432206
C02354-K2,3432226
C02354-K2,3432255
C02354-K2,3432257
C02354-K2,3432441
C02354-K2,3432500
C02354-K2,3432540
C02354-K2,3432701
C02354-K2,3432789
C02354-K2,3432877
C02354-K2,3432906
C02354-K2,3432990
C02354-K2,3433046
C02354-K2,3433054
C02354-K2,3433130
C02354-K2,3433186
C02354-K2,3433203
C02354-K2,3433225
C02354-K2,3433232
C02354-K2,3433245
C02354-K2,3433268
C02354-K2,3433297
C02354-K2,3433316
C02354-K2,3433334
C02354-K2,3433525
C02354-K2,3433541
C02354-K2,3433588
C02354-K2,3433589
C02354-K2,3433862
C02354-K2,3433883
C02354-K2,3433997
C02354-K2,3434114
C02354-K2,3434212
C02354-K2,3434245
C02354-K2,3434378
C02354-K2,3434453
C02354-K2,3434530
C02354-K2,3434542
C02354-K2,3434572
C02354-K2,3434695
C02354-K2,3434784
C02354-K2,3434793
C02354-K2,3434802
C02354-K2,3434810
C02354-K2,3434827
C02354-K2,3434876
C02354-K2,3435037
C02354-K2,3435093
C02354-K2,3435268
C02354-K2,3435305
C02354-K2,3435421
C02354-K2,3435453
C02354-K2,3435474
C02354-K2,3435517
C02354-K2,3435539
C02354-K2,3435681
C02354-K2,3435807
C02354-K2,3435832
C02354-K2,3435882
C02354-K2,3436017
C02354-K2,3436225
C02354-K2,3436277
C02354-K2,3436371
C02354-K2,3436536
C02354-K2,3436579
C02354-K2,3436614
C02354-K2,3436707
C02354-K2,3436762
C02354-K2,3437489
C02354-K2,3437512
C02354-K2,3437633
C02354-K2,3437676
C02354-K2,3437699
C02354-K2,3437728
C02354-K2,3438141
C02354-K2,3438165
C02354-K2,3438318
C02354-K2,3438442
C02354-K2,3438503
C02354-K2,3438525
C02354-K2,3438735
C02354-K2,3438784
C02354-K2,3438809
C02354-K2,3438840
C02354-K2,3438856
C02354-K2,3438992
C02354-K2,3439067
C02354-K2,3439073
C02354-K2,3439084
C02354-K2,3439198
C02354-K2,3439237
C02354-K2,3439311
C02354-K2,3439423
C02354-K2,3439475
C02354-K2,3439685
C02354-K2,3439758
C02354-K2,3439820
C02354-K2,3439910
C02354-K2,3439934
C02354-K2,3439993
C02354-K2,3440191
C02354-K2,3440197
C02354-K2,3440324
C02354-K2,3440535
C02354-K2,3440547
C02354-K2,3440566
C02354-K2,3440590
C02354-K2,3440628
C02354-K2,3440644
C02354-K2,3440703
C02354-K2,3440808
C02354-K2,3440856
C02354-K2,3440994
C02354-K2,3441000
C02354-K2,3441176
C02354-K2,3441197
C02354-K2,3441240
C02354-K2,3441392
C02354-K2,3441751
C02354-K2,3441800
C02354-K2,3441813
C02354-K2,3441854
C02354-K2,3441866
C02354-K2,3441880
C02354-K2,3441962
C02354-K2,3442107
C02354-K2,3442180
C02354-K2,3442375
C02354-K2,3442385
C02354-K2,3442400
C02354-K2,3442445
C02354-K2,3442730
C02354-K2,3442757
C02354-K2,3442798
C02354-K2,3442831
C02354-K2,3442883
C02354-K2,3443191
C02354-K2,3443246
C02354-K2,3443312
C02354-K2,3443326
C02354-K2,3443331
C02354-K2,3443475
C02354-K2,3443777
C02354-K2,3443781
C02354-K2,3443968
C02354-K2,3444045
C02354-K2,3444050
C02354-K2,3444083
C02354-K2,3444344
C02354-K2,3444439
C02354-K2,3444530
C02354-K2,3444533
C02354-K2,3444565
C02354-K2,3444573
C02354-K2,3444631
C02354-K2,3444694
C02354-K2,3444783
C02354-K2,3444828
C02354-K2,3444841
C02354-K2,3444920
C02354-K2,3445237
C02354-K2,3445255
C02354-K2,3445287
C02354-K2,3445325
C02354-K2,3445329
C02354-K2,3445358
C02354-K2,3445484
C02354-K2,3445489
C02354-K2,3445714
C02354-K2,3445745
C02354-K2,3445866
C02354-K2,3445929
C02354-K2,3445996
C02354-K2,3446039
C02354-K2,3446045
C02354-K2,3446059
C02354-K2,3446184
C02354-K2,3446188
C02354-K2,3446190
C02354-K2,3446385
C02354-K2,3446395
C02354-K2,3446396
C02354-K2,3446488
C02354-K2,3446508
C02354-K2,3446533
C02354-K2,3446544
C02354-K2,3446596
C02354-K2,3446624
C02354-K2,3446639
C02354-K2,3446689
C02354-K2,3446787
C02354-K2,3446800
C02354-K2,3446818
C02354-K2,3446825
C02354-K2,3446844
C02354-K2,3446881
C02354-K2,3446912
C02354-K2,3447008
C02354-K2,3447015
C02354-K2,3447144
C02354-K2,3447220
C02354-K2,3447293
C02354-K2,3447295
C02354-K2,3447347
C02354-K2,3447388
C02354-K2,3447398
C02354-K2,3447597
C02354-K2,3447793
C02354-K2,3447846
C02354-K2,3447925
C02354-K2,3447927
C02354-K2,3448065
C02354-K2,3448107
C02354-K2,3448283
C02354-K2,3448397
C02354-K2,3448426
C02354-K2,3448595
C02354-K2,3448626
C02354-K2,3448638
C02354-K2,3448687
C02354-K2,3448704
C02354-K2,3448745
C02354-K2,3448861
C02354-K2,3448984
C02354-K2,3449065
C02354-K2,3449274
C02354-K2,3449284
C02354-K2,3449343
C02354-K2,3449357
C02354-K2,3449514
C02354-K2,3449577
C02354-K2,3449751
C02354-K2,3449786
C02354-K2,3449794
C02354-K2,3449859
C02354-K2,3449871
C02354-K2,3449872
C02354-K2,3449882
C02354-K2,3449888
C02354-K2,3450027
C02354-K2,3450195
C02354-K2,3450393
C02354-K2,3450414
C02354-K2,3450448
C02354-K2,3450493
C02354-K2,3450494
C02354-K2,3450671
C02354-K2,3450777
C02354-K2,3450919
C02354-K2,3450943
C02354-K2,3450951
C02354-K2,3451000
C02354-K2,3451074
C02354-K2,3451210
C02354-K2,3451243
C02354-K2,3451268
C02354-K2,3451289
C02354-K2,3451499
C02354-K2,3451507
C02354-K2,3451598
C02354-K2,3451613
C02354-K2,3451622
C02354-K2,3451670
C02354-K2,3451715
C02354-K2,3451916
C02354-K2,3451918
C02354-K2,3451988
C02354-K2,3452003
C02354-K2,3452049
C02354-K2,3452064
C02354-K2,3452257
C02354-K2,3452259
C02354-K2,3452281
C02354-K2,3452319
C02354-K2,3452321
C02354-K2,3452344
C02354-K2,3452355
C02354-K2,3452391
C02354-K2,3452392
C02354-K2,3452402
C02354-K2,3452426
C02354-K2,3452501
C02354-K2,3452533
C02354-K2,3452542
C02354-K2,3452547
C02354-K2,3452568
C02354-K2,3452596
C02354-K2,3452613
C02354-K2,3452671
C02354-K2,3452789
C02354-K2,3452978
C02354-K2,3453122
C02354-K2,3453167
C02354-K2,3453169
C02354-K2,3453183
C02354-K2,3453373
C02354-K2,3453550
C02354-K2,3453642
C02354-K2,3453726
C02354-K2,3453784
C02354-K2,3453785
C02354-K2,3453795
C02354-K2,3453909
C02354-K2,3453971
C02354-K2,3454007
C02354-K2,3454030
C02354-K2,3454118
C02354-K2,3454249
C02354-K2,3454367
C02354-K2,3454435
C02354-K2,3454471
C02354-K2,3454489
C02354-K2,3454573
C02354-K2,3454728
C02354-K2,3454742
C02354-K2,3454744
C02354-K2,3454747
C02354-K2,3454812
C02354-K2,3454833
C02354-K2,3454915
C02354-K2,3454945
C02354-K2,3454987
C02354-K2,3455410
C02354-K2,3455465
C02354-K2,3455487
C02354-K2,3455577
C02354-K2,3455578
C02354-K2,3455610
C02354-K2,3455704
C02354-K2,3455834
C02354-K2,3455844
C02354-K2,3456047
C02354-K2,3456049
C02354-K2,3456050
C02354-K2,3456119
C02354-K2,3456179
C02354-K2,3456463
C02354-K2,3456705
C02354-K2,3457114
C02354-K2,3457150
C02354-K2,3457258
C02354-K2,3457523
C02354-K2,3457628
C02354-K2,3457696
C02354-K2,3457706
C02354-K2,3457741
C02354-K2,3457754
C02354-K2,3457789
C02354-K2,3458033
C02354-K2,3458288
C02354-K2,3458294
C02354-K2,3458400
C02354-K2,3458404
C02354-K2,3458419
C02354-K2,3458446
C02354-K2,3458455
C02354-K2,3458468
C02354-K2,3458532
C02354-K2,3458641
C02354-K2,3458699
C02354-K2,3458957
C02354-K2,3459067
C02354-K2,3459132
C02354-K2,3459135
C02354-K2,3459174
C02354-K2,3459262
C02354-K2,3459292
C02354-K2,3459373
C02354-K2,3459462
C02354-K2,3459469
C02354-K2,3459504
C02354-K2,3459522
C02354-K2,3459652
C02354-K2,3459692
C02354-K2,3459718
C02354-K2,3459863
C02354-K2,3460093
C02354-K2,3460108
C02354-K2,3460294
C02354-K2,3460320
C02354-K2,3460416
C02354-K2,3460465
C02354-K2,3460485
C02354-K2,3460486
C02354-K2,3460503
C02354-K2,3460565
C02354-K2,3460627
C02354-K2,3460671
C02354-K2,3460720
C02354-K2,3460742
C02354-K2,3460767
C02354-K2,3460773
C02354-K2,3460803
C02354-K2,3460826
C02354-K2,3460878
C02354-K2,3460895
C02354-K2,3460901
C02354-K2,3460906
C02354-K2,3460998
C02354-K2,3461241
C02354-K2,3461362
C02354-K2,3461366
C02354-K2,3461515
C02354-K2,3461522
C02354-K2,3461734
C02354-K2,3461761
C02354-K2,3461794
C02354-K2,3461847
C02354-K2,3461864
C02354-K2,3461972
C02354-K2,3462060
C02354-K2,3462067
C02354-K2,3462077
C02354-K2,3462149
C02354-K2,3462188
C02354-K2,3462234
C02354-K2,3462332
C02354-K2,3462363
C02354-K2,3462433
C02354-K2,3462441
C02354-K2,3462450
C02354-K2,3462453
C02354-K2,3462481
C02354-K2,3462565
C02354-K2,3462661
C02354-K2,3462708
C02354-K2,3462763
C02354-K2,3462799
C02354-K2,3462835
C02354-K2,3462856
C02354-K2,3462857
C02354-K2,3462922
C02354-K2,3462946
C02354-K2,3462962
C02354-K2,3463014
C02354-K2,3463038
C02354-K2,3463047
C02354-K2,3463052
C02354-K2,3463130
C02354-K2,3463161
C02354-K2,3463173
C02354-K2,3463233
C02354-K2,3463287
C02354-K2,3463419
C02354-K2,3463525
C02354-K2,3463874
C02354-K2,3463886
C02354-K2,3463967
C02354-K2,3464519
C02354-K2,3464629
C02354-K2,3464689
C02354-K2,3464750
C02354-K2,3464759
C02354-K2,3464769
C02354-K2,3464889
C02354-K2,3465027
C02354-K2,3465103
C02354-K2,3465114
C02354-K2,3465120
C02354-K2,3465194
C02354-K2,3465233
C02354-K2,3465801
C02354-K2,3465808
C02354-K2,3465810
C02354-K2,3465813
C02354-K2,3465845
C02354-K2,3465989
C02354-K2,3466109
C02354-K2,3466166
C02354-K2,3466259
C02354-K2,3466263
C02354-K2,3466313
C02354-K2,3466320
C02354-K2,3466396
C02354-K2,3466409
C02354-K2,3466478
C02354-K2,3466556
C02354-K2,3466741
C02354-K2,3466818
C02354-K2,3466870
C02354-K2,3467035
C02354-K2,3467064
C02354-K2,3467074
C02354-K2,3467166
C02354-K2,3467341
C02354-K2,3467352
C02354-K2,3467359
C02354-K2,3467427
C02354-K2,3467494
C02354-K2,3467507
C02354-K2,3467513
C02354-K2,3467610
C02354-K2,3467611
C02354-K2,3467621
C02354-K2,3467691
C02354-K2,3467711
C02354-K2,3467725
C02354-K2,3467751
C02354-K2,3467870
C02354-K2,3468070
C02354-K2,3468133
C02354-K2,3468154
C02354-K2,3468249
C02354-K2,3468415
C02354-K2,3468483
C02354-K2,3468581
C02354-K2,3468768
C02354-K2,3468782
C02354-K2,3468789
C02354-K2,3468808
C02354-K2,3468905
C02354-K2,3468939
C02354-K2,3468957
C02354-K2,3468977
C02354-K2,3469049
C02354-K2,3469144
C02354-K2,3469176
C02354-K2,3469404
C02354-K2,3469572
C02354-K2,3469730
C02354-K2,3469970
C02354-K2,3469979
C02354-K2,3470005
C02354-K2,3470080
C02354-K2,3470087
C02354-K2,3470133
C02354-K2,3470154
C02354-K2,3470245
C02354-K2,3470269
C02354-K2,3470595
C02354-K2,3470610
C02354-K2,3470621
C02354-K2,3470707
C02354-K2,3470823
C02354-K2,3470930
C02354-K2,3470932
C02354-K2,3470963
C02354-K2,3471008
C02354-K2,3471338
C02354-K2,3471562
C02354-K2,3471636
C02354-K2,3471740
C02354-K2,3472030
C02354-K2,3472040
C02354-K2,3472065
C02354-K2,3472173
C02354-K2,3472302
C02354-K2,3472419
C02354-K2,3472578
C02354-K2,3472667
C02354-K2,3472668
C02354-K2,3472671
C02354-K2,3472672
C02354-K2,3472809
C02354-K2,3472893
C02354-K2,3473099
C02354-K2,3473129
C02354-K2,3473135
C02354-K2,3473145
C02354-K2,3473187
C02354-K2,3473292
C02354-K2,3473320
C02354-K2,3473368
C02354-K2,3473455
C02354-K2,3473489
C02354-K2,3473516
C02354-K2,3473539
C02354-K2,3473749
C02354-K2,3473758
C02354-K2,3473788
C02354-K2,3473840
C02354-K2,3473911
C02354-K2,3473962
C02354-K2,3473977
C02354-K2,3473980
C02354-K2,3474036
C02354-K2,3474190
C02354-K2,3474192
C02354-K2,3474213
C02354-K2,3474229
C02354-K2,3474318
C02354-K2,3474342
C02354-K2,3474399
C02354-K2,3474405
C02354-K2,3474564
C02354-K2,3474860
C02354-K2,3475056
C02354-K2,3475136
C02354-K2,3475615
C02354-K2,3475875
C02354-K2,3476038
C02354-K2,3476532
C02354-K2,3476533
C02354-K2,3476569
C02354-K2,3476586
C02354-K2,3476669
C02354-K2,3476812
C02354-K2,3476938
C02354-K2,3476976
C02354-K2,3477180
C02354-K2,3477263
C02354-K2,3477364
C02354-K2,3477560
C02354-K2,3477585
C02354-K2,3477606
C02354-K2,3477607
C02354-K2,3477609
C02354-K2,3477622
C02354-K2,3477752
C02354-K2,3477971
C02354-K2,3478049
C02354-K2,3478060
C02354-K2,3478061
C02354-K2,3478178
C02354-K2,3478189
C02354-K2,3478195
C02354-K2,3478249
C02354-K2,3478416
C02354-K2,3478481
C02354-K2,3478486
C02354-K2,3478743
C02354-K2,3478767
C02354-K2,3478808
C02354-K2,3478866
C02354-K2,3478901
C02354-K2,3478933
C02354-K2,3479206
C02354-K2,3479216
C02354-K2,3479219
C02354-K2,3479397
C02354-K2,3479521
C02354-K2,3479544
C02354-K2,3479690
C02354-K2,3479771
C02354-K2,3480063
C02354-K2,3480077
C02354-K2,3480105
C02354-K2,3480109
C02354-K2,3480131
C02354-K2,3480204
C02354-K2,3480256
C02354-K2,3480332
C02354-K2,3480495
C02354-K2,3480496
C02354-K2,3480525
C02354-K2,3480537
C02354-K2,3480560
C02354-K2,3480652
C02354-K2,3480669
C02354-K2,3480675
C02354-K2,3480687
C02354-K2,3480744
C02354-K2,3480753
C02354-K2,3481000
C02354-K2,3481041
C02354-K2,3481063
C02354-K2,3481130
C02354-K2,3481169
C02354-K2,3481202
C02354-K2,3481264
C02354-K2,3481343
C02354-K2,3481363
C02354-K2,3481538
C02354-K2,3481596
C02354-K2,3481673
C02354-K2,3481768
C02354-K2,3481799
C02354-K2,3481913
C02354-K2,3482171
C02354-K2,3482188
C02354-K2,3482454
C02354-K2,3482491
C02354-K2,3482812
C02354-K2,3482839
C02354-K2,3482860
C02354-K2,3482928
C02354-K2,3483059
C02354-K2,3483152
C02354-K2,3483233
C02354-K2,3483355
C02354-K2,3483390
C02354-K2,3483447
C02354-K2,3483592
C02354-K2,3483742
C02354-K2,3483772
C02354-K2,3483774
C02354-K2,3483869
C02354-K2,3483877
C02354-K2,3483892
C02354-K2,3483903
C02354-K2,3483921
C02354-K2,3483969
C02354-K2,3484013
C02354-K2,3484023
C02354-K2,3484024
C02354-K2,3484045
C02354-K2,3484065
C02354-K2,3484128
C02354-K2,3484197
C02354-K2,3484203
C02354-K2,3484249
C02354-K2,3484251
C02354-K2,3484403
C02354-K2,3484469
C02354-K2,3484506
C02354-K2,3484572
C02354-K2,3484634
C02354-K2,3484649
C02354-K2,3484689
C02354-K2,3484830
C02354-K2,3484834
C02354-K2,3484949
C02354-K2,3485025
C02354-K2,3485108
C02354-K2,3485143
C02354-K2,3485560
C02354-K2,3485603
C02354-K2,3485803
C02354-K2,3485810
C02354-K2,3485848
C02354-K2,3485877
C02354-K2,3485933
C02354-K2,3485990
C02354-K2,3485997
C02354-K2,3485998
C02354-K2,3486046
C02354-K2,3486080
C02354-K2,3486178
C02354-K2,3486190
C02354-K2,3486192
C02354-K2,3486266
C02354-K2,3486341
C02354-K2,3486462
C02354-K2,3486507
C02354-K2,3486559
C02354-K2,3486744
C02354-K2,3486755
C02354-K2,3486949
C02354-K2,3486963
C02354-K2,3486966
C02354-K2,3487032
C02354-K2,3487364
C02354-K2,3487401
C02354-K2,3487425
C02354-K2,3487444
C02354-K2,3487493
C02354-K2,3487509
C02354-K2,3487549
C02354-K2,3487557
C02354-K2,3487573
C02354-K2,3487604
C02354-K2,3487632
C02354-K2,3487659
C02354-K2,3487685
C02354-K2,3487694
C02354-K2,3487810
C02354-K2,3487905
C02354-K2,3487973
C02354-K2,3487985
C02354-K2,3487994
C02354-K2,3488000
C02354-K2,3488006
C02354-K2,3488015
C02354-K2,3488023
C02354-K2,3488044
C02354-K2,3488056
C02354-K2,3488061
C02354-K2,3488103
C02354-K2,3488116
C02354-K2,3488325
C02354-K2,3488371
C02354-K2,3488433
C02354-K2,3488476
C02354-K2,3488490
C02354-K2,3488502
C02354-K2,3488570
C02354-K2,3488601
C02354-K2,3488661
C02354-K2,3488749
C02354-K2,3488755
C02354-K2,3488852
C02354-K2,3488866
C02354-K2,3488893
C02354-K2,3488922
C02354-K2,3488954
C02354-K2,3488967
C02354-K2,3488986
C02354-K2,3489157
C02354-K2,3489290
C02354-K2,3489383
C02354-K2,3489428
C02354-K2,3489497
C02354-K2,3489509
C02354-K2,3489515
C02354-K2,3489676
C02354-K2,3489691
C02354-K2,3489703
C02354-K2,3489721
C02354-K2,3489767
C02354-K2,3489772
C02354-K2,3489813
C02354-K2,3489904
C02354-K2,3490019
C02354-K2,3490069
C02354-K2,3490114
C02354-K2,3490180
C02354-K2,3490239
C02354-K2,3490305
C02354-K2,3490411
C02354-K2,3490444
C02354-K2,3490511
C02354-K2,3490585
C02354-K2,3490630
C02354-K2,3490655
C02354-K2,3490727
C02354-K2,3490961
C02354-K2,3490982
C02354-K2,3491104
C02354-K2,3491265
C02354-K2,3491361
C02354-K2,3491379
C02354-K2,3491469
C02354-K2,3491537
C02354-K2,3491586
C02354-K2,3491624
C02354-K2,3491753
C02354-K2,3491759
C02354-K2,3491774
C02354-K2,3491794
C02354-K2,3491856
C02354-K2,3491872
C02354-K2,3492018
C02354-K2,3492105
C02354-K2,3492168
C02354-K2,3492221
C02354-K2,3492278
C02354-K2,3492300
C02354-K2,3492405
C02354-K2,3492558
C02354-K2,3492783
C02354-K2,3492968
C02354-K2,3492992
C02354-K2,3493114
C02354-K2,3493118
C02354-K2,3493254
C02354-K2,3493258
C02354-K2,3493295
C02354-K2,3493301
C02354-K2,3493420
C02354-K2,3493673
C02354-K2,3493830
C02354-K2,3493835
C02354-K2,3493982
C02354-K2,3494040
C02354-K2,3494297
C02354-K2,3494313
C02354-K2,3494500
C02354-K2,3494569
C02354-K2,3494681
C02354-K2,3495111
C02354-K2,3495116
C02354-K2,3495181
C02354-K2,3495232
C02354-K2,3495325
C02354-K2,3495379
C02354-K2,3495392
C02354-K2,3495400
C02354-K2,3495684
C02354-K2,3495731
C02354-K2,3495754
C02354-K2,3495821
C02354-K2,3495904
C02354-K2,3495908
C02354-K2,3495952
C02354-K2,3495996
C02354-K2,3495998
C02354-K2,3496129
C02354-K2,3496239
C02354-K2,3496257
C02354-K2,3496291
C02354-K2,3496335
C02354-K2,3496796
C02354-K2,3496867
C02354-K2,3497092
C02354-K2,3497135
C02354-K2,3497188
C02354-K2,3497338
C02354-K2,3497417
C02354-K2,3497751
C02354-K2,3497754
C02354-K2,3497813
C02354-K2,3497820
C02354-K2,3497911
C02354-K2,3498111
C02354-K2,3498255
C02354-K2,3498293
C02354-K2,3498413
C02354-K2,3498531
C02354-K2,3498605
C02354-K2,3498659
C02354-K2,3498702
C02354-K2,3498728
C02354-K2,3498958
C02354-K2,3498988
C02354-K2,3499031
C02354-K2,3499170
C02354-K2,3499241
C02354-K2,3499288
C02354-K2,3499296
C02354-K2,3499370
C02354-K2,3499405
C02354-K2,3499610
C02354-K2,3499615
C02354-K2,3499633
C02354-K2,3499662
C02354-K2,3499751
C02354-K2,3499842
C02354-K2,3499867
C02354-K2,3499895
C02354-K2,3499976
C02354-K2,3499982
C02354-K2,3500027
C02354-K2,3500094
C02354-K2,3500173
C02354-K2,3500299
C02354-K2,3500304
C02354-K2,3500332
C02354-K2,3500370
C02354-K2,3500429
C02354-K2,3500577
C02354-K2,3500707
C02354-K2,3500759
C02354-K2,3500906
C02354-K2,3500910
C02354-K2,3500959
C02354-K2,3500962
C02354-K2,3500980
C02354-K2,3500983
C02354-K2,3500984
C02354-K2,3501028
C02354-K2,3501202
C02354-K2,3501217
C02354-K2,3501233
C02354-K2,3501264
C02354-K2,3501300
C02354-K2,3501304
C02354-K2,3501422
C02354-K2,3501428
C02354-K2,3501510
C02354-K2,3501512
C02354-K2,3501569
C02354-K2,3501650
C02354-K2,3501684
C02354-K2,3501751
C02354-K2,3501815
C02354-K2,3501827
C02354-K2,3501832
C02354-K2,3501878
C02354-K2,3501964
C02354-K2,3502100
C02354-K2,3502279
C02354-K2,3502280
C02354-K2,3502458
C02354-K2,3502568
C02354-K2,3502604
C02354-K2,3502657
C02354-K2,3502724
C02354-K2,3502932
C02354-K2,3503117
C02354-K2,3503254
C02354-K2,3503260
C02354-K2,3503345
C02354-K2,3503373
C02354-K2,3503463
C02354-K2,3503523
C02354-K2,3503727
C02354-K2,3503751
C02354-K2,3503879
C02354-K2,3503909
C02354-K2,3504053
C02354-K2,3504246
C02354-K2,3504514
C02354-K2,3504540
C02354-K2,3504597
C02354-K2,3504600
C02354-K2,3504609
C02354-K2,3504615
C02354-K2,3504620
C02354-K2,3504646
C02354-K2,3504708
C02354-K2,3504768
C02354-K2,3505025
C02354-K2,3505202
C02354-K2,3505316
C02354-K2,3505352
C02354-K2,3505454
C02354-K2,3505543
C02354-K2,3505652
C02354-K2,3505759
C02354-K2,3505814
C02354-K2,3505982
C02354-K2,3506045
C02354-K2,3506048
C02354-K2,3506055
C02354-K2,3506060
C02354-K2,3506093
C02354-K2,3506177
C02354-K2,3506211
C02354-K2,3506229
C02354-K2,3506231
C02354-K2,3506232
C02354-K2,3506235
C02354-K2,3506261
C02354-K2,3506270
C02354-K2,3506329
C02354-K2,3506374
C02354-K2,3506490
C02354-K2,3506530
C02354-K2,3506532
C02354-K2,3506550
C02354-K2,3506582
C02354-K2,3506588
C02354-K2,3506690
C02354-K2,3506770
C02354-K2,3506938
C02354-K2,3506949
C02354-K2,3506971
C02354-K2,3507052
C02354-K2,3507069
C02354-K2,3507120
C02354-K2,3507156
C02354-K2,3507179
C02354-K2,3507207
C02354-K2,3507330
C02354-K2,3507435
C02354-K2,3507472
C02354-K2,3507497
C02354-K2,3507656
C02354-K2,3507753
C02354-K2,3507841
C02354-K2,3507863
C02354-K2,3507888
C02354-K2,3507979
C02354-K2,3508232
C02354-K2,3508411
C02354-K2,3508459
C02354-K2,3508513
C02354-K2,3508594
C02354-K2,3508617
C02354-K2,3508647
C02354-K2,3508753
C02354-K2,3508877
C02354-K2,3508918
C02354-K2,3508931
C02354-K2,3509181
C02354-K2,3509447
C02354-K2,3509486
C02354-K2,3509510
C02354-K2,3509515
C02354-K2,3509562
C02354-K2,3509571
C02354-K2,3509606
C02354-K2,3509641
C02354-K2,3509734
C02354-K2,3509740
C02354-K2,3509755
C02354-K2,3509940
C02354-K2,3509941
C02354-K2,3509946
C02354-K2,3509949
C02354-K2,3509976
C02354-K2,3510037
C02354-K2,3510071
C02354-K2,3510215
C02354-K2,3510234
C02354-K2,3510259
C02354-K2,3510275
C02354-K2,3510367
C02354-K2,3510386
C02354-K2,3510398
C02354-K2,3510418
C02354-K2,3510538
C02354-K2,3510587
C02354-K2,3510783
C02354-K2,3510806
C02354-K2,3510823
C02354-K2,3510897
C02354-K2,3510933
C02354-K2,3511001
C02354-K2,3511128
C02354-K2,3511209
C02354-K2,3511212
C02354-K2,3511234
C02354-K2,3511285
C02354-K2,3511325
C02354-K2,3511371
C02354-K2,3511445
C02354-K2,3511502
C02354-K2,3511515
C02354-K2,3511555
C02354-K2,3511573
C02354-K2,3511884
C02354-K2,3511885
C02354-K2,3511961
C02354-K2,3512350
C02354-K2,3512671
C02354-K2,3512741
C02354-K2,3512751
C02354-K2,3512889
C02354-K2,3512942
C02354-K2,3512947
C02354-K2,3513017
C02354-K2,3513093
C02354-K2,3513124
C02354-K2,3513225
C02354-K2,3513235
C02354-K2,3513392
C02354-K2,3513448
C02354-K2,3513512
C02354-K2,3513670
C02354-K2,3513676
C02354-K2,3513690
C02354-K2,3513759
C02354-K2,3513968
C02354-K2,3513998
C02354-K2,3514058
C02354-K2,3514656
C02354-K2,3514796
C02354-K2,3514845
C02354-K2,3514993
C02354-K2,3515088
C02354-K2,3515111
C02354-K2,3515128
C02354-K2,3515158
C02354-K2,3515439
C02354-K2,3515597
C02354-K2,3515684
C02354-K2,3515751
C02354-K2,3515886
C02354-K2,3515892
C02354-K2,3515903
C02354-K2,3515911
C02354-K2,3516008
C02354-K2,3516036
C02354-K2,3516149
C02354-K2,3516387
C02354-K2,3516852
C02354-K2,3516866
C02354-K2,3516868
C02354-K2,3516904
C02354-K2,3517195
C02354-K2,3517259
C02354-K2,3517353
C02354-K2,3517419
C02354-K2,3517567
C02354-K2,3517630
C02354-K2,3517674
C02354-K2,3517784
C02354-K2,3517791
C02354-K2,3517810
C02354-K2,3517875
C02354-K2,3518125
C02354-K2,3518150
C02354-K2,3518152
C02354-K2,3518393
C02354-K2,3518455
C02354-K2,3518520
C02354-K2,3518536
C02354-K2,3518588
C02354-K2,3518610
C02354-K2,3518661
C02354-K2,3518786
C02354-K2,3518800
C02354-K2,3518819
C02354-K2,3518836
C02354-K2,3518879
C02354-K2,3518939
C02354-K2,3518994
C02354-K2,3519145
C02354-K2,3519381
C02354-K2,3519414
C02354-K2,3519507
C02354-K2,3519704
C02354-K2,3519812
C02354-K2,3519884
C02354-K2,3519977
C02354-K2,3520133
C02354-K2,3520285
C02354-K2,3520397
C02354-K2,3520461
C02354-K2,3520555
C02354-K2,3520698
C02354-K2,3520856
C02354-K2,3520878
C02354-K2,3520886
C02354-K2,3520968
C02354-K2,3520978
C02354-K2,3521063
C02354-K2,3521131
C02354-K2,3521188
C02354-K2,3521248
C02354-K2,3521397
C02354-K2,3521425
C02354-K2,3521432
C02354-K2,3521512
C02354-K2,3521569
C02354-K2,3521710
C02354-K2,3521865
C02354-K2,3521883
C02354-K2,3521962
C02354-K2,3521997
C02354-K2,3522006
C02354-K2,3522007
C02354-K2,3522013
C02354-K2,3522061
C02354-K2,3522090
C02354-K2,3522149
C02354-K2,3522172
C02354-K2,3522212
C02354-K2,3522232
C02354-K2,3522377
C02354-K2,3522536
C02354-K2,3522577
C02354-K2,3522646
C02354-K2,3522781
C02354-K2,3522833
C02354-K2,3522836
C02354-K2,3522941
C02354-K2,3522947
C02354-K2,3522955
C02354-K2,3522983
C02354-K2,3523009
C02354-K2,3523078
C02354-K2,3523105
C02354-K2,3523315
C02354-K2,3524279
C02354-K2,3524394
C02354-K2,3524445
C02354-K2,3524487
C02354-K2,3524590
C02354-K2,3524592
C02354-K2,3524640
C02354-K2,3524702
C02354-K2,3524749
C02354-K2,3524794
C02354-K2,3524807
C02354-K2,3524819
C02354-K2,3524833
C02354-K2,3524844
C02354-K2,3524906
C02354-K2,3524931
C02354-K2,3524988
C02354-K2,3525066
C02354-K2,3525135
C02354-K2,3525380
C02354-K2,3525562
C02354-K2,3525623
C02354-K2,3525770
C02354-K2,3525821
C02354-K2,3525869
C02354-K2,3525896
C02354-K2,3525917
C02354-K2,3525940
C02354-K2,3526068
C02354-K2,3526194
C02354-K2,3526297
C02354-K2,3526584
C02354-K2,3526590
C02354-K2,3526624
C02354-K2,3526635
C02354-K2,3526655
C02354-K2,3526656
C02354-K2,3526710
C02354-K2,3527034
C02354-K2,3527240
C02354-K2,3527284
C02354-K2,3527432
C02354-K2,3527558
C02354-K2,3527570
C02354-K2,3527593
C02354-K2,3527594
C02354-K2,3527617
C02354-K2,3527646
C02354-K2,3527647
C02354-K2,3527650
C02354-K2,3527688
C02354-K2,3527832
C02354-K2,3527910
C02354-K2,3527962
C02354-K2,3528057
C02354-K2,3528073
C02354-K2,3528229
C02354-K2,3528241
C02354-K2,3528255
C02354-K2,3528315
C02354-K2,3528945
C02354-K2,3529043
C02354-K2,3529271
C02354-K2,3529285
C02354-K2,3529434
C02354-K2,3529552
C02354-K2,3529554
C02354-K2,3529620
C02354-K2,3529673
C02354-K2,3529989
C02354-K2,3530067
C02354-K2,3530080
C02354-K2,3530084
C02354-K2,3530129
C02354-K2,3530179
C02354-K2,3530198
C02354-K2,3530251
C02354-K2,3530255
C02354-K2,3530403
C02354-K2,3530465
C02354-K2,3530499
C02354-K2,3530531
C02354-K2,3530566
C02354-K2,3530635
C02354-K2,3530722
C02354-K2,3530733
C02354-K2,3530745
C02354-K2,3530764
C02354-K2,3530793
C02354-K2,3530815
C02354-K2,3530838
C02354-K2,3530866
C02354-K2,3531058
C02354-K2,3531072
C02354-K2,3531135
C02354-K2,3531149
C02354-K2,3531213
C02354-K2,3531218
C02354-K2,3531224
C02354-K2,3531292
C02354-K2,3531309
C02354-K2,3531316
C02354-K2,3531358
C02354-K2,3531403
C02354-K2,3531424
C02354-K2,3531481
C02354-K2,3531618
C02354-K2,3531673
C02354-K2,3531684
C02354-K2,3531749
C02354-K2,3531781
C02354-K2,3531844
C02354-K2,3531990
C02354-K2,3532068
C02354-K2,3532348
C02354-K2,3532402
C02354-K2,3532436
C02354-K2,3532441
C02354-K2,3532536
C02354-K2,3532801
C02354-K2,3532858
C02354-K2,3532941
C02354-K2,3533024
C02354-K2,3533069
C02354-K2,3533080
C02354-K2,3533106
C02354-K2,3533142
C02354-K2,3533175
C02354-K2,3533262
C02354-K2,3533383
C02354-K2,3533404
C02354-K2,3533416
C02354-K2,3533448
C02354-K2,3533453
C02354-K2,3533926
C02354-K2,3533936
C02354-K2,3534109
C02354-K2,3534110
C02354-K2,3534111
C02354-K2,3534124
C02354-K2,3534148
C02354-K2,3534168
C02354-K2,3534203
C02354-K2,3534364
C02354-K2,3534385
C02354-K2,3534641
C02354-K2,3534652
C02354-K2,3534658
C02354-K2,3534691
C02354-K2,3534729
C02354-K2,3534922
C02354-K2,3534982
C02354-K2,3534999
C02354-K2,3535162
C02354-K2,3535298
C02354-K2,3535487
C02354-K2,3535656
C02354-K2,3535739
C02354-K2,3535813
C02354-K2,3535864
C02354-K2,3535921
C02354-K2,3535967
C02354-K2,3536117
C02354-K2,3536118
C02354-K2,3536183
C02354-K2,3536217
C02354-K2,3536218
C02354-K2,3536506
C02354-K2,3536609
C02354-K2,3536643
C02354-K2,3536681
C02354-K2,3536750
C02354-K2,3536787
C02354-K2,3536828
C02354-K2,3536944
C02354-K2,3536965
C02354-K2,3536973
C02354-K2,3537025
C02354-K2,3537029
C02354-K2,3537115
C02354-K2,3537127
C02354-K2,3537170
C02354-K2,3537173
C02354-K2,3537283
C02354-K2,3537300
C02354-K2,3537393
C02354-K2,3537409
C02354-K2,3537683
C02354-K2,3538073
C02354-K2,3538269
C02354-K2,3538416
C02354-K2,3538545
C02354-K2,3538660
C02354-K2,3538676
C02354-K2,3538719
C02354-K2,3538783
C02354-K2,3538936
C02354-K2,3539049
C02354-K2,3539073
C02354-K2,3539123
C02354-K2,3539128
C02354-K2,3539317
C02354-K2,3539479
C02354-K2,3539489
C02354-K2,3539531
C02354-K2,3539553
C02354-K2,3539569
C02354-K2,3539643
C02354-K2,3539737
C02354-K2,3539760
C02354-K2,3539815
C02354-K2,3539823
C02354-K2,3539834
C02354-K2,3539837
C02354-K2,3539844
C02354-K2,3539906
C02354-K2,3539966
C02354-K2,3539999
C02354-K2,3540032
C02354-K2,3540040
C02354-K2,3540176
C02354-K2,3540237
C02354-K2,3540344
C02354-K2,3540576
C02354-K2,3540604
C02354-K2,3540837
C02354-K2,3540852
C02354-K2,3540878
C02354-K2,3541037
C02354-K2,3541138
C02354-K2,3541206
C02354-K2,3541229
C02354-K2,3541478
C02354-K2,3541495
C02354-K2,3541499
C02354-K2,3541577
C02354-K2,3541632
C02354-K2,3541718
C02354-K2,3541855
C02354-K2,3541910
C02354-K2,3541930
C02354-K2,3542013
C02354-K2,3542021
C02354-K2,3542369
C02354-K2,3542464
C02354-K2,3542528
C02354-K2,3542625
C02354-K2,3542660
C02354-K2,3542814
C02354-K2,3542842
C02354-K2,3542966
C02354-K2,3543012
C02354-K2,3543082
C02354-K2,3543168
C02354-K2,3543245
C02354-K2,3543254
C02354-K2,3543342
C02354-K2,3543407
C02354-K2,3543458
C02354-K2,3543637
C02354-K2,3543650
C02354-K2,3543969
C02354-K2,3543999
C02354-K2,3544027
C02354-K2,3544072
C02354-K2,3544362
C02354-K2,3544592
C02354-K2,3544706
C02354-K2,3544796
C02354-K2,3544828
C02354-K2,3544905
C02354-K2,3545048
C02354-K2,3545217
C02354-K2,3545251
C02354-K2,3545417
C02354-K2,3545491
C02354-K2,3545774
C02354-K2,3545847
C02354-K2,3545859
C02354-K2,3546009
C02354-K2,3546062
C02354-K2,3546243
C02354-K2,3546297
C02354-K2,3546449
C02354-K2,3546516
C02354-K2,3546574
C02354-K2,3546658
C02354-K2,3546771
C02354-K2,3546988
C02354-K2,3547062
C02354-K2,3547634
C02354-K2,3547667
C02354-K2,3547668
C02354-K2,3547671
C02354-K2,3547675
C02354-K2,3547707
C02354-K2,3547744
C02354-K2,3547775
C02354-K2,3547904
C02354-K2,3547905
C02354-K2,3548041
C02354-K2,3548180
C02354-K2,3548218
C02354-K2,3548235
C02354-K2,3548268
C02354-K2,3548368
C02354-K2,3548396
C02354-K2,3548501
C02354-K2,3548617
C02354-K2,3548691
C02354-K2,3548752
C02354-K2,3548753
C02354-K2,3548768
C02354-K2,3548781
C02354-K2,3548790
C02354-K2,3548846
C02354-K2,3548882
C02354-K2,3548888
C02354-K2,3549045
C02354-K2,3549316
C02354-K2,3549586
C02354-K2,3549649
C02354-K2,3549741
C02354-K2,3550007
C02354-K2,3550068
C02354-K2,3550681
C02354-K2,3550725
C02354-K2,3550751
C02354-K2,3550764
C02354-K2,3550800
C02354-K2,3550866
C02354-K2,3550874
C02354-K2,3550951
C02354-K2,3550956
C02354-K2,3551118
C02354-K2,3551158
C02354-K2,3551176
C02354-K2,3551314
C02354-K2,3551346
C02354-K2,3551411
C02354-K2,3551463
C02354-K2,3551526
C02354-K2,3551656
C02354-K2,3551694
C02354-K2,3551699
C02354-K2,3551740
C02354-K2,3551809
C02354-K2,3551893
C02354-K2,3551911
C02354-K2,3551961
C02354-K2,3551971
C02354-K2,3551993
C02354-K2,3552004
C02354-K2,3552070
C02354-K2,3552095
C02354-K2,3552124
C02354-K2,3552272
C02354-K2,3552369
C02354-K2,3552453
C02354-K2,3552506
C02354-K2,3552762
C02354-K2,3552765
C02354-K2,3552824
C02354-K2,3552836
C02354-K2,3553030
C02354-K2,3553033
C02354-K2,3553293
C02354-K2,3553501
C02354-K2,3553509
C02354-K2,3553520
C02354-K2,3553568
C02354-K2,3553586
C02354-K2,3553653
C02354-K2,3553793
C02354-K2,3553794
C02354-K2,3553823
C02354-K2,3553830
C02354-K2,3553901
C02354-K2,3553930
C02354-K2,3553935
C02354-K2,3553958
C02354-K2,3553994
C02354-K2,3554004
C02354-K2,3554019
C02354-K2,3554468
C02354-K2,3554476
C02354-K2,3554504
C02354-K2,3554535
C02354-K2,3554665
C02354-K2,3554836
C02354-K2,3554893
C02354-K2,3555219
C02354-K2,3555431
C02354-K2,3555432
C02354-K2,3555461
C02354-K2,3555481
C02354-K2,3555530
C02354-K2,3555577
C02354-K2,3555617
C02354-K2,3555749
C02354-K2,3555794
C02354-K2,3555964
C02354-K2,3556066
C02354-K2,3556145
C02354-K2,3556163
C02354-K2,3556196
C02354-K2,3556205
C02354-K2,3556215
C02354-K2,3556489
C02354-K2,3556508
C02354-K2,3556738
C02354-K2,3556771
C02354-K2,3556784
C02354-K2,3556813
C02354-K2,3556968
C02354-K2,3557182
C02354-K2,3557383
C02354-K2,3557413
C02354-K2,3557470
C02354-K2,3557603
C02354-K2,3557753
C02354-K2,3557906
C02354-K2,3558004
C02354-K2,3558256
C02354-K2,3558452
C02354-K2,3558562
C02354-K2,3558587
C02354-K2,3558609
C02354-K2,3558696
C02354-K2,3558704
C02354-K2,3558727
C02354-K2,3558730
C02354-K2,3558765
C02354-K2,3558916
C02354-K2,3558920
C02354-K2,3559040
C02354-K2,3559050
C02354-K2,3559112
C02354-K2,3559136
C02354-K2,3559152
C02354-K2,3559159
C02354-K2,3559185
C02354-K2,3559193
C02354-K2,3559198
C02354-K2,3559219
C02354-K2,3559241
C02354-K2,3559485
C02354-K2,3559499
C02354-K2,3559558
C02354-K2,3559616
C02354-K2,3559657
C02354-K2,3559698
C02354-K2,3559710
C02354-K2,3559725
C02354-K2,3559746
C02354-K2,3559753
C02354-K2,3559783
C02354-K2,3559825
C02354-K2,3559838
C02354-K2,3559873
C02354-K2,3560014
C02354-K2,3560209
C02354-K2,3560584
C02354-K2,3560785
C02354-K2,3560970
C02354-K2,3561345
C02354-K2,3561404
C02354-K2,3561538
C02354-K2,3561547
C02354-K2,3561555
C02354-K2,3561702
C02354-K2,3562231
C02354-K2,3562325
C02354-K2,3562569
C02354-K2,3562672
C02354-K2,3562727
C02354-K2,3562774
C02354-K2,3562814
C02354-K2,3562992
C02354-K2,3563229
C02354-K2,3563386
C02354-K2,3563395
C02354-K2,3563405
C02354-K2,3563509
C02354-K2,3563608
C02354-K2,3563712
C02354-K2,3563763
C02354-K2,3563816
C02354-K2,3563827
C02354-K2,3563851
C02354-K2,3563894
C02354-K2,3564111
C02354-K2,3564151
C02354-K2,3564219
C02354-K2,3564233
C02354-K2,3564255
C02354-K2,3564264
C02354-K2,3564392
C02354-K2,3564405
C02354-K2,3564484
C02354-K2,3564799
C02354-K2,3565240
C02354-K2,3565320
C02354-K2,3565397
C02354-K2,3565469
C02354-K2,3565512
C02354-K2,3565657
C02354-K2,3565827
C02354-K2,3565858
C02354-K2,3565881
C02354-K2,3565908
C02354-K2,3566012
C02354-K2,3566075
C02354-K2,3566092
C02354-K2,3566093
C02354-K2,3566117
C02354-K2,3566136
C02354-K2,3566151
C02354-K2,3566161
C02354-K2,3566170
C02354-K2,3566173
C02354-K2,3566202
C02354-K2,3566221
C02354-K2,3566223
C02354-K2,3566241
C02354-K2,3566411
C02354-K2,3566424
C02354-K2,3566457
C02354-K2,3566500
C02354-K2,3566681
C02354-K2,3566696
C02354-K2,3566786
C02354-K2,3566850
C02354-K2,3566900
C02354-K2,3566957
C02354-K2,3566994
C02354-K2,3567006
C02354-K2,3567119
C02354-K2,3567127
C02354-K2,3567283
C02354-K2,3567349
C02354-K2,3567421
C02354-K2,3567448
C02354-K2,3567477
C02354-K2,3567514
C02354-K2,3567692
C02354-K2,3567772
C02354-K2,3567987
C02354-K2,3568043
C02354-K2,3568156
C02354-K2,3568225
C02354-K2,3568261
C02354-K2,3568296
C02354-K2,3568417
C02354-K2,3568461
C02354-K2,3568465
C02354-K2,3568474
C02354-K2,3568478
C02354-K2,3568519
C02354-K2,3568565
C02354-K2,3568634
C02354-K2,3568733
C02354-K2,3568759
C02354-K2,3568762
C02354-K2,3568800
C02354-K2,3568837
C02354-K2,3568879
C02354-K2,3568952
C02354-K2,3569000
C02354-K2,3569134
C02354-K2,3569148
C02354-K2,3569301
C02354-K2,3569489
C02354-K2,3569557
C02354-K2,3569596
C02354-K2,3569703
C02354-K2,3569846
C02354-K2,3569970
C02354-K2,3569987
C02354-K2,3570110
C02354-K2,3570111
C02354-K2,3570131
C02354-K2,3570137
C02354-K2,3570225
C02354-K2,3570355
C02354-K2,3570406
C02354-K2,3570737
C02354-K2,3570778
C02354-K2,3570968
C02354-K2,3570996
C02354-K2,3571200
C02354-K2,3571203
C02354-K2,3571215
C02354-K2,3571309
C02354-K2,3571328
C02354-K2,3571341
C02354-K2,3571365
C02354-K2,3571383
C02354-K2,3571470
C02354-K2,3571494
C02354-K2,3571551
C02354-K2,3571567
C02354-K2,3571638
C02354-K2,3571730
C02354-K2,3571769
C02354-K2,3571862
C02354-K2,3571882
C02354-K2,3571910
C02354-K2,3571937
C02354-K2,3571945
C02354-K2,3571964
C02354-K2,3571981
C02354-K2,3572077
C02354-K2,3572127
C02354-K2,3572192
C02354-K2,3572331
C02354-K2,3572373
C02354-K2,3572500
C02354-K2,3572533
C02354-K2,3572545
C02354-K2,3572561
C02354-K2,3572603
C02354-K2,3572700
C02354-K2,3572795
C02354-K2,3572840
C02354-K2,3572880
C02354-K2,3572969
C02354-K2,3573108
C02354-K2,3573191
C02354-K2,3573193
C02354-K2,3573229
C02354-K2,3573343
C02354-K2,3573429
C02354-K2,3573576
C02354-K2,3573620
C02354-K2,3573667
C02354-K2,3573674
C02354-K2,3573756
C02354-K2,3573856
C02354-K2,3574024
C02354-K2,3574033
C02354-K2,3574047
C02354-K2,3574136
C02354-K2,3574210
C02354-K2,3574276
C02354-K2,3574397
C02354-K2,3574474
C02354-K2,3574558
C02354-K2,3574746
C02354-K2,3574907
C02354-K2,3575065
C02354-K2,3575108
C02354-K2,3575291
C02354-K2,3575364
C02354-K2,3575369
C02354-K2,3575805
C02354-K2,3576008
C02354-K2,3576121
C02354-K2,3576208
C02354-K2,3576234
C02354-K2,3576332
C02354-K2,3576821
C02354-K2,3576896
C02354-K2,3576903
C02354-K2,3576950
C02354-K2,3576953
C02354-K2,3577025
C02354-K2,3577170
C02354-K2,3577271
C02354-K2,3577298
C02354-K2,3577342
C02354-K2,3577388
C02354-K2,3577389
C02354-K2,3577556
C02354-K2,3577561
C02354-K2,3577576
C02354-K2,3577605
C02354-K2,3577739
C02354-K2,3577771
C02354-K2,3577809
C02354-K2,3578250
C02354-K2,3578281
C02354-K2,3578672
C02354-K2,3578851
C02354-K2,3579082
C02354-K2,3579115
C02354-K2,3579164
C02354-K2,3579287
C02354-K2,3579769
C02354-K2,3579794
C02354-K2,3579804
C02354-K2,3579881
C02354-K2,3579887
C02354-K2,3579902
C02354-K2,3579977
C02354-K2,3580105
C02354-K2,3580112
C02354-K2,3580142
C02354-K2,3580353
C02354-K2,3580689
C02354-K2,3580691
C02354-K2,3580781
C02354-K2,3580894
C02354-K2,3581068
C02354-K2,3581178
C02354-K2,3581295
C02354-K2,3581405
C02354-K2,3581412
C02354-K2,3581445
C02354-K2,3581469
C02354-K2,3581484
C02354-K2,3581524
C02354-K2,3581527
C02354-K2,3581586
C02354-K2,3581694
C02354-K2,3581857
C02354-K2,3581888
C02354-K2,3582219
C02354-K2,3582244
C02354-K2,3582336
C02354-K2,3582596
C02354-K2,3582648
C02354-K2,3582685
C02354-K2,3582843
C02354-K2,3582931
C02354-K2,3582978
C02354-K2,3583041
C02354-K2,3583264
C02354-K2,3583334
C02354-K2,3583568
C02354-K2,3583600
C02354-K2,3583601
C02354-K2,3583641
C02354-K2,3583666
C02354-K2,3583674
C02354-K2,3583677
C02354-K2,3583687
C02354-K2,3583700
C02354-K2,3583737
C02354-K2,3583815
C02354-K2,3583862
C02354-K2,3584027
C02354-K2,3584057
C02354-K2,3584397
C02354-K2,3584429
C02354-K2,3584499
C02354-K2,3584673
C02354-K2,3584872
C02354-K2,3584913
C02354-K2,3584935
C02354-K2,3584959
C02354-K2,3585050
C02354-K2,3585056
C02354-K2,3585057
C02354-K2,3585088
C02354-K2,3585134
C02354-K2,3585140
C02354-K2,3585195
C02354-K2,3585268
C02354-K2,3585289
C02354-K2,3585407
C02354-K2,3585787
C02354-K2,3585801
C02354-K2,3585824
C02354-K2,3585832
C02354-K2,3585928
C02354-K2,3585965
C02354-K2,3585988
C02354-K2,3585995
C02354-K2,3586050
C02354-K2,3586055
C02354-K2,3586080
C02354-K2,3586119
C02354-K2,3586265
C02354-K2,3586288
C02354-K2,3586328
C02354-K2,3586372
C02354-K2,3586384
C02354-K2,3586482
C02354-K2,3586487
C02354-K2,3586508
C02354-K2,3586520
C02354-K2,3586556
C02354-K2,3586603
C02354-K2,3586782
C02354-K2,3586783
C02354-K2,3586862
C02354-K2,3586986
C02354-K2,3587032
C02354-K2,3587052
C02354-K2,3587233
C02354-K2,3587261
C02354-K2,3587567
C02354-K2,3587585
C02354-K2,3587604
C02354-K2,3587627
C02354-K2,3587696
C02354-K2,3587753
C02354-K2,3587774
C02354-K2,3587776
C02354-K2,3587797
C02354-K2,3587836
C02354-K2,3587840
C02360-K1,3486466
C02412-K1,3531734
C02456-K1,3525673
C02456-K1,3540593
C02456-K1,3546702
C02456-K1,3556179
C02456-K1,3556187
C02483-K1,3460696
C02545-K2,3527504
C02545-K2,3552710
C02618-K1,3532579
C02618-K2,3565067
C02639-K1,3532492
C02639-K1,3532539
C02689-K1,3543855
C02689-K1,3543875
C02689-K1,3543922
C02702-K2,3544142
C02702-K2,3544201
C02716-K2,3440723
C02716-K2,3440901
C02716-K2,3443534
C02716-K2,3455948
C02716-K2,3455968
C02716-K2,3459672
C02716-K2,3508330
C02716-K2,3510969
C02782-K1,3526526
C02782-K1,3526570
C02782-K2,3523222
C02782-K2,3523705
C02782-K2,3523751
C02782-K2,3523767
C02782-K2,3523774
C02782-K2,3523776
C02782-K2,3523783
C02782-K2,3525503
C02782-K2,3525504
C02782-K2,3525536
C02782-K2,3538593
C02782-K2,3548455
C02782-K2,3558114
C02782-K2,3565843
C02782-K2,3565900
C02782-K2,3573148
C02848-K1,3511534
C02848-K1,3511576
C02848-K1,3511579
C02851-K2,3523704
C02859-K1,3473417
C02881-K1,3537375
C02897-K1,3541103
C02897-K1,3545440
C02897-K1,3547595
C02897-K1,3556282
C02897-K1,3556286
C02897-K1,3556288
C02897-K1,3556294
C02898-K1,3538492
C02910-K1,3468314
C02910-K1,3485910
C02916-K1,3544348
C02923-K1,3000902
C02923-K1,3008138
C02923-K1,3039032
C02923-K1,3044065
C02923-K1,3045126
C02923-K1,3045247
C02923-K1,3050502
C02923-K1,3053121
C02923-K1,3055624
C02923-K1,3055687
C02923-K1,3058791
C02923-K1,3060486
C02923-K1,3064136
C02923-K1,3067057
C02923-K1,3076835
C02923-K1,3076866
C02923-K1,3081583
C02923-K1,3082349
C02923-K1,3082400
C02923-K1,3086825
C02923-K1,3087117
C02923-K1,3105761
C02923-K1,3112142
C02923-K1,3119579
C02923-K1,3121093
C02923-K1,3122215
C02923-K1,3123633
C02923-K1,3123943
C02923-K1,3127669
C02923-K1,3138319
C02923-K1,3147914
C02923-K1,3185646
C02923-K1,3188244
C02923-K1,3188252
C02923-K1,3189351
C02923-K1,3190461
C02923-K1,3196316
C02923-K1,3202509
C02923-K1,3203069
C02923-K1,3203085
C02923-K1,3203794
C02923-K1,3205296
C02923-K1,3205317
C02923-K1,3210098
C02923-K1,3211111
C02923-K1,3211443
C02923-K1,3211509
C02923-K1,3219056
C02923-K1,3220814
C02923-K1,3220870
C02923-K1,3224188
C02923-K1,3233557
C02923-K1,3233566
C02923-K1,3237870
C02923-K1,3238676
C02923-K1,3256751
C02923-K1,3256991
C02923-K1,3257158
C02923-K1,3259833
C02923-K1,3265909
C02923-K1,3268704
C02923-K1,3268790
C02923-K1,3270256
C02923-K1,3297699
C02923-K1,3300987
C02923-K1,3310120
C02923-K1,3335940
C02923-K1,3387618
C02923-K1,3431574
C02923-K1,3434704
C02923-K1,3434736
C02923-K1,3434738
C02923-K1,3434767
C02923-K1,3438806
C02923-K1,3440505
C02923-K1,3440526
C02923-K1,3440543
C02923-K1,3440556
C02923-K1,3446608
C02923-K1,3475471
C02923-K1,3480457
C02923-K1,3485762
C02923-K1,3485765
C02923-K1,3485766
C02923-K1,3486581
C02923-K1,3493799
C02923-K1,3505579
C02923-K1,3505582
C02923-K1,3509441
C02923-K1,3509459
C02923-K1,3523199
C02923-K1,3532043
C02975-K1,3466014
C02975-K1,3491668
C02975-K1,3497394
C02975-K1,3544676
C02982-K1,3566363
C03019-K2,3446893
C03040-K2,3438301
C03040-K2,3445047
C03040-K2,3447915
C03040-K2,3462268
C03040-K2,3489132
C03042-K1,3001718
C03042-K1,3006031
C03042-K1,3006117
C03042-K1,3006493
C03042-K1,3006928
C03042-K1,3006942
C03042-K1,3011702
C03042-K1,3018410
C03042-K1,3023497
C03042-K1,3023553
C03042-K1,3024194
C03042-K1,3024254
C03042-K1,3032418
C03042-K1,3034574
C03042-K1,3034642
C03042-K1,3038759
C03042-K1,3041946
C03042-K1,3042227
C03042-K1,3051990
C03042-K1,3054453
C03042-K1,3054463
C03042-K1,3054510
C03042-K1,3054511
C03042-K1,3054532
C03042-K1,3063365
C03042-K1,3063943
C03042-K1,3066356
C03042-K1,3072040
C03042-K1,3072772
C03042-K1,3074143
C03042-K1,3080252
C03042-K1,3085777
C03042-K1,3085799
C03042-K1,3086802
C03042-K1,3087822
C03042-K1,3092793
C03042-K1,3096343
C03042-K1,3099575
C03042-K1,3104922
C03042-K1,3113340
C03042-K1,3113745
C03042-K1,3120994
C03042-K1,3150138
C03042-K1,3150821
C03042-K1,3206575
C03042-K1,3209467
C03042-K1,3212410
C03042-K1,3234327
C03042-K1,3240881
C03042-K1,3247861
C03042-K1,3258860
C03042-K1,3269599
C03042-K1,3271785
C03042-K1,3292070
C03042-K1,3302409
C03042-K1,3307015
C03042-K1,3311263
C03042-K1,3357002
C03042-K1,3374300
C03042-K1,3381585
C03042-K1,3395339
C03042-K1,3405413
C03042-K1,3418766
C03042-K1,3437403
C03042-K1,3444271
C03042-K1,3462385
C03042-K1,3462387
C03042-K1,3462404
C03042-K1,3464869
C03042-K1,3468946
C03042-K1,3474270
C03042-K1,3476174
C03042-K1,3476179
C03042-K1,3487482
C03042-K1,3537082
C03042-K1,3563052
C03042-K1,3563095
C03042-K1,3579474
C03042-K1,3579649
C03043-K1,3455288
C03047-K2,3523010
C03075-K1,3549286
C03081-K1,3531676
C03095-K2,3544341
C03125-K2,3489437
C03157-K1,3530313
C03157-K2,3517973
C03180-K1,3539344
C03182-K1,3497497
C03182-K1,3497536
C03201-K1,3571983
C03201-K1,3571986
C03201-K1,3571991
C03201-K1,3572007
C03218-K2,3457743
C03218-K2,3457752
C03218-K2,3457784
C03218-K2,3458453
C03218-K2,3550389
C03218-K2,3550393
C03218-K2,3550396
C03218-K2,3550411
C03218-K2,3550416
C03218-K2,3550419
C03218-K2,3552374
C03218-K2,3556329
C03247-K1,3495143
C03278-K2,3486049
C03279-K1,3511557
C03279-K1,3511577
C03318-K1,3461949
C03318-K1,3465924
C03351-K2,3458603
C03397-K1,3564683
C03397-K1,3564755
C03402-K1,3542627
C03405-K2,3462327
C03405-K2,3527071
C03474-K1,3494337
C03488-K2,3517500
C03488-K2,3517572
C03530-K1,3573150
C03573-K1,3548439
C03575-K2,3432708
C03575-K2,3441001
C03575-K2,3460832
C03575-K2,3460866
C03575-K2,3460919
C03676-K2,3477916
C03684-K1,3438553
C03729-K1,3552577
C03738-K2,3446421
C03738-K2,3446515
C03738-K2,3465421
C03738-K2,3496833
C03738-K2,3502901
C03738-K2,3521668
C03738-K2,3527103
C03815-K1,3540993
C03848-K1,3462364
C03938-K1,3582750
C03999-K1,3449299
C04004-K1,3542296
C04004-K1,3542355
C04021-K1,3537857
C04034-K2,3517093
C04034-K2,3517130
C04034-K2,3524191
C04034-K2,3526749
C04034-K2,3529846
C04034-K2,3532580
C04034-K2,3535565
C04034-K2,3538184
C04034-K2,3538189
C04034-K2,3538278
C04034-K2,3538321
C04034-K2,3538407
C04034-K2,3538427
C04034-K2,3539237
C04034-K2,3549180
C04034-K2,3559492
C04034-K2,3570561
C04034-K2,3570584
C04046-K2,3432554
C04046-K2,3536987
C04083-K1,3557537
C04108-K2,3451604
C04108-K2,3456328
C04108-K2,3467635
C04108-K2,3476006
C04108-K2,3494054
C04108-K2,3494067
C04108-K2,3514400
C04108-K2,3520213
C04108-K2,3524241
C04125-K2,3440492
C04125-K2,3446131
C04125-K2,3459731
C04125-K2,3527863
C04125-K2,3534613
C04125-K2,3551148
C04154-K1,3537872
C04154-K1,3537949
C04154-K1,3537952
C04154-K1,3537954
C04177-K1,3526499
C04179-K1,3542234
C04198-K1,3543529
C04248-K2,3515400
C04248-K2,3518449
C04248-K2,3544482
C04248-K2,3544507
C04248-K2,3546433
C04274-K1,3468463
C04274-K1,3476202
C04274-K1,3494535
C04386-K1,3550232
C04386-K1,3561471
C04386-K1,3567384
C04386-K1,3572300
C04536-K1,3544530
C04565-K1,3509625
C04570-K1,3058980
C04570-K1,3063185
C04570-K1,3066479
C04570-K1,3076175
C04570-K1,3077293
C04570-K1,3079435
C04570-K1,3081435
C04570-K1,3083538
C04570-K1,3083959
C04570-K1,3084271
C04570-K1,3099750
C04570-K1,3103282
C04570-K1,3109837
C04570-K1,3116058
C04570-K1,3117007
C04570-K1,3118964
C04570-K1,3121653
C04570-K1,3121654
C04570-K1,3121740
C04570-K1,3121765
C04570-K1,3121778
C04570-K1,3135192
C04570-K1,3137978
C04570-K1,3149016
C04570-K1,3155462
C04570-K1,3155463
C04570-K1,3155508
C04570-K1,3155516
C04570-K1,3155524
C04570-K1,3155538
C04570-K1,3189958
C04570-K1,3200770
C04570-K1,3200858
C04570-K1,3222430
C04570-K1,3225360
C04570-K1,3225369
C04570-K1,3226214
C04570-K1,3234131
C04570-K1,3256608
C04570-K1,3256663
C04570-K1,3266906
C04570-K1,3269325
C04570-K1,3270716
C04570-K1,3273696
C04570-K1,3284368
C04570-K1,3342306
C04570-K1,3346639
C04570-K1,3347464
C04570-K1,3359501
C04570-K1,3403833
C04570-K1,3450436
C04570-K1,3450503
C04570-K1,3450629
C04570-K1,3495037
C04570-K1,3495061
C04570-K1,3495066
C04570-K1,3495090
C04570-K1,3573010
C04570-K1,3573022
C04576-K1,3440592
C04597-K2,3516774
C04597-K2,3518372
C04597-K2,3519613
C04597-K2,3524753
C04597-K2,3525272
C04597-K2,3525677
C04597-K2,3527430
C04597-K2,3529149
C04597-K2,3529707
C04597-K2,3529728
C04597-K2,3532072
C04597-K2,3532790
C04597-K2,3534279
C04597-K2,3534342
C04597-K2,3539262
C04597-K2,3539297
C04597-K2,3539304
C04597-K2,3539323
C04597-K2,3539696
C04597-K2,3539749
C04597-K2,3539928
C04597-K2,3540470
C04597-K2,3540602
C04597-K2,3541059
C04597-K2,3541448
C04597-K2,3542507
C04597-K2,3543274
C04597-K2,3543794
C04597-K2,3544307
C04597-K2,3544983
C04597-K2,3546356
C04597-K2,3546576
C04597-K2,3546579
C04597-K2,3546620
C04597-K2,3546665
C04597-K2,3546760
C04597-K2,3546836
C04597-K2,3549533
C04597-K2,3566927
C04597-K2,3569556
C04597-K2,3573309
C04597-K2,3574543
C04627-K1,3465230
C04655-K1,3540825
C04655-K1,3547289
C04655-K1,3547318
C04680-K1,3564542
C04740-K1,3541714
C04776-K1,3442809
C04798-K2,3432475
C04798-K2,3443606
C04965-K2,3451328
C04965-K2,3541857
C04965-K2,3541866
C04984-K2,3544643
C04993-K1,3576689
C05021-K1,3573002
C05022-K1,3547294
C05027-K1,3524628
C05031-K2,3525012
C05031-K2,3526116
C05031-K2,3526210
C05031-K2,3530895
C05031-K2,3531197
C05031-K2,3532175
C05031-K2,3533344
C05031-K2,3535669
C05031-K2,3537109
C05031-K2,3537135
C05031-K2,3543958
C05031-K2,3544526
C05031-K2,3546065
C05031-K2,3546587
C05031-K2,3546970
C05031-K2,3547017
C05031-K2,3547191
C05031-K2,3549523
C05031-K2,3555772
C05031-K2,3555781
C05031-K2,3556315
C05031-K2,3557834
C05031-K2,3567912
C05031-K2,3575441
C05052-K1,3489203
C05078-K1,3466243
C05079-K1,3455483
C05086-K1,3446972
C05086-K1,3447270
C05086-K1,3468059
C05121-K1,3544702
C05146-K1,3459795
C05244-K1,3481688
C05245-K2,3431845
C05245-K2,3437791
C05290-K1,3560044
C05307-K2,3535436
C05307-K2,3535645
C05307-K2,3538166
C05307-K2,3539403
C05307-K2,3541453
C05307-K2,3547198
C05307-K2,3567418
C05381-K1,3531867
C05381-K2,3523218
C05381-K2,3527033
C05381-K2,3528685
C05381-K2,3529268
C05381-K2,3529313
C05381-K2,3529723
C05381-K2,3530674
C05381-K2,3530846
C05381-K2,3530865
C05381-K2,3534214
C05381-K2,3536381
C05381-K2,3536465
C05381-K2,3536876
C05381-K2,3537310
C05381-K2,3537419
C05381-K2,3537688
C05381-K2,3538006
C05381-K2,3538301
C05381-K2,3538317
C05381-K2,3539519
C05381-K2,3539993
C05381-K2,3541068
C05381-K2,3542202
C05381-K2,3544304
C05381-K2,3545262
C05381-K2,3545323
C05381-K2,3545562
C05381-K2,3547230
C05381-K2,3547234
C05381-K2,3547238
C05381-K2,3547239
C05381-K2,3547382
C05381-K2,3549778
C05381-K2,3550127
C05381-K2,3550415
C05381-K2,3553412
C05381-K2,3555287
C05381-K2,3558914
C05381-K2,3559827
C05381-K2,3570675
C05381-K2,3571196
C05423-K1,3522674
C05423-K1,3523834
C05423-K1,3526942
C05423-K1,3547323
C05423-K1,3547329
C05423-K1,3547476
C05423-K1,3554123
C05448-K1,3478714
C05485-K1,3542335
C05508-K1,3496621
C05546-K1,3508296
C05546-K1,3508342
C05560-K2,3440157
C05560-K2,3440177
C05560-K2,3443366
C05560-K2,3446119
C05560-K2,3446136
C05560-K2,3454730
C05560-K2,3459533
C05560-K2,3460077
C05560-K2,3460156
C05560-K2,3460185
C05560-K2,3460232
C05560-K2,3460297
C05560-K2,3462762
C05560-K2,3462792
C05560-K2,3462800
C05560-K2,3462820
C05569-K1,3538380
C05569-K1,3538415
C05569-K1,3538437
C05595-K1,3582730
C05630-K1,3534386
C05678-K1,3540281
C05678-K1,3588413
C05690-K1,3527815
C05690-K1,3534539
C05704-K2,3431315
C05704-K2,3459176
C05704-K2,3462722
C05704-K2,3462723
C05704-K2,3462785
C05704-K2,3485808
C05704-K2,3519318
C05704-K2,3535923
C05704-K2,3535941
C05704-K2,3535953
C05704-K2,3535971
C05704-K2,3547409
C05793-K1,3528575
C05809-K1,3465290
C05809-K1,3491971
C05868-K1,3449432
C05868-K1,3452661
C05868-K1,3468568
C05868-K1,3468596
C05868-K1,3468628
C05868-K1,3468647
C05876-K1,3307729
C05876-K1,3521021
C05876-K1,3521196
C05876-K2,3000607
C05876-K2,3000760
C05876-K2,3001211
C05876-K2,3001567
C05876-K2,3002455
C05876-K2,3002561
C05876-K2,3002601
C05876-K2,3002670
C05876-K2,3002741
C05876-K2,3004184
C05876-K2,3004563
C05876-K2,3005038
C05876-K2,3005208
C05876-K2,3005260
C05876-K2,3008710
C05876-K2,3008961
C05876-K2,3009427
C05876-K2,3009623
C05876-K2,3009697
C05876-K2,3009898
C05876-K2,3009981
C05876-K2,3011445
C05876-K2,3011673
C05876-K2,3012674
C05876-K2,3013006
C05876-K2,3014164
C05876-K2,3014174
C05876-K2,3015762
C05876-K2,3015971
C05876-K2,3017897
C05876-K2,3018463
C05876-K2,3019880
C05876-K2,3021294
C05876-K2,3022491
C05876-K2,3022704
C05876-K2,3022777
C05876-K2,3024361
C05876-K2,3024495
C05876-K2,3024541
C05876-K2,3024569
C05876-K2,3024812
C05876-K2,3025508
C05876-K2,3025536
C05876-K2,3025786
C05876-K2,3026003
C05876-K2,3027468
C05876-K2,3030983
C05876-K2,3031981
C05876-K2,3032120
C05876-K2,3032149
C05876-K2,3035345
C05876-K2,3035603
C05876-K2,3036777
C05876-K2,3037967
C05876-K2,3038147
C05876-K2,3038218
C05876-K2,3040252
C05876-K2,3042180
C05876-K2,3042972
C05876-K2,3044276
C05876-K2,3044715
C05876-K2,3045113
C05876-K2,3045800
C05876-K2,3045966
C05876-K2,3046220
C05876-K2,3047779
C05876-K2,3047836
C05876-K2,3047861
C05876-K2,3050015
C05876-K2,3050032
C05876-K2,3051641
C05876-K2,3051719
C05876-K2,3053116
C05876-K2,3053866
C05876-K2,3054602
C05876-K2,3054687
C05876-K2,3054761
C05876-K2,3054892
C05876-K2,3056190
C05876-K2,3056220
C05876-K2,3060669
C05876-K2,3060999
C05876-K2,3061794
C05876-K2,3062092
C05876-K2,3064183
C05876-K2,3064235
C05876-K2,3066390
C05876-K2,3067184
C05876-K2,3067764
C05876-K2,3069681
C05876-K2,3070284
C05876-K2,3070307
C05876-K2,3081282
C05876-K2,3082432
C05876-K2,3082562
C05876-K2,3082675
C05876-K2,3082697
C05876-K2,3082827
C05876-K2,3083594
C05876-K2,3084187
C05876-K2,3084871
C05876-K2,3088025
C05876-K2,3088035
C05876-K2,3088092
C05876-K2,3088141
C05876-K2,3088901
C05876-K2,3090558
C05876-K2,3091220
C05876-K2,3091703
C05876-K2,3092234
C05876-K2,3092299
C05876-K2,3092720
C05876-K2,3094088
C05876-K2,3094793
C05876-K2,3098536
C05876-K2,3098648
C05876-K2,3099617
C05876-K2,3099727
C05876-K2,3100404
C05876-K2,3100802
C05876-K2,3101318
C05876-K2,3105353
C05876-K2,3106586
C05876-K2,3106804
C05876-K2,3109064
C05876-K2,3109086
C05876-K2,3109294
C05876-K2,3109333
C05876-K2,3109427
C05876-K2,3109905
C05876-K2,3110293
C05876-K2,3110537
C05876-K2,3111117
C05876-K2,3113345
C05876-K2,3113386
C05876-K2,3113971
C05876-K2,3115215
C05876-K2,3118822
C05876-K2,3119827
C05876-K2,3119839
C05876-K2,3120270
C05876-K2,3122950
C05876-K2,3126226
C05876-K2,3126233
C05876-K2,3126255
C05876-K2,3126497
C05876-K2,3128056
C05876-K2,3129095
C05876-K2,3130005
C05876-K2,3130371
C05876-K2,3131824
C05876-K2,3132341
C05876-K2,3132824
C05876-K2,3133367
C05876-K2,3133399
C05876-K2,3133431
C05876-K2,3133878
C05876-K2,3134762
C05876-K2,3135959
C05876-K2,3135993
C05876-K2,3137127
C05876-K2,3137454
C05876-K2,3138545
C05876-K2,3139120
C05876-K2,3140079
C05876-K2,3140734
C05876-K2,3143102
C05876-K2,3144193
C05876-K2,3144466
C05876-K2,3144649
C05876-K2,3144916
C05876-K2,3144924
C05876-K2,3145207
C05876-K2,3145212
C05876-K2,3145868
C05876-K2,3146582
C05876-K2,3147292
C05876-K2,3149069
C05876-K2,3150476
C05876-K2,3150568
C05876-K2,3153936
C05876-K2,3155960
C05876-K2,3156366
C05876-K2,3156718
C05876-K2,3157226
C05876-K2,3157644
C05876-K2,3157708
C05876-K2,3158277
C05876-K2,3158704
C05876-K2,3159066
C05876-K2,3160700
C05876-K2,3161325
C05876-K2,3161327
C05876-K2,3162788
C05876-K2,3163227
C05876-K2,3164107
C05876-K2,3164686
C05876-K2,3165869
C05876-K2,3165875
C05876-K2,3165903
C05876-K2,3166553
C05876-K2,3166798
C05876-K2,3166912
C05876-K2,3167363
C05876-K2,3167473
C05876-K2,3167671
C05876-K2,3168228
C05876-K2,3168302
C05876-K2,3171499
C05876-K2,3172416
C05876-K2,3172474
C05876-K2,3175804
C05876-K2,3176327
C05876-K2,3176585
C05876-K2,3176872
C05876-K2,3178053
C05876-K2,3178059
C05876-K2,3179620
C05876-K2,3179698
C05876-K2,3180915
C05876-K2,3180916
C05876-K2,3181622
C05876-K2,3182909
C05876-K2,3183488
C05876-K2,3187027
C05876-K2,3187073
C05876-K2,3187295
C05876-K2,3188968
C05876-K2,3188990
C05876-K2,3189081
C05876-K2,3189358
C05876-K2,3189806
C05876-K2,3189851
C05876-K2,3190453
C05876-K2,3190669
C05876-K2,3191532
C05876-K2,3191620
C05876-K2,3191795
C05876-K2,3191796
C05876-K2,3191847
C05876-K2,3192656
C05876-K2,3193000
C05876-K2,3193473
C05876-K2,3193479
C05876-K2,3193490
C05876-K2,3193654
C05876-K2,3193703
C05876-K2,3194072
C05876-K2,3194641
C05876-K2,3194785
C05876-K2,3194798
C05876-K2,3195467
C05876-K2,3196019
C05876-K2,3196585
C05876-K2,3197326
C05876-K2,3198415
C05876-K2,3199112
C05876-K2,3200929
C05876-K2,3201203
C05876-K2,3201260
C05876-K2,3201589
C05876-K2,3201773
C05876-K2,3202205
C05876-K2,3202394
C05876-K2,3203155
C05876-K2,3203493
C05876-K2,3204837
C05876-K2,3204961
C05876-K2,3206141
C05876-K2,3207098
C05876-K2,3207130
C05876-K2,3208060
C05876-K2,3208117
C05876-K2,3208150
C05876-K2,3209721
C05876-K2,3212344
C05876-K2,3214412
C05876-K2,3214589
C05876-K2,3214695
C05876-K2,3214997
C05876-K2,3215069
C05876-K2,3215300
C05876-K2,3215461
C05876-K2,3215726
C05876-K2,3216299
C05876-K2,3217759
C05876-K2,3217980
C05876-K2,3218030
C05876-K2,3218703
C05876-K2,3219469
C05876-K2,3219945
C05876-K2,3220079
C05876-K2,3220284
C05876-K2,3221022
C05876-K2,3221840
C05876-K2,3221862
C05876-K2,3221898
C05876-K2,3221938
C05876-K2,3221947
C05876-K2,3222928
C05876-K2,3223283
C05876-K2,3223342
C05876-K2,3223444
C05876-K2,3224275
C05876-K2,3224816
C05876-K2,3225476
C05876-K2,3226372
C05876-K2,3226836
C05876-K2,3227485
C05876-K2,3228281
C05876-K2,3230861
C05876-K2,3232110
C05876-K2,3232853
C05876-K2,3233609
C05876-K2,3234061
C05876-K2,3235193
C05876-K2,3235196
C05876-K2,3239455
C05876-K2,3241342
C05876-K2,3243632
C05876-K2,3244523
C05876-K2,3245229
C05876-K2,3247155
C05876-K2,3247180
C05876-K2,3248621
C05876-K2,3248683
C05876-K2,3249154
C05876-K2,3250918
C05876-K2,3251452
C05876-K2,3251544
C05876-K2,3252020
C05876-K2,3252166
C05876-K2,3252293
C05876-K2,3253087
C05876-K2,3254037
C05876-K2,3254191
C05876-K2,3254621
C05876-K2,3254988
C05876-K2,3255025
C05876-K2,3255032
C05876-K2,3255037
C05876-K2,3255399
C05876-K2,3255576
C05876-K2,3256374
C05876-K2,3256386
C05876-K2,3257749
C05876-K2,3260025
C05876-K2,3261933
C05876-K2,3261995
C05876-K2,3262049
C05876-K2,3262695
C05876-K2,3263096
C05876-K2,3263938
C05876-K2,3264004
C05876-K2,3264610
C05876-K2,3265299
C05876-K2,3265719
C05876-K2,3266422
C05876-K2,3266519
C05876-K2,3266547
C05876-K2,3266602
C05876-K2,3266609
C05876-K2,3266611
C05876-K2,3266617
C05876-K2,3266624
C05876-K2,3266634
C05876-K2,3268508
C05876-K2,3269758
C05876-K2,3270796
C05876-K2,3273324
C05876-K2,3273923
C05876-K2,3274140
C05876-K2,3275524
C05876-K2,3276082
C05876-K2,3278106
C05876-K2,3279252
C05876-K2,3279308
C05876-K2,3279596
C05876-K2,3280909
C05876-K2,3280962
C05876-K2,3281068
C05876-K2,3282353
C05876-K2,3282384
C05876-K2,3282704
C05876-K2,3283037
C05876-K2,3283517
C05876-K2,3285313
C05876-K2,3285388
C05876-K2,3285648
C05876-K2,3285884
C05876-K2,3285893
C05876-K2,3286252
C05876-K2,3286718
C05876-K2,3286729
C05876-K2,3286773
C05876-K2,3288064
C05876-K2,3288386
C05876-K2,3288534
C05876-K2,3290234
C05876-K2,3290264
C05876-K2,3290312
C05876-K2,3291037
C05876-K2,3291672
C05876-K2,3291823
C05876-K2,3292186
C05876-K2,3293076
C05876-K2,3293113
C05876-K2,3293141
C05876-K2,3293210
C05876-K2,3295975
C05876-K2,3296028
C05876-K2,3296378
C05876-K2,3297142
C05876-K2,3297188
C05876-K2,3297206
C05876-K2,3297216
C05876-K2,3297252
C05876-K2,3297321
C05876-K2,3297342
C05876-K2,3297348
C05876-K2,3297415
C05876-K2,3297545
C05876-K2,3298835
C05876-K2,3298998
C05876-K2,3300118
C05876-K2,3300499
C05876-K2,3300774
C05876-K2,3300815
C05876-K2,3301851
C05876-K2,3303497
C05876-K2,3303836
C05876-K2,3303864
C05876-K2,3303959
C05876-K2,3303998
C05876-K2,3304270
C05876-K2,3304455
C05876-K2,3305974
C05876-K2,3306972
C05876-K2,3308956
C05876-K2,3309421
C05876-K2,3309648
C05876-K2,3311271
C05876-K2,3311333
C05876-K2,3314987
C05876-K2,3316524
C05876-K2,3317497
C05876-K2,3317513
C05876-K2,3317594
C05876-K2,3317749
C05876-K2,3317889
C05876-K2,3319183
C05876-K2,3319304
C05876-K2,3319391
C05876-K2,3320298
C05876-K2,3320644
C05876-K2,3321573
C05876-K2,3322994
C05876-K2,3324666
C05876-K2,3326434
C05876-K2,3326864
C05876-K2,3328513
C05876-K2,3328834
C05876-K2,3328971
C05876-K2,3329150
C05876-K2,3331067
C05876-K2,3331082
C05876-K2,3331212
C05876-K2,3333501
C05876-K2,3333745
C05876-K2,3335858
C05876-K2,3337036
C05876-K2,3337635
C05876-K2,3338037
C05876-K2,3338539
C05876-K2,3339704
C05876-K2,3340191
C05876-K2,3340418
C05876-K2,3340496
C05876-K2,3341051
C05876-K2,3341259
C05876-K2,3341936
C05876-K2,3342118
C05876-K2,3342996
C05876-K2,3343949
C05876-K2,3344531
C05876-K2,3344904
C05876-K2,3345551
C05876-K2,3345979
C05876-K2,3346596
C05876-K2,3347709
C05876-K2,3348712
C05876-K2,3348858
C05876-K2,3348994
C05876-K2,3349202
C05876-K2,3349235
C05876-K2,3350865
C05876-K2,3351642
C05876-K2,3351711
C05876-K2,3351712
C05876-K2,3352853
C05876-K2,3354298
C05876-K2,3354386
C05876-K2,3354573
C05876-K2,3354618
C05876-K2,3354622
C05876-K2,3354636
C05876-K2,3355011
C05876-K2,3356406
C05876-K2,3357726
C05876-K2,3357995
C05876-K2,3359800
C05876-K2,3360008
C05876-K2,3360389
C05876-K2,3360667
C05876-K2,3360926
C05876-K2,3363367
C05876-K2,3363774
C05876-K2,3364337
C05876-K2,3365561
C05876-K2,3365865
C05876-K2,3365945
C05876-K2,3366734
C05876-K2,3367179
C05876-K2,3367236
C05876-K2,3367765
C05876-K2,3368083
C05876-K2,3368627
C05876-K2,3369851
C05876-K2,3371012
C05876-K2,3371298
C05876-K2,3371481
C05876-K2,3372408
C05876-K2,3375316
C05876-K2,3375451
C05876-K2,3375458
C05876-K2,3375665
C05876-K2,3376003
C05876-K2,3376970
C05876-K2,3379951
C05876-K2,3380318
C05876-K2,3380532
C05876-K2,3381323
C05876-K2,3381364
C05876-K2,3381383
C05876-K2,3381675
C05876-K2,3381958
C05876-K2,3382063
C05876-K2,3384341
C05876-K2,3385589
C05876-K2,3385756
C05876-K2,3386158
C05876-K2,3386329
C05876-K2,3386476
C05876-K2,3386480
C05876-K2,3386591
C05876-K2,3386601
C05876-K2,3387970
C05876-K2,3389007
C05876-K2,3389523
C05876-K2,3389963
C05876-K2,3390360
C05876-K2,3392122
C05876-K2,3392181
C05876-K2,3392318
C05876-K2,3393377
C05876-K2,3394193
C05876-K2,3394663
C05876-K2,3395063
C05876-K2,3395284
C05876-K2,3396277
C05876-K2,3397211
C05876-K2,3397708
C05876-K2,3398151
C05876-K2,3398247
C05876-K2,3398492
C05876-K2,3398606
C05876-K2,3398963
C05876-K2,3400331
C05876-K2,3401141
C05876-K2,3402163
C05876-K2,3404607
C05876-K2,3404955
C05876-K2,3405213
C05876-K2,3405399
C05876-K2,3405544
C05876-K2,3405873
C05876-K2,3406054
C05876-K2,3406898
C05876-K2,3407064
C05876-K2,3407309
C05876-K2,3407877
C05876-K2,3408452
C05876-K2,3408610
C05876-K2,3408943
C05876-K2,3410591
C05876-K2,3410944
C05876-K2,3411234
C05876-K2,3411450
C05876-K2,3412206
C05876-K2,3413113
C05876-K2,3414107
C05876-K2,3414299
C05876-K2,3414815
C05876-K2,3415476
C05876-K2,3415593
C05876-K2,3415663
C05876-K2,3415759
C05876-K2,3416081
C05876-K2,3416248
C05876-K2,3416797
C05876-K2,3417005
C05876-K2,3417260
C05876-K2,3417444
C05876-K2,3417872
C05876-K2,3418802
C05876-K2,3420051
C05876-K2,3420524
C05876-K2,3420814
C05876-K2,3421399
C05876-K2,3421918
C05876-K2,3422435
C05876-K2,3424215
C05876-K2,3424862
C05876-K2,3425324
C05876-K2,3425893
C05876-K2,3426330
C05876-K2,3427061
C05876-K2,3427852
C05876-K2,3428285
C05876-K2,3428757
C05876-K2,3429743
C05876-K2,3429878
C05876-K2,3430429
C05876-K2,3430433
C05876-K2,3430480
C05876-K2,3430698
C05876-K2,3430925
C05876-K2,3433143
C05876-K2,3434120
C05876-K2,3434518
C05876-K2,3435084
C05876-K2,3435388
C05876-K2,3436042
C05876-K2,3437559
C05876-K2,3437797
C05876-K2,3438213
C05876-K2,3438594
C05876-K2,3439052
C05876-K2,3439270
C05876-K2,3440951
C05876-K2,3441332
C05876-K2,3441996
C05876-K2,3442065
C05876-K2,3442222
C05876-K2,3442424
C05876-K2,3442469
C05876-K2,3442790
C05876-K2,3442931
C05876-K2,3443275
C05876-K2,3443699
C05876-K2,3444067
C05876-K2,3444327
C05876-K2,3444666
C05876-K2,3445004
C05876-K2,3445897
C05876-K2,3446272
C05876-K2,3446990
C05876-K2,3447632
C05876-K2,3449482
C05876-K2,3449571
C05876-K2,3449764
C05876-K2,3450232
C05876-K2,3451015
C05876-K2,3454781
C05876-K2,3454926
C05876-K2,3455150
C05876-K2,3455632
C05876-K2,3455933
C05876-K2,3456124
C05876-K2,3456319
C05876-K2,3456484
C05876-K2,3456836
C05876-K2,3457208
C05876-K2,3457274
C05876-K2,3457559
C05876-K2,3457739
C05876-K2,3458199
C05876-K2,3458405
C05876-K2,3458571
C05876-K2,3458859
C05876-K2,3459854
C05876-K2,3460056
C05876-K2,3460442
C05876-K2,3460645
C05876-K2,3461534
C05876-K2,3461892
C05876-K2,3462839
C05876-K2,3463777
C05876-K2,3464047
C05876-K2,3464387
C05876-K2,3464545
C05876-K2,3465644
C05876-K2,3465918
C05876-K2,3466569
C05876-K2,3468151
C05876-K2,3469512
C05876-K2,3469585
C05876-K2,3469959
C05876-K2,3469960
C05876-K2,3470108
C05876-K2,3470420
C05876-K2,3470748
C05876-K2,3471705
C05876-K2,3472178
C05876-K2,3472271
C05876-K2,3472559
C05876-K2,3473765
C05876-K2,3474477
C05876-K2,3474794
C05876-K2,3476277
C05876-K2,3476453
C05876-K2,3476843
C05876-K2,3477015
C05876-K2,3477493
C05876-K2,3477559
C05876-K2,3477702
C05876-K2,3477942
C05876-K2,3478409
C05876-K2,3478493
C05876-K2,3478625
C05876-K2,3478665
C05876-K2,3478687
C05876-K2,3478693
C05876-K2,3479815
C05876-K2,3479875
C05876-K2,3479908
C05876-K2,3480418
C05876-K2,3480752
C05876-K2,3481298
C05876-K2,3482536
C05876-K2,3482695
C05876-K2,3482774
C05876-K2,3483072
C05876-K2,3483535
C05876-K2,3484226
C05876-K2,3485864
C05876-K2,3486001
C05876-K2,3486224
C05876-K2,3486725
C05876-K2,3486750
C05876-K2,3486951
C05876-K2,3487738
C05876-K2,3488001
C05876-K2,3489121
C05876-K2,3490190
C05876-K2,3492083
C05876-K2,3492889
C05876-K2,3493598
C05876-K2,3495595
C05876-K2,3495617
C05876-K2,3496054
C05876-K2,3496216
C05876-K2,3496252
C05876-K2,3496642
C05876-K2,3497187
C05876-K2,3497451
C05876-K2,3497514
C05876-K2,3497617
C05876-K2,3498193
C05876-K2,3499091
C05876-K2,3499141
C05876-K2,3499346
C05876-K2,3499408
C05876-K2,3499411
C05876-K2,3499424
C05876-K2,3500293
C05876-K2,3500360
C05876-K2,3501245
C05876-K2,3501873
C05876-K2,3503096
C05876-K2,3503594
C05876-K2,3503998
C05876-K2,3504749
C05876-K2,3505758
C05876-K2,3506222
C05876-K2,3506425
C05876-K2,3506704
C05876-K2,3506789
C05876-K2,3507807
C05876-K2,3507900
C05876-K2,3508804
C05876-K2,3509253
C05876-K2,3509831
C05876-K2,3511561
C05876-K2,3511664
C05876-K2,3511732
C05876-K2,3511741
C05876-K2,3511781
C05876-K2,3511788
C05876-K2,3511845
C05876-K2,3513872
C05876-K2,3513892
C05876-K2,3515034
C05876-K2,3516470
C05876-K2,3516499
C05876-K2,3516554
C05876-K2,3516576
C05876-K2,3517403
C05876-K2,3517677
C05876-K2,3518030
C05876-K2,3518299
C05876-K2,3518420
C05876-K2,3518769
C05876-K2,3518796
C05876-K2,3518834
C05876-K2,3519600
C05876-K2,3520219
C05876-K2,3520289
C05876-K2,3520333
C05876-K2,3521786
C05876-K2,3521946
C05876-K2,3522905
C05876-K2,3522981
C05876-K2,3523413
C05876-K2,3523715
C05876-K2,3524405
C05876-K2,3524511
C05876-K2,3524647
C05876-K2,3525005
C05876-K2,3526597
C05876-K2,3526981
C05876-K2,3527203
C05876-K2,3527245
C05876-K2,3527367
C05876-K2,3528112
C05876-K2,3528287
C05876-K2,3528493
C05876-K2,3528794
C05876-K2,3528844
C05876-K2,3529082
C05876-K2,3529093
C05876-K2,3529314
C05876-K2,3529843
C05876-K2,3529911
C05876-K2,3530109
C05876-K2,3530133
C05876-K2,3530482
C05876-K2,3530570
C05876-K2,3531000
C05876-K2,3531006
C05876-K2,3532110
C05876-K2,3532129
C05876-K2,3534824
C05876-K2,3535150
C05876-K2,3535369
C05876-K2,3535809
C05876-K2,3536174
C05876-K2,3536906
C05876-K2,3536952
C05876-K2,3537376
C05876-K2,3538776
C05876-K2,3538894
C05876-K2,3540126
C05876-K2,3540214
C05876-K2,3540959
C05876-K2,3541022
C05876-K2,3541066
C05876-K2,3541082
C05876-K2,3541089
C05876-K2,3541098
C05876-K2,3541111
C05876-K2,3541119
C05876-K2,3541155
C05876-K2,3541180
C05876-K2,3541202
C05876-K2,3541231
C05876-K2,3541371
C05876-K2,3542130
C05876-K2,3542204
C05876-K2,3542730
C05876-K2,3542768
C05876-K2,3543188
C05876-K2,3543247
C05876-K2,3543350
C05876-K2,3543950
C05876-K2,3544392
C05876-K2,3544438
C05876-K2,3544504
C05876-K2,3544512
C05876-K2,3544871
C05876-K2,3544886
C05876-K2,3545086
C05876-K2,3545223
C05876-K2,3545599
C05876-K2,3545827
C05876-K2,3546187
C05876-K2,3546339
C05876-K2,3547364
C05876-K2,3547831
C05876-K2,3548770
C05876-K2,3549201
C05876-K2,3549583
C05876-K2,3550012
C05876-K2,3550013
C05876-K2,3550293
C05876-K2,3550470
C05876-K2,3551245
C05876-K2,3552000
C05876-K2,3552020
C05876-K2,3553253
C05876-K2,3553342
C05876-K2,3554541
C05876-K2,3556479
C05876-K2,3557084
C05876-K2,3557091
C05876-K2,3557158
C05876-K2,3557340
C05876-K2,3557368
C05876-K2,3557731
C05876-K2,3557749
C05876-K2,3558647
C05876-K2,3558915
C05876-K2,3559335
C05876-K2,3559560
C05876-K2,3560073
C05876-K2,3560242
C05876-K2,3561044
C05876-K2,3561100
C05876-K2,3561411
C05876-K2,3561481
C05876-K2,3561517
C05876-K2,3561763
C05876-K2,3561934
C05876-K2,3562421
C05876-K2,3562997
C05876-K2,3563175
C05876-K2,3563772
C05876-K2,3563985
C05876-K2,3564575
C05876-K2,3564856
C05876-K2,3564942
C05876-K2,3565138
C05876-K2,3565755
C05876-K2,3566988
C05876-K2,3567481
C05876-K2,3567652
C05876-K2,3568429
C05876-K2,3568711
C05876-K2,3568753
C05876-K2,3568775
C05876-K2,3569475
C05876-K2,3569592
C05876-K2,3569633
C05876-K2,3571577
C05876-K2,3571879
C05876-K2,3572034
C05876-K2,3572356
C05876-K2,3572720
C05876-K2,3573610
C05876-K2,3576023
C05876-K2,3576209
C05876-K2,3576688
C05876-K2,3576887
C05876-K2,3577180
C05876-K2,3577954
C05876-K2,3578264
C05876-K2,3578596
C05876-K2,3578624
C05876-K2,3578648
C05876-K2,3578945
C05876-K2,3579193
C05876-K2,3579316
C05876-K2,3579410
C05876-K2,3579735
C05876-K2,3579968
C05876-K2,3580346
C05876-K2,3580474
C05876-K2,3580477
C05876-K2,3580739
C05876-K2,3581145
C05876-K2,3581160
C05876-K2,3581242
C05876-K2,3582065
C05876-K2,3582465
C05876-K2,3582561
C05876-K2,3583152
C05876-K2,3584912
C05876-K2,3584952
C05992-K1,3448259
C05996-K1,3523876
C05996-K1,3528178
C05996-K1,3528182
C05996-K1,3533339
C05996-K1,3533361
C05996-K1,3570353
C05996-K1,3570404
C06005-K1,3492354
C06005-K1,3494277
C06031-K2,3486052
C06049-K1,3521347
C06104-K1,3444431
C06181-K1,3538964
C06208-K1,3433026
C06220-K1,3501263
C06224-K2,3431078
C06224-K2,3435397
C06224-K2,3436646
C06224-K2,3438493
C06224-K2,3440943
C06224-K2,3445158
C06224-K2,3449515
C06224-K2,3449547
C06224-K2,3449603
C06224-K2,3451218
C06224-K2,3451570
C06224-K2,3453090
C06224-K2,3453134
C06224-K2,3453580
C06224-K2,3463229
C06224-K2,3482613
C06224-K2,3483938
C06224-K2,3503988
C06224-K2,3513185
C06224-K2,3513246
C06224-K2,3513474
C06224-K2,3513537
C06224-K2,3522248
C06224-K2,3522258
C06224-K2,3531522
C06224-K2,3549472
C06224-K2,3568646
C06279-K1,3534900
C06339-K1,3522758
C06339-K1,3522775
C06339-K1,3536896
C06339-K1,3536938
C06410-K1,3535554
C06464-K1,3537355
C06464-K1,3541084
C06464-K1,3544589
C06464-K1,3550266
C06464-K1,3550364
C06464-K1,3550376
C06464-K1,3560378
C06464-K1,3572076
C06464-K1,3572629
C06464-K1,3572678
C06514-K1,3452348
C06514-K1,3452360
C06598-K1,3540193
C06630-K1,3528906
C06630-K2,3525855
C06630-K2,3532160
C06630-K2,3534070
C06630-K2,3538203
C06630-K2,3539386
C06630-K2,3539719
C06630-K2,3541440
C06630-K2,3545353
C06630-K2,3545814
C06630-K2,3569135
C06630-K2,3569186
C06630-K2,3575719
C06636-K1,3519520
C06651-K1,3537400
C06663-K2,3529699
C06663-K2,3529763
C06663-K2,3534724
C06663-K2,3537494
C06663-K2,3538431
C06663-K2,3538798
C06663-K2,3543099
C06663-K2,3543102
C06663-K2,3543145
C06663-K2,3546378
C06663-K2,3547395
C06663-K2,3548422
C06663-K2,3548464
C06663-K2,3564301
C06669-K1,3438732
C06710-K1,3473057
C06740-K1,3554801
C06740-K1,3554886
C06740-K1,3554901
C06740-K1,3566033
C06744-K2,3515373
C06744-K2,3531222
C06744-K2,3533224
C06744-K2,3534012
C06744-K2,3534518
C06744-K2,3534749
C06744-K2,3534819
C06744-K2,3534860
C06744-K2,3536187
C06744-K2,3540442
C06744-K2,3540468
C06744-K2,3540490
C06744-K2,3540491
C06744-K2,3540495
C06744-K2,3540516
C06744-K2,3540543
C06744-K2,3540545
C06744-K2,3540589
C06744-K2,3541132
C06744-K2,3541154
C06744-K2,3541446
C06744-K2,3544352
C06744-K2,3544611
C06744-K2,3547338
C06744-K2,3555903
C06744-K2,3555907
C06744-K2,3555942
C06744-K2,3566615
C06744-K2,3572018
C06744-K2,3572896
C06744-K2,3572955
C06744-K2,3573001
C06744-K2,3576525
C06856-K1,3533523
C06860-K1,3527360
C06906-K1,3528428
C06940-K1,3515375
C06940-K1,3525384
C06940-K1,3525666
C06940-K1,3534894
C06940-K1,3544662
C06947-K2,3432046
C06948-K1,3465704
C06976-K1,3468251
C07033-K1,3440591
C07069-K1,3432604
C07102-K1,3465154
C07102-K1,3465188
C07134-K2,3553188
C07134-K2,3553209
C07134-K2,3553231
C07134-K2,3555360
C07171-K2,3471684
C07185-K2,3491096
C07185-K2,3509432
C07196-K2,3536083
C07196-K2,3536149
C07207-K1,3460561
C07212-K2,3432558
C07212-K2,3436877
C07212-K2,3440633
C07212-K2,3456759
C07212-K2,3464148
C07212-K2,3524594
C07214-K1,3540530
C07220-K1,3521089
C07220-K1,3529526
C07220-K1,3538477
C07220-K1,3538499
C07220-K1,3541385
C07297-K1,3012743
C07297-K1,3015809
C07297-K1,3021030
C07297-K1,3021302
C07297-K1,3036242
C07297-K1,3107995
C07297-K1,3281598
C07297-K1,3285154
C07297-K1,3286312
C07297-K1,3294774
C07297-K1,3300608
C07297-K1,3301349
C07297-K1,3302665
C07297-K1,3306875
C07297-K1,3306994
C07297-K1,3313868
C07297-K1,3314029
C07297-K1,3315965
C07297-K1,3318573
C07297-K1,3321259
C07297-K1,3325589
C07297-K1,3326017
C07297-K1,3327729
C07297-K1,3327977
C07297-K1,3330113
C07297-K1,3331746
C07297-K1,3332599
C07297-K1,3333470
C07297-K1,3336169
C07297-K1,3336864
C07297-K1,3338228
C07297-K1,3340408
C07297-K1,3343992
C07297-K1,3345079
C07297-K1,3347770
C07297-K1,3353617
C07297-K1,3354712
C07297-K1,3356886
C07297-K1,3360149
C07297-K1,3361935
C07297-K1,3362426
C07297-K1,3365564
C07297-K1,3367451
C07297-K1,3368901
C07297-K1,3376009
C07297-K1,3378534
C07297-K1,3382728
C07297-K1,3382787
C07297-K1,3385904
C07297-K1,3386465
C07297-K1,3388355
C07297-K1,3389543
C07297-K1,3389922
C07297-K1,3389929
C07297-K1,3390008
C07297-K1,3390666
C07297-K1,3390678
C07297-K1,3390686
C07297-K1,3391572
C07297-K1,3398572
C07297-K1,3398575
C07297-K1,3401829
C07297-K1,3407217
C07297-K1,3410022
C07297-K1,3414084
C07297-K1,3416525
C07297-K1,3417709
C07297-K1,3419224
C07297-K1,3419637
C07297-K1,3421661
C07297-K1,3426019
C07297-K1,3426672
C07297-K1,3430683
C07297-K1,3430737
C07297-K1,3434346
C07297-K1,3434436
C07297-K1,3435053
C07297-K1,3436710
C07297-K1,3441578
C07297-K1,3447953
C07297-K1,3448365
C07297-K1,3450055
C07297-K1,3450285
C07297-K1,3450880
C07297-K1,3451837
C07297-K1,3454283
C07297-K1,3456278
C07297-K1,3458196
C07297-K1,3459841
C07297-K1,3460711
C07297-K1,3462900
C07297-K1,3463839
C07297-K1,3464219
C07297-K1,3465543
C07297-K1,3467250
C07297-K1,3469605
C07297-K1,3473012
C07297-K1,3474057
C07297-K1,3476602
C07297-K1,3476633
C07297-K1,3476665
C07297-K1,3476682
C07297-K1,3477578
C07297-K1,3478191
C07297-K1,3485191
C07297-K1,3486350
C07297-K1,3486657
C07297-K1,3487430
C07297-K1,3488891
C07297-K1,3490869
C07297-K1,3495504
C07297-K1,3498106
C07297-K1,3499020
C07297-K1,3501329
C07297-K1,3509828
C07297-K1,3510764
C07297-K1,3511404
C07297-K1,3512595
C07297-K1,3512612
C07297-K1,3514918
C07297-K1,3515368
C07297-K1,3515580
C07297-K1,3515732
C07297-K1,3515761
C07297-K1,3515778
C07297-K1,3515812
C07297-K1,3515815
C07297-K1,3515867
C07297-K1,3515902
C07297-K1,3517584
C07297-K1,3519565
C07297-K1,3524236
C07297-K1,3525701
C07297-K1,3525776
C07297-K1,3528802
C07297-K1,3529951
C07297-K1,3532037
C07297-K1,3532896
C07297-K1,3534392
C07297-K1,3535145
C07297-K1,3538220
C07297-K1,3540177
C07297-K1,3541280
C07297-K1,3541300
C07297-K1,3550382
C07297-K1,3552086
C07297-K1,3553784
C07297-K1,3557410
C07297-K1,3558559
C07297-K1,3560363
C07297-K1,3561448
C07297-K1,3562088
C07297-K1,3563808
C07297-K1,3565596
C07297-K1,3565606
C07297-K1,3569953
C07297-K1,3570442
C07297-K1,3570456
C07297-K1,3570470
C07297-K1,3579655
C07297-K1,3585834
C07297-K1,3586692
C07297-K1,3588834
C07297-K2,3010803
C07297-K2,3015958
C07297-K2,3021986
C07297-K2,3022203
C07297-K2,3022310
C07297-K2,3023034
C07297-K2,3025749
C07297-K2,3030455
C07297-K2,3034611
C07297-K2,3034660
C07297-K2,3045898
C07297-K2,3047916
C07297-K2,3050917
C07297-K2,3054333
C07297-K2,3059233
C07297-K2,3062237
C07297-K2,3063297
C07297-K2,3067446
C07297-K2,3073374
C07297-K2,3073696
C07297-K2,3096460
C07297-K2,3097523
C07297-K2,3101082
C07297-K2,3108213
C07297-K2,3113298
C07297-K2,3114703
C07297-K2,3128932
C07297-K2,3129414
C07297-K2,3129494
C07297-K2,3134241
C07297-K2,3134264
C07297-K2,3136310
C07297-K2,3139764
C07297-K2,3144726
C07297-K2,3144755
C07297-K2,3144835
C07297-K2,3146695
C07297-K2,3148413
C07297-K2,3155075
C07297-K2,3157238
C07297-K2,3158394
C07297-K2,3158612
C07297-K2,3168598
C07297-K2,3182206
C07297-K2,3189596
C07297-K2,3193240
C07297-K2,3193993
C07297-K2,3195406
C07297-K2,3195430
C07297-K2,3199908
C07297-K2,3202734
C07297-K2,3203757
C07297-K2,3205772
C07297-K2,3207056
C07297-K2,3207110
C07297-K2,3207770
C07297-K2,3209521
C07297-K2,3210047
C07297-K2,3211638
C07297-K2,3212171
C07297-K2,3215928
C07297-K2,3216052
C07297-K2,3216054
C07297-K2,3216100
C07297-K2,3216914
C07297-K2,3223790
C07297-K2,3224075
C07297-K2,3226360
C07297-K2,3234891
C07297-K2,3238827
C07297-K2,3239370
C07297-K2,3239531
C07297-K2,3239533
C07297-K2,3239774
C07297-K2,3241648
C07297-K2,3242742
C07297-K2,3245087
C07297-K2,3247057
C07297-K2,3247065
C07297-K2,3250907
C07297-K2,3253890
C07297-K2,3253962
C07297-K2,3255729
C07297-K2,3256846
C07297-K2,3261518
C07297-K2,3262502
C07297-K2,3262527
C07297-K2,3265296
C07297-K2,3265635
C07297-K2,3265678
C07297-K2,3266551
C07297-K2,3267011
C07297-K2,3267459
C07297-K2,3268110
C07297-K2,3270841
C07297-K2,3271815
C07297-K2,3272010
C07297-K2,3272014
C07304-K1,3537210
C07311-K1,3465441
C07468-K1,3549731
C07474-K1,3443548
C07508-K2,3520143
C07508-K2,3527304
C07508-K2,3527332
C07508-K2,3527365
C07508-K2,3542053
C07508-K2,3546314
C07508-K2,3558887
C07518-K2,3459464
C07518-K2,3461216
C07562-K1,3531874
C07562-K1,3532059
C07562-K2,3518392
C07562-K2,3537405
C07562-K2,3539604
C07562-K2,3541337
C07562-K2,3541847
C07562-K2,3542564
C07562-K2,3542583
C07562-K2,3543744
C07562-K2,3544661
C07562-K2,3546927
C07562-K2,3548402
C07562-K2,3553888
C07562-K2,3557657
C07562-K2,3557727
C07562-K2,3557941
C07562-K2,3565075
C07562-K2,3569747
C07562-K2,3570613
C07562-K2,3571263
C07562-K2,3576874
C07576-K1,3553098
C07594-K1,3431637
C07612-K1,3435705
C07612-K1,3454016
C07612-K1,3500738
C07628-K1,3543727
C07628-K1,3546130
C07671-K1,3304626
C07671-K1,3305022
C07671-K1,3305132
C07671-K1,3517519
C07671-K1,3517689
C07671-K1,3518054
C07671-K1,3518160
C07671-K1,3518259
C07671-K2,3000751
C07671-K2,3000770
C07671-K2,3000798
C07671-K2,3000948
C07671-K2,3001294
C07671-K2,3001693
C07671-K2,3001793
C07671-K2,3001935
C07671-K2,3002124
C07671-K2,3002337
C07671-K2,3002669
C07671-K2,3002866
C07671-K2,3002969
C07671-K2,3003128
C07671-K2,3003290
C07671-K2,3003602
C07671-K2,3003919
C07671-K2,3003979
C07671-K2,3004190
C07671-K2,3004347
C07671-K2,3004421
C07671-K2,3004479
C07671-K2,3004653
C07671-K2,3005073
C07671-K2,3005142
C07671-K2,3005331
C07671-K2,3005593
C07671-K2,3005776
C07671-K2,3005777
C07671-K2,3005783
C07671-K2,3005964
C07671-K2,3005986
C07671-K2,3006154
C07671-K2,3006179
C07671-K2,3006284
C07671-K2,3006372
C07671-K2,3006411
C07671-K2,3006444
C07671-K2,3006583
C07671-K2,3006634
C07671-K2,3006804
C07671-K2,3006812
C07671-K2,3007762
C07671-K2,3007767
C07671-K2,3007780
C07671-K2,3007930
C07671-K2,3008304
C07671-K2,3008530
C07671-K2,3008652
C07671-K2,3008807
C07671-K2,3008838
C07671-K2,3008877
C07671-K2,3008879
C07671-K2,3008959
C07671-K2,3009169
C07671-K2,3009967
C07671-K2,3010059
C07671-K2,3010250
C07671-K2,3010259
C07671-K2,3010307
C07671-K2,3010334
C07671-K2,3010426
C07671-K2,3012769
C07671-K2,3012789
C07671-K2,3012829
C07671-K2,3012915
C07671-K2,3013040
C07671-K2,3013529
C07671-K2,3013556
C07671-K2,3014484
C07671-K2,3015577
C07671-K2,3016335
C07671-K2,3016582
C07671-K2,3016782
C07671-K2,3016845
C07671-K2,3017394
C07671-K2,3017443
C07671-K2,3017829
C07671-K2,3018598
C07671-K2,3018667
C07671-K2,3019085
C07671-K2,3019497
C07671-K2,3020094
C07671-K2,3022594
C07671-K2,3022930
C07671-K2,3023140
C07671-K2,3023468
C07671-K2,3024195
C07671-K2,3024284
C07671-K2,3024390
C07671-K2,3026900
C07671-K2,3026939
C07671-K2,3026955
C07671-K2,3027094
C07671-K2,3027316
C07671-K2,3027317
C07671-K2,3028314
C07671-K2,3028857
C07671-K2,3030532
C07671-K2,3031710
C07671-K2,3031772
C07671-K2,3031777
C07671-K2,3031927
C07671-K2,3032758
C07671-K2,3036179
C07671-K2,3036367
C07671-K2,3036893
C07671-K2,3037726
C07671-K2,3038950
C07671-K2,3039078
C07671-K2,3040037
C07671-K2,3040711
C07671-K2,3040896
C07671-K2,3040901
C07671-K2,3041233
C07671-K2,3042317
C07671-K2,3042344
C07671-K2,3042719
C07671-K2,3042815
C07671-K2,3043080
C07671-K2,3043727
C07671-K2,3045081
C07671-K2,3045089
C07671-K2,3045158
C07671-K2,3045161
C07671-K2,3046260
C07671-K2,3046567
C07671-K2,3050313
C07671-K2,3051213
C07671-K2,3053898
C07671-K2,3054085
C07671-K2,3056280
C07671-K2,3056641
C07671-K2,3056863
C07671-K2,3057682
C07671-K2,3059257
C07671-K2,3060323
C07671-K2,3061032
C07671-K2,3061650
C07671-K2,3063040
C07671-K2,3063192
C07671-K2,3063267
C07671-K2,3064624
C07671-K2,3065006
C07671-K2,3065072
C07671-K2,3065608
C07671-K2,3065708
C07671-K2,3065746
C07671-K2,3065835
C07671-K2,3066830
C07671-K2,3067345
C07671-K2,3068051
C07671-K2,3068349
C07671-K2,3068803
C07671-K2,3069071
C07671-K2,3070610
C07671-K2,3070614
C07671-K2,3070628
C07671-K2,3071072
C07671-K2,3071102
C07671-K2,3071289
C07671-K2,3072268
C07671-K2,3072365
C07671-K2,3072939
C07671-K2,3073014
C07671-K2,3073111
C07671-K2,3073151
C07671-K2,3075098
C07671-K2,3075741
C07671-K2,3076369
C07671-K2,3076524
C07671-K2,3077358
C07671-K2,3077438
C07671-K2,3077462
C07671-K2,3077484
C07671-K2,3077805
C07671-K2,3077848
C07671-K2,3078089
C07671-K2,3079179
C07671-K2,3079253
C07671-K2,3079899
C07671-K2,3079975
C07671-K2,3083484
C07671-K2,3085212
C07671-K2,3085218
C07671-K2,3085711
C07671-K2,3085735
C07671-K2,3086379
C07671-K2,3087449
C07671-K2,3090128
C07671-K2,3092066
C07671-K2,3092607
C07671-K2,3092632
C07671-K2,3097142
C07671-K2,3099545
C07671-K2,3101656
C07671-K2,3101936
C07671-K2,3103947
C07671-K2,3104373
C07671-K2,3106996
C07671-K2,3107087
C07671-K2,3107433
C07671-K2,3107600
C07671-K2,3107670
C07671-K2,3109187
C07671-K2,3109251
C07671-K2,3109776
C07671-K2,3110153
C07671-K2,3112239
C07671-K2,3112324
C07671-K2,3112552
C07671-K2,3112561
C07671-K2,3113140
C07671-K2,3114658
C07671-K2,3114739
C07671-K2,3116132
C07671-K2,3116400
C07671-K2,3117085
C07671-K2,3117123
C07671-K2,3118323
C07671-K2,3119010
C07671-K2,3119302
C07671-K2,3120420
C07671-K2,3120423
C07671-K2,3120737
C07671-K2,3121557
C07671-K2,3122136
C07671-K2,3122851
C07671-K2,3122883
C07671-K2,3123448
C07671-K2,3123587
C07671-K2,3125116
C07671-K2,3125251
C07671-K2,3125453
C07671-K2,3126224
C07671-K2,3128911
C07671-K2,3129140
C07671-K2,3130256
C07671-K2,3130372
C07671-K2,3130565
C07671-K2,3132052
C07671-K2,3132795
C07671-K2,3132980
C07671-K2,3133251
C07671-K2,3133552
C07671-K2,3133630
C07671-K2,3134372
C07671-K2,3134783
C07671-K2,3134853
C07671-K2,3135843
C07671-K2,3135857
C07671-K2,3136601
C07671-K2,3136907
C07671-K2,3137484
C07671-K2,3137553
C07671-K2,3137565
C07671-K2,3138012
C07671-K2,3138263
C07671-K2,3139197
C07671-K2,3139355
C07671-K2,3139383
C07671-K2,3140644
C07671-K2,3141129
C07671-K2,3141434
C07671-K2,3141640
C07671-K2,3141771
C07671-K2,3143016
C07671-K2,3143642
C07671-K2,3146133
C07671-K2,3146342
C07671-K2,3146518
C07671-K2,3146864
C07671-K2,3146987
C07671-K2,3147352
C07671-K2,3149537
C07671-K2,3149589
C07671-K2,3150720
C07671-K2,3151381
C07671-K2,3152016
C07671-K2,3152050
C07671-K2,3152185
C07671-K2,3152237
C07671-K2,3152258
C07671-K2,3152825
C07671-K2,3152907
C07671-K2,3152946
C07671-K2,3153034
C07671-K2,3153205
C07671-K2,3153464
C07671-K2,3154134
C07671-K2,3154264
C07671-K2,3155259
C07671-K2,3156193
C07671-K2,3156215
C07671-K2,3156236
C07671-K2,3156408
C07671-K2,3157154
C07671-K2,3157752
C07671-K2,3157826
C07671-K2,3158292
C07671-K2,3158304
C07671-K2,3158418
C07671-K2,3158703
C07671-K2,3158709
C07671-K2,3158726
C07671-K2,3159208
C07671-K2,3159649
C07671-K2,3159705
C07671-K2,3160042
C07671-K2,3160515
C07671-K2,3160977
C07671-K2,3161048
C07671-K2,3161259
C07671-K2,3161287
C07671-K2,3162118
C07671-K2,3162484
C07671-K2,3162897
C07671-K2,3162901
C07671-K2,3163199
C07671-K2,3163330
C07671-K2,3164590
C07671-K2,3164656
C07671-K2,3165311
C07671-K2,3168845
C07671-K2,3169095
C07671-K2,3169318
C07671-K2,3169606
C07671-K2,3170687
C07671-K2,3172083
C07671-K2,3172528
C07671-K2,3173307
C07671-K2,3173451
C07671-K2,3173711
C07671-K2,3174371
C07671-K2,3174386
C07671-K2,3174987
C07671-K2,3175308
C07671-K2,3176514
C07671-K2,3176553
C07671-K2,3176618
C07671-K2,3176965
C07671-K2,3177000
C07671-K2,3177183
C07671-K2,3177436
C07671-K2,3177967
C07671-K2,3178063
C07671-K2,3178228
C07671-K2,3178677
C07671-K2,3180221
C07671-K2,3180391
C07671-K2,3181167
C07671-K2,3181311
C07671-K2,3181638
C07671-K2,3182135
C07671-K2,3182873
C07671-K2,3183289
C07671-K2,3183522
C07671-K2,3184040
C07671-K2,3184275
C07671-K2,3184330
C07671-K2,3185328
C07671-K2,3185453
C07671-K2,3185547
C07671-K2,3186292
C07671-K2,3186594
C07671-K2,3186923
C07671-K2,3187661
C07671-K2,3188879
C07671-K2,3189948
C07671-K2,3191382
C07671-K2,3191465
C07671-K2,3191627
C07671-K2,3191684
C07671-K2,3192171
C07671-K2,3193411
C07671-K2,3193420
C07671-K2,3194280
C07671-K2,3195082
C07671-K2,3195534
C07671-K2,3195560
C07671-K2,3195805
C07671-K2,3195825
C07671-K2,3195839
C07671-K2,3196843
C07671-K2,3197867
C07671-K2,3197959
C07671-K2,3198184
C07671-K2,3198460
C07671-K2,3198584
C07671-K2,3199050
C07671-K2,3199581
C07671-K2,3199611
C07671-K2,3200386
C07671-K2,3200426
C07671-K2,3200437
C07671-K2,3200721
C07671-K2,3201111
C07671-K2,3201894
C07671-K2,3202174
C07671-K2,3202332
C07671-K2,3202605
C07671-K2,3202689
C07671-K2,3202786
C07671-K2,3203233
C07671-K2,3203236
C07671-K2,3203427
C07671-K2,3203581
C07671-K2,3203713
C07671-K2,3204675
C07671-K2,3204732
C07671-K2,3205458
C07671-K2,3205798
C07671-K2,3207196
C07671-K2,3207322
C07671-K2,3208231
C07671-K2,3208467
C07671-K2,3209070
C07671-K2,3209877
C07671-K2,3209905
C07671-K2,3212334
C07671-K2,3212388
C07671-K2,3212535
C07671-K2,3212783
C07671-K2,3212795
C07671-K2,3212819
C07671-K2,3216072
C07671-K2,3216227
C07671-K2,3216589
C07671-K2,3216650
C07671-K2,3216732
C07671-K2,3217411
C07671-K2,3217581
C07671-K2,3217825
C07671-K2,3218904
C07671-K2,3219687
C07671-K2,3220101
C07671-K2,3220766
C07671-K2,3220842
C07671-K2,3221015
C07671-K2,3221216
C07671-K2,3221262
C07671-K2,3221514
C07671-K2,3222065
C07671-K2,3222072
C07671-K2,3222242
C07671-K2,3222339
C07671-K2,3222387
C07671-K2,3222393
C07671-K2,3222639
C07671-K2,3223217
C07671-K2,3223332
C07671-K2,3223543
C07671-K2,3224104
C07671-K2,3224284
C07671-K2,3224569
C07671-K2,3224939
C07671-K2,3225123
C07671-K2,3225539
C07671-K2,3225587
C07671-K2,3225740
C07671-K2,3225746
C07671-K2,3225937
C07671-K2,3226175
C07671-K2,3226301
C07671-K2,3226335
C07671-K2,3226421
C07671-K2,3226634
C07671-K2,3226653
C07671-K2,3227018
C07671-K2,3227110
C07671-K2,3227258
C07671-K2,3227754
C07671-K2,3227793
C07671-K2,3227844
C07671-K2,3228477
C07671-K2,3229114
C07671-K2,3229430
C07671-K2,3229480
C07671-K2,3229495
C07671-K2,3229846
C07671-K2,3229853
C07671-K2,3230652
C07671-K2,3230911
C07671-K2,3231156
C07671-K2,3231435
C07671-K2,3232026
C07671-K2,3232087
C07671-K2,3232125
C07671-K2,3232616
C07671-K2,3234291
C07671-K2,3234732
C07671-K2,3234733
C07671-K2,3235186
C07671-K2,3235384
C07671-K2,3235826
C07671-K2,3236479
C07671-K2,3237133
C07671-K2,3237197
C07671-K2,3237209
C07671-K2,3237242
C07671-K2,3237294
C07671-K2,3237519
C07671-K2,3237717
C07671-K2,3238027
C07671-K2,3238263
C07671-K2,3238592
C07671-K2,3239506
C07671-K2,3239519
C07671-K2,3240113
C07671-K2,3240277
C07671-K2,3241025
C07671-K2,3241026
C07671-K2,3241171
C07671-K2,3241326
C07671-K2,3241350
C07671-K2,3241534
C07671-K2,3241837
C07671-K2,3242346
C07671-K2,3243901
C07671-K2,3244324
C07671-K2,3244511
C07671-K2,3244539
C07671-K2,3244722
C07671-K2,3245008
C07671-K2,3245393
C07671-K2,3246655
C07671-K2,3246673
C07671-K2,3246834
C07671-K2,3246885
C07671-K2,3247493
C07671-K2,3247623
C07671-K2,3247646
C07671-K2,3247679
C07671-K2,3247726
C07671-K2,3249246
C07671-K2,3249318
C07671-K2,3249624
C07671-K2,3250812
C07671-K2,3251201
C07671-K2,3251203
C07671-K2,3251789
C07671-K2,3251897
C07671-K2,3252053
C07671-K2,3252791
C07671-K2,3253139
C07671-K2,3253231
C07671-K2,3253366
C07671-K2,3253439
C07671-K2,3253876
C07671-K2,3253892
C07671-K2,3254027
C07671-K2,3254635
C07671-K2,3255144
C07671-K2,3255477
C07671-K2,3256275
C07671-K2,3256539
C07671-K2,3256566
C07671-K2,3256914
C07671-K2,3257135
C07671-K2,3257213
C07671-K2,3257359
C07671-K2,3258278
C07671-K2,3258428
C07671-K2,3258457
C07671-K2,3258476
C07671-K2,3258638
C07671-K2,3258744
C07671-K2,3258959
C07671-K2,3259099
C07671-K2,3259389
C07671-K2,3259434
C07671-K2,3259453
C07671-K2,3259831
C07671-K2,3259836
C07671-K2,3260303
C07671-K2,3260354
C07671-K2,3260363
C07671-K2,3260660
C07671-K2,3260772
C07671-K2,3261986
C07671-K2,3262016
C07671-K2,3262623
C07671-K2,3263177
C07671-K2,3263399
C07671-K2,3263429
C07671-K2,3263902
C07671-K2,3264379
C07671-K2,3264585
C07671-K2,3265188
C07671-K2,3265360
C07671-K2,3266203
C07671-K2,3266219
C07671-K2,3267178
C07671-K2,3267182
C07671-K2,3267311
C07671-K2,3267526
C07671-K2,3267790
C07671-K2,3268539
C07671-K2,3268688
C07671-K2,3269274
C07671-K2,3269509
C07671-K2,3270094
C07671-K2,3270109
C07671-K2,3270360
C07671-K2,3270755
C07671-K2,3270777
C07671-K2,3271705
C07671-K2,3271770
C07671-K2,3272487
C07671-K2,3272950
C07671-K2,3273335
C07671-K2,3273653
C07671-K2,3274036
C07671-K2,3274453
C07671-K2,3274768
C07671-K2,3275363
C07671-K2,3275994
C07671-K2,3276231
C07671-K2,3276674
C07671-K2,3277065
C07671-K2,3277205
C07671-K2,3278442
C07671-K2,3278643
C07671-K2,3278711
C07671-K2,3279624
C07671-K2,3279769
C07671-K2,3281206
C07671-K2,3281282
C07671-K2,3281427
C07671-K2,3281594
C07671-K2,3283241
C07671-K2,3283821
C07671-K2,3284023
C07671-K2,3284060
C07671-K2,3284111
C07671-K2,3284486
C07671-K2,3284487
C07671-K2,3284848
C07671-K2,3284869
C07671-K2,3285303
C07671-K2,3285792
C07671-K2,3285920
C07671-K2,3286034
C07671-K2,3286388
C07671-K2,3286684
C07671-K2,3286794
C07671-K2,3287048
C07671-K2,3287438
C07671-K2,3287538
C07671-K2,3287838
C07671-K2,3288938
C07671-K2,3289004
C07671-K2,3289143
C07671-K2,3289788
C07671-K2,3290059
C07671-K2,3290252
C07671-K2,3290533
C07671-K2,3291158
C07671-K2,3291291
C07671-K2,3291319
C07671-K2,3291405
C07671-K2,3291406
C07671-K2,3291732
C07671-K2,3292011
C07671-K2,3292227
C07671-K2,3292540
C07671-K2,3292627
C07671-K2,3293246
C07671-K2,3294610
C07671-K2,3294640
C07671-K2,3295985
C07671-K2,3295994
C07671-K2,3296453
C07671-K2,3296762
C07671-K2,3296787
C07671-K2,3296815
C07671-K2,3297304
C07671-K2,3297369
C07671-K2,3297547
C07671-K2,3297635
C07671-K2,3298176
C07671-K2,3298643
C07671-K2,3298916
C07671-K2,3300242
C07671-K2,3300364
C07671-K2,3300387
C07671-K2,3300586
C07671-K2,3300590
C07671-K2,3301419
C07671-K2,3301713
C07671-K2,3301768
C07671-K2,3301821
C07671-K2,3302966
C07671-K2,3303012
C07671-K2,3303331
C07671-K2,3303369
C07671-K2,3303541
C07671-K2,3303869
C07671-K2,3303926
C07671-K2,3304065
C07671-K2,3305292
C07671-K2,3305671
C07671-K2,3305880
C07671-K2,3306173
C07671-K2,3306488
C07671-K2,3307099
C07671-K2,3307107
C07671-K2,3307109
C07671-K2,3307570
C07671-K2,3307583
C07671-K2,3307960
C07671-K2,3308678
C07671-K2,3308704
C07671-K2,3308719
C07671-K2,3308986
C07671-K2,3309129
C07671-K2,3309380
C07671-K2,3309936
C07671-K2,3310124
C07671-K2,3310164
C07671-K2,3310263
C07671-K2,3310791
C07671-K2,3311021
C07671-K2,3311032
C07671-K2,3311316
C07671-K2,3311425
C07671-K2,3311653
C07671-K2,3311734
C07671-K2,3311839
C07671-K2,3311870
C07671-K2,3311960
C07671-K2,3312070
C07671-K2,3312198
C07671-K2,3312651
C07671-K2,3312720
C07671-K2,3312786
C07671-K2,3312953
C07671-K2,3312965
C07671-K2,3313173
C07671-K2,3313244
C07671-K2,3313317
C07671-K2,3313524
C07671-K2,3313569
C07671-K2,3315081
C07671-K2,3315234
C07671-K2,3316771
C07671-K2,3316787
C07671-K2,3316933
C07671-K2,3317176
C07671-K2,3317378
C07671-K2,3317617
C07671-K2,3317648
C07671-K2,3317876
C07671-K2,3318034
C07671-K2,3318889
C07671-K2,3318931
C07671-K2,3318945
C07671-K2,3318972
C07671-K2,3319026
C07671-K2,3319028
C07671-K2,3319085
C07671-K2,3319250
C07671-K2,3320387
C07671-K2,3321891
C07671-K2,3322141
C07671-K2,3322217
C07671-K2,3323029
C07671-K2,3323092
C07671-K2,3323190
C07671-K2,3323993
C07671-K2,3324007
C07671-K2,3324098
C07671-K2,3324115
C07671-K2,3324713
C07671-K2,3324796
C07671-K2,3325248
C07671-K2,3325255
C07671-K2,3325935
C07671-K2,3326146
C07671-K2,3326261
C07671-K2,3326704
C07671-K2,3326711
C07671-K2,3326767
C07671-K2,3326803
C07671-K2,3326993
C07671-K2,3327035
C07671-K2,3327234
C07671-K2,3327260
C07671-K2,3328550
C07671-K2,3328873
C07671-K2,3329035
C07671-K2,3329841
C07671-K2,3329937
C07671-K2,3331016
C07671-K2,3331506
C07671-K2,3332016
C07671-K2,3332024
C07671-K2,3332194
C07671-K2,3332648
C07671-K2,3332674
C07671-K2,3332799
C07671-K2,3332971
C07671-K2,3333657
C07671-K2,3334017
C07671-K2,3334018
C07671-K2,3334236
C07671-K2,3334386
C07671-K2,3334445
C07671-K2,3334745
C07671-K2,3335141
C07671-K2,3335242
C07671-K2,3335377
C07671-K2,3335435
C07671-K2,3336092
C07671-K2,3336428
C07671-K2,3336470
C07671-K2,3336923
C07671-K2,3336958
C07671-K2,3337274
C07671-K2,3337350
C07671-K2,3338597
C07671-K2,3338967
C07671-K2,3339161
C07671-K2,3339282
C07671-K2,3339874
C07671-K2,3340259
C07671-K2,3341296
C07671-K2,3341956
C07671-K2,3342129
C07671-K2,3342142
C07671-K2,3342395
C07671-K2,3342496
C07671-K2,3342932
C07671-K2,3343056
C07671-K2,3343350
C07671-K2,3343836
C07671-K2,3344002
C07671-K2,3344508
C07671-K2,3345355
C07671-K2,3345517
C07671-K2,3345626
C07671-K2,3345643
C07671-K2,3345667
C07671-K2,3346128
C07671-K2,3346137
C07671-K2,3346218
C07671-K2,3346266
C07671-K2,3346486
C07671-K2,3346989
C07671-K2,3347612
C07671-K2,3347945
C07671-K2,3348030
C07671-K2,3348189
C07671-K2,3348238
C07671-K2,3348247
C07671-K2,3348770
C07671-K2,3348936
C07671-K2,3349415
C07671-K2,3350211
C07671-K2,3350516
C07671-K2,3350525
C07671-K2,3350891
C07671-K2,3351372
C07671-K2,3351441
C07671-K2,3351632
C07671-K2,3351721
C07671-K2,3352250
C07671-K2,3352342
C07671-K2,3352538
C07671-K2,3353075
C07671-K2,3353702
C07671-K2,3353750
C07671-K2,3353813
C07671-K2,3354245
C07671-K2,3354250
C07671-K2,3355699
C07671-K2,3356589
C07671-K2,3356653
C07671-K2,3356840
C07671-K2,3356860
C07671-K2,3357205
C07671-K2,3357257
C07671-K2,3357358
C07671-K2,3357372
C07671-K2,3357463
C07671-K2,3357715
C07671-K2,3358063
C07671-K2,3358412
C07671-K2,3358616
C07671-K2,3358633
C07671-K2,3358669
C07671-K2,3358771
C07671-K2,3359051
C07671-K2,3359109
C07671-K2,3359265
C07671-K2,3359313
C07671-K2,3359516
C07671-K2,3360197
C07671-K2,3360695
C07671-K2,3361421
C07671-K2,3361881
C07671-K2,3361933
C07671-K2,3362182
C07671-K2,3362227
C07671-K2,3362819
C07671-K2,3362903
C07671-K2,3363972
C07671-K2,3365099
C07671-K2,3365346
C07671-K2,3365386
C07671-K2,3365516
C07671-K2,3365572
C07671-K2,3365625
C07671-K2,3367097
C07671-K2,3367503
C07671-K2,3367530
C07671-K2,3367654
C07671-K2,3367979
C07671-K2,3368626
C07671-K2,3368696
C07671-K2,3368778
C07671-K2,3369031
C07671-K2,3369402
C07671-K2,3369535
C07671-K2,3369811
C07671-K2,3370353
C07671-K2,3370500
C07671-K2,3370802
C07671-K2,3370877
C07671-K2,3371022
C07671-K2,3371023
C07671-K2,3372490
C07671-K2,3373274
C07671-K2,3373957
C07671-K2,3374424
C07671-K2,3374728
C07671-K2,3374780
C07671-K2,3374785
C07671-K2,3374797
C07671-K2,3374912
C07671-K2,3375243
C07671-K2,3375341
C07671-K2,3375373
C07671-K2,3375428
C07671-K2,3376835
C07671-K2,3377230
C07671-K2,3378009
C07671-K2,3378301
C07671-K2,3378328
C07671-K2,3378544
C07671-K2,3378710
C07671-K2,3379820
C07671-K2,3379861
C07671-K2,3380215
C07671-K2,3380463
C07671-K2,3380540
C07671-K2,3380802
C07671-K2,3380817
C07671-K2,3381244
C07671-K2,3381277
C07671-K2,3381419
C07671-K2,3381470
C07671-K2,3383091
C07671-K2,3383278
C07671-K2,3383284
C07671-K2,3383404
C07671-K2,3383441
C07671-K2,3383510
C07671-K2,3384595
C07671-K2,3384649
C07671-K2,3385438
C07671-K2,3386802
C07671-K2,3387001
C07671-K2,3387007
C07671-K2,3387013
C07671-K2,3387286
C07671-K2,3388070
C07671-K2,3388226
C07671-K2,3389567
C07671-K2,3390022
C07671-K2,3390335
C07671-K2,3391130
C07671-K2,3391179
C07671-K2,3392168
C07671-K2,3392507
C07671-K2,3392602
C07671-K2,3392678
C07671-K2,3393341
C07671-K2,3394463
C07671-K2,3394549
C07671-K2,3394627
C07671-K2,3395014
C07671-K2,3395152
C07671-K2,3395241
C07671-K2,3395878
C07671-K2,3396317
C07671-K2,3396709
C07671-K2,3397357
C07671-K2,3397397
C07671-K2,3397439
C07671-K2,3397657
C07671-K2,3397934
C07671-K2,3398007
C07671-K2,3398210
C07671-K2,3398656
C07671-K2,3398681
C07671-K2,3398690
C07671-K2,3399167
C07671-K2,3399595
C07671-K2,3399971
C07671-K2,3400535
C07671-K2,3400699
C07671-K2,3400855
C07671-K2,3400881
C07671-K2,3400948
C07671-K2,3401070
C07671-K2,3401097
C07671-K2,3401291
C07671-K2,3401336
C07671-K2,3401559
C07671-K2,3401604
C07671-K2,3401872
C07671-K2,3401975
C07671-K2,3402367
C07671-K2,3402611
C07671-K2,3403189
C07671-K2,3403346
C07671-K2,3404015
C07671-K2,3404038
C07671-K2,3404125
C07671-K2,3404622
C07671-K2,3404849
C07671-K2,3405515
C07671-K2,3405791
C07671-K2,3405815
C07671-K2,3406155
C07671-K2,3406369
C07671-K2,3407135
C07671-K2,3407698
C07671-K2,3408371
C07671-K2,3409773
C07671-K2,3410199
C07671-K2,3410414
C07671-K2,3410573
C07671-K2,3410856
C07671-K2,3411193
C07671-K2,3411198
C07671-K2,3411628
C07671-K2,3411631
C07671-K2,3411846
C07671-K2,3411876
C07671-K2,3411891
C07671-K2,3412270
C07671-K2,3412408
C07671-K2,3412994
C07671-K2,3413051
C07671-K2,3413146
C07671-K2,3413395
C07671-K2,3413416
C07671-K2,3413437
C07671-K2,3413679
C07671-K2,3414249
C07671-K2,3414621
C07671-K2,3414929
C07671-K2,3415175
C07671-K2,3415179
C07671-K2,3415303
C07671-K2,3415330
C07671-K2,3415370
C07671-K2,3415547
C07671-K2,3415728
C07671-K2,3415740
C07671-K2,3415878
C07671-K2,3416552
C07671-K2,3416606
C07671-K2,3417092
C07671-K2,3417132
C07671-K2,3417152
C07671-K2,3417170
C07671-K2,3417176
C07671-K2,3417275
C07671-K2,3417343
C07671-K2,3417441
C07671-K2,3417702
C07671-K2,3417762
C07671-K2,3417960
C07671-K2,3418230
C07671-K2,3418357
C07671-K2,3418761
C07671-K2,3419033
C07671-K2,3419057
C07671-K2,3419066
C07671-K2,3419080
C07671-K2,3419628
C07671-K2,3419925
C07671-K2,3420321
C07671-K2,3420550
C07671-K2,3420913
C07671-K2,3420943
C07671-K2,3422527
C07671-K2,3423035
C07671-K2,3423357
C07671-K2,3423423
C07671-K2,3423665
C07671-K2,3424725
C07671-K2,3425014
C07671-K2,3425847
C07671-K2,3426728
C07671-K2,3427409
C07671-K2,3427574
C07671-K2,3427602
C07671-K2,3427703
C07671-K2,3428138
C07671-K2,3429610
C07671-K2,3430220
C07671-K2,3430739
C07671-K2,3430822
C07671-K2,3430863
C07671-K2,3430878
C07671-K2,3431955
C07671-K2,3433128
C07671-K2,3433189
C07671-K2,3433976
C07671-K2,3434097
C07671-K2,3434390
C07671-K2,3434395
C07671-K2,3434467
C07671-K2,3434502
C07671-K2,3434640
C07671-K2,3435028
C07671-K2,3435246
C07671-K2,3435848
C07671-K2,3435873
C07671-K2,3435912
C07671-K2,3435923
C07671-K2,3435947
C07671-K2,3436002
C07671-K2,3436118
C07671-K2,3436180
C07671-K2,3436349
C07671-K2,3436356
C07671-K2,3436361
C07671-K2,3437128
C07671-K2,3437162
C07671-K2,3437353
C07671-K2,3438118
C07671-K2,3438533
C07671-K2,3438666
C07671-K2,3438755
C07671-K2,3438783
C07671-K2,3438847
C07671-K2,3439020
C07671-K2,3439054
C07671-K2,3440504
C07671-K2,3441337
C07671-K2,3441670
C07671-K2,3441775
C07671-K2,3442275
C07671-K2,3442339
C07671-K2,3442882
C07671-K2,3442942
C07671-K2,3442963
C07671-K2,3443324
C07671-K2,3443587
C07671-K2,3443617
C07671-K2,3444100
C07671-K2,3444714
C07671-K2,3445716
C07671-K2,3446078
C07671-K2,3446255
C07671-K2,3446397
C07671-K2,3446594
C07671-K2,3447043
C07671-K2,3447092
C07671-K2,3447104
C07671-K2,3447323
C07671-K2,3448508
C07671-K2,3449214
C07671-K2,3449512
C07671-K2,3450078
C07671-K2,3450190
C07671-K2,3450786
C07671-K2,3451236
C07671-K2,3451459
C07671-K2,3452057
C07671-K2,3452722
C07671-K2,3453106
C07671-K2,3453124
C07671-K2,3453159
C07671-K2,3453168
C07671-K2,3453537
C07671-K2,3453725
C07671-K2,3453966
C07671-K2,3454035
C07671-K2,3454239
C07671-K2,3454252
C07671-K2,3454258
C07671-K2,3455050
C07671-K2,3455231
C07671-K2,3455312
C07671-K2,3455393
C07671-K2,3455447
C07671-K2,3455484
C07671-K2,3455889
C07671-K2,3455955
C07671-K2,3456086
C07671-K2,3457149
C07671-K2,3457188
C07671-K2,3457332
C07671-K2,3457540
C07671-K2,3457825
C07671-K2,3458896
C07671-K2,3458947
C07671-K2,3459376
C07671-K2,3459452
C07671-K2,3459486
C07671-K2,3459563
C07671-K2,3459602
C07671-K2,3460346
C07671-K2,3460367
C07671-K2,3460495
C07671-K2,3461018
C07671-K2,3461639
C07671-K2,3462202
C07671-K2,3462586
C07671-K2,3462770
C07671-K2,3462791
C07671-K2,3463586
C07671-K2,3463806
C07671-K2,3465179
C07671-K2,3465701
C07671-K2,3465917
C07671-K2,3466110
C07671-K2,3466602
C07671-K2,3466768
C07671-K2,3466804
C07671-K2,3467481
C07671-K2,3467982
C07671-K2,3468211
C07671-K2,3468248
C07671-K2,3468261
C07671-K2,3468643
C07671-K2,3469096
C07671-K2,3469197
C07671-K2,3470601
C07671-K2,3470663
C07671-K2,3470700
C07671-K2,3470873
C07671-K2,3470938
C07671-K2,3471839
C07671-K2,3472493
C07671-K2,3474549
C07671-K2,3474607
C07671-K2,3474929
C07671-K2,3475326
C07671-K2,3475826
C07671-K2,3475999
C07671-K2,3476190
C07671-K2,3476730
C07671-K2,3477600
C07671-K2,3477605
C07671-K2,3477671
C07671-K2,3478037
C07671-K2,3478706
C07671-K2,3479283
C07671-K2,3479325
C07671-K2,3479644
C07671-K2,3479716
C07671-K2,3479810
C07671-K2,3480115
C07671-K2,3480736
C07671-K2,3480984
C07671-K2,3481232
C07671-K2,3481566
C07671-K2,3481669
C07671-K2,3481807
C07671-K2,3481873
C07671-K2,3481953
C07671-K2,3483005
C07671-K2,3483365
C07671-K2,3483489
C07671-K2,3485064
C07671-K2,3487614
C07671-K2,3488153
C07671-K2,3489635
C07671-K2,3489863
C07671-K2,3490121
C07671-K2,3490173
C07671-K2,3490307
C07671-K2,3490554
C07671-K2,3490890
C07671-K2,3491271
C07671-K2,3491515
C07671-K2,3491520
C07671-K2,3491556
C07671-K2,3491653
C07671-K2,3491797
C07671-K2,3491977
C07671-K2,3492243
C07671-K2,3492357
C07671-K2,3492418
C07671-K2,3492458
C07671-K2,3492551
C07671-K2,3492901
C07671-K2,3493229
C07671-K2,3493380
C07671-K2,3493440
C07671-K2,3493649
C07671-K2,3493669
C07671-K2,3493707
C07671-K2,3493922
C07671-K2,3494472
C07671-K2,3494576
C07671-K2,3494863
C07671-K2,3494951
C07671-K2,3496170
C07671-K2,3496222
C07671-K2,3496278
C07671-K2,3496648
C07671-K2,3496807
C07671-K2,3496880
C07671-K2,3497060
C07671-K2,3497265
C07671-K2,3497329
C07671-K2,3497705
C07671-K2,3498366
C07671-K2,3498969
C07671-K2,3499049
C07671-K2,3499333
C07671-K2,3499352
C07671-K2,3499793
C07671-K2,3499916
C07671-K2,3500126
C07671-K2,3500155
C07671-K2,3500584
C07671-K2,3500907
C07671-K2,3501050
C07671-K2,3501067
C07671-K2,3501181
C07671-K2,3501458
C07671-K2,3501550
C07671-K2,3501567
C07671-K2,3501613
C07671-K2,3501728
C07671-K2,3502332
C07671-K2,3503802
C07671-K2,3504280
C07671-K2,3504364
C07671-K2,3504365
C07671-K2,3504602
C07671-K2,3504714
C07671-K2,3504757
C07671-K2,3504806
C07671-K2,3504947
C07671-K2,3505105
C07671-K2,3505155
C07671-K2,3505440
C07671-K2,3505702
C07671-K2,3506407
C07671-K2,3507399
C07671-K2,3508101
C07671-K2,3508122
C07671-K2,3508357
C07671-K2,3508498
C07671-K2,3508801
C07671-K2,3509376
C07671-K2,3510463
C07671-K2,3510505
C07671-K2,3510562
C07671-K2,3511093
C07671-K2,3511564
C07671-K2,3511625
C07671-K2,3512082
C07671-K2,3512252
C07671-K2,3512408
C07671-K2,3512849
C07671-K2,3512952
C07671-K2,3513342
C07671-K2,3513533
C07671-K2,3513781
C07671-K2,3513881
C07671-K2,3514204
C07671-K2,3514846
C07671-K2,3514868
C07671-K2,3514881
C07671-K2,3515072
C07671-K2,3515148
C07671-K2,3515202
C07671-K2,3515207
C07671-K2,3515326
C07671-K2,3515360
C07671-K2,3515560
C07671-K2,3515607
C07671-K2,3515912
C07671-K2,3516205
C07671-K2,3516293
C07671-K2,3516842
C07671-K2,3517376
C07671-K2,3518402
C07671-K2,3518429
C07671-K2,3518566
C07671-K2,3519227
C07671-K2,3519239
C07671-K2,3519837
C07671-K2,3520198
C07671-K2,3520979
C07671-K2,3521003
C07671-K2,3521713
C07671-K2,3521799
C07671-K2,3521839
C07671-K2,3521874
C07671-K2,3522133
C07671-K2,3523372
C07671-K2,3523953
C07671-K2,3524194
C07671-K2,3524237
C07671-K2,3524600
C07671-K2,3524626
C07671-K2,3524788
C07671-K2,3525205
C07671-K2,3525559
C07671-K2,3525584
C07671-K2,3525753
C07671-K2,3525762
C07671-K2,3525902
C07671-K2,3526234
C07671-K2,3526249
C07671-K2,3526265
C07671-K2,3526538
C07671-K2,3526677
C07671-K2,3526747
C07671-K2,3526826
C07671-K2,3526999
C07671-K2,3527288
C07671-K2,3527851
C07671-K2,3528696
C07671-K2,3529131
C07671-K2,3529473
C07671-K2,3529623
C07671-K2,3531359
C07671-K2,3532154
C07671-K2,3532603
C07671-K2,3532712
C07671-K2,3532838
C07671-K2,3533538
C07671-K2,3533583
C07671-K2,3533817
C07671-K2,3534469
C07671-K2,3534520
C07671-K2,3534577
C07671-K2,3534603
C07671-K2,3534644
C07671-K2,3535204
C07671-K2,3535455
C07671-K2,3536006
C07671-K2,3536282
C07671-K2,3536356
C07671-K2,3536692
C07671-K2,3536735
C07671-K2,3536915
C07671-K2,3537047
C07671-K2,3537736
C07671-K2,3538017
C07671-K2,3538698
C07671-K2,3538896
C07671-K2,3539601
C07671-K2,3540662
C07671-K2,3540994
C07671-K2,3541421
C07671-K2,3541704
C07671-K2,3543720
C07671-K2,3544071
C07671-K2,3544221
C07671-K2,3544284
C07671-K2,3546247
C07671-K2,3546999
C07671-K2,3547142
C07671-K2,3547474
C07671-K2,3548150
C07671-K2,3549242
C07671-K2,3549346
C07671-K2,3551455
C07671-K2,3551643
C07671-K2,3552150
C07671-K2,3552418
C07671-K2,3552558
C07671-K2,3553183
C07671-K2,3553337
C07671-K2,3554127
C07671-K2,3554140
C07671-K2,3554620
C07671-K2,3554780
C07671-K2,3554806
C07671-K2,3554822
C07671-K2,3555122
C07671-K2,3555568
C07671-K2,3555864
C07671-K2,3557139
C07671-K2,3558041
C07671-K2,3558123
C07671-K2,3558490
C07671-K2,3559052
C07671-K2,3559847
C07671-K2,3560572
C07671-K2,3561764
C07671-K2,3561796
C07671-K2,3562977
C07671-K2,3562984
C07671-K2,3563728
C07671-K2,3563781
C07671-K2,3563928
C07671-K2,3564474
C07671-K2,3564763
C07671-K2,3564807
C07671-K2,3565213
C07671-K2,3566298
C07671-K2,3567074
C07671-K2,3567120
C07671-K2,3567626
C07671-K2,3567671
C07671-K2,3568025
C07671-K2,3569098
C07671-K2,3569403
C07671-K2,3569979
C07671-K2,3570251
C07671-K2,3571326
C07671-K2,3572450
C07671-K2,3572651
C07671-K2,3572953
C07671-K2,3573528
C07671-K2,3573542
C07671-K2,3573930
C07671-K2,3574612
C07671-K2,3575016
C07671-K2,3575186
C07671-K2,3575398
C07671-K2,3575795
C07671-K2,3576146
C07671-K2,3577890
C07671-K2,3577953
C07671-K2,3579161
C07671-K2,3579224
C07671-K2,3579304
C07671-K2,3579326
C07671-K2,3579355
C07671-K2,3579565
C07671-K2,3580098
C07671-K2,3580132
C07671-K2,3580206
C07671-K2,3580459
C07671-K2,3580528
C07671-K2,3581343
C07671-K2,3581541
C07671-K2,3581696
C07671-K2,3581724
C07671-K2,3581834
C07671-K2,3582290
C07671-K2,3582658
C07671-K2,3582667
C07671-K2,3582927
C07671-K2,3582939
C07686-K1,3551988
C07718-K1,3448976
C07735-K1,3438808
C07741-K2,3463612
C07761-K1,3547236
C07847-K2,3469151
C07858-K2,3444993
C07858-K2,3457637
C07969-K1,3504950
C07981-K1,3541355
C07987-K1,3314748
C07987-K2,3002221
C07987-K2,3006150
C07987-K2,3006178
C07987-K2,3007932
C07987-K2,3010126
C07987-K2,3011354
C07987-K2,3015182
C07987-K2,3017681
C07987-K2,3017822
C07987-K2,3017846
C07987-K2,3022978
C07987-K2,3023906
C07987-K2,3025207
C07987-K2,3030290
C07987-K2,3030697
C07987-K2,3030837
C07987-K2,3033723
C07987-K2,3033866
C07987-K2,3034040
C07987-K2,3039820
C07987-K2,3040787
C07987-K2,3043766
C07987-K2,3044307
C07987-K2,3048987
C07987-K2,3049290
C07987-K2,3051382
C07987-K2,3053354
C07987-K2,3061749
C07987-K2,3062625
C07987-K2,3064986
C07987-K2,3068200
C07987-K2,3069494
C07987-K2,3071209
C07987-K2,3072382
C07987-K2,3072653
C07987-K2,3077016
C07987-K2,3077121
C07987-K2,3078433
C07987-K2,3081735
C07987-K2,3082949
C07987-K2,3084267
C07987-K2,3088949
C07987-K2,3090826
C07987-K2,3091532
C07987-K2,3094118
C07987-K2,3094387
C07987-K2,3096215
C07987-K2,3097116
C07987-K2,3097486
C07987-K2,3098586
C07987-K2,3100333
C07987-K2,3100832
C07987-K2,3101847
C07987-K2,3101852
C07987-K2,3102359
C07987-K2,3103012
C07987-K2,3103105
C07987-K2,3103346
C07987-K2,3104707
C07987-K2,3108054
C07987-K2,3108170
C07987-K2,3113409
C07987-K2,3118998
C07987-K2,3130117
C07987-K2,3130153
C07987-K2,3133432
C07987-K2,3134873
C07987-K2,3135688
C07987-K2,3138483
C07987-K2,3139068
C07987-K2,3140438
C07987-K2,3140490
C07987-K2,3141553
C07987-K2,3142459
C07987-K2,3143731
C07987-K2,3146275
C07987-K2,3154533
C07987-K2,3158869
C07987-K2,3160680
C07987-K2,3160797
C07987-K2,3162138
C07987-K2,3166054
C07987-K2,3166257
C07987-K2,3170180
C07987-K2,3171000
C07987-K2,3171310
C07987-K2,3171496
C07987-K2,3173444
C07987-K2,3174581
C07987-K2,3177444
C07987-K2,3181172
C07987-K2,3182224
C07987-K2,3183853
C07987-K2,3184154
C07987-K2,3184679
C07987-K2,3184968
C07987-K2,3185417
C07987-K2,3193927
C07987-K2,3195393
C07987-K2,3200010
C07987-K2,3200956
C07987-K2,3200984
C07987-K2,3201084
C07987-K2,3206829
C07987-K2,3207217
C07987-K2,3207238
C07987-K2,3207466
C07987-K2,3209115
C07987-K2,3209160
C07987-K2,3209424
C07987-K2,3210884
C07987-K2,3212508
C07987-K2,3214886
C07987-K2,3219904
C07987-K2,3222220
C07987-K2,3222744
C07987-K2,3223040
C07987-K2,3225011
C07987-K2,3228957
C07987-K2,3230073
C07987-K2,3240693
C07987-K2,3246248
C07987-K2,3254724
C07987-K2,3258981
C07987-K2,3267740
C07987-K2,3268802
C07987-K2,3268834
C07987-K2,3275275
C07987-K2,3277077
C07987-K2,3278970
C07987-K2,3279839
C07987-K2,3288333
C07987-K2,3292271
C07987-K2,3292758
C07987-K2,3298626
C07987-K2,3302750
C07987-K2,3309389
C07987-K2,3312045
C07987-K2,3313008
C07987-K2,3324885
C07987-K2,3326884
C07987-K2,3330129
C07987-K2,3330361
C07987-K2,3338320
C07987-K2,3340295
C07987-K2,3340979
C07987-K2,3342493
C07987-K2,3342518
C07987-K2,3342589
C07987-K2,3342904
C07987-K2,3343102
C07987-K2,3343661
C07987-K2,3344081
C07987-K2,3346219
C07987-K2,3349135
C07987-K2,3349244
C07987-K2,3353042
C07987-K2,3356009
C07987-K2,3356885
C07987-K2,3357880
C07987-K2,3358737
C07987-K2,3358740
C07987-K2,3359611
C07987-K2,3363533
C07987-K2,3363728
C07987-K2,3364812
C07987-K2,3364837
C07987-K2,3365626
C07987-K2,3367444
C07987-K2,3367811
C07987-K2,3367866
C07987-K2,3370737
C07987-K2,3376101
C07987-K2,3376146
C07987-K2,3376171
C07987-K2,3376381
C07987-K2,3379921
C07987-K2,3384713
C07987-K2,3385818
C07987-K2,3386076
C07987-K2,3387871
C07987-K2,3392517
C07987-K2,3396218
C07987-K2,3396222
C07987-K2,3396276
C07987-K2,3399582
C07987-K2,3400309
C07987-K2,3400612
C07987-K2,3402585
C07987-K2,3404298
C07987-K2,3409800
C07987-K2,3410072
C07987-K2,3413871
C07987-K2,3419333
C07987-K2,3419383
C07987-K2,3421729
C07987-K2,3428952
C07987-K2,3429062
C07987-K2,3429104
C07987-K2,3429135
C07987-K2,3436006
C07987-K2,3438093
C07987-K2,3445074
C07987-K2,3446685
C07987-K2,3446832
C07987-K2,3446970
C07987-K2,3448076
C07987-K2,3453539
C07987-K2,3454839
C07987-K2,3456149
C07987-K2,3457587
C07987-K2,3457703
C07987-K2,3458424
C07987-K2,3466072
C07987-K2,3467489
C07987-K2,3481019
C07987-K2,3487671
C07987-K2,3495125
C07987-K2,3499109
C07987-K2,3503878
C07987-K2,3507926
C07987-K2,3508124
C07987-K2,3511673
C07987-K2,3512695
C07987-K2,3521616
C07987-K2,3531329
C07987-K2,3531361
C07987-K2,3537523
C07987-K2,3538202
C07987-K2,3540424
C07987-K2,3541662
C07987-K2,3544225
C07987-K2,3548289
C07987-K2,3554120
C07987-K2,3558965
C07987-K2,3558995
C07987-K2,3559884
C07987-K2,3560595
C07987-K2,3561879
C07987-K2,3564124
C07987-K2,3567472
C07987-K2,3568651
C07987-K2,3577443
C07987-K2,3577511
C07987-K2,3581784
C07987-K2,3585336
C07987-K2,3590562
C07989-K1,3442940
C07997-K1,3464986
C07997-K1,3569183
C08000-K1,3543967
C08083-K1,3447211
C08087-K1,3567906
C08106-K1,3016362
C08106-K1,3022263
C08106-K1,3032354
C08106-K1,3041189
C08106-K1,3041451
C08106-K1,3041580
C08106-K1,3042672
C08106-K1,3043674
C08106-K1,3044424
C08106-K1,3053646
C08106-K1,3057975
C08106-K1,3060995
C08106-K1,3061540
C08106-K1,3062197
C08106-K1,3062201
C08106-K1,3070467
C08106-K1,3074803
C08106-K1,3078870
C08106-K1,3079235
C08106-K1,3083251
C08106-K1,3087548
C08106-K1,3087605
C08106-K1,3087613
C08106-K1,3087647
C08106-K1,3087652
C08106-K1,3087672
C08106-K1,3087743
C08106-K1,3088788
C08106-K1,3089037
C08106-K1,3092419
C08106-K1,3097293
C08106-K1,3099130
C08106-K1,3102555
C08106-K1,3103726
C08106-K1,3104236
C08106-K1,3105031
C08106-K1,3110056
C08106-K1,3112405
C08106-K1,3113247
C08106-K1,3117755
C08106-K1,3119793
C08106-K1,3122967
C08106-K1,3123023
C08106-K1,3125210
C08106-K1,3125214
C08106-K1,3127535
C08106-K1,3127681
C08106-K1,3128474
C08106-K1,3129139
C08106-K1,3130906
C08106-K1,3132793
C08106-K1,3132877
C08106-K1,3132891
C08106-K1,3132995
C08106-K1,3133203
C08106-K1,3135068
C08106-K1,3139552
C08106-K1,3146481
C08106-K1,3152435
C08106-K1,3160913
C08106-K1,3163219
C08106-K1,3165196
C08106-K1,3166403
C08106-K1,3170677
C08106-K1,3170792
C08106-K1,3172456
C08106-K1,3175393
C08106-K1,3175510
C08106-K1,3175537
C08106-K1,3175713
C08106-K1,3182431
C08106-K1,3186339
C08106-K1,3191891
C08106-K1,3193850
C08106-K1,3194063
C08106-K1,3195447
C08106-K1,3200962
C08106-K1,3210285
C08106-K1,3210377
C08106-K1,3221884
C08106-K1,3227125
C08106-K1,3227851
C08106-K1,3232716
C08106-K1,3238553
C08106-K1,3238555
C08106-K1,3238569
C08106-K1,3259727
C08106-K1,3264322
C08106-K1,3264917
C08106-K1,3265108
C08106-K1,3265139
C08106-K1,3265203
C08106-K1,3265222
C08106-K1,3266807
C08106-K1,3267644
C08106-K1,3267708
C08106-K1,3267875
C08106-K1,3267919
C08106-K1,3268251
C08106-K1,3276238
C08106-K1,3276444
C08106-K1,3276473
C08106-K1,3277719
C08106-K1,3279484
C08106-K1,3279489
C08106-K1,3279543
C08106-K1,3279686
C08106-K1,3280652
C08106-K1,3283550
C08106-K1,3284885
C08106-K1,3285800
C08106-K1,3286958
C08106-K1,3287262
C08106-K1,3300379
C08106-K1,3305276
C08106-K1,3305887
C08106-K1,3306574
C08106-K1,3313877
C08106-K1,3320014
C08106-K1,3320509
C08106-K1,3322771
C08106-K1,3333735
C08106-K1,3347086
C08106-K1,3348314
C08106-K1,3353816
C08106-K1,3357111
C08106-K1,3357195
C08106-K1,3361474
C08106-K1,3362724
C08106-K1,3363110
C08106-K1,3364536
C08106-K1,3374150
C08106-K1,3374999
C08106-K1,3375845
C08106-K1,3375875
C08106-K1,3375926
C08106-K1,3379058
C08106-K1,3383700
C08106-K1,3383705
C08106-K1,3394250
C08106-K1,3398446
C08106-K1,3401728
C08106-K1,3401738
C08106-K1,3403242
C08106-K1,3412721
C08106-K1,3414899
C08106-K1,3417834
C08106-K1,3418042
C08106-K1,3418919
C08106-K1,3419659
C08106-K1,3421437
C08106-K1,3428212
C08106-K1,3433769
C08106-K1,3437324
C08106-K1,3440399
C08106-K1,3442555
C08106-K1,3443075
C08106-K1,3443123
C08106-K1,3444123
C08106-K1,3453337
C08106-K1,3453343
C08106-K1,3468457
C08106-K1,3469685
C08106-K1,3469878
C08106-K1,3472923
C08106-K1,3475108
C08106-K1,3485105
C08106-K1,3487100
C08106-K1,3497503
C08106-K1,3497600
C08106-K1,3498844
C08106-K1,3499188
C08106-K1,3504265
C08106-K1,3504647
C08106-K1,3508384
C08106-K1,3511834
C08106-K1,3512351
C08106-K1,3514122
C08106-K1,3514153
C08106-K1,3514168
C08106-K1,3514199
C08106-K1,3514703
C08106-K1,3518305
C08106-K1,3521159
C08106-K1,3521199
C08106-K1,3521219
C08106-K1,3521229
C08106-K1,3521237
C08106-K1,3521243
C08106-K1,3532758
C08106-K1,3541888
C08106-K1,3541921
C08106-K1,3541972
C08106-K1,3550051
C08106-K1,3552431
C08106-K1,3552439
C08106-K1,3553084
C08106-K1,3553135
C08106-K1,3553192
C08106-K1,3558994
C08106-K1,3560218
C08106-K1,3560751
C08106-K1,3561270
C08106-K1,3561593
C08106-K1,3562049
C08106-K1,3568649
C08106-K1,3569296
C08106-K1,3570412
C08106-K1,3580804
C08106-K1,3583227
C08106-K1,3583499
C08106-K1,3583503
C08106-K1,3584017
C08106-K1,3585446
C08106-K1,3585726
C08106-K1,3587858
C08123-K1,3545515
C08168-K1,3461032
C08168-K1,3497201
C08174-K1,3538063
C08187-K1,3564470
C08281-K2,3527964
C08290-K1,3535209
C08290-K2,3532547
C08299-K1,3008420
C08299-K1,3029127
C08299-K1,3034459
C08299-K1,3036600
C08299-K1,3037041
C08299-K1,3048209
C08299-K1,3072009
C08299-K1,3076269
C08299-K1,3076305
C08299-K1,3078147
C08299-K1,3080225
C08299-K1,3083864
C08299-K1,3089258
C08299-K1,3114008
C08299-K1,3114222
C08299-K1,3116388
C08299-K1,3138351
C08299-K1,3147680
C08299-K1,3151767
C08299-K1,3166999
C08299-K1,3184681
C08299-K1,3184683
C08299-K1,3184770
C08299-K1,3184779
C08299-K1,3226142
C08299-K1,3328963
C08299-K1,3330698
C08299-K1,3330702
C08299-K1,3330761
C08299-K1,3336533
C08299-K1,3342487
C08299-K1,3362873
C08299-K1,3381003
C08299-K1,3381749
C08299-K1,3389674
C08299-K1,3390612
C08299-K1,3438059
C08299-K1,3483187
C08299-K1,3483198
C08299-K1,3497063
C08299-K1,3507659
C08299-K1,3507660
C08299-K1,3507672
C08299-K1,3539034
C08299-K1,3545489
C08299-K1,3576079
C08299-K1,3581141
C08299-K1,3586980
C08299-K1,3587042
C08299-K1,3587043
C08299-K1,3588859
C08299-K1,3588874
C08299-K1,3588876
C08299-K1,3588905
C08299-K1,3588919
C08299-K1,3588950
C08363-K1,3454333
C08366-K1,3544923
C08374-K1,3497871
C08374-K1,3530247
C08374-K1,3530283
C08374-K1,3530305
C08391-K2,3512900
C08391-K2,3516889
C08391-K2,3520659
C08391-K2,3521313
C08391-K2,3521343
C08391-K2,3521344
C08391-K2,3521346
C08391-K2,3521350
C08391-K2,3521945
C08391-K2,3521949
C08391-K2,3521971
C08391-K2,3521987
C08391-K2,3523946
C08391-K2,3524006
C08391-K2,3525124
C08391-K2,3525133
C08391-K2,3534259
C08391-K2,3535197
C08391-K2,3535203
C08391-K2,3535214
C08391-K2,3535606
C08391-K2,3543742
C08391-K2,3545722
C08391-K2,3551670
C08391-K2,3556074
C08391-K2,3556089
C08391-K2,3556096
C08391-K2,3559823
C08391-K2,3568974
C08431-K1,3544880
C08450-K2,3450801
C08450-K2,3450832
C08489-K2,3561407
C08496-K1,3489922
C08531-K1,3463534
C08537-K1,3530003
C08537-K1,3552834
C08592-K1,3575913
C08605-K1,3436592
C08623-K1,3326641
C08623-K1,3326842
C08623-K1,3327256
C08623-K1,3327626
C08623-K1,3327710
C08623-K1,3534946
C08623-K2,3013960
C08623-K2,3014333
C08623-K2,3014962
C08623-K2,3015183
C08623-K2,3015779
C08623-K2,3017365
C08623-K2,3017773
C08623-K2,3017927
C08623-K2,3018166
C08623-K2,3018431
C08623-K2,3019196
C08623-K2,3020683
C08623-K2,3020799
C08623-K2,3020831
C08623-K2,3020834
C08623-K2,3020881
C08623-K2,3020895
C08623-K2,3021411
C08623-K2,3022086
C08623-K2,3022812
C08623-K2,3023499
C08623-K2,3023768
C08623-K2,3024076
C08623-K2,3024198
C08623-K2,3025135
C08623-K2,3025483
C08623-K2,3025933
C08623-K2,3026206
C08623-K2,3027702
C08623-K2,3028537
C08623-K2,3029670
C08623-K2,3030232
C08623-K2,3030499
C08623-K2,3030556
C08623-K2,3031693
C08623-K2,3032361
C08623-K2,3032384
C08623-K2,3032624
C08623-K2,3032708
C08623-K2,3034331
C08623-K2,3034583
C08623-K2,3034749
C08623-K2,3034750
C08623-K2,3034767
C08623-K2,3035019
C08623-K2,3035869
C08623-K2,3035913
C08623-K2,3035937
C08623-K2,3036182
C08623-K2,3036488
C08623-K2,3036495
C08623-K2,3037524
C08623-K2,3038337
C08623-K2,3038394
C08623-K2,3038508
C08623-K2,3038554
C08623-K2,3039755
C08623-K2,3041031
C08623-K2,3041698
C08623-K2,3041747
C08623-K2,3041777
C08623-K2,3041824
C08623-K2,3042485
C08623-K2,3043525
C08623-K2,3043882
C08623-K2,3044149
C08623-K2,3044855
C08623-K2,3046262
C08623-K2,3046776
C08623-K2,3046857
C08623-K2,3046898
C08623-K2,3047042
C08623-K2,3047152
C08623-K2,3047827
C08623-K2,3048483
C08623-K2,3049209
C08623-K2,3050397
C08623-K2,3050477
C08623-K2,3050778
C08623-K2,3051675
C08623-K2,3051699
C08623-K2,3051914
C08623-K2,3052360
C08623-K2,3052383
C08623-K2,3052731
C08623-K2,3053174
C08623-K2,3054447
C08623-K2,3054654
C08623-K2,3055373
C08623-K2,3055620
C08623-K2,3055803
C08623-K2,3056419
C08623-K2,3056923
C08623-K2,3057440
C08623-K2,3057916
C08623-K2,3058005
C08623-K2,3059594
C08623-K2,3060523
C08623-K2,3061752
C08623-K2,3062073
C08623-K2,3062397
C08623-K2,3062453
C08623-K2,3062773
C08623-K2,3063103
C08623-K2,3063318
C08623-K2,3063413
C08623-K2,3063479
C08623-K2,3063796
C08623-K2,3064507
C08623-K2,3065356
C08623-K2,3066831
C08623-K2,3066954
C08623-K2,3067427
C08623-K2,3068458
C08623-K2,3068965
C08623-K2,3069267
C08623-K2,3069588
C08623-K2,3069871
C08623-K2,3069923
C08623-K2,3070040
C08623-K2,3070042
C08623-K2,3072231
C08623-K2,3073145
C08623-K2,3074127
C08623-K2,3074851
C08623-K2,3080963
C08623-K2,3080966
C08623-K2,3081003
C08623-K2,3081255
C08623-K2,3083979
C08623-K2,3084741
C08623-K2,3085595
C08623-K2,3085667
C08623-K2,3085814
C08623-K2,3086244
C08623-K2,3086730
C08623-K2,3087586
C08623-K2,3087676
C08623-K2,3088136
C08623-K2,3088640
C08623-K2,3088984
C08623-K2,3090858
C08623-K2,3093134
C08623-K2,3094011
C08623-K2,3094142
C08623-K2,3096984
C08623-K2,3097088
C08623-K2,3098482
C08623-K2,3098925
C08623-K2,3099155
C08623-K2,3099658
C08623-K2,3100049
C08623-K2,3101435
C08623-K2,3102514
C08623-K2,3102790
C08623-K2,3102826
C08623-K2,3102927
C08623-K2,3102996
C08623-K2,3103212
C08623-K2,3104123
C08623-K2,3104241
C08623-K2,3104648
C08623-K2,3105736
C08623-K2,3108164
C08623-K2,3108550
C08623-K2,3108734
C08623-K2,3108992
C08623-K2,3110551
C08623-K2,3110915
C08623-K2,3112049
C08623-K2,3112078
C08623-K2,3112528
C08623-K2,3112869
C08623-K2,3113012
C08623-K2,3114856
C08623-K2,3116766
C08623-K2,3117017
C08623-K2,3117273
C08623-K2,3117844
C08623-K2,3118134
C08623-K2,3118746
C08623-K2,3119215
C08623-K2,3119327
C08623-K2,3119585
C08623-K2,3119655
C08623-K2,3119812
C08623-K2,3119941
C08623-K2,3120351
C08623-K2,3120635
C08623-K2,3122170
C08623-K2,3123156
C08623-K2,3123396
C08623-K2,3123571
C08623-K2,3127822
C08623-K2,3127969
C08623-K2,3128033
C08623-K2,3128139
C08623-K2,3128166
C08623-K2,3128712
C08623-K2,3129159
C08623-K2,3129702
C08623-K2,3129981
C08623-K2,3130090
C08623-K2,3130262
C08623-K2,3131271
C08623-K2,3134539
C08623-K2,3134546
C08623-K2,3134597
C08623-K2,3134890
C08623-K2,3135489
C08623-K2,3135652
C08623-K2,3135670
C08623-K2,3135718
C08623-K2,3135768
C08623-K2,3136009
C08623-K2,3136138
C08623-K2,3136228
C08623-K2,3136399
C08623-K2,3136695
C08623-K2,3136813
C08623-K2,3137010
C08623-K2,3137923
C08623-K2,3138066
C08623-K2,3138237
C08623-K2,3139137
C08623-K2,3139165
C08623-K2,3143435
C08623-K2,3143505
C08623-K2,3147543
C08623-K2,3148799
C08623-K2,3149516
C08623-K2,3150993
C08623-K2,3153421
C08623-K2,3153543
C08623-K2,3154082
C08623-K2,3154506
C08623-K2,3154576
C08623-K2,3155491
C08623-K2,3155988
C08623-K2,3156959
C08623-K2,3157456
C08623-K2,3157751
C08623-K2,3158851
C08623-K2,3159052
C08623-K2,3159520
C08623-K2,3160427
C08623-K2,3162189
C08623-K2,3162397
C08623-K2,3162401
C08623-K2,3162921
C08623-K2,3163531
C08623-K2,3163547
C08623-K2,3163770
C08623-K2,3164918
C08623-K2,3165262
C08623-K2,3165369
C08623-K2,3166476
C08623-K2,3167224
C08623-K2,3167415
C08623-K2,3167642
C08623-K2,3168256
C08623-K2,3168271
C08623-K2,3168936
C08623-K2,3169424
C08623-K2,3169487
C08623-K2,3169876
C08623-K2,3169914
C08623-K2,3170721
C08623-K2,3171110
C08623-K2,3171430
C08623-K2,3171765
C08623-K2,3172153
C08623-K2,3172482
C08623-K2,3172536
C08623-K2,3173190
C08623-K2,3173620
C08623-K2,3173724
C08623-K2,3173728
C08623-K2,3173784
C08623-K2,3173850
C08623-K2,3173886
C08623-K2,3174001
C08623-K2,3174086
C08623-K2,3174512
C08623-K2,3174513
C08623-K2,3174528
C08623-K2,3174538
C08623-K2,3174555
C08623-K2,3174693
C08623-K2,3174982
C08623-K2,3175337
C08623-K2,3175377
C08623-K2,3175706
C08623-K2,3175971
C08623-K2,3175972
C08623-K2,3177688
C08623-K2,3178220
C08623-K2,3178362
C08623-K2,3178662
C08623-K2,3180293
C08623-K2,3180910
C08623-K2,3181004
C08623-K2,3181104
C08623-K2,3181909
C08623-K2,3181924
C08623-K2,3182291
C08623-K2,3182416
C08623-K2,3182449
C08623-K2,3182503
C08623-K2,3182610
C08623-K2,3182868
C08623-K2,3183551
C08623-K2,3184692
C08623-K2,3185399
C08623-K2,3185431
C08623-K2,3185961
C08623-K2,3186701
C08623-K2,3186746
C08623-K2,3187030
C08623-K2,3187807
C08623-K2,3188075
C08623-K2,3190061
C08623-K2,3190878
C08623-K2,3190880
C08623-K2,3191068
C08623-K2,3191959
C08623-K2,3193493
C08623-K2,3193922
C08623-K2,3194119
C08623-K2,3194190
C08623-K2,3194198
C08623-K2,3194333
C08623-K2,3194693
C08623-K2,3194901
C08623-K2,3195028
C08623-K2,3195172
C08623-K2,3195178
C08623-K2,3195197
C08623-K2,3195201
C08623-K2,3195236
C08623-K2,3195451
C08623-K2,3196643
C08623-K2,3197462
C08623-K2,3197747
C08623-K2,3197826
C08623-K2,3198371
C08623-K2,3198511
C08623-K2,3199246
C08623-K2,3199984
C08623-K2,3200073
C08623-K2,3200503
C08623-K2,3201075
C08623-K2,3202013
C08623-K2,3202280
C08623-K2,3202960
C08623-K2,3202978
C08623-K2,3203006
C08623-K2,3203039
C08623-K2,3203499
C08623-K2,3203787
C08623-K2,3204668
C08623-K2,3205678
C08623-K2,3206616
C08623-K2,3206633
C08623-K2,3206714
C08623-K2,3207135
C08623-K2,3207935
C08623-K2,3208139
C08623-K2,3208195
C08623-K2,3208201
C08623-K2,3208501
C08623-K2,3208749
C08623-K2,3209038
C08623-K2,3209142
C08623-K2,3209261
C08623-K2,3210400
C08623-K2,3210724
C08623-K2,3211349
C08623-K2,3211397
C08623-K2,3211409
C08623-K2,3211421
C08623-K2,3211558
C08623-K2,3211628
C08623-K2,3211656
C08623-K2,3213089
C08623-K2,3213801
C08623-K2,3213858
C08623-K2,3214575
C08623-K2,3215042
C08623-K2,3215230
C08623-K2,3215495
C08623-K2,3216008
C08623-K2,3216075
C08623-K2,3216116
C08623-K2,3216167
C08623-K2,3216407
C08623-K2,3216437
C08623-K2,3216800
C08623-K2,3216812
C08623-K2,3217177
C08623-K2,3217989
C08623-K2,3218028
C08623-K2,3218307
C08623-K2,3219627
C08623-K2,3219951
C08623-K2,3220442
C08623-K2,3220480
C08623-K2,3221367
C08623-K2,3222056
C08623-K2,3222686
C08623-K2,3223236
C08623-K2,3223345
C08623-K2,3223420
C08623-K2,3223618
C08623-K2,3223619
C08623-K2,3223654
C08623-K2,3223870
C08623-K2,3224064
C08623-K2,3224794
C08623-K2,3224842
C08623-K2,3224847
C08623-K2,3226741
C08623-K2,3226752
C08623-K2,3227871
C08623-K2,3227895
C08623-K2,3230339
C08623-K2,3230499
C08623-K2,3231220
C08623-K2,3232704
C08623-K2,3233300
C08623-K2,3233619
C08623-K2,3233962
C08623-K2,3235146
C08623-K2,3235220
C08623-K2,3235389
C08623-K2,3235577
C08623-K2,3235578
C08623-K2,3235905
C08623-K2,3236055
C08623-K2,3236882
C08623-K2,3236992
C08623-K2,3237000
C08623-K2,3237022
C08623-K2,3240371
C08623-K2,3242449
C08623-K2,3242771
C08623-K2,3242903
C08623-K2,3243139
C08623-K2,3244431
C08623-K2,3244821
C08623-K2,3244871
C08623-K2,3245205
C08623-K2,3245547
C08623-K2,3245958
C08623-K2,3246804
C08623-K2,3247051
C08623-K2,3247482
C08623-K2,3249743
C08623-K2,3249807
C08623-K2,3250930
C08623-K2,3251067
C08623-K2,3251485
C08623-K2,3252324
C08623-K2,3252393
C08623-K2,3254075
C08623-K2,3254084
C08623-K2,3254168
C08623-K2,3254778
C08623-K2,3254862
C08623-K2,3255089
C08623-K2,3255141
C08623-K2,3255557
C08623-K2,3256331
C08623-K2,3256513
C08623-K2,3256595
C08623-K2,3256752
C08623-K2,3257388
C08623-K2,3257416
C08623-K2,3258213
C08623-K2,3258260
C08623-K2,3258370
C08623-K2,3258414
C08623-K2,3258424
C08623-K2,3258506
C08623-K2,3258708
C08623-K2,3258798
C08623-K2,3258893
C08623-K2,3260162
C08623-K2,3260182
C08623-K2,3260797
C08623-K2,3261511
C08623-K2,3263413
C08623-K2,3263554
C08623-K2,3263983
C08623-K2,3266758
C08623-K2,3266815
C08623-K2,3268296
C08623-K2,3268385
C08623-K2,3268999
C08623-K2,3269187
C08623-K2,3269383
C08623-K2,3271059
C08623-K2,3271166
C08623-K2,3271200
C08623-K2,3273504
C08623-K2,3274589
C08623-K2,3275452
C08623-K2,3276506
C08623-K2,3276745
C08623-K2,3278564
C08623-K2,3278586
C08623-K2,3278732
C08623-K2,3278737
C08623-K2,3278803
C08623-K2,3279321
C08623-K2,3280412
C08623-K2,3280670
C08623-K2,3281025
C08623-K2,3281918
C08623-K2,3282387
C08623-K2,3282490
C08623-K2,3283146
C08623-K2,3283573
C08623-K2,3284512
C08623-K2,3285570
C08623-K2,3285768
C08623-K2,3286558
C08623-K2,3286564
C08623-K2,3286569
C08623-K2,3287496
C08623-K2,3289717
C08623-K2,3289791
C08623-K2,3290245
C08623-K2,3290525
C08623-K2,3291461
C08623-K2,3293007
C08623-K2,3293305
C08623-K2,3293327
C08623-K2,3293363
C08623-K2,3293818
C08623-K2,3294201
C08623-K2,3294845
C08623-K2,3294888
C08623-K2,3296129
C08623-K2,3297405
C08623-K2,3297488
C08623-K2,3297492
C08623-K2,3299036
C08623-K2,3299194
C08623-K2,3299554
C08623-K2,3300015
C08623-K2,3301030
C08623-K2,3301038
C08623-K2,3301105
C08623-K2,3301282
C08623-K2,3301373
C08623-K2,3301990
C08623-K2,3302872
C08623-K2,3302906
C08623-K2,3303250
C08623-K2,3303261
C08623-K2,3304668
C08623-K2,3304686
C08623-K2,3305349
C08623-K2,3305359
C08623-K2,3305661
C08623-K2,3307357
C08623-K2,3308087
C08623-K2,3309057
C08623-K2,3309733
C08623-K2,3311858
C08623-K2,3312033
C08623-K2,3313306
C08623-K2,3313623
C08623-K2,3314281
C08623-K2,3314445
C08623-K2,3317905
C08623-K2,3320134
C08623-K2,3320632
C08623-K2,3321434
C08623-K2,3321640
C08623-K2,3321648
C08623-K2,3321654
C08623-K2,3321689
C08623-K2,3321710
C08623-K2,3322319
C08623-K2,3323478
C08623-K2,3323567
C08623-K2,3323988
C08623-K2,3324081
C08623-K2,3324108
C08623-K2,3324132
C08623-K2,3324485
C08623-K2,3326319
C08623-K2,3327940
C08623-K2,3328108
C08623-K2,3329363
C08623-K2,3329551
C08623-K2,3329718
C08623-K2,3330683
C08623-K2,3331715
C08623-K2,3331716
C08623-K2,3331739
C08623-K2,3331898
C08623-K2,3333058
C08623-K2,3335035
C08623-K2,3335162
C08623-K2,3335325
C08623-K2,3335356
C08623-K2,3335831
C08623-K2,3335973
C08623-K2,3336040
C08623-K2,3336194
C08623-K2,3336269
C08623-K2,3336905
C08623-K2,3337615
C08623-K2,3337679
C08623-K2,3338068
C08623-K2,3338226
C08623-K2,3338479
C08623-K2,3339319
C08623-K2,3339545
C08623-K2,3339811
C08623-K2,3340328
C08623-K2,3340529
C08623-K2,3341157
C08623-K2,3341399
C08623-K2,3341977
C08623-K2,3342053
C08623-K2,3342990
C08623-K2,3343118
C08623-K2,3343344
C08623-K2,3343467
C08623-K2,3344700
C08623-K2,3345082
C08623-K2,3345616
C08623-K2,3345629
C08623-K2,3346924
C08623-K2,3347020
C08623-K2,3347293
C08623-K2,3348830
C08623-K2,3348939
C08623-K2,3349582
C08623-K2,3351256
C08623-K2,3351586
C08623-K2,3352419
C08623-K2,3352675
C08623-K2,3353450
C08623-K2,3353533
C08623-K2,3353676
C08623-K2,3353843
C08623-K2,3354334
C08623-K2,3356229
C08623-K2,3356455
C08623-K2,3356491
C08623-K2,3356702
C08623-K2,3357041
C08623-K2,3357501
C08623-K2,3358987
C08623-K2,3359813
C08623-K2,3359930
C08623-K2,3360009
C08623-K2,3360291
C08623-K2,3360297
C08623-K2,3360480
C08623-K2,3361189
C08623-K2,3361565
C08623-K2,3362132
C08623-K2,3362174
C08623-K2,3363572
C08623-K2,3363828
C08623-K2,3364317
C08623-K2,3366390
C08623-K2,3367711
C08623-K2,3368116
C08623-K2,3368191
C08623-K2,3369548
C08623-K2,3369685
C08623-K2,3370284
C08623-K2,3370297
C08623-K2,3371052
C08623-K2,3372215
C08623-K2,3372252
C08623-K2,3373186
C08623-K2,3373443
C08623-K2,3373495
C08623-K2,3374015
C08623-K2,3374621
C08623-K2,3374723
C08623-K2,3375148
C08623-K2,3375339
C08623-K2,3375542
C08623-K2,3375775
C08623-K2,3377136
C08623-K2,3377615
C08623-K2,3378205
C08623-K2,3379212
C08623-K2,3380116
C08623-K2,3380157
C08623-K2,3380423
C08623-K2,3382347
C08623-K2,3382973
C08623-K2,3384351
C08623-K2,3385946
C08623-K2,3385966
C08623-K2,3386382
C08623-K2,3386752
C08623-K2,3386874
C08623-K2,3387043
C08623-K2,3387435
C08623-K2,3387770
C08623-K2,3388659
C08623-K2,3388919
C08623-K2,3389498
C08623-K2,3389941
C08623-K2,3390525
C08623-K2,3390770
C08623-K2,3391433
C08623-K2,3393031
C08623-K2,3393517
C08623-K2,3394195
C08623-K2,3395017
C08623-K2,3395055
C08623-K2,3395550
C08623-K2,3396031
C08623-K2,3396113
C08623-K2,3396616
C08623-K2,3396967
C08623-K2,3397179
C08623-K2,3397202
C08623-K2,3397253
C08623-K2,3397283
C08623-K2,3397313
C08623-K2,3397536
C08623-K2,3397835
C08623-K2,3399119
C08623-K2,3399317
C08623-K2,3399720
C08623-K2,3400223
C08623-K2,3400602
C08623-K2,3400619
C08623-K2,3400629
C08623-K2,3400688
C08623-K2,3400939
C08623-K2,3402714
C08623-K2,3402877
C08623-K2,3404453
C08623-K2,3404900
C08623-K2,3406061
C08623-K2,3406074
C08623-K2,3407801
C08623-K2,3407845
C08623-K2,3408337
C08623-K2,3408414
C08623-K2,3408525
C08623-K2,3408889
C08623-K2,3409255
C08623-K2,3409633
C08623-K2,3409634
C08623-K2,3410024
C08623-K2,3410924
C08623-K2,3412290
C08623-K2,3412524
C08623-K2,3412629
C08623-K2,3413179
C08623-K2,3413252
C08623-K2,3413340
C08623-K2,3413370
C08623-K2,3413962
C08623-K2,3414501
C08623-K2,3414562
C08623-K2,3415059
C08623-K2,3416164
C08623-K2,3416859
C08623-K2,3417040
C08623-K2,3418288
C08623-K2,3419456
C08623-K2,3420777
C08623-K2,3421088
C08623-K2,3422514
C08623-K2,3422601
C08623-K2,3425476
C08623-K2,3426604
C08623-K2,3427043
C08623-K2,3427226
C08623-K2,3429891
C08623-K2,3430507
C08623-K2,3431878
C08623-K2,3432596
C08623-K2,3433855
C08623-K2,3434568
C08623-K2,3434797
C08623-K2,3435015
C08623-K2,3435247
C08623-K2,3435296
C08623-K2,3435613
C08623-K2,3436659
C08623-K2,3436973
C08623-K2,3437362
C08623-K2,3439519
C08623-K2,3440094
C08623-K2,3440170
C08623-K2,3440839
C08623-K2,3441745
C08623-K2,3441789
C08623-K2,3442533
C08623-K2,3444349
C08623-K2,3444496
C08623-K2,3444909
C08623-K2,3446418
C08623-K2,3447666
C08623-K2,3448254
C08623-K2,3448346
C08623-K2,3449405
C08623-K2,3449779
C08623-K2,3451360
C08623-K2,3451863
C08623-K2,3453046
C08623-K2,3453926
C08623-K2,3454639
C08623-K2,3454694
C08623-K2,3454865
C08623-K2,3455377
C08623-K2,3455864
C08623-K2,3456158
C08623-K2,3457231
C08623-K2,3458045
C08623-K2,3458814
C08623-K2,3459319
C08623-K2,3459534
C08623-K2,3459653
C08623-K2,3460191
C08623-K2,3460511
C08623-K2,3462062
C08623-K2,3462129
C08623-K2,3462190
C08623-K2,3462218
C08623-K2,3463387
C08623-K2,3463429
C08623-K2,3463439
C08623-K2,3463496
C08623-K2,3464682
C08623-K2,3467533
C08623-K2,3469648
C08623-K2,3470662
C08623-K2,3470839
C08623-K2,3471340
C08623-K2,3471372
C08623-K2,3471401
C08623-K2,3472063
C08623-K2,3472201
C08623-K2,3472234
C08623-K2,3472489
C08623-K2,3472759
C08623-K2,3472778
C08623-K2,3473150
C08623-K2,3473158
C08623-K2,3474400
C08623-K2,3474412
C08623-K2,3474725
C08623-K2,3474954
C08623-K2,3475094
C08623-K2,3475138
C08623-K2,3475176
C08623-K2,3476213
C08623-K2,3477626
C08623-K2,3477655
C08623-K2,3478285
C08623-K2,3480377
C08623-K2,3480528
C08623-K2,3481136
C08623-K2,3481256
C08623-K2,3481593
C08623-K2,3482097
C08623-K2,3483971
C08623-K2,3484005
C08623-K2,3484181
C08623-K2,3484252
C08623-K2,3484291
C08623-K2,3486897
C08623-K2,3487107
C08623-K2,3487397
C08623-K2,3487415
C08623-K2,3487470
C08623-K2,3487553
C08623-K2,3487570
C08623-K2,3487774
C08623-K2,3488462
C08623-K2,3488576
C08623-K2,3488795
C08623-K2,3489019
C08623-K2,3489784
C08623-K2,3491643
C08623-K2,3491680
C08623-K2,3492538
C08623-K2,3493772
C08623-K2,3494109
C08623-K2,3494675
C08623-K2,3495507
C08623-K2,3495547
C08623-K2,3495961
C08623-K2,3496839
C08623-K2,3497358
C08623-K2,3497812
C08623-K2,3497821
C08623-K2,3498613
C08623-K2,3498653
C08623-K2,3498654
C08623-K2,3498774
C08623-K2,3499168
C08623-K2,3499657
C08623-K2,3499956
C08623-K2,3500375
C08623-K2,3500440
C08623-K2,3501636
C08623-K2,3501732
C08623-K2,3501935
C08623-K2,3502203
C08623-K2,3502642
C08623-K2,3502669
C08623-K2,3503107
C08623-K2,3503552
C08623-K2,3505167
C08623-K2,3505880
C08623-K2,3508546
C08623-K2,3508946
C08623-K2,3509006
C08623-K2,3511482
C08623-K2,3511680
C08623-K2,3511806
C08623-K2,3512120
C08623-K2,3512424
C08623-K2,3512564
C08623-K2,3513150
C08623-K2,3513532
C08623-K2,3513666
C08623-K2,3513707
C08623-K2,3514370
C08623-K2,3514434
C08623-K2,3514634
C08623-K2,3514680
C08623-K2,3515483
C08623-K2,3515518
C08623-K2,3515993
C08623-K2,3516217
C08623-K2,3516400
C08623-K2,3517715
C08623-K2,3518388
C08623-K2,3518396
C08623-K2,3519576
C08623-K2,3519637
C08623-K2,3520952
C08623-K2,3520953
C08623-K2,3520980
C08623-K2,3521329
C08623-K2,3521522
C08623-K2,3521524
C08623-K2,3521628
C08623-K2,3521629
C08623-K2,3521781
C08623-K2,3521801
C08623-K2,3521954
C08623-K2,3522026
C08623-K2,3522790
C08623-K2,3523274
C08623-K2,3523351
C08623-K2,3523643
C08623-K2,3524444
C08623-K2,3524629
C08623-K2,3524740
C08623-K2,3525595
C08623-K2,3527130
C08623-K2,3527215
C08623-K2,3527397
C08623-K2,3527532
C08623-K2,3528392
C08623-K2,3528902
C08623-K2,3529041
C08623-K2,3529981
C08623-K2,3530056
C08623-K2,3530164
C08623-K2,3531019
C08623-K2,3531833
C08623-K2,3532138
C08623-K2,3532333
C08623-K2,3532926
C08623-K2,3533469
C08623-K2,3533601
C08623-K2,3533775
C08623-K2,3533776
C08623-K2,3533819
C08623-K2,3535845
C08623-K2,3535867
C08623-K2,3536124
C08623-K2,3536273
C08623-K2,3536605
C08623-K2,3536969
C08623-K2,3538124
C08623-K2,3538173
C08623-K2,3538604
C08623-K2,3538627
C08623-K2,3538693
C08623-K2,3538829
C08623-K2,3538932
C08623-K2,3538935
C08623-K2,3538969
C08623-K2,3538982
C08623-K2,3539095
C08623-K2,3539627
C08623-K2,3539644
C08623-K2,3539953
C08623-K2,3540145
C08623-K2,3540531
C08623-K2,3541543
C08623-K2,3542632
C08623-K2,3542771
C08623-K2,3544508
C08623-K2,3544543
C08623-K2,3544580
C08623-K2,3545340
C08623-K2,3545614
C08623-K2,3545877
C08623-K2,3545963
C08623-K2,3546646
C08623-K2,3546679
C08623-K2,3547463
C08623-K2,3548198
C08623-K2,3549866
C08623-K2,3550129
C08623-K2,3550490
C08623-K2,3550850
C08623-K2,3551324
C08623-K2,3551431
C08623-K2,3551885
C08623-K2,3551962
C08623-K2,3552354
C08623-K2,3552967
C08623-K2,3553434
C08623-K2,3553943
C08623-K2,3554014
C08623-K2,3554085
C08623-K2,3554119
C08623-K2,3554369
C08623-K2,3554488
C08623-K2,3554760
C08623-K2,3554791
C08623-K2,3555624
C08623-K2,3555813
C08623-K2,3555851
C08623-K2,3556403
C08623-K2,3556457
C08623-K2,3556512
C08623-K2,3556734
C08623-K2,3556817
C08623-K2,3556867
C08623-K2,3556870
C08623-K2,3556911
C08623-K2,3556947
C08623-K2,3557710
C08623-K2,3557755
C08623-K2,3561151
C08623-K2,3561287
C08623-K2,3561295
C08623-K2,3561337
C08623-K2,3561695
C08623-K2,3562238
C08623-K2,3562678
C08623-K2,3563774
C08623-K2,3563824
C08623-K2,3565312
C08623-K2,3565919
C08623-K2,3566111
C08623-K2,3566581
C08623-K2,3567298
C08623-K2,3568532
C08623-K2,3568991
C08623-K2,3569504
C08623-K2,3570088
C08623-K2,3571212
C08623-K2,3571464
C08623-K2,3572172
C08623-K2,3572363
C08623-K2,3572366
C08623-K2,3572453
C08623-K2,3572625
C08623-K2,3573032
C08623-K2,3573891
C08623-K2,3573919
C08623-K2,3574333
C08623-K2,3574801
C08623-K2,3575170
C08623-K2,3575547
C08623-K2,3576382
C08623-K2,3576769
C08623-K2,3576782
C08623-K2,3576784
C08623-K2,3578064
C08623-K2,3578447
C08623-K2,3578478
C08623-K2,3578772
C08623-K2,3579068
C08623-K2,3579661
C08623-K2,3579674
C08623-K2,3579817
C08623-K2,3580276
C08623-K2,3580458
C08623-K2,3580482
C08623-K2,3581017
C08623-K2,3581086
C08623-K2,3581374
C08623-K2,3582353
C08623-K2,3583171
C08623-K2,3583562
C08623-K2,3583753
C08623-K2,3583948
C08623-K2,3584530
C08623-K2,3584627
C08623-K2,3585001
C08623-K2,3585012
C08623-K2,3585360
C08623-K2,3586300
C08623-K2,3586311
C08623-K2,3586457
C08623-K2,3586813
C08623-K2,3586831
C08623-K2,3587110
C08623-K2,3587334
C08623-K2,3587551
C08623-K2,3587553
C08623-K2,3587557
C08623-K2,3588805
C08623-K2,3589331
C08623-K2,3589506
C08623-K2,3590084
C08737-K1,3457905
C08832-K1,3521454
C08833-K1,3462417
C08918-K2,3444960
C08918-K2,3449681
C08922-K1,3443973
C08922-K1,3443976
C08922-K1,3444025
C08924-K1,3532024
C08924-K1,3544575
C08943-K2,3527960
C08943-K2,3539357
C08962-K1,3535119
C08962-K1,3535232
C08962-K1,3535511
C08962-K1,3535514
C08962-K2,3517543
C08962-K2,3517887
C08962-K2,3519459
C08962-K2,3528588
C08962-K2,3530811
C08962-K2,3533276
C08962-K2,3534746
C08962-K2,3538019
C08962-K2,3538070
C08962-K2,3538526
C08962-K2,3538544
C08962-K2,3539054
C08962-K2,3539260
C08962-K2,3539261
C08962-K2,3539974
C08962-K2,3541619
C08962-K2,3541994
C08962-K2,3543293
C08962-K2,3544178
C08962-K2,3544239
C08962-K2,3544264
C08962-K2,3544309
C08962-K2,3544412
C08962-K2,3544464
C08962-K2,3544515
C08962-K2,3544571
C08962-K2,3545506
C08962-K2,3545633
C08962-K2,3545745
C08962-K2,3547361
C08962-K2,3548894
C08962-K2,3548931
C08962-K2,3551964
C08962-K2,3555199
C08962-K2,3557061
C08962-K2,3557106
C08962-K2,3557424
C08962-K2,3557435
C08962-K2,3559852
C08962-K2,3560371
C08962-K2,3560409
C08962-K2,3561933
C08962-K2,3564966
C08962-K2,3567242
C08962-K2,3574207
C08962-K2,3575160
C08989-K2,3435540
C08989-K2,3507806
C09049-K1,3470763
C09049-K1,3473050
C09132-K1,3438919
C09132-K1,3459427
C09165-K2,3446976
C09195-K1,3490289
C09241-K2,3451880
C09249-K1,3446803
C09251-K1,3531452
C09274-K1,3462216
C09274-K1,3465143
C09287-K1,3539433
C09289-K1,3559667
C09301-K2,3489717
C09340-K1,3538255
C09347-K1,3457994
C09354-K1,3512449
C09354-K1,3512451
C09354-K1,3521751
C09365-K2,3545734
C09443-K1,3485836
C09468-K2,3482924
C09468-K2,3482929
C09470-K1,3443495
C09471-K2,3439853
C09471-K2,3446338
C09471-K2,3450571
C09471-K2,3457236
C09471-K2,3465959
C09471-K2,3466013
C09514-K1,3548997
C09522-K1,3533724
C09565-K1,3459716
C09588-K1,3544623
C09589-K1,3438023
C09616-K1,3524668
C09657-K1,3523989
C09657-K2,3520045
C09657-K2,3523014
C09657-K2,3525320
C09657-K2,3525451
C09657-K2,3525717
C09657-K2,3525724
C09657-K2,3540953
C09657-K2,3542138
C09657-K2,3545840
C09657-K2,3545861
C09657-K2,3547448
C09657-K2,3547596
C09657-K2,3552923
C09657-K2,3552969
C09657-K2,3556732
C09657-K2,3576223
C09684-K1,3466969
C09742-K2,3543781
C09791-K1,3561445
C09791-K1,3561455
C09791-K1,3575690
C09800-K2,3534010
C09804-K1,3456958
C09835-K1,3558146
C09835-K1,3558184
C09835-K1,3558260
C09835-K1,3558263
C09854-K1,3452782
C09873-K1,3449874
C09873-K1,3543441
C09906-K1,3469068
C09906-K1,3478133
C09906-K1,3491793
C09933-K1,3314528
C09933-K1,3526283
C09933-K1,3526586
C09933-K1,3526854
C09933-K2,3002300
C09933-K2,3002431
C09933-K2,3002742
C09933-K2,3002926
C09933-K2,3002940
C09933-K2,3002976
C09933-K2,3002983
C09933-K2,3002998
C09933-K2,3003003
C09933-K2,3003004
C09933-K2,3003079
C09933-K2,3003147
C09933-K2,3003169
C09933-K2,3003637
C09933-K2,3003666
C09933-K2,3003696
C09933-K2,3003718
C09933-K2,3003924
C09933-K2,3003998
C09933-K2,3004094
C09933-K2,3004115
C09933-K2,3004122
C09933-K2,3004127
C09933-K2,3004271
C09933-K2,3004573
C09933-K2,3004785
C09933-K2,3005491
C09933-K2,3005720
C09933-K2,3005796
C09933-K2,3005835
C09933-K2,3005863
C09933-K2,3006255
C09933-K2,3006423
C09933-K2,3006447
C09933-K2,3006468
C09933-K2,3006526
C09933-K2,3006980
C09933-K2,3007244
C09933-K2,3007416
C09933-K2,3007759
C09933-K2,3008257
C09933-K2,3008768
C09933-K2,3008785
C09933-K2,3009109
C09933-K2,3009172
C09933-K2,3009239
C09933-K2,3009389
C09933-K2,3010071
C09933-K2,3010601
C09933-K2,3010652
C09933-K2,3010653
C09933-K2,3010729
C09933-K2,3010757
C09933-K2,3011085
C09933-K2,3011812
C09933-K2,3012051
C09933-K2,3012430
C09933-K2,3012540
C09933-K2,3013010
C09933-K2,3013237
C09933-K2,3013266
C09933-K2,3013308
C09933-K2,3013453
C09933-K2,3013636
C09933-K2,3013696
C09933-K2,3013744
C09933-K2,3013990
C09933-K2,3014038
C09933-K2,3014105
C09933-K2,3014415
C09933-K2,3015377
C09933-K2,3015586
C09933-K2,3015607
C09933-K2,3015695
C09933-K2,3016364
C09933-K2,3016517
C09933-K2,3016562
C09933-K2,3016626
C09933-K2,3016946
C09933-K2,3017004
C09933-K2,3017041
C09933-K2,3017067
C09933-K2,3017081
C09933-K2,3017145
C09933-K2,3017150
C09933-K2,3017245
C09933-K2,3017356
C09933-K2,3017366
C09933-K2,3017375
C09933-K2,3017442
C09933-K2,3017511
C09933-K2,3017590
C09933-K2,3017748
C09933-K2,3017957
C09933-K2,3018075
C09933-K2,3018165
C09933-K2,3018304
C09933-K2,3018455
C09933-K2,3018570
C09933-K2,3018581
C09933-K2,3018676
C09933-K2,3018705
C09933-K2,3018762
C09933-K2,3018804
C09933-K2,3018810
C09933-K2,3019179
C09933-K2,3019208
C09933-K2,3019337
C09933-K2,3019559
C09933-K2,3019770
C09933-K2,3020418
C09933-K2,3020489
C09933-K2,3020501
C09933-K2,3020535
C09933-K2,3020761
C09933-K2,3020847
C09933-K2,3020872
C09933-K2,3021063
C09933-K2,3021067
C09933-K2,3021906
C09933-K2,3022014
C09933-K2,3022602
C09933-K2,3022936
C09933-K2,3023044
C09933-K2,3023607
C09933-K2,3023933
C09933-K2,3024376
C09933-K2,3024998
C09933-K2,3025167
C09933-K2,3025328
C09933-K2,3026609
C09933-K2,3027118
C09933-K2,3027282
C09933-K2,3028542
C09933-K2,3029020
C09933-K2,3029137
C09933-K2,3029355
C09933-K2,3029551
C09933-K2,3029732
C09933-K2,3029800
C09933-K2,3030246
C09933-K2,3030542
C09933-K2,3030948
C09933-K2,3031390
C09933-K2,3031617
C09933-K2,3031666
C09933-K2,3031718
C09933-K2,3032755
C09933-K2,3032898
C09933-K2,3033207
C09933-K2,3033415
C09933-K2,3033489
C09933-K2,3033576
C09933-K2,3033705
C09933-K2,3033818
C09933-K2,3033970
C09933-K2,3034344
C09933-K2,3034826
C09933-K2,3035008
C09933-K2,3035123
C09933-K2,3035404
C09933-K2,3035514
C09933-K2,3035926
C09933-K2,3036187
C09933-K2,3037123
C09933-K2,3037275
C09933-K2,3037308
C09933-K2,3037763
C09933-K2,3037820
C09933-K2,3038361
C09933-K2,3038461
C09933-K2,3038513
C09933-K2,3038525
C09933-K2,3038891
C09933-K2,3038930
C09933-K2,3039202
C09933-K2,3039722
C09933-K2,3039770
C09933-K2,3039816
C09933-K2,3039822
C09933-K2,3040047
C09933-K2,3040075
C09933-K2,3040093
C09933-K2,3040110
C09933-K2,3040368
C09933-K2,3040485
C09933-K2,3040500
C09933-K2,3040904
C09933-K2,3041260
C09933-K2,3041327
C09933-K2,3041471
C09933-K2,3041757
C09933-K2,3041981
C09933-K2,3042087
C09933-K2,3042233
C09933-K2,3042471
C09933-K2,3042620
C09933-K2,3043069
C09933-K2,3043136
C09933-K2,3043535
C09933-K2,3043819
C09933-K2,3044089
C09933-K2,3044205
C09933-K2,3044242
C09933-K2,3044360
C09933-K2,3044570
C09933-K2,3044700
C09933-K2,3044701
C09933-K2,3045250
C09933-K2,3046042
C09933-K2,3046450
C09933-K2,3046789
C09933-K2,3047357
C09933-K2,3047667
C09933-K2,3047688
C09933-K2,3048446
C09933-K2,3048455
C09933-K2,3048473
C09933-K2,3048631
C09933-K2,3048655
C09933-K2,3048657
C09933-K2,3048658
C09933-K2,3048666
C09933-K2,3048700
C09933-K2,3048750
C09933-K2,3048793
C09933-K2,3049105
C09933-K2,3049133
C09933-K2,3049197
C09933-K2,3049271
C09933-K2,3050023
C09933-K2,3050974
C09933-K2,3051023
C09933-K2,3051040
C09933-K2,3051222
C09933-K2,3052161
C09933-K2,3052426
C09933-K2,3052439
C09933-K2,3052623
C09933-K2,3052750
C09933-K2,3052822
C09933-K2,3053579
C09933-K2,3053883
C09933-K2,3054468
C09933-K2,3054974
C09933-K2,3055063
C09933-K2,3055125
C09933-K2,3055143
C09933-K2,3055339
C09933-K2,3055363
C09933-K2,3055384
C09933-K2,3055413
C09933-K2,3055926
C09933-K2,3056073
C09933-K2,3056200
C09933-K2,3056929
C09933-K2,3056936
C09933-K2,3057432
C09933-K2,3057696
C09933-K2,3057705
C09933-K2,3057813
C09933-K2,3057830
C09933-K2,3057913
C09933-K2,3057931
C09933-K2,3058090
C09933-K2,3058097
C09933-K2,3058329
C09933-K2,3058451
C09933-K2,3058719
C09933-K2,3058830
C09933-K2,3059739
C09933-K2,3059799
C09933-K2,3059825
C09933-K2,3059864
C09933-K2,3059938
C09933-K2,3059943
C09933-K2,3060358
C09933-K2,3060368
C09933-K2,3060745
C09933-K2,3060754
C09933-K2,3061113
C09933-K2,3061156
C09933-K2,3061157
C09933-K2,3061222
C09933-K2,3061353
C09933-K2,3061425
C09933-K2,3061813
C09933-K2,3062039
C09933-K2,3062175
C09933-K2,3062522
C09933-K2,3062531
C09933-K2,3062935
C09933-K2,3063032
C09933-K2,3063507
C09933-K2,3063932
C09933-K2,3063989
C09933-K2,3063997
C09933-K2,3064077
C09933-K2,3064677
C09933-K2,3064928
C09933-K2,3065571
C09933-K2,3066275
C09933-K2,3066323
C09933-K2,3066870
C09933-K2,3066871
C09933-K2,3068032
C09933-K2,3068040
C09933-K2,3068252
C09933-K2,3068332
C09933-K2,3068608
C09933-K2,3068640
C09933-K2,3069110
C09933-K2,3069423
C09933-K2,3069476
C09933-K2,3069821
C09933-K2,3069974
C09933-K2,3070462
C09933-K2,3070569
C09933-K2,3070597
C09933-K2,3070779
C09933-K2,3070883
C09933-K2,3071109
C09933-K2,3071113
C09933-K2,3071340
C09933-K2,3071397
C09933-K2,3071436
C09933-K2,3071488
C09933-K2,3071537
C09933-K2,3071562
C09933-K2,3071789
C09933-K2,3072274
C09933-K2,3072422
C09933-K2,3072607
C09933-K2,3073400
C09933-K2,3074366
C09933-K2,3074509
C09933-K2,3074524
C09933-K2,3074621
C09933-K2,3074905
C09933-K2,3075111
C09933-K2,3075150
C09933-K2,3075440
C09933-K2,3075486
C09933-K2,3075757
C09933-K2,3076251
C09933-K2,3076463
C09933-K2,3076569
C09933-K2,3076695
C09933-K2,3077093
C09933-K2,3077473
C09933-K2,3077761
C09933-K2,3078023
C09933-K2,3078578
C09933-K2,3078700
C09933-K2,3079215
C09933-K2,3079226
C09933-K2,3080274
C09933-K2,3080305
C09933-K2,3080486
C09933-K2,3080543
C09933-K2,3081053
C09933-K2,3081149
C09933-K2,3081192
C09933-K2,3081318
C09933-K2,3081487
C09933-K2,3081522
C09933-K2,3081957
C09933-K2,3081999
C09933-K2,3082131
C09933-K2,3082268
C09933-K2,3082287
C09933-K2,3082907
C09933-K2,3082921
C09933-K2,3083011
C09933-K2,3083149
C09933-K2,3083922
C09933-K2,3084572
C09933-K2,3084810
C09933-K2,3085215
C09933-K2,3085528
C09933-K2,3085789
C09933-K2,3085924
C09933-K2,3086269
C09933-K2,3086389
C09933-K2,3086726
C09933-K2,3086913
C09933-K2,3087179
C09933-K2,3087389
C09933-K2,3088046
C09933-K2,3088334
C09933-K2,3089047
C09933-K2,3089495
C09933-K2,3089887
C09933-K2,3090093
C09933-K2,3090130
C09933-K2,3090553
C09933-K2,3090659
C09933-K2,3090799
C09933-K2,3091082
C09933-K2,3091172
C09933-K2,3091426
C09933-K2,3091530
C09933-K2,3091531
C09933-K2,3092675
C09933-K2,3092681
C09933-K2,3092913
C09933-K2,3093333
C09933-K2,3093458
C09933-K2,3093513
C09933-K2,3093654
C09933-K2,3094479
C09933-K2,3094492
C09933-K2,3094583
C09933-K2,3094900
C09933-K2,3095349
C09933-K2,3095449
C09933-K2,3095785
C09933-K2,3095841
C09933-K2,3095913
C09933-K2,3096556
C09933-K2,3096635
C09933-K2,3096883
C09933-K2,3097003
C09933-K2,3097244
C09933-K2,3097357
C09933-K2,3097405
C09933-K2,3097755
C09933-K2,3097870
C09933-K2,3097999
C09933-K2,3098197
C09933-K2,3098267
C09933-K2,3098323
C09933-K2,3098491
C09933-K2,3098788
C09933-K2,3099197
C09933-K2,3099214
C09933-K2,3099423
C09933-K2,3099850
C09933-K2,3099852
C09933-K2,3100127
C09933-K2,3100192
C09933-K2,3100307
C09933-K2,3100379
C09933-K2,3100986
C09933-K2,3101034
C09933-K2,3101379
C09933-K2,3102639
C09933-K2,3102725
C09933-K2,3103066
C09933-K2,3103524
C09933-K2,3103631
C09933-K2,3103759
C09933-K2,3103771
C09933-K2,3103853
C09933-K2,3103887
C09933-K2,3103954
C09933-K2,3104463
C09933-K2,3104862
C09933-K2,3104906
C09933-K2,3105137
C09933-K2,3105854
C09933-K2,3105857
C09933-K2,3106340
C09933-K2,3106504
C09933-K2,3106578
C09933-K2,3106620
C09933-K2,3106627
C09933-K2,3106718
C09933-K2,3106732
C09933-K2,3107111
C09933-K2,3107117
C09933-K2,3107296
C09933-K2,3107314
C09933-K2,3107561
C09933-K2,3107699
C09933-K2,3107712
C09933-K2,3107869
C09933-K2,3108035
C09933-K2,3108041
C09933-K2,3108224
C09933-K2,3108741
C09933-K2,3108749
C09933-K2,3109010
C09933-K2,3109023
C09933-K2,3109491
C09933-K2,3109545
C09933-K2,3109773
C09933-K2,3109848
C09933-K2,3109973
C09933-K2,3110015
C09933-K2,3110108
C09933-K2,3110128
C09933-K2,3110135
C09933-K2,3110156
C09933-K2,3110220
C09933-K2,3110470
C09933-K2,3110642
C09933-K2,3110770
C09933-K2,3110882
C09933-K2,3110968
C09933-K2,3111053
C09933-K2,3111262
C09933-K2,3111298
C09933-K2,3111394
C09933-K2,3111542
C09933-K2,3111620
C09933-K2,3111659
C09933-K2,3111692
C09933-K2,3111782
C09933-K2,3111796
C09933-K2,3112010
C09933-K2,3112073
C09933-K2,3112255
C09933-K2,3112382
C09933-K2,3113250
C09933-K2,3113337
C09933-K2,3113522
C09933-K2,3113859
C09933-K2,3114018
C09933-K2,3114927
C09933-K2,3114965
C09933-K2,3115154
C09933-K2,3115414
C09933-K2,3115823
C09933-K2,3116044
C09933-K2,3116067
C09933-K2,3117077
C09933-K2,3117988
C09933-K2,3118262
C09933-K2,3118788
C09933-K2,3118996
C09933-K2,3119477
C09933-K2,3119808
C09933-K2,3120145
C09933-K2,3120311
C09933-K2,3120480
C09933-K2,3120581
C09933-K2,3121469
C09933-K2,3121485
C09933-K2,3121761
C09933-K2,3121891
C09933-K2,3122186
C09933-K2,3122639
C09933-K2,3122893
C09933-K2,3122926
C09933-K2,3122930
C09933-K2,3123330
C09933-K2,3123365
C09933-K2,3123376
C09933-K2,3124080
C09933-K2,3124125
C09933-K2,3124684
C09933-K2,3125057
C09933-K2,3125077
C09933-K2,3125366
C09933-K2,3125754
C09933-K2,3125940
C09933-K2,3126007
C09933-K2,3126309
C09933-K2,3126369
C09933-K2,3126433
C09933-K2,3127320
C09933-K2,3127437
C09933-K2,3127553
C09933-K2,3127640
C09933-K2,3127890
C09933-K2,3128157
C09933-K2,3128185
C09933-K2,3128335
C09933-K2,3128403
C09933-K2,3128409
C09933-K2,3128457
C09933-K2,3128491
C09933-K2,3128563
C09933-K2,3129064
C09933-K2,3129100
C09933-K2,3129109
C09933-K2,3129117
C09933-K2,3129453
C09933-K2,3129566
C09933-K2,3129604
C09933-K2,3129746
C09933-K2,3129898
C09933-K2,3129914
C09933-K2,3130044
C09933-K2,3130195
C09933-K2,3130270
C09933-K2,3130355
C09933-K2,3130383
C09933-K2,3130476
C09933-K2,3130550
C09933-K2,3130553
C09933-K2,3130567
C09933-K2,3130593
C09933-K2,3130896
C09933-K2,3130930
C09933-K2,3131038
C09933-K2,3131432
C09933-K2,3131496
C09933-K2,3132247
C09933-K2,3132248
C09933-K2,3132479
C09933-K2,3132819
C09933-K2,3133061
C09933-K2,3133543
C09933-K2,3133814
C09933-K2,3133829
C09933-K2,3133861
C09933-K2,3133874
C09933-K2,3133898
C09933-K2,3134031
C09933-K2,3134487
C09933-K2,3134585
C09933-K2,3134759
C09933-K2,3135089
C09933-K2,3135090
C09933-K2,3135373
C09933-K2,3135827
C09933-K2,3136409
C09933-K2,3136775
C09933-K2,3136968
C09933-K2,3137201
C09933-K2,3138346
C09933-K2,3139178
C09933-K2,3139667
C09933-K2,3139786
C09933-K2,3139989
C09933-K2,3140027
C09933-K2,3140124
C09933-K2,3140167
C09933-K2,3140702
C09933-K2,3141120
C09933-K2,3141552
C09933-K2,3141874
C09933-K2,3141994
C09933-K2,3142101
C09933-K2,3142125
C09933-K2,3142134
C09933-K2,3142177
C09933-K2,3142594
C09933-K2,3142900
C09933-K2,3143118
C09933-K2,3143295
C09933-K2,3143350
C09933-K2,3143626
C09933-K2,3143665
C09933-K2,3144012
C09933-K2,3144198
C09933-K2,3144487
C09933-K2,3144523
C09933-K2,3144570
C09933-K2,3144708
C09933-K2,3144712
C09933-K2,3144728
C09933-K2,3144753
C09933-K2,3144761
C09933-K2,3144812
C09933-K2,3145052
C09933-K2,3145200
C09933-K2,3145266
C09933-K2,3145295
C09933-K2,3145377
C09933-K2,3145598
C09933-K2,3145601
C09933-K2,3145675
C09933-K2,3145735
C09933-K2,3145808
C09933-K2,3145869
C09933-K2,3145939
C09933-K2,3145955
C09933-K2,3146330
C09933-K2,3146757
C09933-K2,3147386
C09933-K2,3147947
C09933-K2,3147965
C09933-K2,3148373
C09933-K2,3148537
C09933-K2,3148609
C09933-K2,3148653
C09933-K2,3148713
C09933-K2,3148741
C09933-K2,3150835
C09933-K2,3151347
C09933-K2,3151781
C09933-K2,3151868
C09933-K2,3151889
C09933-K2,3152114
C09933-K2,3152157
C09933-K2,3152183
C09933-K2,3152205
C09933-K2,3152484
C09933-K2,3152733
C09933-K2,3153014
C09933-K2,3153213
C09933-K2,3153251
C09933-K2,3153301
C09933-K2,3153754
C09933-K2,3153840
C09933-K2,3153855
C09933-K2,3154377
C09933-K2,3154444
C09933-K2,3154902
C09933-K2,3154915
C09933-K2,3155163
C09933-K2,3155534
C09933-K2,3155847
C09933-K2,3155924
C09933-K2,3156014
C09933-K2,3156075
C09933-K2,3156411
C09933-K2,3156418
C09933-K2,3156450
C09933-K2,3156681
C09933-K2,3156827
C09933-K2,3157061
C09933-K2,3157386
C09933-K2,3157502
C09933-K2,3157670
C09933-K2,3157890
C09933-K2,3157917
C09933-K2,3158887
C09933-K2,3159021
C09933-K2,3160124
C09933-K2,3160285
C09933-K2,3160465
C09933-K2,3160533
C09933-K2,3160611
C09933-K2,3160644
C09933-K2,3160662
C09933-K2,3160698
C09933-K2,3161022
C09933-K2,3161063
C09933-K2,3161207
C09933-K2,3161467
C09933-K2,3161660
C09933-K2,3162383
C09933-K2,3163023
C09933-K2,3163332
C09933-K2,3163347
C09933-K2,3163356
C09933-K2,3163429
C09933-K2,3163440
C09933-K2,3163814
C09933-K2,3163891
C09933-K2,3164065
C09933-K2,3164227
C09933-K2,3164275
C09933-K2,3164382
C09933-K2,3164739
C09933-K2,3165426
C09933-K2,3165477
C09933-K2,3165512
C09933-K2,3166231
C09933-K2,3166542
C09933-K2,3166879
C09933-K2,3166972
C09933-K2,3167288
C09933-K2,3167448
C09933-K2,3167496
C09933-K2,3167600
C09933-K2,3167814
C09933-K2,3167878
C09933-K2,3168007
C09933-K2,3168055
C09933-K2,3168231
C09933-K2,3168502
C09933-K2,3169000
C09933-K2,3169008
C09933-K2,3169322
C09933-K2,3169388
C09933-K2,3169720
C09933-K2,3169778
C09933-K2,3169905
C09933-K2,3170496
C09933-K2,3170516
C09933-K2,3170630
C09933-K2,3170658
C09933-K2,3170733
C09933-K2,3170896
C09933-K2,3171381
C09933-K2,3171428
C09933-K2,3171445
C09933-K2,3171455
C09933-K2,3171835
C09933-K2,3172132
C09933-K2,3172183
C09933-K2,3172408
C09933-K2,3172527
C09933-K2,3172861
C09933-K2,3173112
C09933-K2,3173155
C09933-K2,3173269
C09933-K2,3173288
C09933-K2,3173360
C09933-K2,3173581
C09933-K2,3173603
C09933-K2,3173632
C09933-K2,3173893
C09933-K2,3173942
C09933-K2,3173954
C09933-K2,3173964
C09933-K2,3174009
C09933-K2,3174010
C09933-K2,3174042
C09933-K2,3174112
C09933-K2,3174240
C09933-K2,3174743
C09933-K2,3174875
C09933-K2,3174941
C09933-K2,3174962
C09933-K2,3175240
C09933-K2,3175290
C09933-K2,3175521
C09933-K2,3175885
C09933-K2,3177278
C09933-K2,3177356
C09933-K2,3177415
C09933-K2,3177700
C09933-K2,3177920
C09933-K2,3178262
C09933-K2,3178812
C09933-K2,3179044
C09933-K2,3179059
C09933-K2,3179136
C09933-K2,3179249
C09933-K2,3179587
C09933-K2,3179621
C09933-K2,3179740
C09933-K2,3179888
C09933-K2,3180282
C09933-K2,3180587
C09933-K2,3180868
C09933-K2,3180970
C09933-K2,3181176
C09933-K2,3181381
C09933-K2,3181609
C09933-K2,3181633
C09933-K2,3181701
C09933-K2,3181706
C09933-K2,3182016
C09933-K2,3182587
C09933-K2,3183048
C09933-K2,3183049
C09933-K2,3183204
C09933-K2,3183322
C09933-K2,3183460
C09933-K2,3183464
C09933-K2,3183895
C09933-K2,3183988
C09933-K2,3184067
C09933-K2,3184159
C09933-K2,3184177
C09933-K2,3184202
C09933-K2,3184354
C09933-K2,3184364
C09933-K2,3184408
C09933-K2,3184531
C09933-K2,3184553
C09933-K2,3184597
C09933-K2,3184821
C09933-K2,3184998
C09933-K2,3185140
C09933-K2,3185337
C09933-K2,3185752
C09933-K2,3186127
C09933-K2,3186360
C09933-K2,3186578
C09933-K2,3187029
C09933-K2,3187047
C09933-K2,3187123
C09933-K2,3187568
C09933-K2,3187600
C09933-K2,3188165
C09933-K2,3188368
C09933-K2,3188390
C09933-K2,3188991
C09933-K2,3189072
C09933-K2,3189086
C09933-K2,3189257
C09933-K2,3189310
C09933-K2,3189535
C09933-K2,3189814
C09933-K2,3189882
C09933-K2,3190249
C09933-K2,3190272
C09933-K2,3190316
C09933-K2,3190635
C09933-K2,3190920
C09933-K2,3190959
C09933-K2,3190964
C09933-K2,3191050
C09933-K2,3191431
C09933-K2,3191916
C09933-K2,3192868
C09933-K2,3193539
C09933-K2,3193736
C09933-K2,3193904
C09933-K2,3194825
C09933-K2,3194836
C09933-K2,3194846
C09933-K2,3195135
C09933-K2,3195375
C09933-K2,3195731
C09933-K2,3195942
C09933-K2,3195949
C09933-K2,3196432
C09933-K2,3196449
C09933-K2,3196460
C09933-K2,3196730
C09933-K2,3196915
C09933-K2,3196973
C09933-K2,3197197
C09933-K2,3197209
C09933-K2,3197260
C09933-K2,3197455
C09933-K2,3197783
C09933-K2,3197830
C09933-K2,3197863
C09933-K2,3198091
C09933-K2,3198573
C09933-K2,3198598
C09933-K2,3198788
C09933-K2,3198844
C09933-K2,3199078
C09933-K2,3199250
C09933-K2,3199263
C09933-K2,3199300
C09933-K2,3199657
C09933-K2,3199935
C09933-K2,3200227
C09933-K2,3200273
C09933-K2,3200315
C09933-K2,3200327
C09933-K2,3200337
C09933-K2,3200414
C09933-K2,3200432
C09933-K2,3200490
C09933-K2,3200529
C09933-K2,3200562
C09933-K2,3200797
C09933-K2,3200851
C09933-K2,3201254
C09933-K2,3201258
C09933-K2,3201347
C09933-K2,3201506
C09933-K2,3201598
C09933-K2,3201927
C09933-K2,3202331
C09933-K2,3202341
C09933-K2,3202556
C09933-K2,3202636
C09933-K2,3202679
C09933-K2,3202774
C09933-K2,3202834
C09933-K2,3202926
C09933-K2,3203067
C09933-K2,3203181
C09933-K2,3203195
C09933-K2,3203296
C09933-K2,3203438
C09933-K2,3203707
C09933-K2,3203784
C09933-K2,3204575
C09933-K2,3204606
C09933-K2,3204753
C09933-K2,3204809
C09933-K2,3205295
C09933-K2,3205403
C09933-K2,3205436
C09933-K2,3205489
C09933-K2,3205496
C09933-K2,3205526
C09933-K2,3205557
C09933-K2,3205867
C09933-K2,3206187
C09933-K2,3206350
C09933-K2,3206916
C09933-K2,3207069
C09933-K2,3207107
C09933-K2,3207191
C09933-K2,3207206
C09933-K2,3207305
C09933-K2,3207326
C09933-K2,3207387
C09933-K2,3207469
C09933-K2,3207723
C09933-K2,3208513
C09933-K2,3208790
C09933-K2,3208845
C09933-K2,3208929
C09933-K2,3209012
C09933-K2,3209059
C09933-K2,3209108
C09933-K2,3209240
C09933-K2,3209965
C09933-K2,3210481
C09933-K2,3210518
C09933-K2,3210594
C09933-K2,3210682
C09933-K2,3210687
C09933-K2,3210697
C09933-K2,3210945
C09933-K2,3210977
C09933-K2,3211002
C09933-K2,3211003
C09933-K2,3211457
C09933-K2,3211491
C09933-K2,3211649
C09933-K2,3212851
C09933-K2,3213055
C09933-K2,3213106
C09933-K2,3213131
C09933-K2,3213260
C09933-K2,3213435
C09933-K2,3213469
C09933-K2,3213594
C09933-K2,3215124
C09933-K2,3215295
C09933-K2,3215431
C09933-K2,3215504
C09933-K2,3215616
C09933-K2,3215675
C09933-K2,3215680
C09933-K2,3215778
C09933-K2,3215880
C09933-K2,3216333
C09933-K2,3216578
C09933-K2,3216977
C09933-K2,3217059
C09933-K2,3217200
C09933-K2,3217514
C09933-K2,3217717
C09933-K2,3217993
C09933-K2,3218281
C09933-K2,3218388
C09933-K2,3218663
C09933-K2,3218944
C09933-K2,3219051
C09933-K2,3219090
C09933-K2,3220110
C09933-K2,3220136
C09933-K2,3220172
C09933-K2,3220174
C09933-K2,3220253
C09933-K2,3220265
C09933-K2,3220456
C09933-K2,3220541
C09933-K2,3220832
C09933-K2,3221067
C09933-K2,3221075
C09933-K2,3221145
C09933-K2,3221339
C09933-K2,3221489
C09933-K2,3221559
C09933-K2,3221753
C09933-K2,3221880
C09933-K2,3222126
C09933-K2,3222138
C09933-K2,3222179
C09933-K2,3223005
C09933-K2,3223023
C09933-K2,3223035
C09933-K2,3223124
C09933-K2,3223138
C09933-K2,3223625
C09933-K2,3223681
C09933-K2,3223710
C09933-K2,3224239
C09933-K2,3224290
C09933-K2,3224452
C09933-K2,3224564
C09933-K2,3224570
C09933-K2,3224574
C09933-K2,3224676
C09933-K2,3224796
C09933-K2,3225010
C09933-K2,3225693
C09933-K2,3226155
C09933-K2,3226819
C09933-K2,3227175
C09933-K2,3227323
C09933-K2,3227703
C09933-K2,3227774
C09933-K2,3227810
C09933-K2,3228043
C09933-K2,3228324
C09933-K2,3229746
C09933-K2,3230450
C09933-K2,3230458
C09933-K2,3230678
C09933-K2,3230964
C09933-K2,3230999
C09933-K2,3231035
C09933-K2,3231074
C09933-K2,3231250
C09933-K2,3231445
C09933-K2,3231460
C09933-K2,3231547
C09933-K2,3231890
C09933-K2,3232262
C09933-K2,3232264
C09933-K2,3232504
C09933-K2,3233017
C09933-K2,3233196
C09933-K2,3233416
C09933-K2,3233538
C09933-K2,3233655
C09933-K2,3234314
C09933-K2,3234354
C09933-K2,3234406
C09933-K2,3234558
C09933-K2,3234590
C09933-K2,3235532
C09933-K2,3235562
C09933-K2,3235590
C09933-K2,3235893
C09933-K2,3236418
C09933-K2,3236465
C09933-K2,3236576
C09933-K2,3236624
C09933-K2,3236671
C09933-K2,3236797
C09933-K2,3236811
C09933-K2,3237249
C09933-K2,3237544
C09933-K2,3237854
C09933-K2,3237897
C09933-K2,3237923
C09933-K2,3237937
C09933-K2,3238020
C09933-K2,3238422
C09933-K2,3238573
C09933-K2,3239220
C09933-K2,3239476
C09933-K2,3239498
C09933-K2,3239787
C09933-K2,3240140
C09933-K2,3240195
C09933-K2,3240215
C09933-K2,3240245
C09933-K2,3240583
C09933-K2,3241093
C09933-K2,3241528
C09933-K2,3241674
C09933-K2,3241730
C09933-K2,3241753
C09933-K2,3242016
C09933-K2,3242165
C09933-K2,3242182
C09933-K2,3242931
C09933-K2,3243259
C09933-K2,3244155
C09933-K2,3244390
C09933-K2,3244642
C09933-K2,3244679
C09933-K2,3244891
C09933-K2,3245167
C09933-K2,3245174
C09933-K2,3245397
C09933-K2,3245520
C09933-K2,3245875
C09933-K2,3245947
C09933-K2,3246081
C09933-K2,3246179
C09933-K2,3246266
C09933-K2,3246526
C09933-K2,3246599
C09933-K2,3246630
C09933-K2,3246857
C09933-K2,3247203
C09933-K2,3247410
C09933-K2,3247709
C09933-K2,3247746
C09933-K2,3248022
C09933-K2,3248027
C09933-K2,3248234
C09933-K2,3248379
C09933-K2,3248446
C09933-K2,3248453
C09933-K2,3248612
C09933-K2,3248884
C09933-K2,3248918
C09933-K2,3249121
C09933-K2,3249605
C09933-K2,3249670
C09933-K2,3249732
C09933-K2,3249797
C09933-K2,3250223
C09933-K2,3250424
C09933-K2,3250451
C09933-K2,3250514
C09933-K2,3250664
C09933-K2,3250707
C09933-K2,3251522
C09933-K2,3251591
C09933-K2,3252446
C09933-K2,3252497
C09933-K2,3252759
C09933-K2,3253038
C09933-K2,3253059
C09933-K2,3253320
C09933-K2,3253410
C09933-K2,3253412
C09933-K2,3253484
C09933-K2,3253679
C09933-K2,3254188
C09933-K2,3254979
C09933-K2,3255174
C09933-K2,3255212
C09933-K2,3255289
C09933-K2,3255381
C09933-K2,3255549
C09933-K2,3256168
C09933-K2,3256205
C09933-K2,3256630
C09933-K2,3256631
C09933-K2,3256675
C09933-K2,3256733
C09933-K2,3257183
C09933-K2,3257187
C09933-K2,3257571
C09933-K2,3257630
C09933-K2,3258394
C09933-K2,3259343
C09933-K2,3259585
C09933-K2,3259610
C09933-K2,3259623
C09933-K2,3259625
C09933-K2,3259735
C09933-K2,3259819
C09933-K2,3260022
C09933-K2,3260538
C09933-K2,3260571
C09933-K2,3260591
C09933-K2,3260601
C09933-K2,3260604
C09933-K2,3260751
C09933-K2,3261016
C09933-K2,3261184
C09933-K2,3261300
C09933-K2,3261373
C09933-K2,3262032
C09933-K2,3262275
C09933-K2,3262300
C09933-K2,3262369
C09933-K2,3262432
C09933-K2,3262625
C09933-K2,3263263
C09933-K2,3263571
C09933-K2,3263904
C09933-K2,3264054
C09933-K2,3264513
C09933-K2,3264726
C09933-K2,3264773
C09933-K2,3264819
C09933-K2,3264942
C09933-K2,3265183
C09933-K2,3265550
C09933-K2,3265587
C09933-K2,3266539
C09933-K2,3267336
C09933-K2,3267659
C09933-K2,3267782
C09933-K2,3268016
C09933-K2,3268169
C09933-K2,3268439
C09933-K2,3268678
C09933-K2,3268962
C09933-K2,3269079
C09933-K2,3269208
C09933-K2,3270291
C09933-K2,3270355
C09933-K2,3270748
C09933-K2,3270771
C09933-K2,3271303
C09933-K2,3271344
C09933-K2,3271367
C09933-K2,3271405
C09933-K2,3271424
C09933-K2,3271481
C09933-K2,3271652
C09933-K2,3271698
C09933-K2,3271713
C09933-K2,3272424
C09933-K2,3272451
C09933-K2,3272460
C09933-K2,3272466
C09933-K2,3273128
C09933-K2,3273611
C09933-K2,3273697
C09933-K2,3274366
C09933-K2,3274507
C09933-K2,3274781
C09933-K2,3274799
C09933-K2,3274830
C09933-K2,3275397
C09933-K2,3275416
C09933-K2,3275533
C09933-K2,3275814
C09933-K2,3276584
C09933-K2,3276590
C09933-K2,3276892
C09933-K2,3277413
C09933-K2,3277423
C09933-K2,3277847
C09933-K2,3277850
C09933-K2,3277963
C09933-K2,3278461
C09933-K2,3278676
C09933-K2,3279313
C09933-K2,3279552
C09933-K2,3279561
C09933-K2,3279591
C09933-K2,3279962
C09933-K2,3280095
C09933-K2,3280308
C09933-K2,3280551
C09933-K2,3281217
C09933-K2,3281367
C09933-K2,3282280
C09933-K2,3282327
C09933-K2,3283068
C09933-K2,3283555
C09933-K2,3283964
C09933-K2,3284606
C09933-K2,3284741
C09933-K2,3284768
C09933-K2,3284783
C09933-K2,3284846
C09933-K2,3284945
C09933-K2,3285407
C09933-K2,3285857
C09933-K2,3286035
C09933-K2,3286189
C09933-K2,3286346
C09933-K2,3286463
C09933-K2,3286531
C09933-K2,3286565
C09933-K2,3286857
C09933-K2,3287136
C09933-K2,3287147
C09933-K2,3287580
C09933-K2,3288159
C09933-K2,3288463
C09933-K2,3288682
C09933-K2,3288905
C09933-K2,3289022
C09933-K2,3289137
C09933-K2,3289302
C09933-K2,3289305
C09933-K2,3289508
C09933-K2,3289808
C09933-K2,3289877
C09933-K2,3290115
C09933-K2,3290457
C09933-K2,3290473
C09933-K2,3290536
C09933-K2,3290565
C09933-K2,3290620
C09933-K2,3290744
C09933-K2,3290859
C09933-K2,3290937
C09933-K2,3290967
C09933-K2,3291457
C09933-K2,3291481
C09933-K2,3291590
C09933-K2,3292368
C09933-K2,3292649
C09933-K2,3292731
C09933-K2,3292937
C09933-K2,3293928
C09933-K2,3294426
C09933-K2,3294766
C09933-K2,3294801
C09933-K2,3295199
C09933-K2,3295373
C09933-K2,3295481
C09933-K2,3296215
C09933-K2,3296389
C09933-K2,3296440
C09933-K2,3296705
C09933-K2,3296727
C09933-K2,3296752
C09933-K2,3296805
C09933-K2,3297076
C09933-K2,3297221
C09933-K2,3297370
C09933-K2,3297628
C09933-K2,3297657
C09933-K2,3297674
C09933-K2,3298608
C09933-K2,3298831
C09933-K2,3299138
C09933-K2,3299146
C09933-K2,3299379
C09933-K2,3299579
C09933-K2,3299775
C09933-K2,3300667
C09933-K2,3300729
C09933-K2,3300749
C09933-K2,3301922
C09933-K2,3302499
C09933-K2,3302692
C09933-K2,3303968
C09933-K2,3304612
C09933-K2,3304615
C09933-K2,3305041
C09933-K2,3305173
C09933-K2,3305198
C09933-K2,3305219
C09933-K2,3305238
C09933-K2,3305270
C09933-K2,3305698
C09933-K2,3306013
C09933-K2,3306234
C09933-K2,3306461
C09933-K2,3306593
C09933-K2,3306701
C09933-K2,3306844
C09933-K2,3307068
C09933-K2,3307207
C09933-K2,3307243
C09933-K2,3307382
C09933-K2,3307431
C09933-K2,3307844
C09933-K2,3307852
C09933-K2,3308275
C09933-K2,3308710
C09933-K2,3308768
C09933-K2,3308958
C09933-K2,3309174
C09933-K2,3309356
C09933-K2,3309362
C09933-K2,3309415
C09933-K2,3309664
C09933-K2,3309752
C09933-K2,3309804
C09933-K2,3310060
C09933-K2,3310144
C09933-K2,3310166
C09933-K2,3310202
C09933-K2,3310391
C09933-K2,3310474
C09933-K2,3310561
C09933-K2,3310610
C09933-K2,3311132
C09933-K2,3311302
C09933-K2,3311561
C09933-K2,3311806
C09933-K2,3312264
C09933-K2,3312697
C09933-K2,3312903
C09933-K2,3313577
C09933-K2,3313688
C09933-K2,3313805
C09933-K2,3313874
C09933-K2,3313884
C09933-K2,3313978
C09933-K2,3314037
C09933-K2,3314647
C09933-K2,3315714
C09933-K2,3315957
C09933-K2,3315960
C09933-K2,3316006
C09933-K2,3316148
C09933-K2,3316159
C09933-K2,3316172
C09933-K2,3316182
C09933-K2,3316198
C09933-K2,3316251
C09933-K2,3316253
C09933-K2,3316385
C09933-K2,3316849
C09933-K2,3317336
C09933-K2,3317398
C09933-K2,3317412
C09933-K2,3317455
C09933-K2,3318110
C09933-K2,3318357
C09933-K2,3318524
C09933-K2,3318565
C09933-K2,3318628
C09933-K2,3318695
C09933-K2,3318707
C09933-K2,3318714
C09933-K2,3318718
C09933-K2,3319070
C09933-K2,3319438
C09933-K2,3319914
C09933-K2,3320200
C09933-K2,3320795
C09933-K2,3321367
C09933-K2,3321928
C09933-K2,3322129
C09933-K2,3322200
C09933-K2,3322278
C09933-K2,3322544
C09933-K2,3322690
C09933-K2,3322706
C09933-K2,3322750
C09933-K2,3322828
C09933-K2,3322905
C09933-K2,3323380
C09933-K2,3323388
C09933-K2,3323489
C09933-K2,3323581
C09933-K2,3323590
C09933-K2,3323749
C09933-K2,3323805
C09933-K2,3323819
C09933-K2,3323859
C09933-K2,3323864
C09933-K2,3323998
C09933-K2,3324075
C09933-K2,3324135
C09933-K2,3324180
C09933-K2,3324247
C09933-K2,3324461
C09933-K2,3324542
C09933-K2,3324722
C09933-K2,3325495
C09933-K2,3325599
C09933-K2,3325612
C09933-K2,3325643
C09933-K2,3325652
C09933-K2,3325881
C09933-K2,3325951
C09933-K2,3325992
C09933-K2,3326083
C09933-K2,3326180
C09933-K2,3326580
C09933-K2,3326638
C09933-K2,3326698
C09933-K2,3327487
C09933-K2,3328205
C09933-K2,3328397
C09933-K2,3328554
C09933-K2,3328736
C09933-K2,3328784
C09933-K2,3328968
C09933-K2,3329310
C09933-K2,3329544
C09933-K2,3329892
C09933-K2,3330082
C09933-K2,3330848
C09933-K2,3330871
C09933-K2,3330892
C09933-K2,3330918
C09933-K2,3331584
C09933-K2,3331700
C09933-K2,3332066
C09933-K2,3332739
C09933-K2,3332773
C09933-K2,3332883
C09933-K2,3333236
C09933-K2,3333251
C09933-K2,3333288
C09933-K2,3333337
C09933-K2,3333410
C09933-K2,3333807
C09933-K2,3333848
C09933-K2,3333932
C09933-K2,3333939
C09933-K2,3333944
C09933-K2,3334007
C09933-K2,3334077
C09933-K2,3334130
C09933-K2,3334143
C09933-K2,3334268
C09933-K2,3334325
C09933-K2,3334338
C09933-K2,3334431
C09933-K2,3334885
C09933-K2,3334892
C09933-K2,3334916
C09933-K2,3335017
C09933-K2,3335093
C09933-K2,3335222
C09933-K2,3335227
C09933-K2,3335240
C09933-K2,3335423
C09933-K2,3336073
C09933-K2,3336243
C09933-K2,3336724
C09933-K2,3336831
C09933-K2,3337470
C09933-K2,3337734
C09933-K2,3337901
C09933-K2,3338486
C09933-K2,3338814
C09933-K2,3338878
C09933-K2,3339106
C09933-K2,3339475
C09933-K2,3339765
C09933-K2,3339988
C09933-K2,3341015
C09933-K2,3341267
C09933-K2,3342424
C09933-K2,3343587
C09933-K2,3343872
C09933-K2,3344068
C09933-K2,3344340
C09933-K2,3344415
C09933-K2,3344480
C09933-K2,3344514
C09933-K2,3344960
C09933-K2,3345013
C09933-K2,3345322
C09933-K2,3345580
C09933-K2,3346263
C09933-K2,3346371
C09933-K2,3346407
C09933-K2,3346892
C09933-K2,3347174
C09933-K2,3347639
C09933-K2,3347905
C09933-K2,3347930
C09933-K2,3348227
C09933-K2,3348594
C09933-K2,3349019
C09933-K2,3349106
C09933-K2,3349851
C09933-K2,3350101
C09933-K2,3350128
C09933-K2,3350139
C09933-K2,3350352
C09933-K2,3350485
C09933-K2,3350508
C09933-K2,3351330
C09933-K2,3351427
C09933-K2,3351517
C09933-K2,3351840
C09933-K2,3351889
C09933-K2,3351934
C09933-K2,3351979
C09933-K2,3352215
C09933-K2,3352882
C09933-K2,3353135
C09933-K2,3353370
C09933-K2,3353632
C09933-K2,3354008
C09933-K2,3354431
C09933-K2,3355075
C09933-K2,3355197
C09933-K2,3355214
C09933-K2,3355296
C09933-K2,3355954
C09933-K2,3356275
C09933-K2,3356335
C09933-K2,3356561
C09933-K2,3356670
C09933-K2,3356908
C09933-K2,3356926
C09933-K2,3357004
C09933-K2,3357058
C09933-K2,3357181
C09933-K2,3357183
C09933-K2,3357184
C09933-K2,3357271
C09933-K2,3357535
C09933-K2,3358261
C09933-K2,3358343
C09933-K2,3358442
C09933-K2,3359939
C09933-K2,3359981
C09933-K2,3360025
C09933-K2,3360131
C09933-K2,3360193
C09933-K2,3360213
C09933-K2,3360280
C09933-K2,3360501
C09933-K2,3360882
C09933-K2,3361076
C09933-K2,3361208
C09933-K2,3361762
C09933-K2,3361780
C09933-K2,3362016
C09933-K2,3362265
C09933-K2,3362387
C09933-K2,3362400
C09933-K2,3362776
C09933-K2,3363204
C09933-K2,3363326
C09933-K2,3363783
C09933-K2,3363847
C09933-K2,3364222
C09933-K2,3364832
C09933-K2,3365380
C09933-K2,3365396
C09933-K2,3365764
C09933-K2,3365765
C09933-K2,3365781
C09933-K2,3365789
C09933-K2,3365922
C09933-K2,3366111
C09933-K2,3366218
C09933-K2,3366280
C09933-K2,3366708
C09933-K2,3366952
C09933-K2,3367008
C09933-K2,3367161
C09933-K2,3367924
C09933-K2,3368360
C09933-K2,3368387
C09933-K2,3368503
C09933-K2,3368964
C09933-K2,3368976
C09933-K2,3369022
C09933-K2,3369434
C09933-K2,3369545
C09933-K2,3369646
C09933-K2,3369671
C09933-K2,3369764
C09933-K2,3369996
C09933-K2,3370071
C09933-K2,3370595
C09933-K2,3370624
C09933-K2,3370672
C09933-K2,3370750
C09933-K2,3370807
C09933-K2,3371672
C09933-K2,3372171
C09933-K2,3372266
C09933-K2,3372381
C09933-K2,3372516
C09933-K2,3372719
C09933-K2,3372734
C09933-K2,3372745
C09933-K2,3372992
C09933-K2,3373205
C09933-K2,3373423
C09933-K2,3374003
C09933-K2,3374055
C09933-K2,3374401
C09933-K2,3374420
C09933-K2,3375273
C09933-K2,3375376
C09933-K2,3375430
C09933-K2,3375448
C09933-K2,3376001
C09933-K2,3376187
C09933-K2,3376203
C09933-K2,3376863
C09933-K2,3377002
C09933-K2,3377070
C09933-K2,3377350
C09933-K2,3377495
C09933-K2,3377747
C09933-K2,3377834
C09933-K2,3377858
C09933-K2,3377864
C09933-K2,3378106
C09933-K2,3379101
C09933-K2,3379240
C09933-K2,3379835
C09933-K2,3380223
C09933-K2,3380229
C09933-K2,3380309
C09933-K2,3380484
C09933-K2,3380767
C09933-K2,3380843
C09933-K2,3381483
C09933-K2,3381811
C09933-K2,3381969
C09933-K2,3382160
C09933-K2,3382479
C09933-K2,3382539
C09933-K2,3382934
C09933-K2,3382936
C09933-K2,3383391
C09933-K2,3383537
C09933-K2,3383575
C09933-K2,3383614
C09933-K2,3383674
C09933-K2,3383746
C09933-K2,3383757
C09933-K2,3383763
C09933-K2,3383776
C09933-K2,3383848
C09933-K2,3384179
C09933-K2,3384332
C09933-K2,3384382
C09933-K2,3384456
C09933-K2,3384656
C09933-K2,3385613
C09933-K2,3386172
C09933-K2,3386430
C09933-K2,3386495
C09933-K2,3386501
C09933-K2,3386604
C09933-K2,3386952
C09933-K2,3387009
C09933-K2,3387566
C09933-K2,3387875
C09933-K2,3388785
C09933-K2,3389350
C09933-K2,3389636
C09933-K2,3390115
C09933-K2,3390620
C09933-K2,3390856
C09933-K2,3391025
C09933-K2,3391079
C09933-K2,3391137
C09933-K2,3391401
C09933-K2,3391874
C09933-K2,3392163
C09933-K2,3392210
C09933-K2,3392402
C09933-K2,3392484
C09933-K2,3392515
C09933-K2,3392668
C09933-K2,3392810
C09933-K2,3393147
C09933-K2,3393270
C09933-K2,3393298
C09933-K2,3393482
C09933-K2,3393513
C09933-K2,3393555
C09933-K2,3393585
C09933-K2,3393591
C09933-K2,3393607
C09933-K2,3394398
C09933-K2,3394708
C09933-K2,3395133
C09933-K2,3395273
C09933-K2,3395347
C09933-K2,3395513
C09933-K2,3395663
C09933-K2,3395846
C09933-K2,3395936
C09933-K2,3396311
C09933-K2,3396774
C09933-K2,3397117
C09933-K2,3397242
C09933-K2,3397540
C09933-K2,3397949
C09933-K2,3398116
C09933-K2,3398450
C09933-K2,3398523
C09933-K2,3398545
C09933-K2,3398639
C09933-K2,3399519
C09933-K2,3399776
C09933-K2,3400252
C09933-K2,3400865
C09933-K2,3401200
C09933-K2,3401406
C09933-K2,3401724
C09933-K2,3401750
C09933-K2,3402214
C09933-K2,3402399
C09933-K2,3403681
C09933-K2,3403904
C09933-K2,3404035
C09933-K2,3404354
C09933-K2,3404753
C09933-K2,3404840
C09933-K2,3405039
C09933-K2,3405240
C09933-K2,3405284
C09933-K2,3405324
C09933-K2,3405409
C09933-K2,3405554
C09933-K2,3405566
C09933-K2,3405817
C09933-K2,3406713
C09933-K2,3407588
C09933-K2,3408072
C09933-K2,3408153
C09933-K2,3408273
C09933-K2,3408368
C09933-K2,3408437
C09933-K2,3408636
C09933-K2,3409177
C09933-K2,3409532
C09933-K2,3409560
C09933-K2,3409685
C09933-K2,3409911
C09933-K2,3410056
C09933-K2,3410074
C09933-K2,3410155
C09933-K2,3410223
C09933-K2,3410444
C09933-K2,3410541
C09933-K2,3410589
C09933-K2,3410985
C09933-K2,3411036
C09933-K2,3411056
C09933-K2,3411089
C09933-K2,3411478
C09933-K2,3411726
C09933-K2,3411877
C09933-K2,3411896
C09933-K2,3411960
C09933-K2,3411996
C09933-K2,3412090
C09933-K2,3412139
C09933-K2,3412349
C09933-K2,3412449
C09933-K2,3412525
C09933-K2,3412551
C09933-K2,3412776
C09933-K2,3412813
C09933-K2,3413071
C09933-K2,3413072
C09933-K2,3413132
C09933-K2,3413145
C09933-K2,3413157
C09933-K2,3413269
C09933-K2,3413312
C09933-K2,3413352
C09933-K2,3413357
C09933-K2,3413607
C09933-K2,3413795
C09933-K2,3414372
C09933-K2,3414487
C09933-K2,3414513
C09933-K2,3414528
C09933-K2,3414540
C09933-K2,3414895
C09933-K2,3415156
C09933-K2,3415185
C09933-K2,3415554
C09933-K2,3416182
C09933-K2,3416274
C09933-K2,3416681
C09933-K2,3416730
C09933-K2,3416806
C09933-K2,3416836
C09933-K2,3417137
C09933-K2,3418015
C09933-K2,3418995
C09933-K2,3419220
C09933-K2,3419323
C09933-K2,3419325
C09933-K2,3419400
C09933-K2,3419471
C09933-K2,3419544
C09933-K2,3419589
C09933-K2,3419702
C09933-K2,3419889
C09933-K2,3419987
C09933-K2,3420108
C09933-K2,3420466
C09933-K2,3420654
C09933-K2,3420918
C09933-K2,3420935
C09933-K2,3421121
C09933-K2,3421225
C09933-K2,3421272
C09933-K2,3421288
C09933-K2,3421302
C09933-K2,3421350
C09933-K2,3421376
C09933-K2,3421690
C09933-K2,3421807
C09933-K2,3422456
C09933-K2,3422707
C09933-K2,3422953
C09933-K2,3423135
C09933-K2,3423571
C09933-K2,3423589
C09933-K2,3423730
C09933-K2,3423787
C09933-K2,3423797
C09933-K2,3423809
C09933-K2,3424031
C09933-K2,3424422
C09933-K2,3424567
C09933-K2,3424700
C09933-K2,3424993
C09933-K2,3425050
C09933-K2,3425075
C09933-K2,3425079
C09933-K2,3425225
C09933-K2,3425232
C09933-K2,3425245
C09933-K2,3425604
C09933-K2,3425631
C09933-K2,3425779
C09933-K2,3425872
C09933-K2,3425932
C09933-K2,3426076
C09933-K2,3426239
C09933-K2,3426429
C09933-K2,3426502
C09933-K2,3426537
C09933-K2,3426569
C09933-K2,3426650
C09933-K2,3426752
C09933-K2,3427029
C09933-K2,3427044
C09933-K2,3427073
C09933-K2,3427104
C09933-K2,3427771
C09933-K2,3427847
C09933-K2,3427876
C09933-K2,3428044
C09933-K2,3428201
C09933-K2,3428445
C09933-K2,3428465
C09933-K2,3428558
C09933-K2,3429511
C09933-K2,3429539
C09933-K2,3429608
C09933-K2,3429921
C09933-K2,3430050
C09933-K2,3430181
C09933-K2,3430869
C09933-K2,3430887
C09933-K2,3431139
C09933-K2,3431348
C09933-K2,3431510
C09933-K2,3431551
C09933-K2,3431769
C09933-K2,3431872
C09933-K2,3432243
C09933-K2,3432459
C09933-K2,3432731
C09933-K2,3433401
C09933-K2,3433414
C09933-K2,3433465
C09933-K2,3434025
C09933-K2,3434037
C09933-K2,3434077
C09933-K2,3434190
C09933-K2,3434223
C09933-K2,3434429
C09933-K2,3434497
C09933-K2,3434553
C09933-K2,3434571
C09933-K2,3434840
C09933-K2,3435430
C09933-K2,3435431
C09933-K2,3435915
C09933-K2,3436201
C09933-K2,3436267
C09933-K2,3436325
C09933-K2,3436578
C09933-K2,3436705
C09933-K2,3436880
C09933-K2,3437140
C09933-K2,3437419
C09933-K2,3438831
C09933-K2,3438879
C09933-K2,3438894
C09933-K2,3439030
C09933-K2,3439117
C09933-K2,3439267
C09933-K2,3439796
C09933-K2,3440340
C09933-K2,3440465
C09933-K2,3440518
C09933-K2,3440519
C09933-K2,3440527
C09933-K2,3440531
C09933-K2,3440540
C09933-K2,3440545
C09933-K2,3440825
C09933-K2,3440852
C09933-K2,3440956
C09933-K2,3440984
C09933-K2,3441944
C09933-K2,3442202
C09933-K2,3442537
C09933-K2,3442640
C09933-K2,3442646
C09933-K2,3442680
C09933-K2,3442746
C09933-K2,3442880
C09933-K2,3443328
C09933-K2,3443493
C09933-K2,3443505
C09933-K2,3443893
C09933-K2,3443920
C09933-K2,3444134
C09933-K2,3444216
C09933-K2,3444314
C09933-K2,3444972
C09933-K2,3445828
C09933-K2,3445936
C09933-K2,3446423
C09933-K2,3446829
C09933-K2,3446980
C09933-K2,3447096
C09933-K2,3447109
C09933-K2,3447696
C09933-K2,3447723
C09933-K2,3447828
C09933-K2,3447875
C09933-K2,3448056
C09933-K2,3448157
C09933-K2,3448250
C09933-K2,3448389
C09933-K2,3448517
C09933-K2,3449241
C09933-K2,3449251
C09933-K2,3449268
C09933-K2,3449656
C09933-K2,3449943
C09933-K2,3450056
C09933-K2,3450166
C09933-K2,3450233
C09933-K2,3450383
C09933-K2,3450810
C09933-K2,3451151
C09933-K2,3451438
C09933-K2,3451461
C09933-K2,3451585
C09933-K2,3452088
C09933-K2,3452404
C09933-K2,3452570
C09933-K2,3452918
C09933-K2,3453127
C09933-K2,3453132
C09933-K2,3453396
C09933-K2,3453597
C09933-K2,3453697
C09933-K2,3453773
C09933-K2,3453898
C09933-K2,3454307
C09933-K2,3454352
C09933-K2,3454422
C09933-K2,3454768
C09933-K2,3454778
C09933-K2,3454990
C09933-K2,3454996
C09933-K2,3455010
C09933-K2,3455446
C09933-K2,3455711
C09933-K2,3455761
C09933-K2,3455838
C09933-K2,3455893
C09933-K2,3456107
C09933-K2,3456233
C09933-K2,3456336
C09933-K2,3456337
C09933-K2,3456430
C09933-K2,3457174
C09933-K2,3457213
C09933-K2,3457246
C09933-K2,3457712
C09933-K2,3457902
C09933-K2,3459550
C09933-K2,3459644
C09933-K2,3459797
C09933-K2,3459943
C09933-K2,3460403
C09933-K2,3460417
C09933-K2,3460770
C09933-K2,3461073
C09933-K2,3461217
C09933-K2,3461568
C09933-K2,3461643
C09933-K2,3461709
C09933-K2,3461711
C09933-K2,3461766
C09933-K2,3461768
C09933-K2,3461795
C09933-K2,3462325
C09933-K2,3462452
C09933-K2,3462503
C09933-K2,3462743
C09933-K2,3463103
C09933-K2,3463259
C09933-K2,3463432
C09933-K2,3463810
C09933-K2,3464161
C09933-K2,3464182
C09933-K2,3464421
C09933-K2,3464442
C09933-K2,3464501
C09933-K2,3464691
C09933-K2,3464766
C09933-K2,3464781
C09933-K2,3464822
C09933-K2,3465136
C09933-K2,3465241
C09933-K2,3465695
C09933-K2,3465705
C09933-K2,3465977
C09933-K2,3465978
C09933-K2,3466061
C09933-K2,3466332
C09933-K2,3466474
C09933-K2,3466584
C09933-K2,3466737
C09933-K2,3466986
C09933-K2,3467029
C09933-K2,3467063
C09933-K2,3467098
C09933-K2,3467157
C09933-K2,3467354
C09933-K2,3467377
C09933-K2,3467400
C09933-K2,3467460
C09933-K2,3467544
C09933-K2,3467549
C09933-K2,3467552
C09933-K2,3467556
C09933-K2,3467648
C09933-K2,3467744
C09933-K2,3467775
C09933-K2,3467783
C09933-K2,3467835
C09933-K2,3468061
C09933-K2,3468126
C09933-K2,3468181
C09933-K2,3468195
C09933-K2,3468389
C09933-K2,3468725
C09933-K2,3468839
C09933-K2,3469375
C09933-K2,3469412
C09933-K2,3469417
C09933-K2,3469751
C09933-K2,3469803
C09933-K2,3469877
C09933-K2,3469919
C09933-K2,3469920
C09933-K2,3469923
C09933-K2,3470188
C09933-K2,3470322
C09933-K2,3470347
C09933-K2,3470772
C09933-K2,3470786
C09933-K2,3470795
C09933-K2,3471143
C09933-K2,3471236
C09933-K2,3471548
C09933-K2,3471882
C09933-K2,3472180
C09933-K2,3472272
C09933-K2,3472560
C09933-K2,3472687
C09933-K2,3472744
C09933-K2,3472752
C09933-K2,3472756
C09933-K2,3472779
C09933-K2,3473188
C09933-K2,3473453
C09933-K2,3473473
C09933-K2,3473553
C09933-K2,3473596
C09933-K2,3474194
C09933-K2,3474558
C09933-K2,3474996
C09933-K2,3475870
C09933-K2,3476102
C09933-K2,3476378
C09933-K2,3477031
C09933-K2,3477319
C09933-K2,3477331
C09933-K2,3477428
C09933-K2,3477665
C09933-K2,3478112
C09933-K2,3478690
C09933-K2,3478877
C09933-K2,3478881
C09933-K2,3478892
C09933-K2,3478915
C09933-K2,3478943
C09933-K2,3479033
C09933-K2,3479108
C09933-K2,3479233
C09933-K2,3479268
C09933-K2,3479888
C09933-K2,3480047
C09933-K2,3480312
C09933-K2,3480790
C09933-K2,3481613
C09933-K2,3481653
C09933-K2,3481781
C09933-K2,3481818
C09933-K2,3482037
C09933-K2,3482063
C09933-K2,3482233
C09933-K2,3482298
C09933-K2,3482540
C09933-K2,3482663
C09933-K2,3483160
C09933-K2,3483163
C09933-K2,3483178
C09933-K2,3483220
C09933-K2,3483357
C09933-K2,3483384
C09933-K2,3483426
C09933-K2,3483812
C09933-K2,3483898
C09933-K2,3484090
C09933-K2,3484332
C09933-K2,3484491
C09933-K2,3484880
C09933-K2,3485417
C09933-K2,3485552
C09933-K2,3485658
C09933-K2,3485759
C09933-K2,3485948
C09933-K2,3486038
C09933-K2,3486451
C09933-K2,3487050
C09933-K2,3487082
C09933-K2,3487311
C09933-K2,3487665
C09933-K2,3487816
C09933-K2,3487850
C09933-K2,3487947
C09933-K2,3488306
C09933-K2,3488778
C09933-K2,3489350
C09933-K2,3490424
C09933-K2,3490532
C09933-K2,3490594
C09933-K2,3490676
C09933-K2,3490974
C09933-K2,3491141
C09933-K2,3491145
C09933-K2,3491151
C09933-K2,3491158
C09933-K2,3491161
C09933-K2,3491172
C09933-K2,3491227
C09933-K2,3491391
C09933-K2,3491420
C09933-K2,3492288
C09933-K2,3492943
C09933-K2,3493040
C09933-K2,3493061
C09933-K2,3493319
C09933-K2,3493479
C09933-K2,3494161
C09933-K2,3494395
C09933-K2,3494795
C09933-K2,3495099
C09933-K2,3495441
C09933-K2,3495532
C09933-K2,3495751
C09933-K2,3496074
C09933-K2,3496141
C09933-K2,3496340
C09933-K2,3496617
C09933-K2,3497078
C09933-K2,3497620
C09933-K2,3497647
C09933-K2,3497828
C09933-K2,3497924
C09933-K2,3497928
C09933-K2,3498158
C09933-K2,3498428
C09933-K2,3498533
C09933-K2,3498868
C09933-K2,3498962
C09933-K2,3499250
C09933-K2,3499509
C09933-K2,3499653
C09933-K2,3499690
C09933-K2,3499998
C09933-K2,3500061
C09933-K2,3500425
C09933-K2,3500820
C09933-K2,3501043
C09933-K2,3501048
C09933-K2,3501398
C09933-K2,3501484
C09933-K2,3501566
C09933-K2,3501611
C09933-K2,3502200
C09933-K2,3502275
C09933-K2,3503143
C09933-K2,3503509
C09933-K2,3503776
C09933-K2,3504015
C09933-K2,3504046
C09933-K2,3504113
C09933-K2,3504344
C09933-K2,3504433
C09933-K2,3504549
C09933-K2,3504633
C09933-K2,3504637
C09933-K2,3504639
C09933-K2,3504732
C09933-K2,3504910
C09933-K2,3505280
C09933-K2,3505386
C09933-K2,3505442
C09933-K2,3505566
C09933-K2,3505647
C09933-K2,3505874
C09933-K2,3505901
C09933-K2,3505936
C09933-K2,3506164
C09933-K2,3506216
C09933-K2,3506241
C09933-K2,3506256
C09933-K2,3506455
C09933-K2,3506514
C09933-K2,3506637
C09933-K2,3507057
C09933-K2,3507764
C09933-K2,3507797
C09933-K2,3507956
C09933-K2,3508083
C09933-K2,3508106
C09933-K2,3508277
C09933-K2,3508458
C09933-K2,3508487
C09933-K2,3508716
C09933-K2,3508725
C09933-K2,3509151
C09933-K2,3509355
C09933-K2,3509392
C09933-K2,3509466
C09933-K2,3510700
C09933-K2,3511523
C09933-K2,3511607
C09933-K2,3511937
C09933-K2,3512302
C09933-K2,3512690
C09933-K2,3512716
C09933-K2,3513073
C09933-K2,3513079
C09933-K2,3513351
C09933-K2,3513366
C09933-K2,3513495
C09933-K2,3513664
C09933-K2,3514092
C09933-K2,3514137
C09933-K2,3514145
C09933-K2,3514278
C09933-K2,3514335
C09933-K2,3514573
C09933-K2,3514948
C09933-K2,3515001
C09933-K2,3515045
C09933-K2,3515193
C09933-K2,3515709
C09933-K2,3515752
C09933-K2,3515777
C09933-K2,3515982
C09933-K2,3516208
C09933-K2,3516823
C09933-K2,3516828
C09933-K2,3516867
C09933-K2,3517307
C09933-K2,3517314
C09933-K2,3517460
C09933-K2,3517968
C09933-K2,3518078
C09933-K2,3518432
C09933-K2,3518784
C09933-K2,3519222
C09933-K2,3519385
C09933-K2,3519461
C09933-K2,3520279
C09933-K2,3520325
C09933-K2,3520344
C09933-K2,3520430
C09933-K2,3520501
C09933-K2,3521093
C09933-K2,3521401
C09933-K2,3521465
C09933-K2,3521934
C09933-K2,3522454
C09933-K2,3522556
C09933-K2,3522821
C09933-K2,3522895
C09933-K2,3522965
C09933-K2,3523000
C09933-K2,3523111
C09933-K2,3523187
C09933-K2,3523508
C09933-K2,3524051
C09933-K2,3524084
C09933-K2,3524167
C09933-K2,3524235
C09933-K2,3524271
C09933-K2,3524631
C09933-K2,3524682
C09933-K2,3524785
C09933-K2,3524805
C09933-K2,3524865
C09933-K2,3524955
C09933-K2,3525245
C09933-K2,3525249
C09933-K2,3525256
C09933-K2,3525300
C09933-K2,3525660
C09933-K2,3525790
C09933-K2,3527132
C09933-K2,3527200
C09933-K2,3527214
C09933-K2,3527666
C09933-K2,3527730
C09933-K2,3527733
C09933-K2,3527839
C09933-K2,3527969
C09933-K2,3528129
C09933-K2,3528453
C09933-K2,3528910
C09933-K2,3529647
C09933-K2,3529738
C09933-K2,3530059
C09933-K2,3530144
C09933-K2,3530541
C09933-K2,3530727
C09933-K2,3531002
C09933-K2,3531169
C09933-K2,3531297
C09933-K2,3531394
C09933-K2,3531490
C09933-K2,3531818
C09933-K2,3531987
C09933-K2,3532025
C09933-K2,3532145
C09933-K2,3532405
C09933-K2,3532859
C09933-K2,3533112
C09933-K2,3533444
C09933-K2,3533664
C09933-K2,3533676
C09933-K2,3533832
C09933-K2,3534120
C09933-K2,3534440
C09933-K2,3534723
C09933-K2,3535465
C09933-K2,3535494
C09933-K2,3535502
C09933-K2,3535641
C09933-K2,3535644
C09933-K2,3536393
C09933-K2,3536401
C09933-K2,3536422
C09933-K2,3536453
C09933-K2,3536587
C09933-K2,3537117
C09933-K2,3537165
C09933-K2,3537167
C09933-K2,3537182
C09933-K2,3537248
C09933-K2,3537290
C09933-K2,3537367
C09933-K2,3537714
C09933-K2,3537948
C09933-K2,3538037
C09933-K2,3538700
C09933-K2,3538792
C09933-K2,3538910
C09933-K2,3538923
C09933-K2,3539462
C09933-K2,3539546
C09933-K2,3540345
C09933-K2,3540717
C09933-K2,3540955
C09933-K2,3540986
C09933-K2,3541085
C09933-K2,3541105
C09933-K2,3541166
C09933-K2,3541404
C09933-K2,3541574
C09933-K2,3541595
C09933-K2,3541939
C09933-K2,3542770
C09933-K2,3542800
C09933-K2,3543224
C09933-K2,3543312
C09933-K2,3543571
C09933-K2,3543664
C09933-K2,3543708
C09933-K2,3543777
C09933-K2,3544388
C09933-K2,3544600
C09933-K2,3544954
C09933-K2,3545183
C09933-K2,3545293
C09933-K2,3545295
C09933-K2,3545436
C09933-K2,3545458
C09933-K2,3545696
C09933-K2,3545759
C09933-K2,3545761
C09933-K2,3545818
C09933-K2,3545919
C09933-K2,3546037
C09933-K2,3546335
C09933-K2,3546583
C09933-K2,3546816
C09933-K2,3547228
C09933-K2,3547343
C09933-K2,3547392
C09933-K2,3547454
C09933-K2,3547591
C09933-K2,3547884
C09933-K2,3548056
C09933-K2,3548068
C09933-K2,3548178
C09933-K2,3548470
C09933-K2,3548611
C09933-K2,3548782
C09933-K2,3548858
C09933-K2,3549098
C09933-K2,3549226
C09933-K2,3549432
C09933-K2,3549919
C09933-K2,3550216
C09933-K2,3550251
C09933-K2,3550337
C09933-K2,3550840
C09933-K2,3550973
C09933-K2,3551095
C09933-K2,3551244
C09933-K2,3551430
C09933-K2,3551446
C09933-K2,3551668
C09933-K2,3551713
C09933-K2,3551878
C09933-K2,3552073
C09933-K2,3552259
C09933-K2,3552561
C09933-K2,3552687
C09933-K2,3552795
C09933-K2,3552826
C09933-K2,3553132
C09933-K2,3553156
C09933-K2,3553270
C09933-K2,3553307
C09933-K2,3553370
C09933-K2,3553510
C09933-K2,3553561
C09933-K2,3553719
C09933-K2,3553731
C09933-K2,3554081
C09933-K2,3554096
C09933-K2,3554099
C09933-K2,3554252
C09933-K2,3554424
C09933-K2,3554425
C09933-K2,3554689
C09933-K2,3554721
C09933-K2,3554833
C09933-K2,3555114
C09933-K2,3555286
C09933-K2,3555405
C09933-K2,3555494
C09933-K2,3555520
C09933-K2,3555603
C09933-K2,3555609
C09933-K2,3555689
C09933-K2,3555816
C09933-K2,3555892
C09933-K2,3556122
C09933-K2,3556463
C09933-K2,3556982
C09933-K2,3557033
C09933-K2,3557632
C09933-K2,3558032
C09933-K2,3558043
C09933-K2,3558175
C09933-K2,3559019
C09933-K2,3559826
C09933-K2,3561028
C09933-K2,3561043
C09933-K2,3561109
C09933-K2,3561250
C09933-K2,3561324
C09933-K2,3561352
C09933-K2,3561398
C09933-K2,3561400
C09933-K2,3561406
C09933-K2,3561416
C09933-K2,3561421
C09933-K2,3561476
C09933-K2,3561571
C09933-K2,3561634
C09933-K2,3561635
C09933-K2,3562607
C09933-K2,3562639
C09933-K2,3562798
C09933-K2,3563276
C09933-K2,3564279
C09933-K2,3564861
C09933-K2,3564971
C09933-K2,3565092
C09933-K2,3565140
C09933-K2,3565663
C09933-K2,3565691
C09933-K2,3565709
C09933-K2,3565954
C09933-K2,3566097
C09933-K2,3566552
C09933-K2,3567878
C09933-K2,3567893
C09933-K2,3568206
C09933-K2,3568211
C09933-K2,3568226
C09933-K2,3569326
C09933-K2,3570359
C09933-K2,3570416
C09933-K2,3570580
C09933-K2,3570644
C09933-K2,3570655
C09933-K2,3570658
C09933-K2,3571437
C09933-K2,3571506
C09933-K2,3571557
C09933-K2,3571599
C09933-K2,3571624
C09933-K2,3571709
C09933-K2,3571831
C09933-K2,3572098
C09933-K2,3572117
C09933-K2,3572209
C09933-K2,3572369
C09933-K2,3572391
C09933-K2,3572808
C09933-K2,3572983
C09933-K2,3573414
C09933-K2,3573721
C09933-K2,3573838
C09933-K2,3573858
C09933-K2,3574211
C09933-K2,3574646
C09933-K2,3575211
C09933-K2,3575345
C09933-K2,3575448
C09933-K2,3575542
C09933-K2,3575589
C09933-K2,3575601
C09933-K2,3575974
C09933-K2,3576304
C09933-K2,3576571
C09933-K2,3576626
C09933-K2,3576778
C09933-K2,3577192
C09933-K2,3577290
C09933-K2,3577409
C09933-K2,3577423
C09933-K2,3578577
C09933-K2,3579073
C09933-K2,3579724
C09933-K2,3579766
C09933-K2,3579949
C09933-K2,3580100
C09933-K2,3580237
C09933-K2,3580501
C09933-K2,3581033
C09933-K2,3581491
C09933-K2,3581517
C09933-K2,3581734
C09933-K2,3581815
C09933-K2,3581953
C09933-K2,3581957
C09933-K2,3582430
C09933-K2,3582780
C09933-K2,3582922
C09933-K2,3582987
C09933-K2,3583009
C09933-K2,3583252
C09933-K2,3583374
C09933-K2,3583589
C09933-K2,3583747
C09933-K2,3583796
C09933-K2,3584285
C09933-K2,3584354
C09933-K2,3585421
C09933-K2,3585434
C09933-K2,3585524
C09933-K2,3585532
C09933-K2,3585540
C09933-K2,3585556
C09933-K2,3585679
C09933-K2,3585805
C09933-K2,3585871
C09933-K2,3585876
C09933-K2,3586761
C09933-K2,3586975
C09933-K2,3587224
C09933-K2,3587434
C09933-K2,3587982
C09933-K2,3588360
C09933-K2,3588397
C09933-K2,3588410
C09933-K2,3588762
C09933-K2,3589105
C09933-K2,3589112
C09933-K2,3589171
C09933-K2,3590327
C09933-K2,3590655
C09933-K2,3590736
C09940-K1,3521544
C09975-K1,3463379
C09975-K1,3525712
C09981-K2,3446983
C09988-K1,3015139
C09988-K1,3032208
C09988-K1,3036519
C09988-K1,3099865
C09988-K1,3105149
C09988-K1,3128905
C09988-K1,3164170
C09988-K1,3174800
C09988-K1,3191366
C09988-K1,3244254
C09988-K1,3266021
C09988-K1,3266022
C09988-K1,3281953
C09988-K1,3282178
C09988-K1,3285143
C09988-K1,3285152
C09988-K1,3285177
C09988-K1,3285211
C09988-K1,3289577
C09988-K1,3295579
C09988-K1,3305566
C09988-K1,3305634
C09988-K1,3309431
C09988-K1,3309839
C09988-K1,3309908
C09988-K1,3313487
C09988-K1,3316685
C09988-K1,3316755
C09988-K1,3322019
C09988-K1,3322692
C09988-K1,3322716
C09988-K1,3324490
C09988-K1,3330430
C09988-K1,3347315
C09988-K1,3357070
C09988-K1,3357075
C09988-K1,3357102
C09988-K1,3364287
C09988-K1,3368735
C09988-K1,3368736
C09988-K1,3368763
C09988-K1,3374563
C09988-K1,3374623
C09988-K1,3374642
C09988-K1,3374650
C09988-K1,3374700
C09988-K1,3396976
C09988-K1,3474173
C09988-K1,3534820
C09988-K1,3549903
C09988-K1,3550014
C09988-K1,3554344
C09988-K1,3556269
C09988-K1,3557399
C09988-K1,3558449
C09988-K1,3565172
C09988-K1,3568791
C09988-K1,3569366
C09988-K1,3570589
C09988-K1,3571514
C09988-K1,3571970
C10020-K1,3491089
C10026-K1,3526365
C10031-K1,3522649
C10068-K1,3448891
C10114-K1,3532808
C10114-K1,3532815
C10193-K2,3467764
C10193-K2,3480979
C10193-K2,3486816
C10245-K1,3460124
C10245-K1,3556789
C10245-K1,3556868
C10245-K1,3556893
C10308-K1,3489071
C10308-K1,3489760
C10308-K1,3491396
C10308-K1,3494182
C10308-K1,3496146
C10308-K1,3497670
C10308-K1,3500928
C10308-K1,3500930
C10308-K1,3501023
C10308-K1,3501132
C10308-K1,3501177
C10308-K1,3504429
C10308-K1,3504479
C10308-K1,3507297
C10308-K1,3509711
C10308-K1,3525126
C10308-K1,3525158
C10308-K1,3525189
C10317-K1,3540968
C10320-K1,3432200
C10320-K1,3444636
C10320-K1,3444659
C10320-K1,3444682
C10349-K1,3463288
C10366-K1,3438364
C10390-K1,3503412
C10434-K1,3016377
C10434-K1,3053503
C10434-K1,3070986
C10434-K1,3075894
C10434-K1,3076736
C10434-K1,3078052
C10434-K1,3082326
C10434-K1,3082968
C10434-K1,3087486
C10434-K1,3091950
C10434-K1,3094730
C10434-K1,3121617
C10434-K1,3139246
C10434-K1,3157522
C10434-K1,3193185
C10434-K1,3197356
C10434-K1,3197666
C10434-K1,3217858
C10434-K1,3237339
C10434-K1,3237387
C10434-K1,3282542
C10434-K1,3282661
C10434-K1,3292160
C10434-K1,3306585
C10434-K1,3329022
C10434-K1,3350771
C10434-K1,3351935
C10434-K1,3392418
C10434-K1,3397310
C10434-K1,3411190
C10434-K1,3419055
C10434-K1,3475344
C10434-K1,3492086
C10434-K1,3506725
C10434-K1,3519858
C10434-K1,3577244
C10448-K1,3473438
C10475-K1,3532692
C10553-K1,3457281
C10630-K1,3556866
C10640-K1,3457649
C10644-K1,3528747
C10680-K1,3542467
C10760-K2,3520662
C10760-K2,3540675
C10760-K2,3546180
C10760-K2,3569471
C10760-K2,3570318
C10770-K1,3539106
C10770-K1,3539271
C10770-K1,3539685
C10770-K1,3542556
C10791-K1,3527892
C10791-K1,3534561
C10837-K2,3552888
C10837-K2,3552928
C10842-K1,3465055
C10936-K1,3529924
C10949-K1,3538520
C10949-K1,3538548
C10949-K1,3538552
C10949-K1,3538570
C10949-K1,3538580
C10949-K1,3538581
C10949-K1,3538588
C10957-K1,3529414
C10957-K2,3539372
C10957-K2,3547445
C10957-K2,3554931
C10957-K2,3554977
C10957-K2,3575623
C10957-K2,3575630
C10957-K2,3575637
C10957-K2,3575680
C10957-K2,3575683
C10993-K1,3527072
C11000-K2,3458220
C11000-K2,3467924
C11000-K2,3518671
C11000-K2,3529450
C11005-K1,3465063
C11074-K1,3544590
C11082-K1,3474445
C11137-K1,3541996
C11137-K1,3542024
C11137-K1,3542376
C11137-K1,3542429
C11143-K1,3518668
C11159-K1,3457033
C11193-K1,3478324
C11227-K2,3437617
C11227-K2,3437622
C11230-K2,3520941
C11230-K2,3529068
C11230-K2,3529079
C11230-K2,3529150
C11230-K2,3529167
C11230-K2,3537577
C11230-K2,3537585
C11309-K1,3463196
C11309-K1,3494526
C11309-K1,3494625
C11309-K1,3494637
C11309-K1,3497738
C11352-K1,3551098
C11352-K1,3552393
C11352-K1,3552399
C11352-K1,3552572
C11385-K1,3467986
C11385-K1,3480811
C11444-K1,3526952
C11444-K1,3538223
C11444-K1,3544681
C11444-K1,3544749
C11444-K1,3566364
C11464-K2,3446466
C11464-K2,3446476
C11464-K2,3446506
C11464-K2,3448087
C11496-K2,3534510
C11509-K1,3526296
C11509-K1,3526688
C11509-K2,3522320
C11509-K2,3522344
C11509-K2,3523718
C11509-K2,3528002
C11509-K2,3528647
C11509-K2,3530602
C11509-K2,3530648
C11509-K2,3531063
C11509-K2,3531102
C11509-K2,3531440
C11509-K2,3533794
C11509-K2,3533889
C11509-K2,3534023
C11509-K2,3534945
C11509-K2,3536629
C11509-K2,3538977
C11509-K2,3539671
C11509-K2,3539845
C11509-K2,3541915
C11509-K2,3542330
C11509-K2,3542898
C11509-K2,3544494
C11509-K2,3544635
C11509-K2,3544727
C11509-K2,3546086
C11509-K2,3547030
C11509-K2,3547224
C11509-K2,3547266
C11509-K2,3547268
C11509-K2,3547334
C11509-K2,3547946
C11509-K2,3548646
C11509-K2,3548712
C11509-K2,3548746
C11509-K2,3548747
C11509-K2,3550213
C11509-K2,3550436
C11509-K2,3550739
C11509-K2,3557178
C11509-K2,3557203
C11509-K2,3557969
C11509-K2,3564846
C11509-K2,3564891
C11509-K2,3565160
C11509-K2,3567952
C11509-K2,3569669
C11509-K2,3575891
C11543-K2,3438128
C11543-K2,3438317
C11595-K1,3538354
C11595-K1,3539765
C11595-K1,3570550
C11597-K1,3532422
C11597-K2,3527500
C11597-K2,3541048
C11597-K2,3541116
C11597-K2,3541124
C11597-K2,3541129
C11597-K2,3547643
C11597-K2,3567245
C11597-K2,3567256
C11597-K2,3572973
C11597-K2,3573283
C11627-K1,3544368
C11637-K1,3491988
C11637-K1,3492076
C11642-K1,3527413
C11642-K1,3560722
C11642-K1,3560780
C11670-K2,3467828
C11670-K2,3475406
C11670-K2,3483381
C11702-K1,3492336
C11709-K2,3432940
C11786-K1,3431753
C11787-K1,3544574
C11787-K1,3544721
C11807-K1,3545662
C11807-K1,3552526
C11833-K1,3462394
C11844-K2,3524766
C11844-K2,3530769
C11844-K2,3531538
C11844-K2,3539610
C11844-K2,3565664
C11847-K1,3532597
C11847-K2,3532746
C11847-K2,3532752
C11847-K2,3532770
C11847-K2,3532773
C11847-K2,3532811
C11847-K2,3538281
C11847-K2,3575540
C11851-K1,3528539
C11859-K1,3513660
C11859-K1,3534840
C11859-K1,3543405
C11865-K1,3474255
C11891-K1,3004451
C11891-K1,3041882
C11891-K1,3043555
C11891-K1,3073868
C11891-K1,3176883
C11891-K1,3185167
C11891-K1,3189049
C11891-K1,3215277
C11891-K1,3227718
C11891-K1,3230270
C11891-K1,3230363
C11891-K1,3230393
C11891-K1,3230409
C11891-K1,3230493
C11891-K1,3264883
C11891-K1,3272926
C11891-K1,3273763
C11891-K1,3295566
C11891-K1,3302993
C11891-K1,3307219
C11891-K1,3307244
C11891-K1,3307245
C11891-K1,3311844
C11891-K1,3326030
C11891-K1,3351763
C11891-K1,3385561
C11891-K1,3400334
C11891-K1,3400385
C11891-K1,3400395
C11891-K1,3400406
C11891-K1,3400436
C11891-K1,3400451
C11891-K1,3400494
C11891-K1,3400552
C11891-K1,3433977
C11891-K1,3478782
C11891-K1,3537664
C11891-K1,3540380
C11891-K1,3544645
C11891-K1,3545271
C11891-K1,3545283
C11891-K1,3545290
C11891-K1,3545367
C11891-K1,3545398
C11919-K2,3523820
C11919-K2,3523856
C11919-K2,3523863
C11919-K2,3527040
C11919-K2,3537320
C11919-K2,3537387
C11919-K2,3538118
C11919-K2,3538125
C11919-K2,3545530
C11919-K2,3546202
C11919-K2,3550452
C11919-K2,3550463
C11919-K2,3553279
C11919-K2,3568779
C11919-K2,3576607
C11919-K2,3576609
C11923-K1,3307598
C11923-K1,3307624
C11923-K1,3307649
C11923-K1,3307865
C11923-K1,3308072
C11923-K1,3308074
C11923-K1,3308249
C11923-K1,3520592
C11923-K1,3520593
C11923-K1,3520635
C11923-K1,3520664
C11923-K1,3520685
C11923-K1,3520701
C11923-K1,3520752
C11923-K1,3520772
C11923-K1,3520794
C11923-K1,3520802
C11923-K1,3520814
C11923-K1,3520826
C11923-K1,3520842
C11923-K1,3520870
C11923-K1,3520887
C11923-K1,3520897
C11923-K1,3520925
C11923-K1,3521048
C11923-K1,3521067
C11923-K1,3521140
C11923-K1,3521218
C11923-K1,3521253
C11923-K2,3000008
C11923-K2,3000016
C11923-K2,3000020
C11923-K2,3000041
C11923-K2,3000057
C11923-K2,3000078
C11923-K2,3000079
C11923-K2,3000093
C11923-K2,3000113
C11923-K2,3000114
C11923-K2,3000123
C11923-K2,3000127
C11923-K2,3000164
C11923-K2,3000172
C11923-K2,3000190
C11923-K2,3000197
C11923-K2,3000204
C11923-K2,3000217
C11923-K2,3000232
C11923-K2,3000242
C11923-K2,3000274
C11923-K2,3000280
C11923-K2,3000305
C11923-K2,3000314
C11923-K2,3000321
C11923-K2,3000322
C11923-K2,3000381
C11923-K2,3000519
C11923-K2,3000736
C11923-K2,3000805
C11923-K2,3000815
C11923-K2,3000932
C11923-K2,3000945
C11923-K2,3000960
C11923-K2,3001027
C11923-K2,3001102
C11923-K2,3001283
C11923-K2,3001307
C11923-K2,3001386
C11923-K2,3001433
C11923-K2,3001502
C11923-K2,3001522
C11923-K2,3001528
C11923-K2,3001546
C11923-K2,3001651
C11923-K2,3001667
C11923-K2,3001672
C11923-K2,3001689
C11923-K2,3001712
C11923-K2,3001738
C11923-K2,3001820
C11923-K2,3001823
C11923-K2,3001879
C11923-K2,3001973
C11923-K2,3002087
C11923-K2,3002120
C11923-K2,3002140
C11923-K2,3002149
C11923-K2,3002162
C11923-K2,3002167
C11923-K2,3002179
C11923-K2,3002188
C11923-K2,3002197
C11923-K2,3002225
C11923-K2,3002228
C11923-K2,3002234
C11923-K2,3002290
C11923-K2,3002295
C11923-K2,3002393
C11923-K2,3002451
C11923-K2,3002461
C11923-K2,3002493
C11923-K2,3002503
C11923-K2,3002532
C11923-K2,3002541
C11923-K2,3002562
C11923-K2,3002634
C11923-K2,3002661
C11923-K2,3002694
C11923-K2,3002696
C11923-K2,3002697
C11923-K2,3002704
C11923-K2,3002732
C11923-K2,3002775
C11923-K2,3002808
C11923-K2,3002819
C11923-K2,3002825
C11923-K2,3002829
C11923-K2,3002831
C11923-K2,3002874
C11923-K2,3002875
C11923-K2,3002876
C11923-K2,3002885
C11923-K2,3002887
C11923-K2,3002890
C11923-K2,3002898
C11923-K2,3002901
C11923-K2,3002916
C11923-K2,3002922
C11923-K2,3002925
C11923-K2,3002928
C11923-K2,3002932
C11923-K2,3002948
C11923-K2,3002949
C11923-K2,3002957
C11923-K2,3002965
C11923-K2,3003026
C11923-K2,3003073
C11923-K2,3003287
C11923-K2,3003348
C11923-K2,3003358
C11923-K2,3003437
C11923-K2,3003439
C11923-K2,3003483
C11923-K2,3003485
C11923-K2,3003509
C11923-K2,3003513
C11923-K2,3003535
C11923-K2,3003570
C11923-K2,3003623
C11923-K2,3003771
C11923-K2,3003779
C11923-K2,3003805
C11923-K2,3003820
C11923-K2,3003839
C11923-K2,3003932
C11923-K2,3003968
C11923-K2,3004017
C11923-K2,3004040
C11923-K2,3004047
C11923-K2,3004050
C11923-K2,3004229
C11923-K2,3004284
C11923-K2,3004294
C11923-K2,3004458
C11923-K2,3004524
C11923-K2,3004588
C11923-K2,3004683
C11923-K2,3004842
C11923-K2,3005017
C11923-K2,3005035
C11923-K2,3005052
C11923-K2,3005111
C11923-K2,3005147
C11923-K2,3005174
C11923-K2,3005194
C11923-K2,3005222
C11923-K2,3005291
C11923-K2,3005312
C11923-K2,3005363
C11923-K2,3005450
C11923-K2,3005483
C11923-K2,3005506
C11923-K2,3005514
C11923-K2,3005516
C11923-K2,3005518
C11923-K2,3005520
C11923-K2,3005530
C11923-K2,3005533
C11923-K2,3005562
C11923-K2,3005565
C11923-K2,3005598
C11923-K2,3005612
C11923-K2,3005614
C11923-K2,3005909
C11923-K2,3005971
C11923-K2,3006033
C11923-K2,3006080
C11923-K2,3006256
C11923-K2,3006290
C11923-K2,3006316
C11923-K2,3006418
C11923-K2,3006552
C11923-K2,3006597
C11923-K2,3006617
C11923-K2,3006630
C11923-K2,3006647
C11923-K2,3006650
C11923-K2,3006667
C11923-K2,3006694
C11923-K2,3007137
C11923-K2,3007322
C11923-K2,3007561
C11923-K2,3007766
C11923-K2,3007777
C11923-K2,3007836
C11923-K2,3007882
C11923-K2,3007926
C11923-K2,3007928
C11923-K2,3007934
C11923-K2,3007949
C11923-K2,3008005
C11923-K2,3008021
C11923-K2,3008060
C11923-K2,3008115
C11923-K2,3008215
C11923-K2,3008585
C11923-K2,3008594
C11923-K2,3008596
C11923-K2,3008662
C11923-K2,3008715
C11923-K2,3008815
C11923-K2,3008911
C11923-K2,3009055
C11923-K2,3009117
C11923-K2,3009312
C11923-K2,3009374
C11923-K2,3009396
C11923-K2,3009505
C11923-K2,3009590
C11923-K2,3009631
C11923-K2,3009644
C11923-K2,3009652
C11923-K2,3009705
C11923-K2,3009714
C11923-K2,3009728
C11923-K2,3009755
C11923-K2,3009764
C11923-K2,3009787
C11923-K2,3009803
C11923-K2,3009810
C11923-K2,3009828
C11923-K2,3009847
C11923-K2,3009868
C11923-K2,3010026
C11923-K2,3010052
C11923-K2,3010072
C11923-K2,3010107
C11923-K2,3010585
C11923-K2,3010598
C11923-K2,3010620
C11923-K2,3010646
C11923-K2,3010666
C11923-K2,3010733
C11923-K2,3010767
C11923-K2,3010786
C11923-K2,3010918
C11923-K2,3011042
C11923-K2,3011212
C11923-K2,3011289
C11923-K2,3011408
C11923-K2,3011731
C11923-K2,3011786
C11923-K2,3011795
C11923-K2,3011881
C11923-K2,3012114
C11923-K2,3012249
C11923-K2,3012379
C11923-K2,3012459
C11923-K2,3012518
C11923-K2,3012591
C11923-K2,3012761
C11923-K2,3012788
C11923-K2,3012792
C11923-K2,3012840
C11923-K2,3013206
C11923-K2,3013246
C11923-K2,3013324
C11923-K2,3013337
C11923-K2,3013500
C11923-K2,3013543
C11923-K2,3013672
C11923-K2,3013944
C11923-K2,3014112
C11923-K2,3014213
C11923-K2,3014236
C11923-K2,3014260
C11923-K2,3014269
C11923-K2,3014607
C11923-K2,3014631
C11923-K2,3014903
C11923-K2,3015247
C11923-K2,3015310
C11923-K2,3015373
C11923-K2,3015408
C11923-K2,3015420
C11923-K2,3015422
C11923-K2,3015456
C11923-K2,3015505
C11923-K2,3015519
C11923-K2,3015589
C11923-K2,3015644
C11923-K2,3015721
C11923-K2,3015764
C11923-K2,3015995
C11923-K2,3016018
C11923-K2,3016097
C11923-K2,3016152
C11923-K2,3016259
C11923-K2,3016578
C11923-K2,3016606
C11923-K2,3016630
C11923-K2,3016654
C11923-K2,3016738
C11923-K2,3016795
C11923-K2,3016798
C11923-K2,3016813
C11923-K2,3016818
C11923-K2,3016829
C11923-K2,3016937
C11923-K2,3017169
C11923-K2,3017194
C11923-K2,3017252
C11923-K2,3017254
C11923-K2,3017329
C11923-K2,3017870
C11923-K2,3017904
C11923-K2,3017907
C11923-K2,3018245
C11923-K2,3018260
C11923-K2,3018271
C11923-K2,3018319
C11923-K2,3018456
C11923-K2,3018504
C11923-K2,3018572
C11923-K2,3018594
C11923-K2,3018657
C11923-K2,3018665
C11923-K2,3018765
C11923-K2,3018790
C11923-K2,3018985
C11923-K2,3019161
C11923-K2,3019260
C11923-K2,3019462
C11923-K2,3019720
C11923-K2,3020058
C11923-K2,3020158
C11923-K2,3020286
C11923-K2,3020394
C11923-K2,3020446
C11923-K2,3020468
C11923-K2,3020594
C11923-K2,3020620
C11923-K2,3020642
C11923-K2,3020671
C11923-K2,3020699
C11923-K2,3020820
C11923-K2,3020864
C11923-K2,3020878
C11923-K2,3020888
C11923-K2,3020898
C11923-K2,3020991
C11923-K2,3021041
C11923-K2,3021075
C11923-K2,3021090
C11923-K2,3021109
C11923-K2,3021127
C11923-K2,3021190
C11923-K2,3021507
C11923-K2,3021591
C11923-K2,3021621
C11923-K2,3021737
C11923-K2,3021821
C11923-K2,3021855
C11923-K2,3021953
C11923-K2,3022041
C11923-K2,3022043
C11923-K2,3022106
C11923-K2,3022259
C11923-K2,3022271
C11923-K2,3022313
C11923-K2,3022324
C11923-K2,3022349
C11923-K2,3022375
C11923-K2,3022402
C11923-K2,3022445
C11923-K2,3022456
C11923-K2,3022545
C11923-K2,3022623
C11923-K2,3022731
C11923-K2,3022953
C11923-K2,3023206
C11923-K2,3023270
C11923-K2,3023323
C11923-K2,3023384
C11923-K2,3023401
C11923-K2,3023469
C11923-K2,3023492
C11923-K2,3023536
C11923-K2,3023593
C11923-K2,3023611
C11923-K2,3023622
C11923-K2,3023668
C11923-K2,3023687
C11923-K2,3023706
C11923-K2,3023734
C11923-K2,3023763
C11923-K2,3023767
C11923-K2,3023780
C11923-K2,3023787
C11923-K2,3023794
C11923-K2,3023804
C11923-K2,3023826
C11923-K2,3023836
C11923-K2,3023845
C11923-K2,3023872
C11923-K2,3023880
C11923-K2,3023891
C11923-K2,3023960
C11923-K2,3024018
C11923-K2,3024049
C11923-K2,3024069
C11923-K2,3024136
C11923-K2,3024142
C11923-K2,3024219
C11923-K2,3024234
C11923-K2,3024252
C11923-K2,3024270
C11923-K2,3024272
C11923-K2,3024391
C11923-K2,3024405
C11923-K2,3024444
C11923-K2,3024530
C11923-K2,3024575
C11923-K2,3024579
C11923-K2,3024653
C11923-K2,3024666
C11923-K2,3024694
C11923-K2,3024732
C11923-K2,3024743
C11923-K2,3024915
C11923-K2,3024996
C11923-K2,3025057
C11923-K2,3025105
C11923-K2,3025756
C11923-K2,3025762
C11923-K2,3025799
C11923-K2,3025804
C11923-K2,3025829
C11923-K2,3025832
C11923-K2,3025834
C11923-K2,3025863
C11923-K2,3025937
C11923-K2,3025945
C11923-K2,3026037
C11923-K2,3026091
C11923-K2,3026123
C11923-K2,3026164
C11923-K2,3026203
C11923-K2,3026464
C11923-K2,3026489
C11923-K2,3026511
C11923-K2,3026673
C11923-K2,3026745
C11923-K2,3026779
C11923-K2,3026782
C11923-K2,3026800
C11923-K2,3026837
C11923-K2,3027078
C11923-K2,3027088
C11923-K2,3027275
C11923-K2,3027383
C11923-K2,3027386
C11923-K2,3027500
C11923-K2,3027516
C11923-K2,3027533
C11923-K2,3027562
C11923-K2,3027575
C11923-K2,3027609
C11923-K2,3027612
C11923-K2,3027658
C11923-K2,3027663
C11923-K2,3027720
C11923-K2,3027727
C11923-K2,3027794
C11923-K2,3027804
C11923-K2,3027846
C11923-K2,3027887
C11923-K2,3028025
C11923-K2,3028104
C11923-K2,3028121
C11923-K2,3028152
C11923-K2,3028168
C11923-K2,3028197
C11923-K2,3028213
C11923-K2,3028302
C11923-K2,3028361
C11923-K2,3028507
C11923-K2,3028613
C11923-K2,3028617
C11923-K2,3028665
C11923-K2,3028757
C11923-K2,3028759
C11923-K2,3029119
C11923-K2,3029288
C11923-K2,3029503
C11923-K2,3029593
C11923-K2,3029622
C11923-K2,3029686
C11923-K2,3029689
C11923-K2,3029724
C11923-K2,3029792
C11923-K2,3029815
C11923-K2,3030035
C11923-K2,3030040
C11923-K2,3030125
C11923-K2,3030322
C11923-K2,3030430
C11923-K2,3030515
C11923-K2,3030529
C11923-K2,3030567
C11923-K2,3030671
C11923-K2,3030803
C11923-K2,3030848
C11923-K2,3030852
C11923-K2,3030959
C11923-K2,3031067
C11923-K2,3031363
C11923-K2,3031383
C11923-K2,3031394
C11923-K2,3031564
C11923-K2,3031644
C11923-K2,3031676
C11923-K2,3031677
C11923-K2,3031684
C11923-K2,3031722
C11923-K2,3031748
C11923-K2,3031764
C11923-K2,3031770
C11923-K2,3031806
C11923-K2,3031812
C11923-K2,3031870
C11923-K2,3031912
C11923-K2,3031985
C11923-K2,3031988
C11923-K2,3032204
C11923-K2,3032257
C11923-K2,3032262
C11923-K2,3032264
C11923-K2,3032274
C11923-K2,3032294
C11923-K2,3032297
C11923-K2,3032304
C11923-K2,3032324
C11923-K2,3032328
C11923-K2,3032371
C11923-K2,3032410
C11923-K2,3032452
C11923-K2,3032458
C11923-K2,3032479
C11923-K2,3032549
C11923-K2,3032573
C11923-K2,3032587
C11923-K2,3032588
C11923-K2,3033202
C11923-K2,3033444
C11923-K2,3033471
C11923-K2,3033750
C11923-K2,3033767
C11923-K2,3033776
C11923-K2,3033791
C11923-K2,3033880
C11923-K2,3033892
C11923-K2,3033929
C11923-K2,3034037
C11923-K2,3034147
C11923-K2,3034160
C11923-K2,3034202
C11923-K2,3034252
C11923-K2,3034518
C11923-K2,3034537
C11923-K2,3034593
C11923-K2,3034653
C11923-K2,3034679
C11923-K2,3034791
C11923-K2,3034824
C11923-K2,3035104
C11923-K2,3035373
C11923-K2,3035450
C11923-K2,3035501
C11923-K2,3035536
C11923-K2,3035708
C11923-K2,3035738
C11923-K2,3035786
C11923-K2,3035818
C11923-K2,3035965
C11923-K2,3036078
C11923-K2,3036118
C11923-K2,3036130
C11923-K2,3036134
C11923-K2,3036153
C11923-K2,3036188
C11923-K2,3036190
C11923-K2,3036206
C11923-K2,3036230
C11923-K2,3036248
C11923-K2,3036268
C11923-K2,3036346
C11923-K2,3036467
C11923-K2,3036598
C11923-K2,3036611
C11923-K2,3036855
C11923-K2,3036952
C11923-K2,3037007
C11923-K2,3037225
C11923-K2,3037401
C11923-K2,3037430
C11923-K2,3037435
C11923-K2,3037484
C11923-K2,3037550
C11923-K2,3037749
C11923-K2,3037770
C11923-K2,3037922
C11923-K2,3037975
C11923-K2,3038159
C11923-K2,3038169
C11923-K2,3038191
C11923-K2,3038207
C11923-K2,3038212
C11923-K2,3038298
C11923-K2,3038346
C11923-K2,3038366
C11923-K2,3038456
C11923-K2,3038526
C11923-K2,3038545
C11923-K2,3038583
C11923-K2,3038655
C11923-K2,3038767
C11923-K2,3038926
C11923-K2,3038939
C11923-K2,3038949
C11923-K2,3039024
C11923-K2,3039031
C11923-K2,3039068
C11923-K2,3039106
C11923-K2,3039147
C11923-K2,3039190
C11923-K2,3039507
C11923-K2,3039573
C11923-K2,3039613
C11923-K2,3039715
C11923-K2,3039772
C11923-K2,3039808
C11923-K2,3039915
C11923-K2,3039920
C11923-K2,3039932
C11923-K2,3039937
C11923-K2,3039954
C11923-K2,3039999
C11923-K2,3040044
C11923-K2,3040051
C11923-K2,3040058
C11923-K2,3040063
C11923-K2,3040089
C11923-K2,3040090
C11923-K2,3040094
C11923-K2,3040134
C11923-K2,3040190
C11923-K2,3040233
C11923-K2,3040240
C11923-K2,3040284
C11923-K2,3040310
C11923-K2,3040341
C11923-K2,3040440
C11923-K2,3040446
C11923-K2,3040452
C11923-K2,3040456
C11923-K2,3040469
C11923-K2,3040475
C11923-K2,3040476
C11923-K2,3040494
C11923-K2,3040548
C11923-K2,3040550
C11923-K2,3040551
C11923-K2,3040837
C11923-K2,3040846
C11923-K2,3040884
C11923-K2,3040952
C11923-K2,3041038
C11923-K2,3041085
C11923-K2,3041140
C11923-K2,3041173
C11923-K2,3041174
C11923-K2,3041187
C11923-K2,3041196
C11923-K2,3041204
C11923-K2,3041217
C11923-K2,3041255
C11923-K2,3041275
C11923-K2,3041308
C11923-K2,3041664
C11923-K2,3041700
C11923-K2,3041752
C11923-K2,3041760
C11923-K2,3041800
C11923-K2,3042239
C11923-K2,3042293
C11923-K2,3042313
C11923-K2,3042444
C11923-K2,3042525
C11923-K2,3042624
C11923-K2,3042627
C11923-K2,3042697
C11923-K2,3042754
C11923-K2,3042920
C11923-K2,3043040
C11923-K2,3043232
C11923-K2,3043299
C11923-K2,3043321
C11923-K2,3043560
C11923-K2,3043601
C11923-K2,3043673
C11923-K2,3043703
C11923-K2,3043758
C11923-K2,3043889
C11923-K2,3043950
C11923-K2,3044044
C11923-K2,3044127
C11923-K2,3044150
C11923-K2,3044177
C11923-K2,3044186
C11923-K2,3044241
C11923-K2,3044246
C11923-K2,3044254
C11923-K2,3044262
C11923-K2,3044266
C11923-K2,3044267
C11923-K2,3044274
C11923-K2,3044297
C11923-K2,3044299
C11923-K2,3044325
C11923-K2,3044391
C11923-K2,3044394
C11923-K2,3044472
C11923-K2,3044484
C11923-K2,3044493
C11923-K2,3044495
C11923-K2,3044508
C11923-K2,3044585
C11923-K2,3044586
C11923-K2,3044616
C11923-K2,3044709
C11923-K2,3044717
C11923-K2,3044718
C11923-K2,3044785
C11923-K2,3044807
C11923-K2,3044958
C11923-K2,3045065
C11923-K2,3045210
C11923-K2,3045227
C11923-K2,3045278
C11923-K2,3045285
C11923-K2,3045298
C11923-K2,3045335
C11923-K2,3045404
C11923-K2,3045458
C11923-K2,3045478
C11923-K2,3045620
C11923-K2,3045623
C11923-K2,3045756
C11923-K2,3045881
C11923-K2,3045894
C11923-K2,3045951
C11923-K2,3046015
C11923-K2,3046072
C11923-K2,3046217
C11923-K2,3046423
C11923-K2,3046483
C11923-K2,3046705
C11923-K2,3046722
C11923-K2,3046726
C11923-K2,3046778
C11923-K2,3046792
C11923-K2,3046916
C11923-K2,3046938
C11923-K2,3046955
C11923-K2,3047005
C11923-K2,3047011
C11923-K2,3047134
C11923-K2,3047206
C11923-K2,3047279
C11923-K2,3047482
C11923-K2,3047540
C11923-K2,3047544
C11923-K2,3047597
C11923-K2,3047601
C11923-K2,3047602
C11923-K2,3047605
C11923-K2,3047606
C11923-K2,3047655
C11923-K2,3047676
C11923-K2,3047692
C11923-K2,3047700
C11923-K2,3047709
C11923-K2,3047720
C11923-K2,3047724
C11923-K2,3047734
C11923-K2,3047793
C11923-K2,3047807
C11923-K2,3047812
C11923-K2,3047833
C11923-K2,3047835
C11923-K2,3047873
C11923-K2,3047882
C11923-K2,3047933
C11923-K2,3048131
C11923-K2,3048161
C11923-K2,3048165
C11923-K2,3048171
C11923-K2,3048172
C11923-K2,3048176
C11923-K2,3048186
C11923-K2,3048200
C11923-K2,3048223
C11923-K2,3048257
C11923-K2,3048264
C11923-K2,3048272
C11923-K2,3048290
C11923-K2,3048310
C11923-K2,3048419
C11923-K2,3048436
C11923-K2,3048440
C11923-K2,3048491
C11923-K2,3048515
C11923-K2,3048524
C11923-K2,3048538
C11923-K2,3048543
C11923-K2,3048576
C11923-K2,3048651
C11923-K2,3048654
C11923-K2,3048701
C11923-K2,3048718
C11923-K2,3048763
C11923-K2,3048778
C11923-K2,3048783
C11923-K2,3048792
C11923-K2,3048832
C11923-K2,3048834
C11923-K2,3048885
C11923-K2,3049059
C11923-K2,3049530
C11923-K2,3049644
C11923-K2,3049835
C11923-K2,3049905
C11923-K2,3049932
C11923-K2,3049959
C11923-K2,3050024
C11923-K2,3050065
C11923-K2,3050096
C11923-K2,3050132
C11923-K2,3050147
C11923-K2,3050162
C11923-K2,3050181
C11923-K2,3050274
C11923-K2,3050291
C11923-K2,3050436
C11923-K2,3050446
C11923-K2,3050469
C11923-K2,3050478
C11923-K2,3050638
C11923-K2,3050656
C11923-K2,3050704
C11923-K2,3050706
C11923-K2,3050752
C11923-K2,3050755
C11923-K2,3050787
C11923-K2,3050864
C11923-K2,3050914
C11923-K2,3050946
C11923-K2,3050977
C11923-K2,3050985
C11923-K2,3051031
C11923-K2,3051044
C11923-K2,3051129
C11923-K2,3051421
C11923-K2,3051473
C11923-K2,3051498
C11923-K2,3051540
C11923-K2,3051549
C11923-K2,3051568
C11923-K2,3051617
C11923-K2,3051632
C11923-K2,3051653
C11923-K2,3051684
C11923-K2,3051718
C11923-K2,3051742
C11923-K2,3051780
C11923-K2,3051796
C11923-K2,3051797
C11923-K2,3051805
C11923-K2,3051807
C11923-K2,3051830
C11923-K2,3051846
C11923-K2,3051907
C11923-K2,3051957
C11923-K2,3051991
C11923-K2,3052051
C11923-K2,3052093
C11923-K2,3052136
C11923-K2,3052212
C11923-K2,3052258
C11923-K2,3052310
C11923-K2,3052349
C11923-K2,3052351
C11923-K2,3052359
C11923-K2,3052447
C11923-K2,3052654
C11923-K2,3052746
C11923-K2,3052774
C11923-K2,3052803
C11923-K2,3052843
C11923-K2,3052851
C11923-K2,3052853
C11923-K2,3052855
C11923-K2,3052878
C11923-K2,3052927
C11923-K2,3052928
C11923-K2,3052929
C11923-K2,3052938
C11923-K2,3052968
C11923-K2,3053011
C11923-K2,3053021
C11923-K2,3053040
C11923-K2,3053049
C11923-K2,3053082
C11923-K2,3053102
C11923-K2,3053104
C11923-K2,3053226
C11923-K2,3053323
C11923-K2,3053454
C11923-K2,3053510
C11923-K2,3053586
C11923-K2,3053733
C11923-K2,3053867
C11923-K2,3053949
C11923-K2,3054051
C11923-K2,3054338
C11923-K2,3054393
C11923-K2,3054598
C11923-K2,3054739
C11923-K2,3054772
C11923-K2,3054831
C11923-K2,3055153
C11923-K2,3055283
C11923-K2,3055343
C11923-K2,3055362
C11923-K2,3055399
C11923-K2,3055411
C11923-K2,3055575
C11923-K2,3055632
C11923-K2,3055746
C11923-K2,3055798
C11923-K2,3055881
C11923-K2,3055883
C11923-K2,3055905
C11923-K2,3055920
C11923-K2,3055940
C11923-K2,3055958
C11923-K2,3055999
C11923-K2,3056056
C11923-K2,3056070
C11923-K2,3056172
C11923-K2,3056175
C11923-K2,3056288
C11923-K2,3056406
C11923-K2,3056464
C11923-K2,3056500
C11923-K2,3056526
C11923-K2,3056559
C11923-K2,3056562
C11923-K2,3056581
C11923-K2,3056583
C11923-K2,3056600
C11923-K2,3056621
C11923-K2,3056794
C11923-K2,3056803
C11923-K2,3056834
C11923-K2,3056861
C11923-K2,3056906
C11923-K2,3056925
C11923-K2,3056957
C11923-K2,3056996
C11923-K2,3057031
C11923-K2,3057099
C11923-K2,3057123
C11923-K2,3057139
C11923-K2,3057234
C11923-K2,3057256
C11923-K2,3057262
C11923-K2,3057359
C11923-K2,3057370
C11923-K2,3057387
C11923-K2,3057452
C11923-K2,3057469
C11923-K2,3057662
C11923-K2,3057769
C11923-K2,3057775
C11923-K2,3057845
C11923-K2,3057886
C11923-K2,3058030
C11923-K2,3058143
C11923-K2,3058264
C11923-K2,3058315
C11923-K2,3058325
C11923-K2,3058340
C11923-K2,3058582
C11923-K2,3058653
C11923-K2,3058724
C11923-K2,3058779
C11923-K2,3058786
C11923-K2,3058844
C11923-K2,3059029
C11923-K2,3059166
C11923-K2,3059207
C11923-K2,3059322
C11923-K2,3059515
C11923-K2,3059560
C11923-K2,3059743
C11923-K2,3059751
C11923-K2,3059800
C11923-K2,3059868
C11923-K2,3059955
C11923-K2,3059961
C11923-K2,3059987
C11923-K2,3060071
C11923-K2,3060074
C11923-K2,3060075
C11923-K2,3060089
C11923-K2,3060108
C11923-K2,3060123
C11923-K2,3060130
C11923-K2,3060177
C11923-K2,3060244
C11923-K2,3060353
C11923-K2,3060475
C11923-K2,3060561
C11923-K2,3060623
C11923-K2,3060643
C11923-K2,3060772
C11923-K2,3060790
C11923-K2,3060800
C11923-K2,3060807
C11923-K2,3060836
C11923-K2,3060910
C11923-K2,3061060
C11923-K2,3061181
C11923-K2,3061210
C11923-K2,3061232
C11923-K2,3061333
C11923-K2,3061335
C11923-K2,3061346
C11923-K2,3061454
C11923-K2,3061461
C11923-K2,3061474
C11923-K2,3061508
C11923-K2,3061515
C11923-K2,3061517
C11923-K2,3061556
C11923-K2,3061565
C11923-K2,3061601
C11923-K2,3061607
C11923-K2,3061660
C11923-K2,3061685
C11923-K2,3061690
C11923-K2,3061695
C11923-K2,3061710
C11923-K2,3061712
C11923-K2,3061765
C11923-K2,3061894
C11923-K2,3061983
C11923-K2,3062008
C11923-K2,3062014
C11923-K2,3062017
C11923-K2,3062044
C11923-K2,3062068
C11923-K2,3062115
C11923-K2,3062402
C11923-K2,3062410
C11923-K2,3062424
C11923-K2,3062488
C11923-K2,3062573
C11923-K2,3062580
C11923-K2,3062655
C11923-K2,3062683
C11923-K2,3062749
C11923-K2,3062754
C11923-K2,3062808
C11923-K2,3062840
C11923-K2,3062869
C11923-K2,3062897
C11923-K2,3062912
C11923-K2,3063061
C11923-K2,3063063
C11923-K2,3063071
C11923-K2,3063130
C11923-K2,3063138
C11923-K2,3063173
C11923-K2,3063202
C11923-K2,3063284
C11923-K2,3063292
C11923-K2,3063321
C11923-K2,3063439
C11923-K2,3063492
C11923-K2,3063514
C11923-K2,3063568
C11923-K2,3063653
C11923-K2,3063676
C11923-K2,3063684
C11923-K2,3063757
C11923-K2,3063770
C11923-K2,3063835
C11923-K2,3063863
C11923-K2,3063876
C11923-K2,3063880
C11923-K2,3063917
C11923-K2,3063951
C11923-K2,3063971
C11923-K2,3063979
C11923-K2,3063981
C11923-K2,3063987
C11923-K2,3064060
C11923-K2,3064084
C11923-K2,3064147
C11923-K2,3064152
C11923-K2,3064160
C11923-K2,3064164
C11923-K2,3064240
C11923-K2,3064266
C11923-K2,3064282
C11923-K2,3064302
C11923-K2,3064347
C11923-K2,3064365
C11923-K2,3064560
C11923-K2,3064585
C11923-K2,3064615
C11923-K2,3064629
C11923-K2,3064655
C11923-K2,3064683
C11923-K2,3064772
C11923-K2,3064881
C11923-K2,3064958
C11923-K2,3065010
C11923-K2,3065167
C11923-K2,3065174
C11923-K2,3065188
C11923-K2,3065234
C11923-K2,3065237
C11923-K2,3065286
C11923-K2,3065287
C11923-K2,3065290
C11923-K2,3065312
C11923-K2,3065337
C11923-K2,3065397
C11923-K2,3065566
C11923-K2,3065595
C11923-K2,3065602
C11923-K2,3065670
C11923-K2,3065672
C11923-K2,3065674
C11923-K2,3065683
C11923-K2,3065699
C11923-K2,3065736
C11923-K2,3065784
C11923-K2,3065809
C11923-K2,3065839
C11923-K2,3065840
C11923-K2,3065851
C11923-K2,3065980
C11923-K2,3066111
C11923-K2,3066120
C11923-K2,3066152
C11923-K2,3066165
C11923-K2,3066167
C11923-K2,3066182
C11923-K2,3066237
C11923-K2,3066239
C11923-K2,3066265
C11923-K2,3066266
C11923-K2,3066400
C11923-K2,3066440
C11923-K2,3066447
C11923-K2,3066474
C11923-K2,3066570
C11923-K2,3066575
C11923-K2,3066587
C11923-K2,3066591
C11923-K2,3066626
C11923-K2,3066627
C11923-K2,3066628
C11923-K2,3066660
C11923-K2,3066673
C11923-K2,3066686
C11923-K2,3066703
C11923-K2,3066762
C11923-K2,3066780
C11923-K2,3066784
C11923-K2,3066797
C11923-K2,3066807
C11923-K2,3066809
C11923-K2,3066835
C11923-K2,3066839
C11923-K2,3066840
C11923-K2,3066849
C11923-K2,3066887
C11923-K2,3066917
C11923-K2,3066927
C11923-K2,3067052
C11923-K2,3067178
C11923-K2,3067379
C11923-K2,3067460
C11923-K2,3067887
C11923-K2,3067964
C11923-K2,3068033
C11923-K2,3068241
C11923-K2,3068288
C11923-K2,3068370
C11923-K2,3068582
C11923-K2,3068837
C11923-K2,3068839
C11923-K2,3068859
C11923-K2,3068861
C11923-K2,3068935
C11923-K2,3068947
C11923-K2,3069197
C11923-K2,3069218
C11923-K2,3069231
C11923-K2,3069302
C11923-K2,3069390
C11923-K2,3069485
C11923-K2,3069839
C11923-K2,3070022
C11923-K2,3070093
C11923-K2,3070212
C11923-K2,3070240
C11923-K2,3070248
C11923-K2,3070253
C11923-K2,3070256
C11923-K2,3070263
C11923-K2,3070295
C11923-K2,3070349
C11923-K2,3070354
C11923-K2,3070371
C11923-K2,3070514
C11923-K2,3070520
C11923-K2,3070521
C11923-K2,3070547
C11923-K2,3070619
C11923-K2,3070634
C11923-K2,3070668
C11923-K2,3070710
C11923-K2,3070944
C11923-K2,3071029
C11923-K2,3071061
C11923-K2,3071085
C11923-K2,3071089
C11923-K2,3071091
C11923-K2,3071116
C11923-K2,3071122
C11923-K2,3071140
C11923-K2,3071143
C11923-K2,3071197
C11923-K2,3071201
C11923-K2,3071257
C11923-K2,3071280
C11923-K2,3071297
C11923-K2,3071304
C11923-K2,3071310
C11923-K2,3071333
C11923-K2,3071370
C11923-K2,3071400
C11923-K2,3071401
C11923-K2,3071435
C11923-K2,3071443
C11923-K2,3071445
C11923-K2,3071449
C11923-K2,3071468
C11923-K2,3071471
C11923-K2,3071478
C11923-K2,3071501
C11923-K2,3071517
C11923-K2,3071520
C11923-K2,3071525
C11923-K2,3071533
C11923-K2,3071544
C11923-K2,3071546
C11923-K2,3071551
C11923-K2,3071567
C11923-K2,3071569
C11923-K2,3071580
C11923-K2,3071598
C11923-K2,3071654
C11923-K2,3071683
C11923-K2,3071838
C11923-K2,3071875
C11923-K2,3071896
C11923-K2,3071897
C11923-K2,3071904
C11923-K2,3071923
C11923-K2,3072029
C11923-K2,3072045
C11923-K2,3072055
C11923-K2,3072079
C11923-K2,3072089
C11923-K2,3072092
C11923-K2,3072584
C11923-K2,3072637
C11923-K2,3072687
C11923-K2,3072694
C11923-K2,3072698
C11923-K2,3072821
C11923-K2,3072833
C11923-K2,3072836
C11923-K2,3072894
C11923-K2,3072949
C11923-K2,3072954
C11923-K2,3073090
C11923-K2,3073100
C11923-K2,3073152
C11923-K2,3073184
C11923-K2,3073201
C11923-K2,3073212
C11923-K2,3073221
C11923-K2,3073285
C11923-K2,3073315
C11923-K2,3073318
C11923-K2,3073389
C11923-K2,3073425
C11923-K2,3073452
C11923-K2,3073471
C11923-K2,3073516
C11923-K2,3073541
C11923-K2,3073548
C11923-K2,3073602
C11923-K2,3073621
C11923-K2,3073724
C11923-K2,3074058
C11923-K2,3074080
C11923-K2,3074169
C11923-K2,3074187
C11923-K2,3074193
C11923-K2,3074202
C11923-K2,3074219
C11923-K2,3074287
C11923-K2,3074381
C11923-K2,3074444
C11923-K2,3074459
C11923-K2,3074483
C11923-K2,3074495
C11923-K2,3074504
C11923-K2,3074593
C11923-K2,3074690
C11923-K2,3074761
C11923-K2,3074848
C11923-K2,3074953
C11923-K2,3074984
C11923-K2,3074997
C11923-K2,3075101
C11923-K2,3075139
C11923-K2,3075172
C11923-K2,3075180
C11923-K2,3075184
C11923-K2,3075194
C11923-K2,3075210
C11923-K2,3075211
C11923-K2,3075221
C11923-K2,3075242
C11923-K2,3075257
C11923-K2,3075261
C11923-K2,3075266
C11923-K2,3075272
C11923-K2,3075284
C11923-K2,3075285
C11923-K2,3075299
C11923-K2,3075329
C11923-K2,3075339
C11923-K2,3075349
C11923-K2,3075404
C11923-K2,3075414
C11923-K2,3075566
C11923-K2,3075590
C11923-K2,3075622
C11923-K2,3075650
C11923-K2,3075815
C11923-K2,3075835
C11923-K2,3075841
C11923-K2,3075888
C11923-K2,3075946
C11923-K2,3075963
C11923-K2,3075965
C11923-K2,3075974
C11923-K2,3076080
C11923-K2,3076082
C11923-K2,3076086
C11923-K2,3076099
C11923-K2,3076158
C11923-K2,3076159
C11923-K2,3076203
C11923-K2,3076209
C11923-K2,3076238
C11923-K2,3076248
C11923-K2,3076283
C11923-K2,3076328
C11923-K2,3076349
C11923-K2,3076372
C11923-K2,3076437
C11923-K2,3076487
C11923-K2,3076537
C11923-K2,3076550
C11923-K2,3076554
C11923-K2,3076564
C11923-K2,3076567
C11923-K2,3076581
C11923-K2,3076597
C11923-K2,3076608
C11923-K2,3076611
C11923-K2,3076619
C11923-K2,3076624
C11923-K2,3076633
C11923-K2,3076634
C11923-K2,3076639
C11923-K2,3076640
C11923-K2,3076656
C11923-K2,3076728
C11923-K2,3076738
C11923-K2,3076749
C11923-K2,3076751
C11923-K2,3076768
C11923-K2,3076830
C11923-K2,3076857
C11923-K2,3076889
C11923-K2,3077116
C11923-K2,3077171
C11923-K2,3077189
C11923-K2,3077219
C11923-K2,3077255
C11923-K2,3077296
C11923-K2,3077410
C11923-K2,3077521
C11923-K2,3077540
C11923-K2,3077563
C11923-K2,3077576
C11923-K2,3077654
C11923-K2,3077673
C11923-K2,3077674
C11923-K2,3077677
C11923-K2,3077834
C11923-K2,3077912
C11923-K2,3077933
C11923-K2,3078158
C11923-K2,3078167
C11923-K2,3078245
C11923-K2,3078259
C11923-K2,3078396
C11923-K2,3078427
C11923-K2,3078455
C11923-K2,3078484
C11923-K2,3078536
C11923-K2,3078550
C11923-K2,3078563
C11923-K2,3078581
C11923-K2,3078738
C11923-K2,3078761
C11923-K2,3078811
C11923-K2,3078822
C11923-K2,3078841
C11923-K2,3078916
C11923-K2,3078995
C11923-K2,3079062
C11923-K2,3079133
C11923-K2,3079146
C11923-K2,3079170
C11923-K2,3079172
C11923-K2,3079184
C11923-K2,3079305
C11923-K2,3079319
C11923-K2,3079361
C11923-K2,3079415
C11923-K2,3079455
C11923-K2,3079484
C11923-K2,3079525
C11923-K2,3079747
C11923-K2,3079761
C11923-K2,3079795
C11923-K2,3079800
C11923-K2,3079825
C11923-K2,3079844
C11923-K2,3079953
C11923-K2,3079983
C11923-K2,3080112
C11923-K2,3080159
C11923-K2,3080176
C11923-K2,3080180
C11923-K2,3080181
C11923-K2,3080244
C11923-K2,3080300
C11923-K2,3080350
C11923-K2,3080385
C11923-K2,3080415
C11923-K2,3080484
C11923-K2,3080518
C11923-K2,3080557
C11923-K2,3080613
C11923-K2,3080619
C11923-K2,3080805
C11923-K2,3080886
C11923-K2,3080911
C11923-K2,3080912
C11923-K2,3080915
C11923-K2,3080990
C11923-K2,3080994
C11923-K2,3081010
C11923-K2,3081028
C11923-K2,3081070
C11923-K2,3081097
C11923-K2,3081122
C11923-K2,3081162
C11923-K2,3081207
C11923-K2,3081240
C11923-K2,3081279
C11923-K2,3081311
C11923-K2,3081349
C11923-K2,3081398
C11923-K2,3081399
C11923-K2,3081458
C11923-K2,3081514
C11923-K2,3081518
C11923-K2,3081578
C11923-K2,3081582
C11923-K2,3081607
C11923-K2,3081617
C11923-K2,3081651
C11923-K2,3081703
C11923-K2,3081706
C11923-K2,3081724
C11923-K2,3081726
C11923-K2,3081748
C11923-K2,3081768
C11923-K2,3081774
C11923-K2,3081797
C11923-K2,3081801
C11923-K2,3081814
C11923-K2,3081817
C11923-K2,3081872
C11923-K2,3081883
C11923-K2,3081898
C11923-K2,3081902
C11923-K2,3081916
C11923-K2,3081919
C11923-K2,3081933
C11923-K2,3081951
C11923-K2,3081956
C11923-K2,3082030
C11923-K2,3082052
C11923-K2,3082059
C11923-K2,3082073
C11923-K2,3082110
C11923-K2,3082135
C11923-K2,3082149
C11923-K2,3082161
C11923-K2,3082168
C11923-K2,3082172
C11923-K2,3082186
C11923-K2,3082198
C11923-K2,3082209
C11923-K2,3082219
C11923-K2,3082232
C11923-K2,3082235
C11923-K2,3082242
C11923-K2,3082260
C11923-K2,3082274
C11923-K2,3082304
C11923-K2,3082305
C11923-K2,3082306
C11923-K2,3082341
C11923-K2,3082346
C11923-K2,3082369
C11923-K2,3082376
C11923-K2,3082542
C11923-K2,3082680
C11923-K2,3082758
C11923-K2,3082967
C11923-K2,3083036
C11923-K2,3083090
C11923-K2,3083142
C11923-K2,3083157
C11923-K2,3083325
C11923-K2,3083364
C11923-K2,3083402
C11923-K2,3083515
C11923-K2,3083585
C11923-K2,3083619
C11923-K2,3083631
C11923-K2,3083640
C11923-K2,3083665
C11923-K2,3083679
C11923-K2,3083695
C11923-K2,3083726
C11923-K2,3083759
C11923-K2,3083805
C11923-K2,3083880
C11923-K2,3083933
C11923-K2,3083954
C11923-K2,3083967
C11923-K2,3083994
C11923-K2,3083998
C11923-K2,3084064
C11923-K2,3084094
C11923-K2,3084112
C11923-K2,3084149
C11923-K2,3084167
C11923-K2,3084209
C11923-K2,3084229
C11923-K2,3084237
C11923-K2,3084252
C11923-K2,3084329
C11923-K2,3084483
C11923-K2,3084550
C11923-K2,3084561
C11923-K2,3084606
C11923-K2,3084617
C11923-K2,3084630
C11923-K2,3084709
C11923-K2,3084776
C11923-K2,3084779
C11923-K2,3084805
C11923-K2,3084828
C11923-K2,3084862
C11923-K2,3084863
C11923-K2,3084876
C11923-K2,3084991
C11923-K2,3084992
C11923-K2,3085010
C11923-K2,3085041
C11923-K2,3085088
C11923-K2,3085127
C11923-K2,3085196
C11923-K2,3085224
C11923-K2,3085236
C11923-K2,3085285
C11923-K2,3085319
C11923-K2,3085338
C11923-K2,3085405
C11923-K2,3085478
C11923-K2,3085554
C11923-K2,3085563
C11923-K2,3085610
C11923-K2,3085652
C11923-K2,3085753
C11923-K2,3085819
C11923-K2,3085870
C11923-K2,3085912
C11923-K2,3085923
C11923-K2,3085931
C11923-K2,3085943
C11923-K2,3085968
C11923-K2,3085992
C11923-K2,3086004
C11923-K2,3086037
C11923-K2,3086047
C11923-K2,3086058
C11923-K2,3086086
C11923-K2,3086106
C11923-K2,3086123
C11923-K2,3086191
C11923-K2,3086239
C11923-K2,3086297
C11923-K2,3086298
C11923-K2,3086321
C11923-K2,3086433
C11923-K2,3086482
C11923-K2,3086492
C11923-K2,3086652
C11923-K2,3086887
C11923-K2,3086899
C11923-K2,3086964
C11923-K2,3086976
C11923-K2,3086993
C11923-K2,3086994
C11923-K2,3086995
C11923-K2,3087002
C11923-K2,3087032
C11923-K2,3087033
C11923-K2,3087043
C11923-K2,3087049
C11923-K2,3087063
C11923-K2,3087114
C11923-K2,3087163
C11923-K2,3087170
C11923-K2,3087210
C11923-K2,3087233
C11923-K2,3087276
C11923-K2,3087309
C11923-K2,3087351
C11923-K2,3087386
C11923-K2,3087440
C11923-K2,3087450
C11923-K2,3087535
C11923-K2,3087555
C11923-K2,3087571
C11923-K2,3087616
C11923-K2,3087653
C11923-K2,3087654
C11923-K2,3087662
C11923-K2,3087684
C11923-K2,3087690
C11923-K2,3087696
C11923-K2,3087707
C11923-K2,3087709
C11923-K2,3087716
C11923-K2,3087718
C11923-K2,3087722
C11923-K2,3087755
C11923-K2,3087757
C11923-K2,3087762
C11923-K2,3087763
C11923-K2,3087803
C11923-K2,3087821
C11923-K2,3087830
C11923-K2,3087842
C11923-K2,3087859
C11923-K2,3087863
C11923-K2,3087867
C11923-K2,3087880
C11923-K2,3087896
C11923-K2,3087899
C11923-K2,3087901
C11923-K2,3087903
C11923-K2,3087924
C11923-K2,3087965
C11923-K2,3088149
C11923-K2,3088175
C11923-K2,3088212
C11923-K2,3088250
C11923-K2,3088280
C11923-K2,3088335
C11923-K2,3088344
C11923-K2,3088384
C11923-K2,3088388
C11923-K2,3088449
C11923-K2,3088497
C11923-K2,3088585
C11923-K2,3088601
C11923-K2,3088624
C11923-K2,3088629
C11923-K2,3088692
C11923-K2,3088715
C11923-K2,3088726
C11923-K2,3088779
C11923-K2,3088837
C11923-K2,3088907
C11923-K2,3088979
C11923-K2,3089196
C11923-K2,3089356
C11923-K2,3089387
C11923-K2,3089402
C11923-K2,3089461
C11923-K2,3089538
C11923-K2,3089559
C11923-K2,3089571
C11923-K2,3089585
C11923-K2,3089605
C11923-K2,3089636
C11923-K2,3089705
C11923-K2,3089737
C11923-K2,3089773
C11923-K2,3089831
C11923-K2,3089901
C11923-K2,3090221
C11923-K2,3090237
C11923-K2,3090287
C11923-K2,3090334
C11923-K2,3090366
C11923-K2,3090426
C11923-K2,3090567
C11923-K2,3090941
C11923-K2,3091231
C11923-K2,3091243
C11923-K2,3091245
C11923-K2,3091267
C11923-K2,3091272
C11923-K2,3091295
C11923-K2,3091327
C11923-K2,3091420
C11923-K2,3091495
C11923-K2,3091502
C11923-K2,3091529
C11923-K2,3091676
C11923-K2,3092021
C11923-K2,3092049
C11923-K2,3092057
C11923-K2,3092062
C11923-K2,3092095
C11923-K2,3092104
C11923-K2,3092109
C11923-K2,3092171
C11923-K2,3092179
C11923-K2,3092200
C11923-K2,3092203
C11923-K2,3092204
C11923-K2,3092205
C11923-K2,3092211
C11923-K2,3092214
C11923-K2,3092244
C11923-K2,3092251
C11923-K2,3092253
C11923-K2,3092267
C11923-K2,3092268
C11923-K2,3092274
C11923-K2,3092277
C11923-K2,3092289
C11923-K2,3092342
C11923-K2,3092347
C11923-K2,3092348
C11923-K2,3092352
C11923-K2,3092355
C11923-K2,3092389
C11923-K2,3092505
C11923-K2,3092547
C11923-K2,3092597
C11923-K2,3092612
C11923-K2,3092699
C11923-K2,3092860
C11923-K2,3093002
C11923-K2,3093037
C11923-K2,3093456
C11923-K2,3093472
C11923-K2,3093477
C11923-K2,3093488
C11923-K2,3093668
C11923-K2,3093686
C11923-K2,3093704
C11923-K2,3093720
C11923-K2,3093732
C11923-K2,3093734
C11923-K2,3093780
C11923-K2,3093821
C11923-K2,3093880
C11923-K2,3093887
C11923-K2,3093891
C11923-K2,3093900
C11923-K2,3093967
C11923-K2,3093971
C11923-K2,3094059
C11923-K2,3094276
C11923-K2,3094302
C11923-K2,3094313
C11923-K2,3094400
C11923-K2,3094487
C11923-K2,3094515
C11923-K2,3094623
C11923-K2,3094772
C11923-K2,3094792
C11923-K2,3094847
C11923-K2,3094971
C11923-K2,3095035
C11923-K2,3095062
C11923-K2,3095072
C11923-K2,3095094
C11923-K2,3095124
C11923-K2,3095151
C11923-K2,3095160
C11923-K2,3095166
C11923-K2,3095240
C11923-K2,3095252
C11923-K2,3095300
C11923-K2,3095337
C11923-K2,3095471
C11923-K2,3095496
C11923-K2,3095651
C11923-K2,3095716
C11923-K2,3095754
C11923-K2,3095769
C11923-K2,3095953
C11923-K2,3096120
C11923-K2,3096205
C11923-K2,3096279
C11923-K2,3096493
C11923-K2,3096500
C11923-K2,3096583
C11923-K2,3096597
C11923-K2,3096649
C11923-K2,3096727
C11923-K2,3096786
C11923-K2,3096812
C11923-K2,3096814
C11923-K2,3096860
C11923-K2,3096910
C11923-K2,3096974
C11923-K2,3096994
C11923-K2,3097066
C11923-K2,3097092
C11923-K2,3097112
C11923-K2,3097117
C11923-K2,3097196
C11923-K2,3097219
C11923-K2,3097311
C11923-K2,3097318
C11923-K2,3097321
C11923-K2,3097353
C11923-K2,3097376
C11923-K2,3097451
C11923-K2,3097470
C11923-K2,3097484
C11923-K2,3097490
C11923-K2,3097508
C11923-K2,3097594
C11923-K2,3097754
C11923-K2,3097882
C11923-K2,3097892
C11923-K2,3097936
C11923-K2,3097985
C11923-K2,3098009
C11923-K2,3098034
C11923-K2,3098040
C11923-K2,3098078
C11923-K2,3098094
C11923-K2,3098118
C11923-K2,3098125
C11923-K2,3098127
C11923-K2,3098137
C11923-K2,3098142
C11923-K2,3098185
C11923-K2,3098255
C11923-K2,3098290
C11923-K2,3098326
C11923-K2,3098370
C11923-K2,3098451
C11923-K2,3098559
C11923-K2,3098589
C11923-K2,3098657
C11923-K2,3098678
C11923-K2,3098754
C11923-K2,3098923
C11923-K2,3099029
C11923-K2,3099031
C11923-K2,3099170
C11923-K2,3099189
C11923-K2,3099205
C11923-K2,3099222
C11923-K2,3099452
C11923-K2,3099479
C11923-K2,3099490
C11923-K2,3099629
C11923-K2,3099794
C11923-K2,3099857
C11923-K2,3099858
C11923-K2,3099868
C11923-K2,3099886
C11923-K2,3100006
C11923-K2,3100025
C11923-K2,3100035
C11923-K2,3100406
C11923-K2,3100434
C11923-K2,3100475
C11923-K2,3100651
C11923-K2,3100659
C11923-K2,3100963
C11923-K2,3101088
C11923-K2,3101151
C11923-K2,3101160
C11923-K2,3101304
C11923-K2,3101329
C11923-K2,3101410
C11923-K2,3101518
C11923-K2,3101699
C11923-K2,3101765
C11923-K2,3101914
C11923-K2,3101940
C11923-K2,3101967
C11923-K2,3102069
C11923-K2,3102091
C11923-K2,3102095
C11923-K2,3102103
C11923-K2,3102121
C11923-K2,3102127
C11923-K2,3102152
C11923-K2,3102190
C11923-K2,3102235
C11923-K2,3102241
C11923-K2,3102257
C11923-K2,3102266
C11923-K2,3102309
C11923-K2,3102340
C11923-K2,3102447
C11923-K2,3102622
C11923-K2,3102650
C11923-K2,3102656
C11923-K2,3102692
C11923-K2,3102758
C11923-K2,3102821
C11923-K2,3102916
C11923-K2,3102922
C11923-K2,3102926
C11923-K2,3102931
C11923-K2,3102949
C11923-K2,3102954
C11923-K2,3102964
C11923-K2,3102965
C11923-K2,3103002
C11923-K2,3103023
C11923-K2,3103074
C11923-K2,3103102
C11923-K2,3103128
C11923-K2,3103219
C11923-K2,3103224
C11923-K2,3103251
C11923-K2,3103273
C11923-K2,3103295
C11923-K2,3103319
C11923-K2,3103344
C11923-K2,3103388
C11923-K2,3103402
C11923-K2,3103428
C11923-K2,3103450
C11923-K2,3103454
C11923-K2,3103462
C11923-K2,3103478
C11923-K2,3103483
C11923-K2,3103582
C11923-K2,3103632
C11923-K2,3103644
C11923-K2,3103659
C11923-K2,3103737
C11923-K2,3103741
C11923-K2,3103750
C11923-K2,3103767
C11923-K2,3103792
C11923-K2,3103802
C11923-K2,3103823
C11923-K2,3103840
C11923-K2,3103854
C11923-K2,3103883
C11923-K2,3103946
C11923-K2,3104253
C11923-K2,3104254
C11923-K2,3104300
C11923-K2,3104302
C11923-K2,3104316
C11923-K2,3104458
C11923-K2,3104490
C11923-K2,3104541
C11923-K2,3104543
C11923-K2,3104568
C11923-K2,3104582
C11923-K2,3104605
C11923-K2,3104618
C11923-K2,3104626
C11923-K2,3104634
C11923-K2,3104667
C11923-K2,3104713
C11923-K2,3104805
C11923-K2,3104848
C11923-K2,3104907
C11923-K2,3104925
C11923-K2,3104955
C11923-K2,3104957
C11923-K2,3104985
C11923-K2,3105001
C11923-K2,3105015
C11923-K2,3105042
C11923-K2,3105052
C11923-K2,3105061
C11923-K2,3105153
C11923-K2,3105207
C11923-K2,3105229
C11923-K2,3105307
C11923-K2,3105538
C11923-K2,3105578
C11923-K2,3105592
C11923-K2,3105658
C11923-K2,3105687
C11923-K2,3105821
C11923-K2,3105876
C11923-K2,3106037
C11923-K2,3106042
C11923-K2,3106057
C11923-K2,3106322
C11923-K2,3106486
C11923-K2,3106489
C11923-K2,3106575
C11923-K2,3106608
C11923-K2,3106633
C11923-K2,3106646
C11923-K2,3106733
C11923-K2,3106796
C11923-K2,3106838
C11923-K2,3106888
C11923-K2,3106925
C11923-K2,3106999
C11923-K2,3107021
C11923-K2,3107103
C11923-K2,3107119
C11923-K2,3107164
C11923-K2,3107169
C11923-K2,3107170
C11923-K2,3107190
C11923-K2,3107197
C11923-K2,3107222
C11923-K2,3107272
C11923-K2,3107291
C11923-K2,3107312
C11923-K2,3107340
C11923-K2,3107371
C11923-K2,3107410
C11923-K2,3107494
C11923-K2,3107571
C11923-K2,3107573
C11923-K2,3107587
C11923-K2,3107676
C11923-K2,3107836
C11923-K2,3107913
C11923-K2,3107994
C11923-K2,3108020
C11923-K2,3108109
C11923-K2,3108110
C11923-K2,3108201
C11923-K2,3108287
C11923-K2,3108327
C11923-K2,3108347
C11923-K2,3108386
C11923-K2,3108407
C11923-K2,3108414
C11923-K2,3108426
C11923-K2,3108469
C11923-K2,3108473
C11923-K2,3108478
C11923-K2,3108481
C11923-K2,3108485
C11923-K2,3108502
C11923-K2,3108504
C11923-K2,3108559
C11923-K2,3108633
C11923-K2,3108659
C11923-K2,3108660
C11923-K2,3108704
C11923-K2,3108725
C11923-K2,3108750
C11923-K2,3108807
C11923-K2,3108850
C11923-K2,3108889
C11923-K2,3108919
C11923-K2,3108926
C11923-K2,3108930
C11923-K2,3108943
C11923-K2,3108955
C11923-K2,3108969
C11923-K2,3108970
C11923-K2,3108981
C11923-K2,3109000
C11923-K2,3109002
C11923-K2,3109028
C11923-K2,3109049
C11923-K2,3109089
C11923-K2,3109096
C11923-K2,3109143
C11923-K2,3109240
C11923-K2,3109252
C11923-K2,3109495
C11923-K2,3109580
C11923-K2,3109589
C11923-K2,3109594
C11923-K2,3109652
C11923-K2,3109720
C11923-K2,3109721
C11923-K2,3109735
C11923-K2,3109758
C11923-K2,3109775
C11923-K2,3109841
C11923-K2,3109890
C11923-K2,3109921
C11923-K2,3109949
C11923-K2,3109990
C11923-K2,3109994
C11923-K2,3110002
C11923-K2,3110009
C11923-K2,3110055
C11923-K2,3110093
C11923-K2,3110102
C11923-K2,3110139
C11923-K2,3110154
C11923-K2,3110175
C11923-K2,3110200
C11923-K2,3110237
C11923-K2,3110238
C11923-K2,3110242
C11923-K2,3110254
C11923-K2,3110267
C11923-K2,3110285
C11923-K2,3110300
C11923-K2,3110301
C11923-K2,3110318
C11923-K2,3110363
C11923-K2,3110382
C11923-K2,3110399
C11923-K2,3110423
C11923-K2,3110503
C11923-K2,3110512
C11923-K2,3110513
C11923-K2,3110516
C11923-K2,3110518
C11923-K2,3110524
C11923-K2,3110534
C11923-K2,3110550
C11923-K2,3110553
C11923-K2,3110559
C11923-K2,3110562
C11923-K2,3110565
C11923-K2,3110572
C11923-K2,3110576
C11923-K2,3110577
C11923-K2,3110578
C11923-K2,3110591
C11923-K2,3110592
C11923-K2,3110629
C11923-K2,3110630
C11923-K2,3110674
C11923-K2,3110688
C11923-K2,3110695
C11923-K2,3110705
C11923-K2,3110707
C11923-K2,3110708
C11923-K2,3110718
C11923-K2,3110740
C11923-K2,3110820
C11923-K2,3110891
C11923-K2,3111345
C11923-K2,3111399
C11923-K2,3111441
C11923-K2,3111618
C11923-K2,3111691
C11923-K2,3111705
C11923-K2,3111741
C11923-K2,3111751
C11923-K2,3111843
C11923-K2,3112024
C11923-K2,3112114
C11923-K2,3112149
C11923-K2,3112154
C11923-K2,3112155
C11923-K2,3112167
C11923-K2,3112202
C11923-K2,3112222
C11923-K2,3112247
C11923-K2,3112258
C11923-K2,3112266
C11923-K2,3112358
C11923-K2,3112410
C11923-K2,3112433
C11923-K2,3112443
C11923-K2,3112454
C11923-K2,3112469
C11923-K2,3112492
C11923-K2,3112505
C11923-K2,3112527
C11923-K2,3112541
C11923-K2,3112568
C11923-K2,3112608
C11923-K2,3112618
C11923-K2,3112619
C11923-K2,3112620
C11923-K2,3112633
C11923-K2,3112634
C11923-K2,3112675
C11923-K2,3112686
C11923-K2,3112689
C11923-K2,3112715
C11923-K2,3112722
C11923-K2,3112745
C11923-K2,3112814
C11923-K2,3112819
C11923-K2,3112821
C11923-K2,3112870
C11923-K2,3112944
C11923-K2,3112947
C11923-K2,3113011
C11923-K2,3113028
C11923-K2,3113037
C11923-K2,3113064
C11923-K2,3113129
C11923-K2,3113199
C11923-K2,3113207
C11923-K2,3113211
C11923-K2,3113288
C11923-K2,3113289
C11923-K2,3113304
C11923-K2,3113319
C11923-K2,3113324
C11923-K2,3113375
C11923-K2,3113384
C11923-K2,3113406
C11923-K2,3113415
C11923-K2,3113530
C11923-K2,3113532
C11923-K2,3113538
C11923-K2,3113567
C11923-K2,3113585
C11923-K2,3113602
C11923-K2,3113678
C11923-K2,3113701
C11923-K2,3113763
C11923-K2,3113853
C11923-K2,3113862
C11923-K2,3113882
C11923-K2,3113939
C11923-K2,3113940
C11923-K2,3114035
C11923-K2,3114044
C11923-K2,3114056
C11923-K2,3114218
C11923-K2,3114223
C11923-K2,3114226
C11923-K2,3114297
C11923-K2,3114318
C11923-K2,3114396
C11923-K2,3114414
C11923-K2,3114477
C11923-K2,3114484
C11923-K2,3114500
C11923-K2,3114536
C11923-K2,3114554
C11923-K2,3114642
C11923-K2,3114677
C11923-K2,3114744
C11923-K2,3114822
C11923-K2,3114840
C11923-K2,3114858
C11923-K2,3114875
C11923-K2,3114906
C11923-K2,3114998
C11923-K2,3115000
C11923-K2,3115057
C11923-K2,3115079
C11923-K2,3115185
C11923-K2,3115270
C11923-K2,3115283
C11923-K2,3115326
C11923-K2,3115330
C11923-K2,3115345
C11923-K2,3115350
C11923-K2,3115368
C11923-K2,3115477
C11923-K2,3115512
C11923-K2,3115533
C11923-K2,3115540
C11923-K2,3115541
C11923-K2,3115556
C11923-K2,3115790
C11923-K2,3115910
C11923-K2,3115917
C11923-K2,3115948
C11923-K2,3116006
C11923-K2,3116008
C11923-K2,3116023
C11923-K2,3116074
C11923-K2,3116078
C11923-K2,3116160
C11923-K2,3116276
C11923-K2,3116371
C11923-K2,3116413
C11923-K2,3116469
C11923-K2,3116598
C11923-K2,3116633
C11923-K2,3116728
C11923-K2,3116741
C11923-K2,3116752
C11923-K2,3116846
C11923-K2,3116871
C11923-K2,3116904
C11923-K2,3116918
C11923-K2,3116960
C11923-K2,3117013
C11923-K2,3117036
C11923-K2,3117061
C11923-K2,3117184
C11923-K2,3117203
C11923-K2,3117311
C11923-K2,3117333
C11923-K2,3117429
C11923-K2,3117585
C11923-K2,3117799
C11923-K2,3117807
C11923-K2,3117972
C11923-K2,3117978
C11923-K2,3118070
C11923-K2,3118130
C11923-K2,3118144
C11923-K2,3118149
C11923-K2,3118165
C11923-K2,3118198
C11923-K2,3118218
C11923-K2,3118261
C11923-K2,3118298
C11923-K2,3118302
C11923-K2,3118328
C11923-K2,3118342
C11923-K2,3118348
C11923-K2,3118363
C11923-K2,3118383
C11923-K2,3118399
C11923-K2,3118400
C11923-K2,3118409
C11923-K2,3118423
C11923-K2,3118428
C11923-K2,3118456
C11923-K2,3118458
C11923-K2,3118460
C11923-K2,3118468
C11923-K2,3118489
C11923-K2,3118522
C11923-K2,3118553
C11923-K2,3118711
C11923-K2,3118721
C11923-K2,3118757
C11923-K2,3118837
C11923-K2,3118844
C11923-K2,3118868
C11923-K2,3118958
C11923-K2,3119058
C11923-K2,3119069
C11923-K2,3119075
C11923-K2,3119108
C11923-K2,3119135
C11923-K2,3119142
C11923-K2,3119153
C11923-K2,3119164
C11923-K2,3119173
C11923-K2,3119182
C11923-K2,3119224
C11923-K2,3119274
C11923-K2,3119289
C11923-K2,3119340
C11923-K2,3119369
C11923-K2,3119438
C11923-K2,3119548
C11923-K2,3119563
C11923-K2,3119578
C11923-K2,3119593
C11923-K2,3119611
C11923-K2,3119621
C11923-K2,3119624
C11923-K2,3119638
C11923-K2,3119639
C11923-K2,3119650
C11923-K2,3119652
C11923-K2,3119668
C11923-K2,3119679
C11923-K2,3119688
C11923-K2,3119702
C11923-K2,3119705
C11923-K2,3119707
C11923-K2,3119724
C11923-K2,3119739
C11923-K2,3119747
C11923-K2,3119777
C11923-K2,3119783
C11923-K2,3119850
C11923-K2,3119866
C11923-K2,3119867
C11923-K2,3119892
C11923-K2,3119896
C11923-K2,3119923
C11923-K2,3119962
C11923-K2,3119972
C11923-K2,3120009
C11923-K2,3120012
C11923-K2,3120017
C11923-K2,3120039
C11923-K2,3120046
C11923-K2,3120048
C11923-K2,3120050
C11923-K2,3120054
C11923-K2,3120105
C11923-K2,3120107
C11923-K2,3120108
C11923-K2,3120113
C11923-K2,3120120
C11923-K2,3120121
C11923-K2,3120276
C11923-K2,3120359
C11923-K2,3120578
C11923-K2,3120711
C11923-K2,3120715
C11923-K2,3120734
C11923-K2,3120848
C11923-K2,3120868
C11923-K2,3120873
C11923-K2,3120909
C11923-K2,3120948
C11923-K2,3120961
C11923-K2,3121054
C11923-K2,3121067
C11923-K2,3121072
C11923-K2,3121085
C11923-K2,3121095
C11923-K2,3121098
C11923-K2,3121106
C11923-K2,3121117
C11923-K2,3121167
C11923-K2,3121199
C11923-K2,3121260
C11923-K2,3121302
C11923-K2,3121314
C11923-K2,3121323
C11923-K2,3121335
C11923-K2,3121353
C11923-K2,3121371
C11923-K2,3121408
C11923-K2,3121422
C11923-K2,3121448
C11923-K2,3121580
C11923-K2,3121671
C11923-K2,3121749
C11923-K2,3121800
C11923-K2,3121803
C11923-K2,3121827
C11923-K2,3121836
C11923-K2,3121870
C11923-K2,3121880
C11923-K2,3121888
C11923-K2,3121936
C11923-K2,3122002
C11923-K2,3122013
C11923-K2,3122014
C11923-K2,3122020
C11923-K2,3122035
C11923-K2,3122098
C11923-K2,3122103
C11923-K2,3122131
C11923-K2,3122163
C11923-K2,3122169
C11923-K2,3122175
C11923-K2,3122179
C11923-K2,3122201
C11923-K2,3122222
C11923-K2,3122230
C11923-K2,3122268
C11923-K2,3122270
C11923-K2,3122289
C11923-K2,3122440
C11923-K2,3122469
C11923-K2,3122480
C11923-K2,3122484
C11923-K2,3122492
C11923-K2,3122505
C11923-K2,3122519
C11923-K2,3122525
C11923-K2,3122583
C11923-K2,3122596
C11923-K2,3122603
C11923-K2,3122617
C11923-K2,3122627
C11923-K2,3122699
C11923-K2,3122711
C11923-K2,3122730
C11923-K2,3122782
C11923-K2,3122789
C11923-K2,3122804
C11923-K2,3122814
C11923-K2,3122835
C11923-K2,3122858
C11923-K2,3122863
C11923-K2,3122880
C11923-K2,3122881
C11923-K2,3122897
C11923-K2,3122913
C11923-K2,3122940
C11923-K2,3122954
C11923-K2,3123060
C11923-K2,3123149
C11923-K2,3123154
C11923-K2,3123257
C11923-K2,3123320
C11923-K2,3123321
C11923-K2,3123331
C11923-K2,3123380
C11923-K2,3123447
C11923-K2,3123499
C11923-K2,3123503
C11923-K2,3123506
C11923-K2,3123598
C11923-K2,3123646
C11923-K2,3123651
C11923-K2,3123662
C11923-K2,3123680
C11923-K2,3123713
C11923-K2,3123733
C11923-K2,3123767
C11923-K2,3123793
C11923-K2,3123799
C11923-K2,3123836
C11923-K2,3123837
C11923-K2,3123855
C11923-K2,3123863
C11923-K2,3123898
C11923-K2,3123910
C11923-K2,3123933
C11923-K2,3123995
C11923-K2,3124057
C11923-K2,3124062
C11923-K2,3124103
C11923-K2,3124401
C11923-K2,3124468
C11923-K2,3124502
C11923-K2,3124517
C11923-K2,3124520
C11923-K2,3124553
C11923-K2,3124639
C11923-K2,3124704
C11923-K2,3124738
C11923-K2,3124791
C11923-K2,3124815
C11923-K2,3124971
C11923-K2,3125013
C11923-K2,3125081
C11923-K2,3125415
C11923-K2,3125460
C11923-K2,3125683
C11923-K2,3125789
C11923-K2,3125791
C11923-K2,3125864
C11923-K2,3125889
C11923-K2,3125923
C11923-K2,3125939
C11923-K2,3125944
C11923-K2,3126037
C11923-K2,3126124
C11923-K2,3126134
C11923-K2,3126209
C11923-K2,3126216
C11923-K2,3126275
C11923-K2,3126395
C11923-K2,3126430
C11923-K2,3126443
C11923-K2,3126444
C11923-K2,3126462
C11923-K2,3126531
C11923-K2,3126570
C11923-K2,3126630
C11923-K2,3126749
C11923-K2,3126750
C11923-K2,3126772
C11923-K2,3126778
C11923-K2,3126902
C11923-K2,3126947
C11923-K2,3126978
C11923-K2,3127011
C11923-K2,3127044
C11923-K2,3127193
C11923-K2,3127204
C11923-K2,3127277
C11923-K2,3127309
C11923-K2,3127310
C11923-K2,3127347
C11923-K2,3127349
C11923-K2,3127385
C11923-K2,3127432
C11923-K2,3127498
C11923-K2,3127546
C11923-K2,3127567
C11923-K2,3127593
C11923-K2,3127595
C11923-K2,3127616
C11923-K2,3127649
C11923-K2,3127746
C11923-K2,3127748
C11923-K2,3127761
C11923-K2,3127810
C11923-K2,3127840
C11923-K2,3127879
C11923-K2,3127936
C11923-K2,3127959
C11923-K2,3127994
C11923-K2,3128123
C11923-K2,3128179
C11923-K2,3128356
C11923-K2,3128527
C11923-K2,3128575
C11923-K2,3128610
C11923-K2,3128682
C11923-K2,3128731
C11923-K2,3128742
C11923-K2,3128744
C11923-K2,3128775
C11923-K2,3128797
C11923-K2,3128814
C11923-K2,3128824
C11923-K2,3128919
C11923-K2,3128923
C11923-K2,3128935
C11923-K2,3128958
C11923-K2,3129107
C11923-K2,3129110
C11923-K2,3129168
C11923-K2,3129180
C11923-K2,3129237
C11923-K2,3129263
C11923-K2,3129291
C11923-K2,3129319
C11923-K2,3129589
C11923-K2,3129608
C11923-K2,3129853
C11923-K2,3129862
C11923-K2,3129905
C11923-K2,3129921
C11923-K2,3129969
C11923-K2,3129972
C11923-K2,3129985
C11923-K2,3130055
C11923-K2,3130121
C11923-K2,3130138
C11923-K2,3130167
C11923-K2,3130200
C11923-K2,3130217
C11923-K2,3130253
C11923-K2,3130434
C11923-K2,3130457
C11923-K2,3130497
C11923-K2,3130784
C11923-K2,3130918
C11923-K2,3130925
C11923-K2,3131001
C11923-K2,3131006
C11923-K2,3131009
C11923-K2,3131142
C11923-K2,3131170
C11923-K2,3131173
C11923-K2,3131175
C11923-K2,3131495
C11923-K2,3131503
C11923-K2,3131556
C11923-K2,3131591
C11923-K2,3131752
C11923-K2,3131779
C11923-K2,3131816
C11923-K2,3131839
C11923-K2,3132196
C11923-K2,3132198
C11923-K2,3132233
C11923-K2,3132255
C11923-K2,3132273
C11923-K2,3132381
C11923-K2,3132397
C11923-K2,3132413
C11923-K2,3132465
C11923-K2,3132497
C11923-K2,3132566
C11923-K2,3132610
C11923-K2,3132664
C11923-K2,3132695
C11923-K2,3132703
C11923-K2,3132736
C11923-K2,3132765
C11923-K2,3132774
C11923-K2,3132973
C11923-K2,3133012
C11923-K2,3133076
C11923-K2,3133139
C11923-K2,3133295
C11923-K2,3133363
C11923-K2,3133483
C11923-K2,3133494
C11923-K2,3133496
C11923-K2,3133515
C11923-K2,3133618
C11923-K2,3133808
C11923-K2,3133831
C11923-K2,3133947
C11923-K2,3134020
C11923-K2,3134083
C11923-K2,3134141
C11923-K2,3134169
C11923-K2,3134212
C11923-K2,3134233
C11923-K2,3134240
C11923-K2,3134308
C11923-K2,3134312
C11923-K2,3134313
C11923-K2,3134408
C11923-K2,3134451
C11923-K2,3134507
C11923-K2,3134807
C11923-K2,3134823
C11923-K2,3135024
C11923-K2,3135197
C11923-K2,3135222
C11923-K2,3135572
C11923-K2,3135580
C11923-K2,3135651
C11923-K2,3135698
C11923-K2,3135715
C11923-K2,3135736
C11923-K2,3135773
C11923-K2,3135780
C11923-K2,3135790
C11923-K2,3135899
C11923-K2,3135972
C11923-K2,3135973
C11923-K2,3136032
C11923-K2,3136043
C11923-K2,3136172
C11923-K2,3136225
C11923-K2,3136288
C11923-K2,3136299
C11923-K2,3136316
C11923-K2,3136317
C11923-K2,3136342
C11923-K2,3136351
C11923-K2,3136386
C11923-K2,3136391
C11923-K2,3136393
C11923-K2,3136410
C11923-K2,3136423
C11923-K2,3136426
C11923-K2,3136443
C11923-K2,3136451
C11923-K2,3136588
C11923-K2,3136623
C11923-K2,3136669
C11923-K2,3136723
C11923-K2,3136728
C11923-K2,3136769
C11923-K2,3136777
C11923-K2,3136789
C11923-K2,3136790
C11923-K2,3136823
C11923-K2,3136909
C11923-K2,3136917
C11923-K2,3136962
C11923-K2,3136967
C11923-K2,3136983
C11923-K2,3137009
C11923-K2,3137027
C11923-K2,3137056
C11923-K2,3137065
C11923-K2,3137129
C11923-K2,3137137
C11923-K2,3137199
C11923-K2,3137214
C11923-K2,3137285
C11923-K2,3137394
C11923-K2,3137423
C11923-K2,3137444
C11923-K2,3137518
C11923-K2,3137532
C11923-K2,3137566
C11923-K2,3137619
C11923-K2,3137657
C11923-K2,3137706
C11923-K2,3137707
C11923-K2,3137720
C11923-K2,3137735
C11923-K2,3137736
C11923-K2,3137753
C11923-K2,3137775
C11923-K2,3137805
C11923-K2,3137841
C11923-K2,3137850
C11923-K2,3137916
C11923-K2,3137919
C11923-K2,3137934
C11923-K2,3138064
C11923-K2,3138169
C11923-K2,3138342
C11923-K2,3138422
C11923-K2,3138666
C11923-K2,3138731
C11923-K2,3138758
C11923-K2,3138779
C11923-K2,3138799
C11923-K2,3138840
C11923-K2,3138879
C11923-K2,3138980
C11923-K2,3139052
C11923-K2,3139102
C11923-K2,3139121
C11923-K2,3139169
C11923-K2,3139358
C11923-K2,3139464
C11923-K2,3139510
C11923-K2,3139556
C11923-K2,3139561
C11923-K2,3139665
C11923-K2,3139688
C11923-K2,3139722
C11923-K2,3139851
C11923-K2,3139904
C11923-K2,3139971
C11923-K2,3140113
C11923-K2,3140258
C11923-K2,3140262
C11923-K2,3140269
C11923-K2,3140296
C11923-K2,3140343
C11923-K2,3140382
C11923-K2,3140383
C11923-K2,3140387
C11923-K2,3140398
C11923-K2,3140402
C11923-K2,3140403
C11923-K2,3140419
C11923-K2,3140423
C11923-K2,3140445
C11923-K2,3140449
C11923-K2,3140464
C11923-K2,3140486
C11923-K2,3140513
C11923-K2,3140546
C11923-K2,3140548
C11923-K2,3140549
C11923-K2,3140553
C11923-K2,3140589
C11923-K2,3140636
C11923-K2,3140648
C11923-K2,3140696
C11923-K2,3140701
C11923-K2,3140759
C11923-K2,3140877
C11923-K2,3140898
C11923-K2,3141072
C11923-K2,3141100
C11923-K2,3141105
C11923-K2,3141112
C11923-K2,3141166
C11923-K2,3141193
C11923-K2,3141201
C11923-K2,3141317
C11923-K2,3141499
C11923-K2,3141560
C11923-K2,3141605
C11923-K2,3141648
C11923-K2,3141664
C11923-K2,3141689
C11923-K2,3141713
C11923-K2,3141723
C11923-K2,3141734
C11923-K2,3141777
C11923-K2,3141814
C11923-K2,3141850
C11923-K2,3141961
C11923-K2,3141964
C11923-K2,3142007
C11923-K2,3142098
C11923-K2,3142158
C11923-K2,3142481
C11923-K2,3142585
C11923-K2,3142625
C11923-K2,3142649
C11923-K2,3142674
C11923-K2,3142714
C11923-K2,3142735
C11923-K2,3142778
C11923-K2,3142786
C11923-K2,3142874
C11923-K2,3142913
C11923-K2,3142959
C11923-K2,3142999
C11923-K2,3143040
C11923-K2,3143116
C11923-K2,3143184
C11923-K2,3143186
C11923-K2,3143237
C11923-K2,3143270
C11923-K2,3143377
C11923-K2,3143499
C11923-K2,3143506
C11923-K2,3143545
C11923-K2,3143598
C11923-K2,3143653
C11923-K2,3143672
C11923-K2,3143688
C11923-K2,3143754
C11923-K2,3143791
C11923-K2,3143860
C11923-K2,3143965
C11923-K2,3143972
C11923-K2,3144044
C11923-K2,3144099
C11923-K2,3144278
C11923-K2,3144324
C11923-K2,3144404
C11923-K2,3144444
C11923-K2,3144469
C11923-K2,3144508
C11923-K2,3144521
C11923-K2,3144575
C11923-K2,3144580
C11923-K2,3144584
C11923-K2,3144610
C11923-K2,3144611
C11923-K2,3144614
C11923-K2,3144617
C11923-K2,3144622
C11923-K2,3144637
C11923-K2,3144688
C11923-K2,3144724
C11923-K2,3144764
C11923-K2,3144815
C11923-K2,3144822
C11923-K2,3144859
C11923-K2,3144904
C11923-K2,3144910
C11923-K2,3144949
C11923-K2,3145036
C11923-K2,3145166
C11923-K2,3145228
C11923-K2,3145244
C11923-K2,3145314
C11923-K2,3145376
C11923-K2,3145379
C11923-K2,3145398
C11923-K2,3145401
C11923-K2,3145506
C11923-K2,3145576
C11923-K2,3145657
C11923-K2,3145746
C11923-K2,3145757
C11923-K2,3145771
C11923-K2,3145773
C11923-K2,3145790
C11923-K2,3145800
C11923-K2,3145805
C11923-K2,3145822
C11923-K2,3145824
C11923-K2,3145832
C11923-K2,3145845
C11923-K2,3145854
C11923-K2,3145855
C11923-K2,3145904
C11923-K2,3145919
C11923-K2,3145968
C11923-K2,3146159
C11923-K2,3146292
C11923-K2,3146328
C11923-K2,3146337
C11923-K2,3146364
C11923-K2,3146426
C11923-K2,3146438
C11923-K2,3146499
C11923-K2,3146538
C11923-K2,3146566
C11923-K2,3146662
C11923-K2,3146709
C11923-K2,3146768
C11923-K2,3146790
C11923-K2,3146821
C11923-K2,3146823
C11923-K2,3146943
C11923-K2,3146991
C11923-K2,3147094
C11923-K2,3147103
C11923-K2,3147110
C11923-K2,3147112
C11923-K2,3147121
C11923-K2,3147154
C11923-K2,3147164
C11923-K2,3147260
C11923-K2,3147366
C11923-K2,3147375
C11923-K2,3147402
C11923-K2,3147405
C11923-K2,3147462
C11923-K2,3147485
C11923-K2,3147546
C11923-K2,3147580
C11923-K2,3147626
C11923-K2,3147791
C11923-K2,3147804
C11923-K2,3147860
C11923-K2,3147900
C11923-K2,3147966
C11923-K2,3147991
C11923-K2,3148107
C11923-K2,3148115
C11923-K2,3148117
C11923-K2,3148124
C11923-K2,3148138
C11923-K2,3148202
C11923-K2,3148233
C11923-K2,3148235
C11923-K2,3148289
C11923-K2,3148300
C11923-K2,3148313
C11923-K2,3148487
C11923-K2,3148646
C11923-K2,3148893
C11923-K2,3148947
C11923-K2,3149065
C11923-K2,3149370
C11923-K2,3149383
C11923-K2,3149559
C11923-K2,3149624
C11923-K2,3149626
C11923-K2,3149704
C11923-K2,3149721
C11923-K2,3149838
C11923-K2,3149985
C11923-K2,3150083
C11923-K2,3150348
C11923-K2,3150453
C11923-K2,3150537
C11923-K2,3150589
C11923-K2,3150729
C11923-K2,3150768
C11923-K2,3150809
C11923-K2,3150814
C11923-K2,3150827
C11923-K2,3150828
C11923-K2,3150832
C11923-K2,3150869
C11923-K2,3150991
C11923-K2,3151131
C11923-K2,3151177
C11923-K2,3151416
C11923-K2,3151417
C11923-K2,3151454
C11923-K2,3151584
C11923-K2,3151652
C11923-K2,3152136
C11923-K2,3152137
C11923-K2,3152170
C11923-K2,3152171
C11923-K2,3152184
C11923-K2,3152187
C11923-K2,3152198
C11923-K2,3152231
C11923-K2,3152296
C11923-K2,3152397
C11923-K2,3152607
C11923-K2,3152862
C11923-K2,3152918
C11923-K2,3153053
C11923-K2,3153201
C11923-K2,3153233
C11923-K2,3153293
C11923-K2,3153331
C11923-K2,3153432
C11923-K2,3153510
C11923-K2,3153567
C11923-K2,3153577
C11923-K2,3153655
C11923-K2,3153663
C11923-K2,3153723
C11923-K2,3153876
C11923-K2,3153879
C11923-K2,3153885
C11923-K2,3153966
C11923-K2,3154013
C11923-K2,3154182
C11923-K2,3154200
C11923-K2,3154217
C11923-K2,3154240
C11923-K2,3154280
C11923-K2,3154306
C11923-K2,3154323
C11923-K2,3154449
C11923-K2,3154530
C11923-K2,3154547
C11923-K2,3154589
C11923-K2,3154607
C11923-K2,3154618
C11923-K2,3154621
C11923-K2,3154637
C11923-K2,3154683
C11923-K2,3154702
C11923-K2,3154718
C11923-K2,3154719
C11923-K2,3154728
C11923-K2,3154750
C11923-K2,3154778
C11923-K2,3154821
C11923-K2,3154826
C11923-K2,3154852
C11923-K2,3154869
C11923-K2,3155060
C11923-K2,3155100
C11923-K2,3155331
C11923-K2,3155528
C11923-K2,3155657
C11923-K2,3155790
C11923-K2,3155921
C11923-K2,3155999
C11923-K2,3156116
C11923-K2,3156137
C11923-K2,3156171
C11923-K2,3156347
C11923-K2,3156619
C11923-K2,3156716
C11923-K2,3156729
C11923-K2,3157085
C11923-K2,3157179
C11923-K2,3157239
C11923-K2,3157247
C11923-K2,3157273
C11923-K2,3157326
C11923-K2,3157328
C11923-K2,3157341
C11923-K2,3157474
C11923-K2,3157493
C11923-K2,3157541
C11923-K2,3157602
C11923-K2,3157648
C11923-K2,3157830
C11923-K2,3157843
C11923-K2,3157918
C11923-K2,3157976
C11923-K2,3157994
C11923-K2,3158012
C11923-K2,3158056
C11923-K2,3158066
C11923-K2,3158070
C11923-K2,3158550
C11923-K2,3158890
C11923-K2,3158958
C11923-K2,3159063
C11923-K2,3159166
C11923-K2,3159270
C11923-K2,3159312
C11923-K2,3159398
C11923-K2,3159462
C11923-K2,3159522
C11923-K2,3159536
C11923-K2,3159592
C11923-K2,3159726
C11923-K2,3159822
C11923-K2,3159847
C11923-K2,3159916
C11923-K2,3159975
C11923-K2,3160065
C11923-K2,3160079
C11923-K2,3160191
C11923-K2,3160467
C11923-K2,3160486
C11923-K2,3160549
C11923-K2,3160587
C11923-K2,3160707
C11923-K2,3160711
C11923-K2,3160771
C11923-K2,3160792
C11923-K2,3160794
C11923-K2,3160822
C11923-K2,3160846
C11923-K2,3160914
C11923-K2,3160994
C11923-K2,3161088
C11923-K2,3161107
C11923-K2,3161126
C11923-K2,3161168
C11923-K2,3161218
C11923-K2,3161232
C11923-K2,3161257
C11923-K2,3161471
C11923-K2,3161746
C11923-K2,3161828
C11923-K2,3161831
C11923-K2,3161844
C11923-K2,3161893
C11923-K2,3162521
C11923-K2,3162661
C11923-K2,3162666
C11923-K2,3162708
C11923-K2,3162729
C11923-K2,3162810
C11923-K2,3162850
C11923-K2,3162856
C11923-K2,3162902
C11923-K2,3163015
C11923-K2,3163151
C11923-K2,3163296
C11923-K2,3163301
C11923-K2,3163321
C11923-K2,3163368
C11923-K2,3163380
C11923-K2,3163483
C11923-K2,3163490
C11923-K2,3163517
C11923-K2,3164659
C11923-K2,3164780
C11923-K2,3164850
C11923-K2,3165212
C11923-K2,3165331
C11923-K2,3165431
C11923-K2,3165597
C11923-K2,3165729
C11923-K2,3165737
C11923-K2,3165768
C11923-K2,3165801
C11923-K2,3165808
C11923-K2,3165810
C11923-K2,3165917
C11923-K2,3165934
C11923-K2,3165969
C11923-K2,3165977
C11923-K2,3166069
C11923-K2,3166095
C11923-K2,3166183
C11923-K2,3166341
C11923-K2,3166344
C11923-K2,3166345
C11923-K2,3166371
C11923-K2,3166430
C11923-K2,3166490
C11923-K2,3166495
C11923-K2,3166602
C11923-K2,3166626
C11923-K2,3166627
C11923-K2,3166631
C11923-K2,3166673
C11923-K2,3166795
C11923-K2,3166833
C11923-K2,3166840
C11923-K2,3166849
C11923-K2,3166859
C11923-K2,3166940
C11923-K2,3166985
C11923-K2,3166997
C11923-K2,3167018
C11923-K2,3167028
C11923-K2,3167074
C11923-K2,3167097
C11923-K2,3167103
C11923-K2,3167104
C11923-K2,3167140
C11923-K2,3167153
C11923-K2,3167162
C11923-K2,3167166
C11923-K2,3167168
C11923-K2,3167174
C11923-K2,3167180
C11923-K2,3167608
C11923-K2,3167624
C11923-K2,3167716
C11923-K2,3167829
C11923-K2,3167892
C11923-K2,3168019
C11923-K2,3168130
C11923-K2,3168374
C11923-K2,3168510
C11923-K2,3168529
C11923-K2,3168728
C11923-K2,3168931
C11923-K2,3168973
C11923-K2,3169033
C11923-K2,3169089
C11923-K2,3169102
C11923-K2,3169155
C11923-K2,3169159
C11923-K2,3169182
C11923-K2,3169330
C11923-K2,3169359
C11923-K2,3169389
C11923-K2,3169391
C11923-K2,3169434
C11923-K2,3169495
C11923-K2,3169591
C11923-K2,3169664
C11923-K2,3169801
C11923-K2,3169829
C11923-K2,3169835
C11923-K2,3169902
C11923-K2,3169945
C11923-K2,3169971
C11923-K2,3169988
C11923-K2,3170016
C11923-K2,3170018
C11923-K2,3170020
C11923-K2,3170129
C11923-K2,3170150
C11923-K2,3170171
C11923-K2,3170189
C11923-K2,3170318
C11923-K2,3170999
C11923-K2,3171101
C11923-K2,3171127
C11923-K2,3171134
C11923-K2,3171239
C11923-K2,3171281
C11923-K2,3171538
C11923-K2,3171575
C11923-K2,3171636
C11923-K2,3171662
C11923-K2,3171696
C11923-K2,3171701
C11923-K2,3171839
C11923-K2,3171990
C11923-K2,3172186
C11923-K2,3172533
C11923-K2,3172707
C11923-K2,3172710
C11923-K2,3172756
C11923-K2,3172830
C11923-K2,3172852
C11923-K2,3172895
C11923-K2,3173123
C11923-K2,3173238
C11923-K2,3173546
C11923-K2,3173627
C11923-K2,3173713
C11923-K2,3173771
C11923-K2,3173775
C11923-K2,3173846
C11923-K2,3173863
C11923-K2,3174017
C11923-K2,3174045
C11923-K2,3174203
C11923-K2,3174214
C11923-K2,3174243
C11923-K2,3174596
C11923-K2,3174687
C11923-K2,3174729
C11923-K2,3174840
C11923-K2,3174984
C11923-K2,3175013
C11923-K2,3175193
C11923-K2,3175262
C11923-K2,3175353
C11923-K2,3175442
C11923-K2,3175444
C11923-K2,3175624
C11923-K2,3175647
C11923-K2,3175675
C11923-K2,3175685
C11923-K2,3175692
C11923-K2,3175695
C11923-K2,3175699
C11923-K2,3175737
C11923-K2,3175741
C11923-K2,3175755
C11923-K2,3175783
C11923-K2,3175788
C11923-K2,3175795
C11923-K2,3175820
C11923-K2,3175930
C11923-K2,3176285
C11923-K2,3176617
C11923-K2,3176690
C11923-K2,3176824
C11923-K2,3176845
C11923-K2,3176988
C11923-K2,3177061
C11923-K2,3177216
C11923-K2,3177428
C11923-K2,3177457
C11923-K2,3177744
C11923-K2,3177778
C11923-K2,3177850
C11923-K2,3177970
C11923-K2,3178001
C11923-K2,3178019
C11923-K2,3178098
C11923-K2,3178187
C11923-K2,3178260
C11923-K2,3178345
C11923-K2,3178393
C11923-K2,3178408
C11923-K2,3178438
C11923-K2,3178445
C11923-K2,3178462
C11923-K2,3178468
C11923-K2,3178499
C11923-K2,3178510
C11923-K2,3178554
C11923-K2,3178569
C11923-K2,3178612
C11923-K2,3178638
C11923-K2,3178639
C11923-K2,3178666
C11923-K2,3178675
C11923-K2,3178678
C11923-K2,3178691
C11923-K2,3178716
C11923-K2,3178720
C11923-K2,3178757
C11923-K2,3178826
C11923-K2,3178997
C11923-K2,3179278
C11923-K2,3179528
C11923-K2,3179805
C11923-K2,3179879
C11923-K2,3180128
C11923-K2,3180242
C11923-K2,3180357
C11923-K2,3180358
C11923-K2,3180494
C11923-K2,3180834
C11923-K2,3180919
C11923-K2,3180983
C11923-K2,3180998
C11923-K2,3181198
C11923-K2,3181298
C11923-K2,3181309
C11923-K2,3181349
C11923-K2,3181358
C11923-K2,3181454
C11923-K2,3181482
C11923-K2,3181524
C11923-K2,3181672
C11923-K2,3181703
C11923-K2,3181718
C11923-K2,3182089
C11923-K2,3182204
C11923-K2,3182347
C11923-K2,3182367
C11923-K2,3182412
C11923-K2,3182521
C11923-K2,3182604
C11923-K2,3183160
C11923-K2,3183196
C11923-K2,3183250
C11923-K2,3183265
C11923-K2,3183287
C11923-K2,3183307
C11923-K2,3183326
C11923-K2,3183394
C11923-K2,3183465
C11923-K2,3183616
C11923-K2,3183618
C11923-K2,3183691
C11923-K2,3183702
C11923-K2,3183821
C11923-K2,3183867
C11923-K2,3183870
C11923-K2,3184028
C11923-K2,3184044
C11923-K2,3184365
C11923-K2,3184414
C11923-K2,3184420
C11923-K2,3184446
C11923-K2,3184451
C11923-K2,3184504
C11923-K2,3184603
C11923-K2,3184835
C11923-K2,3184841
C11923-K2,3185219
C11923-K2,3185276
C11923-K2,3185495
C11923-K2,3185685
C11923-K2,3185692
C11923-K2,3185768
C11923-K2,3185809
C11923-K2,3185877
C11923-K2,3185911
C11923-K2,3185922
C11923-K2,3185925
C11923-K2,3185996
C11923-K2,3186012
C11923-K2,3186138
C11923-K2,3186160
C11923-K2,3186182
C11923-K2,3186217
C11923-K2,3186361
C11923-K2,3186369
C11923-K2,3186418
C11923-K2,3186446
C11923-K2,3186448
C11923-K2,3186493
C11923-K2,3186520
C11923-K2,3186669
C11923-K2,3186798
C11923-K2,3186838
C11923-K2,3186842
C11923-K2,3186890
C11923-K2,3187009
C11923-K2,3187010
C11923-K2,3187050
C11923-K2,3187062
C11923-K2,3187141
C11923-K2,3187275
C11923-K2,3187376
C11923-K2,3187437
C11923-K2,3187565
C11923-K2,3187736
C11923-K2,3187933
C11923-K2,3187959
C11923-K2,3187977
C11923-K2,3188226
C11923-K2,3188317
C11923-K2,3188367
C11923-K2,3188386
C11923-K2,3188507
C11923-K2,3188555
C11923-K2,3188584
C11923-K2,3188602
C11923-K2,3188603
C11923-K2,3188901
C11923-K2,3188904
C11923-K2,3188918
C11923-K2,3188967
C11923-K2,3189098
C11923-K2,3189276
C11923-K2,3189388
C11923-K2,3189550
C11923-K2,3189588
C11923-K2,3189608
C11923-K2,3189741
C11923-K2,3189794
C11923-K2,3189865
C11923-K2,3189901
C11923-K2,3189902
C11923-K2,3189933
C11923-K2,3189937
C11923-K2,3189940
C11923-K2,3189947
C11923-K2,3190103
C11923-K2,3190114
C11923-K2,3190167
C11923-K2,3190204
C11923-K2,3190307
C11923-K2,3190308
C11923-K2,3190314
C11923-K2,3190319
C11923-K2,3190323
C11923-K2,3190328
C11923-K2,3190372
C11923-K2,3190433
C11923-K2,3190449
C11923-K2,3190469
C11923-K2,3190658
C11923-K2,3190690
C11923-K2,3190799
C11923-K2,3190962
C11923-K2,3191243
C11923-K2,3191256
C11923-K2,3191300
C11923-K2,3191310
C11923-K2,3191429
C11923-K2,3191634
C11923-K2,3191647
C11923-K2,3192021
C11923-K2,3192184
C11923-K2,3192211
C11923-K2,3192468
C11923-K2,3192514
C11923-K2,3192524
C11923-K2,3192530
C11923-K2,3192536
C11923-K2,3192545
C11923-K2,3192551
C11923-K2,3192573
C11923-K2,3192574
C11923-K2,3192584
C11923-K2,3192608
C11923-K2,3192641
C11923-K2,3192658
C11923-K2,3192680
C11923-K2,3192681
C11923-K2,3192697
C11923-K2,3192704
C11923-K2,3192710
C11923-K2,3192711
C11923-K2,3192881
C11923-K2,3192902
C11923-K2,3193099
C11923-K2,3193103
C11923-K2,3193105
C11923-K2,3193112
C11923-K2,3193117
C11923-K2,3193144
C11923-K2,3193176
C11923-K2,3193231
C11923-K2,3193243
C11923-K2,3193268
C11923-K2,3193273
C11923-K2,3193274
C11923-K2,3193275
C11923-K2,3193279
C11923-K2,3193286
C11923-K2,3193303
C11923-K2,3193324
C11923-K2,3193326
C11923-K2,3193328
C11923-K2,3193329
C11923-K2,3193355
C11923-K2,3193542
C11923-K2,3193728
C11923-K2,3193776
C11923-K2,3193846
C11923-K2,3193864
C11923-K2,3193939
C11923-K2,3193941
C11923-K2,3193953
C11923-K2,3193970
C11923-K2,3194021
C11923-K2,3194047
C11923-K2,3194178
C11923-K2,3194354
C11923-K2,3194410
C11923-K2,3194433
C11923-K2,3194455
C11923-K2,3194528
C11923-K2,3194531
C11923-K2,3194839
C11923-K2,3194942
C11923-K2,3195092
C11923-K2,3195141
C11923-K2,3195246
C11923-K2,3195340
C11923-K2,3195573
C11923-K2,3195770
C11923-K2,3195902
C11923-K2,3195953
C11923-K2,3196129
C11923-K2,3196157
C11923-K2,3196167
C11923-K2,3196174
C11923-K2,3196197
C11923-K2,3196289
C11923-K2,3196320
C11923-K2,3196538
C11923-K2,3196540
C11923-K2,3196600
C11923-K2,3196617
C11923-K2,3196759
C11923-K2,3196819
C11923-K2,3196886
C11923-K2,3197049
C11923-K2,3197108
C11923-K2,3197493
C11923-K2,3197502
C11923-K2,3197575
C11923-K2,3197733
C11923-K2,3197753
C11923-K2,3197938
C11923-K2,3197998
C11923-K2,3198018
C11923-K2,3198044
C11923-K2,3198053
C11923-K2,3198210
C11923-K2,3198373
C11923-K2,3198442
C11923-K2,3198496
C11923-K2,3198670
C11923-K2,3198677
C11923-K2,3198721
C11923-K2,3198813
C11923-K2,3198938
C11923-K2,3198989
C11923-K2,3199026
C11923-K2,3199031
C11923-K2,3199104
C11923-K2,3199197
C11923-K2,3199536
C11923-K2,3199603
C11923-K2,3199693
C11923-K2,3199784
C11923-K2,3199813
C11923-K2,3199827
C11923-K2,3199828
C11923-K2,3199856
C11923-K2,3200009
C11923-K2,3200025
C11923-K2,3200079
C11923-K2,3200091
C11923-K2,3200177
C11923-K2,3200179
C11923-K2,3200302
C11923-K2,3200333
C11923-K2,3200342
C11923-K2,3200404
C11923-K2,3200410
C11923-K2,3200485
C11923-K2,3200496
C11923-K2,3200508
C11923-K2,3200714
C11923-K2,3201207
C11923-K2,3201281
C11923-K2,3201354
C11923-K2,3201389
C11923-K2,3201520
C11923-K2,3201526
C11923-K2,3201531
C11923-K2,3201588
C11923-K2,3201625
C11923-K2,3201664
C11923-K2,3201669
C11923-K2,3201703
C11923-K2,3201750
C11923-K2,3201883
C11923-K2,3201892
C11923-K2,3201905
C11923-K2,3201944
C11923-K2,3201946
C11923-K2,3202018
C11923-K2,3202021
C11923-K2,3202026
C11923-K2,3202041
C11923-K2,3202046
C11923-K2,3202049
C11923-K2,3202107
C11923-K2,3202678
C11923-K2,3202682
C11923-K2,3202683
C11923-K2,3202918
C11923-K2,3203138
C11923-K2,3203315
C11923-K2,3203372
C11923-K2,3203397
C11923-K2,3203475
C11923-K2,3203479
C11923-K2,3203490
C11923-K2,3203591
C11923-K2,3203601
C11923-K2,3203761
C11923-K2,3203769
C11923-K2,3203832
C11923-K2,3204022
C11923-K2,3204081
C11923-K2,3204126
C11923-K2,3204170
C11923-K2,3204299
C11923-K2,3204580
C11923-K2,3204634
C11923-K2,3204719
C11923-K2,3204731
C11923-K2,3204764
C11923-K2,3204765
C11923-K2,3204952
C11923-K2,3204958
C11923-K2,3205064
C11923-K2,3205153
C11923-K2,3205225
C11923-K2,3205313
C11923-K2,3205433
C11923-K2,3205463
C11923-K2,3205486
C11923-K2,3205509
C11923-K2,3205621
C11923-K2,3205812
C11923-K2,3205908
C11923-K2,3205948
C11923-K2,3206047
C11923-K2,3206051
C11923-K2,3206071
C11923-K2,3206090
C11923-K2,3206154
C11923-K2,3206213
C11923-K2,3206218
C11923-K2,3206247
C11923-K2,3206258
C11923-K2,3206344
C11923-K2,3206394
C11923-K2,3206411
C11923-K2,3206430
C11923-K2,3206720
C11923-K2,3206767
C11923-K2,3206768
C11923-K2,3206824
C11923-K2,3206900
C11923-K2,3206906
C11923-K2,3206907
C11923-K2,3206971
C11923-K2,3207009
C11923-K2,3207059
C11923-K2,3207084
C11923-K2,3207112
C11923-K2,3207147
C11923-K2,3207164
C11923-K2,3207173
C11923-K2,3207183
C11923-K2,3207341
C11923-K2,3207358
C11923-K2,3207390
C11923-K2,3207405
C11923-K2,3207452
C11923-K2,3207487
C11923-K2,3207489
C11923-K2,3207490
C11923-K2,3207493
C11923-K2,3207539
C11923-K2,3207580
C11923-K2,3207586
C11923-K2,3207614
C11923-K2,3208185
C11923-K2,3208221
C11923-K2,3208318
C11923-K2,3208321
C11923-K2,3208334
C11923-K2,3208343
C11923-K2,3208345
C11923-K2,3208351
C11923-K2,3208358
C11923-K2,3208360
C11923-K2,3208370
C11923-K2,3208387
C11923-K2,3208390
C11923-K2,3208406
C11923-K2,3208433
C11923-K2,3208778
C11923-K2,3208799
C11923-K2,3208875
C11923-K2,3208895
C11923-K2,3208944
C11923-K2,3208955
C11923-K2,3208969
C11923-K2,3208988
C11923-K2,3209037
C11923-K2,3209077
C11923-K2,3209100
C11923-K2,3209121
C11923-K2,3209154
C11923-K2,3209214
C11923-K2,3209243
C11923-K2,3209349
C11923-K2,3209422
C11923-K2,3209673
C11923-K2,3209716
C11923-K2,3209768
C11923-K2,3209784
C11923-K2,3209861
C11923-K2,3210016
C11923-K2,3210043
C11923-K2,3210066
C11923-K2,3210110
C11923-K2,3210150
C11923-K2,3210203
C11923-K2,3210210
C11923-K2,3210257
C11923-K2,3210277
C11923-K2,3210296
C11923-K2,3210304
C11923-K2,3210366
C11923-K2,3210414
C11923-K2,3210431
C11923-K2,3210435
C11923-K2,3210436
C11923-K2,3210458
C11923-K2,3210460
C11923-K2,3210467
C11923-K2,3210716
C11923-K2,3210947
C11923-K2,3210992
C11923-K2,3211017
C11923-K2,3211026
C11923-K2,3211027
C11923-K2,3211050
C11923-K2,3211117
C11923-K2,3211264
C11923-K2,3211273
C11923-K2,3211347
C11923-K2,3211350
C11923-K2,3211415
C11923-K2,3211438
C11923-K2,3211514
C11923-K2,3211626
C11923-K2,3211861
C11923-K2,3211931
C11923-K2,3212025
C11923-K2,3212048
C11923-K2,3212202
C11923-K2,3212226
C11923-K2,3212304
C11923-K2,3212414
C11923-K2,3212480
C11923-K2,3212546
C11923-K2,3212641
C11923-K2,3212689
C11923-K2,3212887
C11923-K2,3212892
C11923-K2,3212925
C11923-K2,3213025
C11923-K2,3213177
C11923-K2,3213192
C11923-K2,3213234
C11923-K2,3213288
C11923-K2,3213295
C11923-K2,3213312
C11923-K2,3213520
C11923-K2,3213733
C11923-K2,3213871
C11923-K2,3213894
C11923-K2,3213902
C11923-K2,3213936
C11923-K2,3213942
C11923-K2,3213962
C11923-K2,3213983
C11923-K2,3213999
C11923-K2,3214049
C11923-K2,3214142
C11923-K2,3214180
C11923-K2,3214204
C11923-K2,3214214
C11923-K2,3214246
C11923-K2,3214278
C11923-K2,3214471
C11923-K2,3214504
C11923-K2,3214550
C11923-K2,3214693
C11923-K2,3214811
C11923-K2,3214874
C11923-K2,3214904
C11923-K2,3214908
C11923-K2,3214978
C11923-K2,3215105
C11923-K2,3215201
C11923-K2,3215226
C11923-K2,3215236
C11923-K2,3215278
C11923-K2,3215291
C11923-K2,3215401
C11923-K2,3215563
C11923-K2,3215567
C11923-K2,3215582
C11923-K2,3215629
C11923-K2,3215642
C11923-K2,3215663
C11923-K2,3215669
C11923-K2,3215682
C11923-K2,3215689
C11923-K2,3215700
C11923-K2,3215713
C11923-K2,3215721
C11923-K2,3215722
C11923-K2,3215727
C11923-K2,3215830
C11923-K2,3215846
C11923-K2,3215874
C11923-K2,3215889
C11923-K2,3216030
C11923-K2,3216086
C11923-K2,3216128
C11923-K2,3216170
C11923-K2,3216259
C11923-K2,3216263
C11923-K2,3216556
C11923-K2,3216611
C11923-K2,3216656
C11923-K2,3216701
C11923-K2,3216817
C11923-K2,3216853
C11923-K2,3216904
C11923-K2,3216964
C11923-K2,3217061
C11923-K2,3217142
C11923-K2,3217205
C11923-K2,3217224
C11923-K2,3217331
C11923-K2,3217353
C11923-K2,3217438
C11923-K2,3217552
C11923-K2,3217610
C11923-K2,3217796
C11923-K2,3217874
C11923-K2,3217963
C11923-K2,3218216
C11923-K2,3218240
C11923-K2,3218368
C11923-K2,3218379
C11923-K2,3218385
C11923-K2,3218390
C11923-K2,3218420
C11923-K2,3218498
C11923-K2,3218537
C11923-K2,3218551
C11923-K2,3218572
C11923-K2,3218573
C11923-K2,3218732
C11923-K2,3218745
C11923-K2,3218797
C11923-K2,3218814
C11923-K2,3218850
C11923-K2,3218864
C11923-K2,3218910
C11923-K2,3218926
C11923-K2,3218929
C11923-K2,3218945
C11923-K2,3218961
C11923-K2,3218980
C11923-K2,3218985
C11923-K2,3218993
C11923-K2,3219008
C11923-K2,3219016
C11923-K2,3219038
C11923-K2,3219057
C11923-K2,3219066
C11923-K2,3219084
C11923-K2,3219226
C11923-K2,3219452
C11923-K2,3219604
C11923-K2,3219649
C11923-K2,3219682
C11923-K2,3219775
C11923-K2,3219812
C11923-K2,3219863
C11923-K2,3219970
C11923-K2,3220129
C11923-K2,3220215
C11923-K2,3220271
C11923-K2,3221006
C11923-K2,3221142
C11923-K2,3221225
C11923-K2,3221245
C11923-K2,3221304
C11923-K2,3221375
C11923-K2,3221411
C11923-K2,3221449
C11923-K2,3221452
C11923-K2,3221455
C11923-K2,3221487
C11923-K2,3221507
C11923-K2,3221579
C11923-K2,3221601
C11923-K2,3221621
C11923-K2,3221702
C11923-K2,3221793
C11923-K2,3221929
C11923-K2,3221941
C11923-K2,3221952
C11923-K2,3221955
C11923-K2,3221964
C11923-K2,3221977
C11923-K2,3222042
C11923-K2,3222208
C11923-K2,3222219
C11923-K2,3222264
C11923-K2,3222410
C11923-K2,3222470
C11923-K2,3222657
C11923-K2,3222830
C11923-K2,3222897
C11923-K2,3222933
C11923-K2,3222992
C11923-K2,3223051
C11923-K2,3223070
C11923-K2,3223338
C11923-K2,3223382
C11923-K2,3223417
C11923-K2,3223432
C11923-K2,3223495
C11923-K2,3223584
C11923-K2,3223783
C11923-K2,3223794
C11923-K2,3223811
C11923-K2,3223924
C11923-K2,3224136
C11923-K2,3224167
C11923-K2,3224181
C11923-K2,3224184
C11923-K2,3224261
C11923-K2,3224305
C11923-K2,3224359
C11923-K2,3224363
C11923-K2,3224432
C11923-K2,3224446
C11923-K2,3224582
C11923-K2,3224609
C11923-K2,3224630
C11923-K2,3224632
C11923-K2,3224638
C11923-K2,3224654
C11923-K2,3224657
C11923-K2,3224694
C11923-K2,3224695
C11923-K2,3224703
C11923-K2,3224728
C11923-K2,3224745
C11923-K2,3224762
C11923-K2,3224766
C11923-K2,3224785
C11923-K2,3224792
C11923-K2,3224803
C11923-K2,3224812
C11923-K2,3224815
C11923-K2,3224840
C11923-K2,3224909
C11923-K2,3225279
C11923-K2,3225350
C11923-K2,3225398
C11923-K2,3225408
C11923-K2,3225552
C11923-K2,3225576
C11923-K2,3225758
C11923-K2,3225771
C11923-K2,3225945
C11923-K2,3225970
C11923-K2,3225980
C11923-K2,3226081
C11923-K2,3226249
C11923-K2,3226280
C11923-K2,3226317
C11923-K2,3226364
C11923-K2,3226394
C11923-K2,3226473
C11923-K2,3226474
C11923-K2,3226487
C11923-K2,3226611
C11923-K2,3226650
C11923-K2,3226667
C11923-K2,3226676
C11923-K2,3226728
C11923-K2,3226755
C11923-K2,3226757
C11923-K2,3226818
C11923-K2,3226847
C11923-K2,3226902
C11923-K2,3226932
C11923-K2,3226988
C11923-K2,3226990
C11923-K2,3227022
C11923-K2,3227152
C11923-K2,3227164
C11923-K2,3227199
C11923-K2,3227213
C11923-K2,3227263
C11923-K2,3227352
C11923-K2,3227364
C11923-K2,3227410
C11923-K2,3227420
C11923-K2,3227427
C11923-K2,3227430
C11923-K2,3227528
C11923-K2,3227553
C11923-K2,3227646
C11923-K2,3227667
C11923-K2,3227676
C11923-K2,3227712
C11923-K2,3227717
C11923-K2,3227725
C11923-K2,3227868
C11923-K2,3227874
C11923-K2,3227882
C11923-K2,3227883
C11923-K2,3227983
C11923-K2,3228000
C11923-K2,3228001
C11923-K2,3228171
C11923-K2,3228223
C11923-K2,3228356
C11923-K2,3228373
C11923-K2,3228394
C11923-K2,3228431
C11923-K2,3228532
C11923-K2,3228564
C11923-K2,3228609
C11923-K2,3228676
C11923-K2,3228685
C11923-K2,3228686
C11923-K2,3228996
C11923-K2,3229002
C11923-K2,3229005
C11923-K2,3229211
C11923-K2,3229214
C11923-K2,3229286
C11923-K2,3229307
C11923-K2,3229323
C11923-K2,3229331
C11923-K2,3229364
C11923-K2,3229398
C11923-K2,3229483
C11923-K2,3229524
C11923-K2,3229545
C11923-K2,3229579
C11923-K2,3229599
C11923-K2,3229621
C11923-K2,3229633
C11923-K2,3229663
C11923-K2,3229689
C11923-K2,3229714
C11923-K2,3229723
C11923-K2,3229733
C11923-K2,3229791
C11923-K2,3229944
C11923-K2,3229980
C11923-K2,3230032
C11923-K2,3230186
C11923-K2,3230194
C11923-K2,3230201
C11923-K2,3230230
C11923-K2,3230403
C11923-K2,3230500
C11923-K2,3230588
C11923-K2,3230593
C11923-K2,3230731
C11923-K2,3230736
C11923-K2,3230742
C11923-K2,3230760
C11923-K2,3230761
C11923-K2,3230764
C11923-K2,3230765
C11923-K2,3230776
C11923-K2,3230782
C11923-K2,3230786
C11923-K2,3230832
C11923-K2,3230884
C11923-K2,3230885
C11923-K2,3230888
C11923-K2,3230921
C11923-K2,3230947
C11923-K2,3230950
C11923-K2,3231043
C11923-K2,3231055
C11923-K2,3231073
C11923-K2,3231091
C11923-K2,3231142
C11923-K2,3231178
C11923-K2,3231228
C11923-K2,3231239
C11923-K2,3231260
C11923-K2,3231282
C11923-K2,3231308
C11923-K2,3231417
C11923-K2,3231425
C11923-K2,3231443
C11923-K2,3231499
C11923-K2,3231532
C11923-K2,3231538
C11923-K2,3231548
C11923-K2,3231557
C11923-K2,3231610
C11923-K2,3231612
C11923-K2,3231644
C11923-K2,3231815
C11923-K2,3232157
C11923-K2,3232286
C11923-K2,3232294
C11923-K2,3232321
C11923-K2,3232450
C11923-K2,3232534
C11923-K2,3232868
C11923-K2,3232897
C11923-K2,3232900
C11923-K2,3232944
C11923-K2,3233126
C11923-K2,3233144
C11923-K2,3233485
C11923-K2,3233486
C11923-K2,3233509
C11923-K2,3233526
C11923-K2,3233555
C11923-K2,3233591
C11923-K2,3233820
C11923-K2,3233959
C11923-K2,3234158
C11923-K2,3234190
C11923-K2,3234353
C11923-K2,3234435
C11923-K2,3234460
C11923-K2,3234493
C11923-K2,3234541
C11923-K2,3234554
C11923-K2,3234593
C11923-K2,3234600
C11923-K2,3234634
C11923-K2,3234638
C11923-K2,3234768
C11923-K2,3234778
C11923-K2,3234779
C11923-K2,3234866
C11923-K2,3234868
C11923-K2,3234905
C11923-K2,3234913
C11923-K2,3235022
C11923-K2,3235091
C11923-K2,3235188
C11923-K2,3235197
C11923-K2,3235262
C11923-K2,3235302
C11923-K2,3235469
C11923-K2,3235707
C11923-K2,3235813
C11923-K2,3235833
C11923-K2,3235846
C11923-K2,3235855
C11923-K2,3235879
C11923-K2,3235918
C11923-K2,3235920
C11923-K2,3236131
C11923-K2,3236343
C11923-K2,3236399
C11923-K2,3236416
C11923-K2,3236460
C11923-K2,3236562
C11923-K2,3236577
C11923-K2,3236578
C11923-K2,3236602
C11923-K2,3236619
C11923-K2,3236654
C11923-K2,3236670
C11923-K2,3236672
C11923-K2,3236685
C11923-K2,3236751
C11923-K2,3236814
C11923-K2,3236995
C11923-K2,3237020
C11923-K2,3237053
C11923-K2,3237072
C11923-K2,3237246
C11923-K2,3237369
C11923-K2,3237388
C11923-K2,3237565
C11923-K2,3237596
C11923-K2,3237650
C11923-K2,3237820
C11923-K2,3237827
C11923-K2,3237943
C11923-K2,3237961
C11923-K2,3238186
C11923-K2,3238196
C11923-K2,3238356
C11923-K2,3238395
C11923-K2,3238427
C11923-K2,3238456
C11923-K2,3238491
C11923-K2,3238499
C11923-K2,3238525
C11923-K2,3238540
C11923-K2,3238550
C11923-K2,3238577
C11923-K2,3238586
C11923-K2,3238602
C11923-K2,3238671
C11923-K2,3238683
C11923-K2,3238694
C11923-K2,3238699
C11923-K2,3238872
C11923-K2,3238897
C11923-K2,3239065
C11923-K2,3239072
C11923-K2,3239083
C11923-K2,3239093
C11923-K2,3239128
C11923-K2,3239156
C11923-K2,3239182
C11923-K2,3239225
C11923-K2,3239328
C11923-K2,3239619
C11923-K2,3239622
C11923-K2,3239791
C11923-K2,3239820
C11923-K2,3239922
C11923-K2,3239923
C11923-K2,3239929
C11923-K2,3239956
C11923-K2,3240153
C11923-K2,3240218
C11923-K2,3240257
C11923-K2,3240313
C11923-K2,3240468
C11923-K2,3240528
C11923-K2,3240663
C11923-K2,3240685
C11923-K2,3240714
C11923-K2,3240772
C11923-K2,3240805
C11923-K2,3240820
C11923-K2,3240833
C11923-K2,3240897
C11923-K2,3240935
C11923-K2,3240939
C11923-K2,3240944
C11923-K2,3240972
C11923-K2,3240975
C11923-K2,3241237
C11923-K2,3241353
C11923-K2,3241584
C11923-K2,3241642
C11923-K2,3241678
C11923-K2,3241873
C11923-K2,3241983
C11923-K2,3242018
C11923-K2,3242031
C11923-K2,3242047
C11923-K2,3242048
C11923-K2,3242049
C11923-K2,3242056
C11923-K2,3242114
C11923-K2,3242272
C11923-K2,3242615
C11923-K2,3242623
C11923-K2,3242690
C11923-K2,3242797
C11923-K2,3243057
C11923-K2,3243127
C11923-K2,3243143
C11923-K2,3243368
C11923-K2,3243417
C11923-K2,3243564
C11923-K2,3243592
C11923-K2,3243975
C11923-K2,3244141
C11923-K2,3244725
C11923-K2,3244860
C11923-K2,3244868
C11923-K2,3244894
C11923-K2,3244932
C11923-K2,3244949
C11923-K2,3244987
C11923-K2,3245015
C11923-K2,3245030
C11923-K2,3245070
C11923-K2,3245088
C11923-K2,3245094
C11923-K2,3245101
C11923-K2,3245338
C11923-K2,3245413
C11923-K2,3245550
C11923-K2,3245649
C11923-K2,3245708
C11923-K2,3245714
C11923-K2,3245726
C11923-K2,3245731
C11923-K2,3245857
C11923-K2,3246021
C11923-K2,3246048
C11923-K2,3246114
C11923-K2,3246186
C11923-K2,3246187
C11923-K2,3246385
C11923-K2,3246434
C11923-K2,3246515
C11923-K2,3246539
C11923-K2,3246574
C11923-K2,3247000
C11923-K2,3247279
C11923-K2,3247325
C11923-K2,3247428
C11923-K2,3247430
C11923-K2,3247442
C11923-K2,3247462
C11923-K2,3247465
C11923-K2,3247500
C11923-K2,3247558
C11923-K2,3247627
C11923-K2,3247628
C11923-K2,3247647
C11923-K2,3247735
C11923-K2,3247805
C11923-K2,3247825
C11923-K2,3247856
C11923-K2,3247862
C11923-K2,3247933
C11923-K2,3247983
C11923-K2,3248046
C11923-K2,3248056
C11923-K2,3248065
C11923-K2,3248080
C11923-K2,3248082
C11923-K2,3248104
C11923-K2,3248107
C11923-K2,3248135
C11923-K2,3248236
C11923-K2,3248265
C11923-K2,3248269
C11923-K2,3248819
C11923-K2,3248867
C11923-K2,3248879
C11923-K2,3248921
C11923-K2,3248942
C11923-K2,3249009
C11923-K2,3249023
C11923-K2,3249042
C11923-K2,3249197
C11923-K2,3249213
C11923-K2,3249217
C11923-K2,3249421
C11923-K2,3249458
C11923-K2,3249498
C11923-K2,3249534
C11923-K2,3249561
C11923-K2,3249573
C11923-K2,3249650
C11923-K2,3249664
C11923-K2,3249674
C11923-K2,3249741
C11923-K2,3249908
C11923-K2,3250078
C11923-K2,3250255
C11923-K2,3250329
C11923-K2,3250363
C11923-K2,3250418
C11923-K2,3250439
C11923-K2,3250498
C11923-K2,3250526
C11923-K2,3250585
C11923-K2,3250609
C11923-K2,3250642
C11923-K2,3250647
C11923-K2,3250677
C11923-K2,3250844
C11923-K2,3250884
C11923-K2,3250908
C11923-K2,3250934
C11923-K2,3250936
C11923-K2,3250940
C11923-K2,3250941
C11923-K2,3250966
C11923-K2,3250979
C11923-K2,3250992
C11923-K2,3251025
C11923-K2,3251045
C11923-K2,3251050
C11923-K2,3251062
C11923-K2,3251075
C11923-K2,3251110
C11923-K2,3251160
C11923-K2,3251349
C11923-K2,3251375
C11923-K2,3251530
C11923-K2,3251620
C11923-K2,3251621
C11923-K2,3251623
C11923-K2,3251695
C11923-K2,3251718
C11923-K2,3251845
C11923-K2,3252087
C11923-K2,3252105
C11923-K2,3252139
C11923-K2,3252152
C11923-K2,3252196
C11923-K2,3252218
C11923-K2,3252249
C11923-K2,3252266
C11923-K2,3252269
C11923-K2,3252283
C11923-K2,3252372
C11923-K2,3252390
C11923-K2,3252399
C11923-K2,3252438
C11923-K2,3252519
C11923-K2,3252567
C11923-K2,3252695
C11923-K2,3252731
C11923-K2,3252740
C11923-K2,3252747
C11923-K2,3252800
C11923-K2,3253040
C11923-K2,3253136
C11923-K2,3253137
C11923-K2,3253146
C11923-K2,3253158
C11923-K2,3253180
C11923-K2,3253200
C11923-K2,3253222
C11923-K2,3253245
C11923-K2,3253252
C11923-K2,3253377
C11923-K2,3253429
C11923-K2,3253430
C11923-K2,3253456
C11923-K2,3253479
C11923-K2,3253558
C11923-K2,3253589
C11923-K2,3253591
C11923-K2,3253623
C11923-K2,3253649
C11923-K2,3253655
C11923-K2,3253693
C11923-K2,3253711
C11923-K2,3253749
C11923-K2,3253856
C11923-K2,3253873
C11923-K2,3253885
C11923-K2,3253946
C11923-K2,3253970
C11923-K2,3253980
C11923-K2,3253990
C11923-K2,3253997
C11923-K2,3254020
C11923-K2,3254029
C11923-K2,3254049
C11923-K2,3254119
C11923-K2,3254159
C11923-K2,3254966
C11923-K2,3255002
C11923-K2,3255093
C11923-K2,3255157
C11923-K2,3255311
C11923-K2,3255328
C11923-K2,3255411
C11923-K2,3255423
C11923-K2,3255488
C11923-K2,3255586
C11923-K2,3255587
C11923-K2,3255589
C11923-K2,3255615
C11923-K2,3255625
C11923-K2,3255628
C11923-K2,3255696
C11923-K2,3255870
C11923-K2,3255980
C11923-K2,3255983
C11923-K2,3256006
C11923-K2,3256026
C11923-K2,3256054
C11923-K2,3256067
C11923-K2,3256246
C11923-K2,3256562
C11923-K2,3256609
C11923-K2,3256641
C11923-K2,3256668
C11923-K2,3256685
C11923-K2,3256825
C11923-K2,3256826
C11923-K2,3256884
C11923-K2,3256906
C11923-K2,3256951
C11923-K2,3256969
C11923-K2,3257020
C11923-K2,3257030
C11923-K2,3257071
C11923-K2,3257080
C11923-K2,3257121
C11923-K2,3257141
C11923-K2,3257152
C11923-K2,3257207
C11923-K2,3257310
C11923-K2,3257584
C11923-K2,3257647
C11923-K2,3257726
C11923-K2,3257816
C11923-K2,3257899
C11923-K2,3257918
C11923-K2,3257923
C11923-K2,3257935
C11923-K2,3258073
C11923-K2,3258292
C11923-K2,3258456
C11923-K2,3258561
C11923-K2,3258635
C11923-K2,3258680
C11923-K2,3258710
C11923-K2,3258935
C11923-K2,3259008
C11923-K2,3259149
C11923-K2,3259168
C11923-K2,3259198
C11923-K2,3259239
C11923-K2,3259336
C11923-K2,3259356
C11923-K2,3259377
C11923-K2,3259436
C11923-K2,3259461
C11923-K2,3259468
C11923-K2,3259489
C11923-K2,3259504
C11923-K2,3259564
C11923-K2,3259663
C11923-K2,3259674
C11923-K2,3259732
C11923-K2,3259752
C11923-K2,3259758
C11923-K2,3259812
C11923-K2,3259839
C11923-K2,3259900
C11923-K2,3259905
C11923-K2,3259957
C11923-K2,3259982
C11923-K2,3260002
C11923-K2,3260013
C11923-K2,3260071
C11923-K2,3260343
C11923-K2,3260455
C11923-K2,3260476
C11923-K2,3260477
C11923-K2,3260496
C11923-K2,3260513
C11923-K2,3260557
C11923-K2,3260561
C11923-K2,3260562
C11923-K2,3260645
C11923-K2,3260828
C11923-K2,3260841
C11923-K2,3260930
C11923-K2,3261152
C11923-K2,3261186
C11923-K2,3261193
C11923-K2,3261394
C11923-K2,3261458
C11923-K2,3261468
C11923-K2,3261491
C11923-K2,3261493
C11923-K2,3261530
C11923-K2,3261540
C11923-K2,3261672
C11923-K2,3261749
C11923-K2,3261758
C11923-K2,3261774
C11923-K2,3261783
C11923-K2,3261815
C11923-K2,3261860
C11923-K2,3261996
C11923-K2,3262145
C11923-K2,3262152
C11923-K2,3262250
C11923-K2,3262308
C11923-K2,3262352
C11923-K2,3262440
C11923-K2,3262509
C11923-K2,3262581
C11923-K2,3262723
C11923-K2,3262731
C11923-K2,3262748
C11923-K2,3262819
C11923-K2,3262823
C11923-K2,3262845
C11923-K2,3262851
C11923-K2,3262855
C11923-K2,3262991
C11923-K2,3263308
C11923-K2,3263362
C11923-K2,3263395
C11923-K2,3263403
C11923-K2,3263419
C11923-K2,3263558
C11923-K2,3263580
C11923-K2,3263652
C11923-K2,3263833
C11923-K2,3263942
C11923-K2,3264103
C11923-K2,3264168
C11923-K2,3264269
C11923-K2,3264270
C11923-K2,3264289
C11923-K2,3264305
C11923-K2,3264307
C11923-K2,3264399
C11923-K2,3264528
C11923-K2,3264539
C11923-K2,3264884
C11923-K2,3264982
C11923-K2,3265002
C11923-K2,3265028
C11923-K2,3265048
C11923-K2,3265075
C11923-K2,3265081
C11923-K2,3265104
C11923-K2,3265126
C11923-K2,3265373
C11923-K2,3265400
C11923-K2,3265507
C11923-K2,3265598
C11923-K2,3265609
C11923-K2,3265622
C11923-K2,3265655
C11923-K2,3265658
C11923-K2,3265705
C11923-K2,3265714
C11923-K2,3265787
C11923-K2,3265795
C11923-K2,3265805
C11923-K2,3265813
C11923-K2,3265824
C11923-K2,3265846
C11923-K2,3265899
C11923-K2,3265937
C11923-K2,3265975
C11923-K2,3265976
C11923-K2,3265978
C11923-K2,3265984
C11923-K2,3265986
C11923-K2,3265993
C11923-K2,3266045
C11923-K2,3266056
C11923-K2,3266163
C11923-K2,3266176
C11923-K2,3266198
C11923-K2,3266207
C11923-K2,3266212
C11923-K2,3266213
C11923-K2,3266394
C11923-K2,3266493
C11923-K2,3266546
C11923-K2,3266553
C11923-K2,3266574
C11923-K2,3266760
C11923-K2,3266790
C11923-K2,3266839
C11923-K2,3267015
C11923-K2,3267045
C11923-K2,3267107
C11923-K2,3267110
C11923-K2,3267140
C11923-K2,3267160
C11923-K2,3267163
C11923-K2,3267172
C11923-K2,3267510
C11923-K2,3267574
C11923-K2,3267664
C11923-K2,3267665
C11923-K2,3267969
C11923-K2,3267999
C11923-K2,3268005
C11923-K2,3268006
C11923-K2,3268062
C11923-K2,3268171
C11923-K2,3268201
C11923-K2,3268263
C11923-K2,3268323
C11923-K2,3268332
C11923-K2,3268334
C11923-K2,3268394
C11923-K2,3268429
C11923-K2,3268536
C11923-K2,3268538
C11923-K2,3268550
C11923-K2,3268558
C11923-K2,3268586
C11923-K2,3268643
C11923-K2,3268665
C11923-K2,3268718
C11923-K2,3268729
C11923-K2,3268737
C11923-K2,3268775
C11923-K2,3268794
C11923-K2,3268832
C11923-K2,3268893
C11923-K2,3268924
C11923-K2,3268925
C11923-K2,3268931
C11923-K2,3268970
C11923-K2,3268997
C11923-K2,3269053
C11923-K2,3269056
C11923-K2,3269346
C11923-K2,3269412
C11923-K2,3269427
C11923-K2,3269648
C11923-K2,3269653
C11923-K2,3269723
C11923-K2,3269725
C11923-K2,3269743
C11923-K2,3269750
C11923-K2,3269943
C11923-K2,3269957
C11923-K2,3270045
C11923-K2,3270060
C11923-K2,3270142
C11923-K2,3270190
C11923-K2,3270227
C11923-K2,3270336
C11923-K2,3270427
C11923-K2,3270484
C11923-K2,3270541
C11923-K2,3270731
C11923-K2,3270743
C11923-K2,3270820
C11923-K2,3270891
C11923-K2,3270950
C11923-K2,3271023
C11923-K2,3271164
C11923-K2,3271198
C11923-K2,3271211
C11923-K2,3271217
C11923-K2,3271232
C11923-K2,3271262
C11923-K2,3271281
C11923-K2,3271291
C11923-K2,3271316
C11923-K2,3271321
C11923-K2,3271341
C11923-K2,3271376
C11923-K2,3271422
C11923-K2,3271525
C11923-K2,3271533
C11923-K2,3271555
C11923-K2,3271639
C11923-K2,3271654
C11923-K2,3271659
C11923-K2,3271683
C11923-K2,3271684
C11923-K2,3271690
C11923-K2,3271801
C11923-K2,3271807
C11923-K2,3271816
C11923-K2,3271848
C11923-K2,3271855
C11923-K2,3271871
C11923-K2,3271877
C11923-K2,3271890
C11923-K2,3271891
C11923-K2,3271898
C11923-K2,3271900
C11923-K2,3271905
C11923-K2,3271906
C11923-K2,3271910
C11923-K2,3271912
C11923-K2,3271935
C11923-K2,3272017
C11923-K2,3272058
C11923-K2,3272070
C11923-K2,3272141
C11923-K2,3272151
C11923-K2,3272157
C11923-K2,3272176
C11923-K2,3272204
C11923-K2,3272214
C11923-K2,3272216
C11923-K2,3272231
C11923-K2,3272233
C11923-K2,3272236
C11923-K2,3272285
C11923-K2,3272286
C11923-K2,3272373
C11923-K2,3272396
C11923-K2,3272434
C11923-K2,3272470
C11923-K2,3272477
C11923-K2,3272577
C11923-K2,3272632
C11923-K2,3272797
C11923-K2,3272875
C11923-K2,3272876
C11923-K2,3272939
C11923-K2,3272981
C11923-K2,3273012
C11923-K2,3273050
C11923-K2,3273053
C11923-K2,3273100
C11923-K2,3273105
C11923-K2,3273119
C11923-K2,3273127
C11923-K2,3273172
C11923-K2,3273244
C11923-K2,3273288
C11923-K2,3273344
C11923-K2,3273531
C11923-K2,3273553
C11923-K2,3273555
C11923-K2,3273589
C11923-K2,3273655
C11923-K2,3273667
C11923-K2,3273668
C11923-K2,3273689
C11923-K2,3273691
C11923-K2,3273722
C11923-K2,3273750
C11923-K2,3273754
C11923-K2,3273776
C11923-K2,3273782
C11923-K2,3273785
C11923-K2,3273806
C11923-K2,3273808
C11923-K2,3273834
C11923-K2,3273840
C11923-K2,3273857
C11923-K2,3273883
C11923-K2,3273888
C11923-K2,3273890
C11923-K2,3273896
C11923-K2,3273905
C11923-K2,3273920
C11923-K2,3273927
C11923-K2,3273940
C11923-K2,3273943
C11923-K2,3274038
C11923-K2,3274047
C11923-K2,3274061
C11923-K2,3274184
C11923-K2,3274209
C11923-K2,3274249
C11923-K2,3274264
C11923-K2,3274416
C11923-K2,3274506
C11923-K2,3274525
C11923-K2,3274582
C11923-K2,3274641
C11923-K2,3274642
C11923-K2,3274649
C11923-K2,3274689
C11923-K2,3274701
C11923-K2,3274776
C11923-K2,3274813
C11923-K2,3274824
C11923-K2,3274826
C11923-K2,3274829
C11923-K2,3274833
C11923-K2,3274877
C11923-K2,3274883
C11923-K2,3274898
C11923-K2,3274907
C11923-K2,3274913
C11923-K2,3274930
C11923-K2,3274966
C11923-K2,3275434
C11923-K2,3275469
C11923-K2,3275486
C11923-K2,3275521
C11923-K2,3275525
C11923-K2,3275532
C11923-K2,3275545
C11923-K2,3275575
C11923-K2,3275577
C11923-K2,3275578
C11923-K2,3275614
C11923-K2,3275719
C11923-K2,3275955
C11923-K2,3275961
C11923-K2,3276038
C11923-K2,3276114
C11923-K2,3276134
C11923-K2,3276187
C11923-K2,3276192
C11923-K2,3276212
C11923-K2,3276221
C11923-K2,3276289
C11923-K2,3276304
C11923-K2,3276486
C11923-K2,3276492
C11923-K2,3276556
C11923-K2,3276766
C11923-K2,3276859
C11923-K2,3276895
C11923-K2,3276897
C11923-K2,3276955
C11923-K2,3276960
C11923-K2,3276972
C11923-K2,3277058
C11923-K2,3277072
C11923-K2,3277113
C11923-K2,3277220
C11923-K2,3277388
C11923-K2,3277672
C11923-K2,3277790
C11923-K2,3277868
C11923-K2,3277873
C11923-K2,3277897
C11923-K2,3278043
C11923-K2,3278146
C11923-K2,3278200
C11923-K2,3278221
C11923-K2,3278227
C11923-K2,3278239
C11923-K2,3278280
C11923-K2,3278309
C11923-K2,3278346
C11923-K2,3278357
C11923-K2,3278366
C11923-K2,3278433
C11923-K2,3278522
C11923-K2,3278780
C11923-K2,3278851
C11923-K2,3278893
C11923-K2,3279144
C11923-K2,3279146
C11923-K2,3279177
C11923-K2,3279214
C11923-K2,3279229
C11923-K2,3279268
C11923-K2,3279281
C11923-K2,3279335
C11923-K2,3279420
C11923-K2,3279452
C11923-K2,3279500
C11923-K2,3279609
C11923-K2,3279726
C11923-K2,3279756
C11923-K2,3279836
C11923-K2,3279891
C11923-K2,3280088
C11923-K2,3280120
C11923-K2,3280132
C11923-K2,3280151
C11923-K2,3280171
C11923-K2,3280178
C11923-K2,3280179
C11923-K2,3280230
C11923-K2,3280276
C11923-K2,3280282
C11923-K2,3280312
C11923-K2,3280326
C11923-K2,3280328
C11923-K2,3280356
C11923-K2,3280358
C11923-K2,3280361
C11923-K2,3280400
C11923-K2,3280423
C11923-K2,3280440
C11923-K2,3280461
C11923-K2,3280539
C11923-K2,3280605
C11923-K2,3280707
C11923-K2,3280724
C11923-K2,3280737
C11923-K2,3280771
C11923-K2,3280792
C11923-K2,3280820
C11923-K2,3281127
C11923-K2,3281135
C11923-K2,3281430
C11923-K2,3281496
C11923-K2,3281505
C11923-K2,3281547
C11923-K2,3281629
C11923-K2,3281699
C11923-K2,3281735
C11923-K2,3281927
C11923-K2,3281980
C11923-K2,3282050
C11923-K2,3282167
C11923-K2,3282310
C11923-K2,3282587
C11923-K2,3282854
C11923-K2,3282864
C11923-K2,3282894
C11923-K2,3282899
C11923-K2,3282904
C11923-K2,3283019
C11923-K2,3283071
C11923-K2,3283116
C11923-K2,3283136
C11923-K2,3283143
C11923-K2,3283145
C11923-K2,3283147
C11923-K2,3283149
C11923-K2,3283207
C11923-K2,3283240
C11923-K2,3283304
C11923-K2,3283307
C11923-K2,3283312
C11923-K2,3283334
C11923-K2,3283343
C11923-K2,3283357
C11923-K2,3283373
C11923-K2,3283383
C11923-K2,3283397
C11923-K2,3283407
C11923-K2,3283597
C11923-K2,3283657
C11923-K2,3283691
C11923-K2,3283733
C11923-K2,3283751
C11923-K2,3283872
C11923-K2,3283922
C11923-K2,3283932
C11923-K2,3284115
C11923-K2,3284414
C11923-K2,3284484
C11923-K2,3284488
C11923-K2,3284562
C11923-K2,3284623
C11923-K2,3284642
C11923-K2,3284868
C11923-K2,3284974
C11923-K2,3285029
C11923-K2,3285077
C11923-K2,3285090
C11923-K2,3285097
C11923-K2,3285118
C11923-K2,3285163
C11923-K2,3285185
C11923-K2,3285226
C11923-K2,3285279
C11923-K2,3285289
C11923-K2,3285330
C11923-K2,3285526
C11923-K2,3285552
C11923-K2,3285572
C11923-K2,3285842
C11923-K2,3285885
C11923-K2,3285927
C11923-K2,3285932
C11923-K2,3285961
C11923-K2,3285990
C11923-K2,3286059
C11923-K2,3286119
C11923-K2,3286123
C11923-K2,3286160
C11923-K2,3286179
C11923-K2,3286236
C11923-K2,3286249
C11923-K2,3286348
C11923-K2,3286357
C11923-K2,3286359
C11923-K2,3286362
C11923-K2,3286401
C11923-K2,3286519
C11923-K2,3286540
C11923-K2,3286659
C11923-K2,3286660
C11923-K2,3286666
C11923-K2,3286991
C11923-K2,3287098
C11923-K2,3287143
C11923-K2,3287249
C11923-K2,3287368
C11923-K2,3287489
C11923-K2,3287554
C11923-K2,3287582
C11923-K2,3287675
C11923-K2,3287892
C11923-K2,3287929
C11923-K2,3287962
C11923-K2,3288051
C11923-K2,3288090
C11923-K2,3288195
C11923-K2,3288215
C11923-K2,3288218
C11923-K2,3288236
C11923-K2,3288238
C11923-K2,3288260
C11923-K2,3288280
C11923-K2,3288285
C11923-K2,3288347
C11923-K2,3288350
C11923-K2,3288420
C11923-K2,3288474
C11923-K2,3288497
C11923-K2,3288549
C11923-K2,3288620
C11923-K2,3288666
C11923-K2,3288694
C11923-K2,3288753
C11923-K2,3288759
C11923-K2,3288771
C11923-K2,3288790
C11923-K2,3288807
C11923-K2,3288822
C11923-K2,3288860
C11923-K2,3288861
C11923-K2,3288885
C11923-K2,3289024
C11923-K2,3289038
C11923-K2,3289052
C11923-K2,3289059
C11923-K2,3289084
C11923-K2,3289089
C11923-K2,3289124
C11923-K2,3289159
C11923-K2,3289182
C11923-K2,3289196
C11923-K2,3289223
C11923-K2,3289226
C11923-K2,3289254
C11923-K2,3289255
C11923-K2,3289268
C11923-K2,3289270
C11923-K2,3289283
C11923-K2,3289315
C11923-K2,3289316
C11923-K2,3289319
C11923-K2,3289322
C11923-K2,3289323
C11923-K2,3289325
C11923-K2,3289328
C11923-K2,3289604
C11923-K2,3289677
C11923-K2,3289687
C11923-K2,3289750
C11923-K2,3289753
C11923-K2,3289762
C11923-K2,3289768
C11923-K2,3289806
C11923-K2,3289809
C11923-K2,3289917
C11923-K2,3289966
C11923-K2,3289991
C11923-K2,3290047
C11923-K2,3290145
C11923-K2,3290219
C11923-K2,3290268
C11923-K2,3290318
C11923-K2,3290367
C11923-K2,3290425
C11923-K2,3290440
C11923-K2,3290474
C11923-K2,3290552
C11923-K2,3290587
C11923-K2,3290633
C11923-K2,3290669
C11923-K2,3290719
C11923-K2,3290755
C11923-K2,3290839
C11923-K2,3291184
C11923-K2,3291202
C11923-K2,3291218
C11923-K2,3291221
C11923-K2,3291223
C11923-K2,3291274
C11923-K2,3291336
C11923-K2,3291337
C11923-K2,3291350
C11923-K2,3291393
C11923-K2,3291464
C11923-K2,3291512
C11923-K2,3291523
C11923-K2,3291531
C11923-K2,3291580
C11923-K2,3291626
C11923-K2,3291630
C11923-K2,3291638
C11923-K2,3291655
C11923-K2,3291674
C11923-K2,3291675
C11923-K2,3291693
C11923-K2,3291705
C11923-K2,3291737
C11923-K2,3291753
C11923-K2,3291793
C11923-K2,3291852
C11923-K2,3291937
C11923-K2,3291950
C11923-K2,3291953
C11923-K2,3291965
C11923-K2,3291970
C11923-K2,3291982
C11923-K2,3291984
C11923-K2,3291993
C11923-K2,3292006
C11923-K2,3292015
C11923-K2,3292058
C11923-K2,3292106
C11923-K2,3292107
C11923-K2,3292108
C11923-K2,3292469
C11923-K2,3292480
C11923-K2,3292481
C11923-K2,3292492
C11923-K2,3292504
C11923-K2,3292505
C11923-K2,3292535
C11923-K2,3292609
C11923-K2,3292706
C11923-K2,3292710
C11923-K2,3292732
C11923-K2,3292745
C11923-K2,3292829
C11923-K2,3292858
C11923-K2,3292955
C11923-K2,3293250
C11923-K2,3293317
C11923-K2,3293330
C11923-K2,3293341
C11923-K2,3293382
C11923-K2,3293505
C11923-K2,3293554
C11923-K2,3293555
C11923-K2,3293595
C11923-K2,3293597
C11923-K2,3293600
C11923-K2,3293606
C11923-K2,3293677
C11923-K2,3293728
C11923-K2,3293729
C11923-K2,3293748
C11923-K2,3293780
C11923-K2,3293813
C11923-K2,3293879
C11923-K2,3293966
C11923-K2,3293973
C11923-K2,3293992
C11923-K2,3293996
C11923-K2,3294005
C11923-K2,3294018
C11923-K2,3294030
C11923-K2,3294031
C11923-K2,3294039
C11923-K2,3294103
C11923-K2,3294120
C11923-K2,3294175
C11923-K2,3294279
C11923-K2,3294313
C11923-K2,3294320
C11923-K2,3294470
C11923-K2,3294510
C11923-K2,3294752
C11923-K2,3294753
C11923-K2,3294762
C11923-K2,3294781
C11923-K2,3294825
C11923-K2,3294833
C11923-K2,3294843
C11923-K2,3294962
C11923-K2,3295167
C11923-K2,3295270
C11923-K2,3295286
C11923-K2,3295348
C11923-K2,3295444
C11923-K2,3295602
C11923-K2,3295639
C11923-K2,3295681
C11923-K2,3295888
C11923-K2,3296074
C11923-K2,3296116
C11923-K2,3296267
C11923-K2,3296301
C11923-K2,3296537
C11923-K2,3296541
C11923-K2,3296554
C11923-K2,3296579
C11923-K2,3296702
C11923-K2,3296770
C11923-K2,3296862
C11923-K2,3296893
C11923-K2,3297051
C11923-K2,3297080
C11923-K2,3297176
C11923-K2,3297301
C11923-K2,3297455
C11923-K2,3297586
C11923-K2,3297770
C11923-K2,3297868
C11923-K2,3297875
C11923-K2,3297877
C11923-K2,3297880
C11923-K2,3297883
C11923-K2,3297889
C11923-K2,3297892
C11923-K2,3297951
C11923-K2,3297961
C11923-K2,3298229
C11923-K2,3298230
C11923-K2,3298248
C11923-K2,3298282
C11923-K2,3298353
C11923-K2,3298367
C11923-K2,3298438
C11923-K2,3298563
C11923-K2,3298568
C11923-K2,3298612
C11923-K2,3298717
C11923-K2,3298798
C11923-K2,3298804
C11923-K2,3298893
C11923-K2,3298982
C11923-K2,3299002
C11923-K2,3299082
C11923-K2,3299140
C11923-K2,3299155
C11923-K2,3299278
C11923-K2,3299445
C11923-K2,3299452
C11923-K2,3299459
C11923-K2,3299650
C11923-K2,3299700
C11923-K2,3299889
C11923-K2,3299904
C11923-K2,3299907
C11923-K2,3299918
C11923-K2,3300018
C11923-K2,3300054
C11923-K2,3300143
C11923-K2,3300250
C11923-K2,3300279
C11923-K2,3300280
C11923-K2,3300323
C11923-K2,3300347
C11923-K2,3300430
C11923-K2,3300523
C11923-K2,3300558
C11923-K2,3300569
C11923-K2,3300585
C11923-K2,3300613
C11923-K2,3300699
C11923-K2,3300709
C11923-K2,3300736
C11923-K2,3300824
C11923-K2,3300940
C11923-K2,3300941
C11923-K2,3301287
C11923-K2,3301293
C11923-K2,3301326
C11923-K2,3301329
C11923-K2,3301344
C11923-K2,3301540
C11923-K2,3301674
C11923-K2,3301718
C11923-K2,3301735
C11923-K2,3301736
C11923-K2,3301855
C11923-K2,3301882
C11923-K2,3301918
C11923-K2,3301935
C11923-K2,3302022
C11923-K2,3302336
C11923-K2,3302547
C11923-K2,3302587
C11923-K2,3302646
C11923-K2,3302694
C11923-K2,3302878
C11923-K2,3303194
C11923-K2,3303285
C11923-K2,3303319
C11923-K2,3303335
C11923-K2,3303412
C11923-K2,3303418
C11923-K2,3303465
C11923-K2,3303889
C11923-K2,3303935
C11923-K2,3303980
C11923-K2,3303995
C11923-K2,3304171
C11923-K2,3304245
C11923-K2,3304835
C11923-K2,3305007
C11923-K2,3305094
C11923-K2,3305177
C11923-K2,3305194
C11923-K2,3305201
C11923-K2,3305630
C11923-K2,3305738
C11923-K2,3305760
C11923-K2,3305775
C11923-K2,3305795
C11923-K2,3305815
C11923-K2,3305881
C11923-K2,3305939
C11923-K2,3305943
C11923-K2,3305957
C11923-K2,3305975
C11923-K2,3305990
C11923-K2,3306008
C11923-K2,3306015
C11923-K2,3306042
C11923-K2,3306049
C11923-K2,3306082
C11923-K2,3306113
C11923-K2,3306148
C11923-K2,3306397
C11923-K2,3306440
C11923-K2,3306471
C11923-K2,3306487
C11923-K2,3306498
C11923-K2,3306610
C11923-K2,3306916
C11923-K2,3306921
C11923-K2,3306946
C11923-K2,3306976
C11923-K2,3307037
C11923-K2,3307056
C11923-K2,3307060
C11923-K2,3307113
C11923-K2,3307116
C11923-K2,3307135
C11923-K2,3307144
C11923-K2,3307158
C11923-K2,3307161
C11923-K2,3307202
C11923-K2,3307228
C11923-K2,3307257
C11923-K2,3307261
C11923-K2,3307264
C11923-K2,3307265
C11923-K2,3307272
C11923-K2,3308499
C11923-K2,3308522
C11923-K2,3308562
C11923-K2,3308572
C11923-K2,3308616
C11923-K2,3308786
C11923-K2,3308790
C11923-K2,3308817
C11923-K2,3308868
C11923-K2,3308929
C11923-K2,3308935
C11923-K2,3308951
C11923-K2,3308971
C11923-K2,3308978
C11923-K2,3308997
C11923-K2,3309100
C11923-K2,3309209
C11923-K2,3309225
C11923-K2,3309233
C11923-K2,3309241
C11923-K2,3309407
C11923-K2,3309471
C11923-K2,3309553
C11923-K2,3309652
C11923-K2,3309712
C11923-K2,3309735
C11923-K2,3309758
C11923-K2,3309784
C11923-K2,3309891
C11923-K2,3310005
C11923-K2,3310025
C11923-K2,3310040
C11923-K2,3310042
C11923-K2,3310058
C11923-K2,3310062
C11923-K2,3310066
C11923-K2,3310070
C11923-K2,3310090
C11923-K2,3310095
C11923-K2,3310131
C11923-K2,3310132
C11923-K2,3310143
C11923-K2,3310182
C11923-K2,3310184
C11923-K2,3310191
C11923-K2,3310193
C11923-K2,3310209
C11923-K2,3310296
C11923-K2,3310319
C11923-K2,3310328
C11923-K2,3310335
C11923-K2,3310339
C11923-K2,3310353
C11923-K2,3310390
C11923-K2,3310510
C11923-K2,3310512
C11923-K2,3310645
C11923-K2,3310646
C11923-K2,3310676
C11923-K2,3310694
C11923-K2,3310697
C11923-K2,3310704
C11923-K2,3310732
C11923-K2,3310737
C11923-K2,3310966
C11923-K2,3311022
C11923-K2,3311138
C11923-K2,3311249
C11923-K2,3311397
C11923-K2,3311432
C11923-K2,3311531
C11923-K2,3311604
C11923-K2,3311673
C11923-K2,3311799
C11923-K2,3312012
C11923-K2,3312181
C11923-K2,3312261
C11923-K2,3312267
C11923-K2,3312443
C11923-K2,3312535
C11923-K2,3312580
C11923-K2,3312649
C11923-K2,3312685
C11923-K2,3312704
C11923-K2,3312822
C11923-K2,3312824
C11923-K2,3312841
C11923-K2,3312852
C11923-K2,3312919
C11923-K2,3312929
C11923-K2,3313046
C11923-K2,3313049
C11923-K2,3313166
C11923-K2,3313265
C11923-K2,3313293
C11923-K2,3313352
C11923-K2,3313362
C11923-K2,3313374
C11923-K2,3313394
C11923-K2,3313406
C11923-K2,3313408
C11923-K2,3313448
C11923-K2,3313549
C11923-K2,3313561
C11923-K2,3313626
C11923-K2,3313697
C11923-K2,3313700
C11923-K2,3313705
C11923-K2,3313724
C11923-K2,3313727
C11923-K2,3313748
C11923-K2,3313752
C11923-K2,3313757
C11923-K2,3313758
C11923-K2,3313761
C11923-K2,3313777
C11923-K2,3313798
C11923-K2,3313804
C11923-K2,3313807
C11923-K2,3313808
C11923-K2,3313825
C11923-K2,3313831
C11923-K2,3313834
C11923-K2,3313908
C11923-K2,3313913
C11923-K2,3313948
C11923-K2,3313956
C11923-K2,3313972
C11923-K2,3313985
C11923-K2,3313989
C11923-K2,3313994
C11923-K2,3313996
C11923-K2,3313997
C11923-K2,3314001
C11923-K2,3314005
C11923-K2,3314022
C11923-K2,3314024
C11923-K2,3314031
C11923-K2,3314043
C11923-K2,3314046
C11923-K2,3314055
C11923-K2,3314059
C11923-K2,3314089
C11923-K2,3314339
C11923-K2,3314366
C11923-K2,3314393
C11923-K2,3314409
C11923-K2,3314417
C11923-K2,3314432
C11923-K2,3314912
C11923-K2,3314999
C11923-K2,3315099
C11923-K2,3315135
C11923-K2,3315222
C11923-K2,3315255
C11923-K2,3315275
C11923-K2,3315448
C11923-K2,3315459
C11923-K2,3315462
C11923-K2,3315481
C11923-K2,3315558
C11923-K2,3315659
C11923-K2,3315746
C11923-K2,3315879
C11923-K2,3316188
C11923-K2,3316240
C11923-K2,3316345
C11923-K2,3316466
C11923-K2,3316610
C11923-K2,3316632
C11923-K2,3316781
C11923-K2,3316974
C11923-K2,3316984
C11923-K2,3317062
C11923-K2,3317066
C11923-K2,3317078
C11923-K2,3317098
C11923-K2,3317112
C11923-K2,3317142
C11923-K2,3317203
C11923-K2,3317227
C11923-K2,3317236
C11923-K2,3317290
C11923-K2,3317304
C11923-K2,3317339
C11923-K2,3317595
C11923-K2,3317604
C11923-K2,3317743
C11923-K2,3317817
C11923-K2,3317866
C11923-K2,3317927
C11923-K2,3317939
C11923-K2,3317948
C11923-K2,3317954
C11923-K2,3317956
C11923-K2,3317959
C11923-K2,3318049
C11923-K2,3318174
C11923-K2,3318180
C11923-K2,3318697
C11923-K2,3318955
C11923-K2,3319174
C11923-K2,3319203
C11923-K2,3319241
C11923-K2,3319582
C11923-K2,3319602
C11923-K2,3319756
C11923-K2,3319762
C11923-K2,3319832
C11923-K2,3319856
C11923-K2,3319858
C11923-K2,3319860
C11923-K2,3319913
C11923-K2,3319935
C11923-K2,3320031
C11923-K2,3320066
C11923-K2,3320191
C11923-K2,3320267
C11923-K2,3320285
C11923-K2,3320378
C11923-K2,3320385
C11923-K2,3320418
C11923-K2,3320449
C11923-K2,3320563
C11923-K2,3320624
C11923-K2,3320674
C11923-K2,3320783
C11923-K2,3321163
C11923-K2,3321164
C11923-K2,3321168
C11923-K2,3321175
C11923-K2,3321179
C11923-K2,3321265
C11923-K2,3321277
C11923-K2,3321322
C11923-K2,3321333
C11923-K2,3321344
C11923-K2,3321360
C11923-K2,3321453
C11923-K2,3321543
C11923-K2,3321555
C11923-K2,3321646
C11923-K2,3321651
C11923-K2,3321721
C11923-K2,3321735
C11923-K2,3321798
C11923-K2,3321865
C11923-K2,3321879
C11923-K2,3321950
C11923-K2,3321971
C11923-K2,3322037
C11923-K2,3322047
C11923-K2,3322052
C11923-K2,3322067
C11923-K2,3322072
C11923-K2,3322179
C11923-K2,3322206
C11923-K2,3322212
C11923-K2,3322262
C11923-K2,3322382
C11923-K2,3322461
C11923-K2,3322546
C11923-K2,3323643
C11923-K2,3323715
C11923-K2,3323768
C11923-K2,3323779
C11923-K2,3323783
C11923-K2,3323787
C11923-K2,3323797
C11923-K2,3323813
C11923-K2,3323814
C11923-K2,3323823
C11923-K2,3324027
C11923-K2,3324101
C11923-K2,3324298
C11923-K2,3324311
C11923-K2,3324374
C11923-K2,3324442
C11923-K2,3324604
C11923-K2,3324707
C11923-K2,3324882
C11923-K2,3324904
C11923-K2,3325130
C11923-K2,3325206
C11923-K2,3325290
C11923-K2,3325292
C11923-K2,3325303
C11923-K2,3325323
C11923-K2,3325363
C11923-K2,3325377
C11923-K2,3325407
C11923-K2,3325420
C11923-K2,3325440
C11923-K2,3325455
C11923-K2,3325469
C11923-K2,3325541
C11923-K2,3325610
C11923-K2,3325613
C11923-K2,3325655
C11923-K2,3325676
C11923-K2,3325702
C11923-K2,3325716
C11923-K2,3325740
C11923-K2,3325767
C11923-K2,3325803
C11923-K2,3325823
C11923-K2,3325825
C11923-K2,3325848
C11923-K2,3325882
C11923-K2,3325905
C11923-K2,3325919
C11923-K2,3325938
C11923-K2,3325970
C11923-K2,3325980
C11923-K2,3325985
C11923-K2,3326080
C11923-K2,3326105
C11923-K2,3326107
C11923-K2,3326108
C11923-K2,3326130
C11923-K2,3326158
C11923-K2,3326174
C11923-K2,3326191
C11923-K2,3326202
C11923-K2,3326211
C11923-K2,3326265
C11923-K2,3326330
C11923-K2,3326341
C11923-K2,3326416
C11923-K2,3326567
C11923-K2,3326924
C11923-K2,3327098
C11923-K2,3327099
C11923-K2,3327175
C11923-K2,3327370
C11923-K2,3327380
C11923-K2,3327725
C11923-K2,3327737
C11923-K2,3327740
C11923-K2,3327790
C11923-K2,3327804
C11923-K2,3327901
C11923-K2,3327941
C11923-K2,3328048
C11923-K2,3328177
C11923-K2,3328199
C11923-K2,3328270
C11923-K2,3328399
C11923-K2,3328591
C11923-K2,3328617
C11923-K2,3328625
C11923-K2,3328644
C11923-K2,3328893
C11923-K2,3328924
C11923-K2,3329128
C11923-K2,3329654
C11923-K2,3329657
C11923-K2,3329706
C11923-K2,3329802
C11923-K2,3329893
C11923-K2,3329979
C11923-K2,3330000
C11923-K2,3330125
C11923-K2,3330180
C11923-K2,3330355
C11923-K2,3330358
C11923-K2,3330359
C11923-K2,3330382
C11923-K2,3330396
C11923-K2,3330626
C11923-K2,3330984
C11923-K2,3331205
C11923-K2,3331208
C11923-K2,3331299
C11923-K2,3331377
C11923-K2,3331575
C11923-K2,3331621
C11923-K2,3331659
C11923-K2,3331660
C11923-K2,3332035
C11923-K2,3332442
C11923-K2,3332604
C11923-K2,3332618
C11923-K2,3332675
C11923-K2,3332713
C11923-K2,3332841
C11923-K2,3332968
C11923-K2,3333031
C11923-K2,3333417
C11923-K2,3333460
C11923-K2,3333472
C11923-K2,3333508
C11923-K2,3333584
C11923-K2,3333632
C11923-K2,3333648
C11923-K2,3333741
C11923-K2,3333804
C11923-K2,3333818
C11923-K2,3334025
C11923-K2,3334067
C11923-K2,3334086
C11923-K2,3334161
C11923-K2,3334182
C11923-K2,3334195
C11923-K2,3334649
C11923-K2,3334675
C11923-K2,3334677
C11923-K2,3334691
C11923-K2,3334733
C11923-K2,3334735
C11923-K2,3334743
C11923-K2,3334794
C11923-K2,3334807
C11923-K2,3334830
C11923-K2,3334996
C11923-K2,3335237
C11923-K2,3335334
C11923-K2,3335342
C11923-K2,3335346
C11923-K2,3335648
C11923-K2,3335874
C11923-K2,3335906
C11923-K2,3335929
C11923-K2,3336083
C11923-K2,3336192
C11923-K2,3336207
C11923-K2,3336374
C11923-K2,3336380
C11923-K2,3336385
C11923-K2,3336473
C11923-K2,3336545
C11923-K2,3336547
C11923-K2,3336571
C11923-K2,3336573
C11923-K2,3336609
C11923-K2,3336612
C11923-K2,3336727
C11923-K2,3336819
C11923-K2,3336865
C11923-K2,3336947
C11923-K2,3337023
C11923-K2,3337056
C11923-K2,3337324
C11923-K2,3337374
C11923-K2,3337479
C11923-K2,3337558
C11923-K2,3337563
C11923-K2,3337566
C11923-K2,3337617
C11923-K2,3337657
C11923-K2,3337675
C11923-K2,3337697
C11923-K2,3337703
C11923-K2,3337704
C11923-K2,3337710
C11923-K2,3337729
C11923-K2,3337732
C11923-K2,3337764
C11923-K2,3337822
C11923-K2,3337837
C11923-K2,3337845
C11923-K2,3337867
C11923-K2,3337869
C11923-K2,3337877
C11923-K2,3337886
C11923-K2,3337889
C11923-K2,3337894
C11923-K2,3337903
C11923-K2,3337904
C11923-K2,3337909
C11923-K2,3337932
C11923-K2,3337941
C11923-K2,3337951
C11923-K2,3337961
C11923-K2,3337971
C11923-K2,3337980
C11923-K2,3337981
C11923-K2,3337993
C11923-K2,3337999
C11923-K2,3338095
C11923-K2,3338428
C11923-K2,3338430
C11923-K2,3338442
C11923-K2,3338446
C11923-K2,3338449
C11923-K2,3338457
C11923-K2,3338472
C11923-K2,3338475
C11923-K2,3338521
C11923-K2,3338529
C11923-K2,3338555
C11923-K2,3338733
C11923-K2,3338911
C11923-K2,3339114
C11923-K2,3339115
C11923-K2,3339122
C11923-K2,3339125
C11923-K2,3339204
C11923-K2,3339415
C11923-K2,3339497
C11923-K2,3339534
C11923-K2,3339573
C11923-K2,3339585
C11923-K2,3339747
C11923-K2,3339839
C11923-K2,3340210
C11923-K2,3340516
C11923-K2,3340553
C11923-K2,3340621
C11923-K2,3340696
C11923-K2,3340735
C11923-K2,3340767
C11923-K2,3340842
C11923-K2,3340848
C11923-K2,3340880
C11923-K2,3340942
C11923-K2,3340986
C11923-K2,3341094
C11923-K2,3341107
C11923-K2,3341192
C11923-K2,3341207
C11923-K2,3341210
C11923-K2,3341218
C11923-K2,3341225
C11923-K2,3341238
C11923-K2,3341242
C11923-K2,3341246
C11923-K2,3341252
C11923-K2,3341268
C11923-K2,3341279
C11923-K2,3341280
C11923-K2,3341302
C11923-K2,3341341
C11923-K2,3341516
C11923-K2,3341849
C11923-K2,3341937
C11923-K2,3342051
C11923-K2,3342169
C11923-K2,3342297
C11923-K2,3342529
C11923-K2,3342541
C11923-K2,3342561
C11923-K2,3342577
C11923-K2,3342685
C11923-K2,3342710
C11923-K2,3342851
C11923-K2,3342979
C11923-K2,3342989
C11923-K2,3343035
C11923-K2,3343051
C11923-K2,3343255
C11923-K2,3343260
C11923-K2,3343388
C11923-K2,3343412
C11923-K2,3343834
C11923-K2,3343880
C11923-K2,3343929
C11923-K2,3343979
C11923-K2,3343985
C11923-K2,3344042
C11923-K2,3344069
C11923-K2,3344094
C11923-K2,3344131
C11923-K2,3344141
C11923-K2,3344152
C11923-K2,3344175
C11923-K2,3344189
C11923-K2,3344190
C11923-K2,3344197
C11923-K2,3344209
C11923-K2,3344297
C11923-K2,3344448
C11923-K2,3344484
C11923-K2,3344548
C11923-K2,3344557
C11923-K2,3344564
C11923-K2,3344572
C11923-K2,3344617
C11923-K2,3344619
C11923-K2,3344631
C11923-K2,3344766
C11923-K2,3344783
C11923-K2,3345115
C11923-K2,3345212
C11923-K2,3345260
C11923-K2,3345353
C11923-K2,3345548
C11923-K2,3345621
C11923-K2,3345777
C11923-K2,3345783
C11923-K2,3345947
C11923-K2,3346251
C11923-K2,3346507
C11923-K2,3346607
C11923-K2,3346833
C11923-K2,3347144
C11923-K2,3347248
C11923-K2,3347574
C11923-K2,3347605
C11923-K2,3347668
C11923-K2,3347676
C11923-K2,3347723
C11923-K2,3347755
C11923-K2,3347757
C11923-K2,3347763
C11923-K2,3347791
C11923-K2,3347806
C11923-K2,3347862
C11923-K2,3347915
C11923-K2,3348242
C11923-K2,3348529
C11923-K2,3348549
C11923-K2,3348554
C11923-K2,3348612
C11923-K2,3348660
C11923-K2,3348680
C11923-K2,3348864
C11923-K2,3348978
C11923-K2,3349068
C11923-K2,3349104
C11923-K2,3349166
C11923-K2,3349182
C11923-K2,3349255
C11923-K2,3349356
C11923-K2,3349412
C11923-K2,3349433
C11923-K2,3349494
C11923-K2,3349546
C11923-K2,3349554
C11923-K2,3349605
C11923-K2,3349637
C11923-K2,3349739
C11923-K2,3350058
C11923-K2,3350104
C11923-K2,3350218
C11923-K2,3350319
C11923-K2,3350406
C11923-K2,3350433
C11923-K2,3350493
C11923-K2,3350554
C11923-K2,3350620
C11923-K2,3350624
C11923-K2,3350628
C11923-K2,3350794
C11923-K2,3350855
C11923-K2,3350910
C11923-K2,3350924
C11923-K2,3350929
C11923-K2,3350970
C11923-K2,3350983
C11923-K2,3351371
C11923-K2,3351498
C11923-K2,3351501
C11923-K2,3351590
C11923-K2,3351695
C11923-K2,3351837
C11923-K2,3351946
C11923-K2,3352061
C11923-K2,3352635
C11923-K2,3352680
C11923-K2,3352711
C11923-K2,3352755
C11923-K2,3352796
C11923-K2,3352852
C11923-K2,3352871
C11923-K2,3352878
C11923-K2,3353130
C11923-K2,3353188
C11923-K2,3353219
C11923-K2,3353380
C11923-K2,3353469
C11923-K2,3353531
C11923-K2,3353639
C11923-K2,3353641
C11923-K2,3353686
C11923-K2,3353706
C11923-K2,3353735
C11923-K2,3353762
C11923-K2,3353807
C11923-K2,3353828
C11923-K2,3353863
C11923-K2,3353874
C11923-K2,3353886
C11923-K2,3353905
C11923-K2,3353926
C11923-K2,3353928
C11923-K2,3353945
C11923-K2,3353946
C11923-K2,3353970
C11923-K2,3354036
C11923-K2,3354043
C11923-K2,3354055
C11923-K2,3354080
C11923-K2,3354086
C11923-K2,3354126
C11923-K2,3354138
C11923-K2,3354487
C11923-K2,3354521
C11923-K2,3354735
C11923-K2,3354861
C11923-K2,3355160
C11923-K2,3355177
C11923-K2,3355184
C11923-K2,3355196
C11923-K2,3355244
C11923-K2,3355375
C11923-K2,3355419
C11923-K2,3355507
C11923-K2,3355568
C11923-K2,3355670
C11923-K2,3355718
C11923-K2,3355736
C11923-K2,3355854
C11923-K2,3355982
C11923-K2,3356015
C11923-K2,3356034
C11923-K2,3356081
C11923-K2,3356094
C11923-K2,3356097
C11923-K2,3356136
C11923-K2,3356180
C11923-K2,3356222
C11923-K2,3356270
C11923-K2,3356304
C11923-K2,3356337
C11923-K2,3356341
C11923-K2,3356440
C11923-K2,3356448
C11923-K2,3356490
C11923-K2,3356505
C11923-K2,3356532
C11923-K2,3356597
C11923-K2,3356693
C11923-K2,3356763
C11923-K2,3356781
C11923-K2,3356811
C11923-K2,3356877
C11923-K2,3357034
C11923-K2,3357080
C11923-K2,3357095
C11923-K2,3357143
C11923-K2,3357157
C11923-K2,3357163
C11923-K2,3357170
C11923-K2,3357172
C11923-K2,3357175
C11923-K2,3357210
C11923-K2,3357214
C11923-K2,3357238
C11923-K2,3357291
C11923-K2,3357295
C11923-K2,3357300
C11923-K2,3357306
C11923-K2,3357307
C11923-K2,3357576
C11923-K2,3357609
C11923-K2,3357621
C11923-K2,3357625
C11923-K2,3357630
C11923-K2,3357639
C11923-K2,3357680
C11923-K2,3357689
C11923-K2,3357704
C11923-K2,3357719
C11923-K2,3357746
C11923-K2,3357823
C11923-K2,3358133
C11923-K2,3358227
C11923-K2,3358385
C11923-K2,3358431
C11923-K2,3358469
C11923-K2,3358481
C11923-K2,3358578
C11923-K2,3358803
C11923-K2,3358816
C11923-K2,3359064
C11923-K2,3359065
C11923-K2,3359100
C11923-K2,3359202
C11923-K2,3359235
C11923-K2,3359258
C11923-K2,3359300
C11923-K2,3359317
C11923-K2,3359353
C11923-K2,3359372
C11923-K2,3359415
C11923-K2,3359510
C11923-K2,3359533
C11923-K2,3359554
C11923-K2,3359608
C11923-K2,3359661
C11923-K2,3359673
C11923-K2,3359753
C11923-K2,3359786
C11923-K2,3359918
C11923-K2,3359931
C11923-K2,3359956
C11923-K2,3359969
C11923-K2,3360000
C11923-K2,3360081
C11923-K2,3360126
C11923-K2,3360147
C11923-K2,3360151
C11923-K2,3360156
C11923-K2,3360163
C11923-K2,3360185
C11923-K2,3360204
C11923-K2,3360215
C11923-K2,3360216
C11923-K2,3360221
C11923-K2,3360247
C11923-K2,3360248
C11923-K2,3360307
C11923-K2,3360316
C11923-K2,3360319
C11923-K2,3360320
C11923-K2,3360326
C11923-K2,3360328
C11923-K2,3360329
C11923-K2,3360331
C11923-K2,3360332
C11923-K2,3360674
C11923-K2,3360801
C11923-K2,3360911
C11923-K2,3360929
C11923-K2,3360996
C11923-K2,3361010
C11923-K2,3361096
C11923-K2,3361116
C11923-K2,3361186
C11923-K2,3361233
C11923-K2,3361237
C11923-K2,3361247
C11923-K2,3361287
C11923-K2,3361311
C11923-K2,3361433
C11923-K2,3361442
C11923-K2,3361502
C11923-K2,3361505
C11923-K2,3361599
C11923-K2,3361672
C11923-K2,3361724
C11923-K2,3361775
C11923-K2,3361803
C11923-K2,3361849
C11923-K2,3361898
C11923-K2,3361907
C11923-K2,3361912
C11923-K2,3361939
C11923-K2,3361969
C11923-K2,3361975
C11923-K2,3362093
C11923-K2,3362104
C11923-K2,3362193
C11923-K2,3362211
C11923-K2,3362219
C11923-K2,3362266
C11923-K2,3362301
C11923-K2,3362320
C11923-K2,3362332
C11923-K2,3362432
C11923-K2,3362466
C11923-K2,3362490
C11923-K2,3362512
C11923-K2,3362523
C11923-K2,3362524
C11923-K2,3362537
C11923-K2,3362556
C11923-K2,3362575
C11923-K2,3362660
C11923-K2,3362677
C11923-K2,3362679
C11923-K2,3362725
C11923-K2,3362757
C11923-K2,3362825
C11923-K2,3362829
C11923-K2,3362874
C11923-K2,3362939
C11923-K2,3362949
C11923-K2,3362954
C11923-K2,3363005
C11923-K2,3363015
C11923-K2,3363019
C11923-K2,3363024
C11923-K2,3363027
C11923-K2,3363030
C11923-K2,3363035
C11923-K2,3363091
C11923-K2,3363096
C11923-K2,3363109
C11923-K2,3363125
C11923-K2,3363127
C11923-K2,3363128
C11923-K2,3363141
C11923-K2,3363142
C11923-K2,3363148
C11923-K2,3363152
C11923-K2,3363162
C11923-K2,3363171
C11923-K2,3363198
C11923-K2,3363223
C11923-K2,3363224
C11923-K2,3363227
C11923-K2,3363253
C11923-K2,3363254
C11923-K2,3363259
C11923-K2,3363270
C11923-K2,3363271
C11923-K2,3363273
C11923-K2,3363275
C11923-K2,3363276
C11923-K2,3363282
C11923-K2,3363287
C11923-K2,3363440
C11923-K2,3363698
C11923-K2,3363700
C11923-K2,3363826
C11923-K2,3363918
C11923-K2,3363926
C11923-K2,3363983
C11923-K2,3364007
C11923-K2,3364013
C11923-K2,3364028
C11923-K2,3364043
C11923-K2,3364047
C11923-K2,3364074
C11923-K2,3364132
C11923-K2,3364284
C11923-K2,3364397
C11923-K2,3364437
C11923-K2,3364531
C11923-K2,3364575
C11923-K2,3364591
C11923-K2,3364617
C11923-K2,3364629
C11923-K2,3364651
C11923-K2,3364712
C11923-K2,3364754
C11923-K2,3364878
C11923-K2,3364965
C11923-K2,3365075
C11923-K2,3365095
C11923-K2,3365104
C11923-K2,3365118
C11923-K2,3365239
C11923-K2,3365326
C11923-K2,3365331
C11923-K2,3365384
C11923-K2,3365400
C11923-K2,3365407
C11923-K2,3365439
C11923-K2,3365442
C11923-K2,3365457
C11923-K2,3365460
C11923-K2,3365462
C11923-K2,3365476
C11923-K2,3365491
C11923-K2,3365531
C11923-K2,3365565
C11923-K2,3365577
C11923-K2,3365615
C11923-K2,3365902
C11923-K2,3365927
C11923-K2,3366000
C11923-K2,3366001
C11923-K2,3366002
C11923-K2,3366003
C11923-K2,3366065
C11923-K2,3366095
C11923-K2,3366102
C11923-K2,3366117
C11923-K2,3366131
C11923-K2,3366140
C11923-K2,3366142
C11923-K2,3366145
C11923-K2,3366173
C11923-K2,3366174
C11923-K2,3366190
C11923-K2,3366192
C11923-K2,3366198
C11923-K2,3366231
C11923-K2,3366241
C11923-K2,3366260
C11923-K2,3366269
C11923-K2,3366299
C11923-K2,3366483
C11923-K2,3366493
C11923-K2,3366510
C11923-K2,3366754
C11923-K2,3366764
C11923-K2,3366778
C11923-K2,3366780
C11923-K2,3366787
C11923-K2,3366832
C11923-K2,3366847
C11923-K2,3366908
C11923-K2,3366916
C11923-K2,3366933
C11923-K2,3366964
C11923-K2,3366973
C11923-K2,3367002
C11923-K2,3367104
C11923-K2,3367121
C11923-K2,3367131
C11923-K2,3367162
C11923-K2,3367211
C11923-K2,3367237
C11923-K2,3367243
C11923-K2,3367244
C11923-K2,3367270
C11923-K2,3367305
C11923-K2,3367308
C11923-K2,3367338
C11923-K2,3367361
C11923-K2,3367363
C11923-K2,3367456
C11923-K2,3367562
C11923-K2,3367685
C11923-K2,3368002
C11923-K2,3368047
C11923-K2,3368051
C11923-K2,3368097
C11923-K2,3368098
C11923-K2,3368258
C11923-K2,3368294
C11923-K2,3368346
C11923-K2,3368364
C11923-K2,3368371
C11923-K2,3368401
C11923-K2,3368410
C11923-K2,3368438
C11923-K2,3368471
C11923-K2,3368572
C11923-K2,3368609
C11923-K2,3368688
C11923-K2,3368739
C11923-K2,3368760
C11923-K2,3368958
C11923-K2,3368959
C11923-K2,3369018
C11923-K2,3369059
C11923-K2,3369085
C11923-K2,3369117
C11923-K2,3369118
C11923-K2,3369147
C11923-K2,3369148
C11923-K2,3369150
C11923-K2,3369152
C11923-K2,3369155
C11923-K2,3369160
C11923-K2,3369172
C11923-K2,3369282
C11923-K2,3369313
C11923-K2,3369314
C11923-K2,3369334
C11923-K2,3369344
C11923-K2,3369392
C11923-K2,3369571
C11923-K2,3370160
C11923-K2,3370161
C11923-K2,3370182
C11923-K2,3370255
C11923-K2,3370277
C11923-K2,3370324
C11923-K2,3370567
C11923-K2,3370654
C11923-K2,3370765
C11923-K2,3370885
C11923-K2,3371018
C11923-K2,3371249
C11923-K2,3371313
C11923-K2,3371321
C11923-K2,3371354
C11923-K2,3371365
C11923-K2,3371435
C11923-K2,3371558
C11923-K2,3371740
C11923-K2,3371777
C11923-K2,3371806
C11923-K2,3371849
C11923-K2,3371894
C11923-K2,3371923
C11923-K2,3371936
C11923-K2,3371989
C11923-K2,3372014
C11923-K2,3372044
C11923-K2,3372064
C11923-K2,3372085
C11923-K2,3372086
C11923-K2,3372087
C11923-K2,3372090
C11923-K2,3372096
C11923-K2,3372106
C11923-K2,3372114
C11923-K2,3372120
C11923-K2,3372122
C11923-K2,3372165
C11923-K2,3372602
C11923-K2,3372671
C11923-K2,3372865
C11923-K2,3373013
C11923-K2,3373016
C11923-K2,3373033
C11923-K2,3373081
C11923-K2,3373200
C11923-K2,3373201
C11923-K2,3373226
C11923-K2,3373251
C11923-K2,3373275
C11923-K2,3373494
C11923-K2,3373553
C11923-K2,3373645
C11923-K2,3373663
C11923-K2,3373682
C11923-K2,3373792
C11923-K2,3373813
C11923-K2,3373837
C11923-K2,3373840
C11923-K2,3373859
C11923-K2,3373868
C11923-K2,3373888
C11923-K2,3374143
C11923-K2,3374164
C11923-K2,3374165
C11923-K2,3374175
C11923-K2,3374212
C11923-K2,3374218
C11923-K2,3374220
C11923-K2,3374276
C11923-K2,3374299
C11923-K2,3374510
C11923-K2,3374562
C11923-K2,3374576
C11923-K2,3374637
C11923-K2,3374654
C11923-K2,3374671
C11923-K2,3374693
C11923-K2,3374699
C11923-K2,3374717
C11923-K2,3374731
C11923-K2,3374737
C11923-K2,3374738
C11923-K2,3374740
C11923-K2,3374751
C11923-K2,3374753
C11923-K2,3374768
C11923-K2,3374774
C11923-K2,3374815
C11923-K2,3374816
C11923-K2,3374851
C11923-K2,3374861
C11923-K2,3374863
C11923-K2,3374950
C11923-K2,3374958
C11923-K2,3374965
C11923-K2,3374966
C11923-K2,3374984
C11923-K2,3375139
C11923-K2,3375140
C11923-K2,3375363
C11923-K2,3375609
C11923-K2,3375647
C11923-K2,3375713
C11923-K2,3375730
C11923-K2,3375828
C11923-K2,3376163
C11923-K2,3376249
C11923-K2,3376349
C11923-K2,3376406
C11923-K2,3376454
C11923-K2,3376504
C11923-K2,3376901
C11923-K2,3377091
C11923-K2,3377152
C11923-K2,3377240
C11923-K2,3377252
C11923-K2,3377274
C11923-K2,3377303
C11923-K2,3377354
C11923-K2,3377457
C11923-K2,3377555
C11923-K2,3377879
C11923-K2,3377892
C11923-K2,3377917
C11923-K2,3377934
C11923-K2,3377939
C11923-K2,3377943
C11923-K2,3377946
C11923-K2,3377960
C11923-K2,3377961
C11923-K2,3377969
C11923-K2,3377975
C11923-K2,3377980
C11923-K2,3377985
C11923-K2,3377998
C11923-K2,3378002
C11923-K2,3378058
C11923-K2,3378072
C11923-K2,3378077
C11923-K2,3378096
C11923-K2,3378261
C11923-K2,3378343
C11923-K2,3378504
C11923-K2,3378674
C11923-K2,3378681
C11923-K2,3378725
C11923-K2,3378785
C11923-K2,3378821
C11923-K2,3378861
C11923-K2,3378892
C11923-K2,3378895
C11923-K2,3378967
C11923-K2,3379009
C11923-K2,3379122
C11923-K2,3379140
C11923-K2,3379321
C11923-K2,3379481
C11923-K2,3379505
C11923-K2,3379540
C11923-K2,3379586
C11923-K2,3379610
C11923-K2,3379619
C11923-K2,3379628
C11923-K2,3379679
C11923-K2,3379740
C11923-K2,3379743
C11923-K2,3379760
C11923-K2,3379961
C11923-K2,3380057
C11923-K2,3380101
C11923-K2,3380172
C11923-K2,3380176
C11923-K2,3380186
C11923-K2,3380196
C11923-K2,3380269
C11923-K2,3380305
C11923-K2,3380594
C11923-K2,3380649
C11923-K2,3380735
C11923-K2,3380743
C11923-K2,3380752
C11923-K2,3380756
C11923-K2,3380770
C11923-K2,3380829
C11923-K2,3380859
C11923-K2,3380870
C11923-K2,3380874
C11923-K2,3380877
C11923-K2,3380884
C11923-K2,3380886
C11923-K2,3380906
C11923-K2,3380914
C11923-K2,3380927
C11923-K2,3380961
C11923-K2,3380984
C11923-K2,3381012
C11923-K2,3381015
C11923-K2,3381021
C11923-K2,3381031
C11923-K2,3381044
C11923-K2,3381155
C11923-K2,3381291
C11923-K2,3381464
C11923-K2,3381560
C11923-K2,3381572
C11923-K2,3381758
C11923-K2,3381768
C11923-K2,3381779
C11923-K2,3381793
C11923-K2,3381837
C11923-K2,3381877
C11923-K2,3381937
C11923-K2,3382047
C11923-K2,3382120
C11923-K2,3382128
C11923-K2,3382169
C11923-K2,3382187
C11923-K2,3382190
C11923-K2,3382191
C11923-K2,3382288
C11923-K2,3382333
C11923-K2,3382363
C11923-K2,3382469
C11923-K2,3382523
C11923-K2,3382615
C11923-K2,3382727
C11923-K2,3382733
C11923-K2,3382811
C11923-K2,3382838
C11923-K2,3382899
C11923-K2,3383005
C11923-K2,3383009
C11923-K2,3383083
C11923-K2,3383131
C11923-K2,3383237
C11923-K2,3383240
C11923-K2,3383283
C11923-K2,3383344
C11923-K2,3383368
C11923-K2,3383541
C11923-K2,3383560
C11923-K2,3383563
C11923-K2,3383609
C11923-K2,3383622
C11923-K2,3383626
C11923-K2,3383672
C11923-K2,3383789
C11923-K2,3383855
C11923-K2,3383874
C11923-K2,3383883
C11923-K2,3383898
C11923-K2,3383900
C11923-K2,3383910
C11923-K2,3383918
C11923-K2,3383923
C11923-K2,3383924
C11923-K2,3383939
C11923-K2,3383954
C11923-K2,3383968
C11923-K2,3383969
C11923-K2,3383978
C11923-K2,3383980
C11923-K2,3384217
C11923-K2,3384318
C11923-K2,3384417
C11923-K2,3384438
C11923-K2,3384468
C11923-K2,3384482
C11923-K2,3384490
C11923-K2,3384523
C11923-K2,3384526
C11923-K2,3384540
C11923-K2,3384564
C11923-K2,3384580
C11923-K2,3384585
C11923-K2,3384616
C11923-K2,3384724
C11923-K2,3384835
C11923-K2,3384844
C11923-K2,3384848
C11923-K2,3384866
C11923-K2,3384872
C11923-K2,3384883
C11923-K2,3384887
C11923-K2,3384933
C11923-K2,3384981
C11923-K2,3385015
C11923-K2,3385079
C11923-K2,3385101
C11923-K2,3385128
C11923-K2,3385129
C11923-K2,3385141
C11923-K2,3385193
C11923-K2,3385241
C11923-K2,3385530
C11923-K2,3385595
C11923-K2,3385700
C11923-K2,3385723
C11923-K2,3385863
C11923-K2,3385898
C11923-K2,3385917
C11923-K2,3385930
C11923-K2,3385952
C11923-K2,3385998
C11923-K2,3386017
C11923-K2,3386019
C11923-K2,3386171
C11923-K2,3386176
C11923-K2,3386188
C11923-K2,3386289
C11923-K2,3386311
C11923-K2,3386319
C11923-K2,3386343
C11923-K2,3386354
C11923-K2,3386439
C11923-K2,3386445
C11923-K2,3386446
C11923-K2,3386447
C11923-K2,3386466
C11923-K2,3386561
C11923-K2,3386598
C11923-K2,3386621
C11923-K2,3386628
C11923-K2,3386659
C11923-K2,3386660
C11923-K2,3386673
C11923-K2,3386677
C11923-K2,3386727
C11923-K2,3386737
C11923-K2,3386749
C11923-K2,3386755
C11923-K2,3386770
C11923-K2,3386774
C11923-K2,3386789
C11923-K2,3386813
C11923-K2,3386819
C11923-K2,3386822
C11923-K2,3386823
C11923-K2,3386824
C11923-K2,3386850
C11923-K2,3386905
C11923-K2,3386907
C11923-K2,3386912
C11923-K2,3386915
C11923-K2,3386923
C11923-K2,3386939
C11923-K2,3386941
C11923-K2,3386945
C11923-K2,3386948
C11923-K2,3387006
C11923-K2,3387023
C11923-K2,3387036
C11923-K2,3387111
C11923-K2,3387131
C11923-K2,3387135
C11923-K2,3387189
C11923-K2,3387237
C11923-K2,3387306
C11923-K2,3387398
C11923-K2,3387473
C11923-K2,3387484
C11923-K2,3387533
C11923-K2,3387611
C11923-K2,3387622
C11923-K2,3387655
C11923-K2,3387675
C11923-K2,3387768
C11923-K2,3387774
C11923-K2,3387801
C11923-K2,3387832
C11923-K2,3387840
C11923-K2,3387850
C11923-K2,3387854
C11923-K2,3387870
C11923-K2,3387872
C11923-K2,3387881
C11923-K2,3387884
C11923-K2,3387886
C11923-K2,3387902
C11923-K2,3387983
C11923-K2,3388056
C11923-K2,3388114
C11923-K2,3388187
C11923-K2,3388319
C11923-K2,3388370
C11923-K2,3388419
C11923-K2,3388696
C11923-K2,3388751
C11923-K2,3388887
C11923-K2,3388986
C11923-K2,3389042
C11923-K2,3389085
C11923-K2,3389108
C11923-K2,3389116
C11923-K2,3389144
C11923-K2,3389273
C11923-K2,3389400
C11923-K2,3389403
C11923-K2,3389415
C11923-K2,3389452
C11923-K2,3389472
C11923-K2,3389493
C11923-K2,3389499
C11923-K2,3389515
C11923-K2,3389533
C11923-K2,3389538
C11923-K2,3389542
C11923-K2,3389545
C11923-K2,3389584
C11923-K2,3389586
C11923-K2,3389643
C11923-K2,3389664
C11923-K2,3389687
C11923-K2,3389701
C11923-K2,3389728
C11923-K2,3389731
C11923-K2,3389732
C11923-K2,3389769
C11923-K2,3389776
C11923-K2,3389806
C11923-K2,3389854
C11923-K2,3389875
C11923-K2,3389934
C11923-K2,3389952
C11923-K2,3389953
C11923-K2,3389954
C11923-K2,3389957
C11923-K2,3389987
C11923-K2,3390307
C11923-K2,3390485
C11923-K2,3390494
C11923-K2,3390541
C11923-K2,3390567
C11923-K2,3390616
C11923-K2,3390634
C11923-K2,3390801
C11923-K2,3390820
C11923-K2,3390889
C11923-K2,3390895
C11923-K2,3390940
C11923-K2,3390953
C11923-K2,3391019
C11923-K2,3391056
C11923-K2,3391065
C11923-K2,3391084
C11923-K2,3391101
C11923-K2,3391112
C11923-K2,3391116
C11923-K2,3391201
C11923-K2,3391213
C11923-K2,3391220
C11923-K2,3391229
C11923-K2,3391235
C11923-K2,3391258
C11923-K2,3391324
C11923-K2,3391349
C11923-K2,3391458
C11923-K2,3391484
C11923-K2,3391499
C11923-K2,3391509
C11923-K2,3391586
C11923-K2,3391696
C11923-K2,3392012
C11923-K2,3392285
C11923-K2,3392293
C11923-K2,3392461
C11923-K2,3392477
C11923-K2,3392622
C11923-K2,3392627
C11923-K2,3392631
C11923-K2,3392653
C11923-K2,3392671
C11923-K2,3392676
C11923-K2,3392677
C11923-K2,3392703
C11923-K2,3392712
C11923-K2,3392718
C11923-K2,3392824
C11923-K2,3392839
C11923-K2,3392856
C11923-K2,3392872
C11923-K2,3392880
C11923-K2,3392910
C11923-K2,3392947
C11923-K2,3393367
C11923-K2,3393401
C11923-K2,3393437
C11923-K2,3393727
C11923-K2,3393740
C11923-K2,3393742
C11923-K2,3393745
C11923-K2,3393784
C11923-K2,3393808
C11923-K2,3393830
C11923-K2,3393846
C11923-K2,3393903
C11923-K2,3393940
C11923-K2,3393960
C11923-K2,3393983
C11923-K2,3394043
C11923-K2,3394047
C11923-K2,3394070
C11923-K2,3394071
C11923-K2,3394329
C11923-K2,3394377
C11923-K2,3394480
C11923-K2,3394493
C11923-K2,3394563
C11923-K2,3394572
C11923-K2,3394593
C11923-K2,3394848
C11923-K2,3394876
C11923-K2,3394920
C11923-K2,3394997
C11923-K2,3395059
C11923-K2,3395086
C11923-K2,3395095
C11923-K2,3395113
C11923-K2,3395143
C11923-K2,3395163
C11923-K2,3395181
C11923-K2,3395182
C11923-K2,3395221
C11923-K2,3395247
C11923-K2,3395251
C11923-K2,3395274
C11923-K2,3395304
C11923-K2,3395385
C11923-K2,3395414
C11923-K2,3395633
C11923-K2,3395638
C11923-K2,3395640
C11923-K2,3395656
C11923-K2,3395662
C11923-K2,3395686
C11923-K2,3395691
C11923-K2,3395693
C11923-K2,3395721
C11923-K2,3395722
C11923-K2,3395724
C11923-K2,3395725
C11923-K2,3395785
C11923-K2,3395824
C11923-K2,3395830
C11923-K2,3395836
C11923-K2,3395848
C11923-K2,3395866
C11923-K2,3395880
C11923-K2,3395888
C11923-K2,3395902
C11923-K2,3395907
C11923-K2,3395929
C11923-K2,3395952
C11923-K2,3395956
C11923-K2,3395959
C11923-K2,3395971
C11923-K2,3395985
C11923-K2,3395988
C11923-K2,3396208
C11923-K2,3396266
C11923-K2,3396394
C11923-K2,3396434
C11923-K2,3396461
C11923-K2,3396504
C11923-K2,3396545
C11923-K2,3396604
C11923-K2,3396644
C11923-K2,3396664
C11923-K2,3396699
C11923-K2,3396714
C11923-K2,3396839
C11923-K2,3396929
C11923-K2,3396940
C11923-K2,3396954
C11923-K2,3396998
C11923-K2,3397018
C11923-K2,3397028
C11923-K2,3397055
C11923-K2,3397058
C11923-K2,3397096
C11923-K2,3397129
C11923-K2,3397133
C11923-K2,3397136
C11923-K2,3397182
C11923-K2,3397233
C11923-K2,3397258
C11923-K2,3397259
C11923-K2,3397420
C11923-K2,3397483
C11923-K2,3397574
C11923-K2,3397660
C11923-K2,3397736
C11923-K2,3397741
C11923-K2,3397756
C11923-K2,3397907
C11923-K2,3397944
C11923-K2,3397958
C11923-K2,3397960
C11923-K2,3397982
C11923-K2,3398046
C11923-K2,3398078
C11923-K2,3398109
C11923-K2,3398110
C11923-K2,3398128
C11923-K2,3398147
C11923-K2,3398186
C11923-K2,3398198
C11923-K2,3398201
C11923-K2,3398216
C11923-K2,3398222
C11923-K2,3398224
C11923-K2,3398262
C11923-K2,3398340
C11923-K2,3398390
C11923-K2,3398516
C11923-K2,3398546
C11923-K2,3398653
C11923-K2,3398684
C11923-K2,3398736
C11923-K2,3398760
C11923-K2,3398797
C11923-K2,3398812
C11923-K2,3398827
C11923-K2,3398861
C11923-K2,3398900
C11923-K2,3398905
C11923-K2,3398916
C11923-K2,3398919
C11923-K2,3398959
C11923-K2,3398977
C11923-K2,3399002
C11923-K2,3399155
C11923-K2,3399260
C11923-K2,3399262
C11923-K2,3399302
C11923-K2,3399316
C11923-K2,3399371
C11923-K2,3399384
C11923-K2,3399390
C11923-K2,3399402
C11923-K2,3399404
C11923-K2,3399412
C11923-K2,3399439
C11923-K2,3399665
C11923-K2,3399695
C11923-K2,3399701
C11923-K2,3399703
C11923-K2,3399710
C11923-K2,3399712
C11923-K2,3399713
C11923-K2,3399772
C11923-K2,3399806
C11923-K2,3399816
C11923-K2,3399832
C11923-K2,3399833
C11923-K2,3399836
C11923-K2,3399851
C11923-K2,3399852
C11923-K2,3399862
C11923-K2,3399894
C11923-K2,3399914
C11923-K2,3399949
C11923-K2,3400029
C11923-K2,3400034
C11923-K2,3400053
C11923-K2,3400058
C11923-K2,3400154
C11923-K2,3400155
C11923-K2,3400295
C11923-K2,3400339
C11923-K2,3400361
C11923-K2,3400362
C11923-K2,3400365
C11923-K2,3400391
C11923-K2,3400393
C11923-K2,3400507
C11923-K2,3400511
C11923-K2,3400570
C11923-K2,3400583
C11923-K2,3400620
C11923-K2,3400695
C11923-K2,3400710
C11923-K2,3400716
C11923-K2,3400717
C11923-K2,3400762
C11923-K2,3400777
C11923-K2,3400886
C11923-K2,3400931
C11923-K2,3400935
C11923-K2,3400984
C11923-K2,3401000
C11923-K2,3401029
C11923-K2,3401093
C11923-K2,3401099
C11923-K2,3401107
C11923-K2,3401120
C11923-K2,3401134
C11923-K2,3401165
C11923-K2,3401180
C11923-K2,3401187
C11923-K2,3401244
C11923-K2,3401253
C11923-K2,3401317
C11923-K2,3401322
C11923-K2,3401352
C11923-K2,3401370
C11923-K2,3401389
C11923-K2,3401392
C11923-K2,3401415
C11923-K2,3401427
C11923-K2,3401432
C11923-K2,3401439
C11923-K2,3401440
C11923-K2,3401452
C11923-K2,3401571
C11923-K2,3401594
C11923-K2,3401616
C11923-K2,3401628
C11923-K2,3401645
C11923-K2,3401646
C11923-K2,3401657
C11923-K2,3401689
C11923-K2,3401697
C11923-K2,3401703
C11923-K2,3401707
C11923-K2,3401722
C11923-K2,3401745
C11923-K2,3401794
C11923-K2,3401795
C11923-K2,3401818
C11923-K2,3401911
C11923-K2,3401956
C11923-K2,3401965
C11923-K2,3401986
C11923-K2,3401989
C11923-K2,3401990
C11923-K2,3401999
C11923-K2,3402000
C11923-K2,3402015
C11923-K2,3402028
C11923-K2,3402052
C11923-K2,3402154
C11923-K2,3402203
C11923-K2,3402210
C11923-K2,3402323
C11923-K2,3402413
C11923-K2,3402448
C11923-K2,3402520
C11923-K2,3402538
C11923-K2,3402540
C11923-K2,3402564
C11923-K2,3402570
C11923-K2,3402615
C11923-K2,3402616
C11923-K2,3402696
C11923-K2,3402711
C11923-K2,3402753
C11923-K2,3402785
C11923-K2,3402837
C11923-K2,3402852
C11923-K2,3402860
C11923-K2,3402917
C11923-K2,3402978
C11923-K2,3403019
C11923-K2,3403226
C11923-K2,3403232
C11923-K2,3403245
C11923-K2,3403276
C11923-K2,3403287
C11923-K2,3403309
C11923-K2,3403395
C11923-K2,3403408
C11923-K2,3403554
C11923-K2,3403593
C11923-K2,3403644
C11923-K2,3403659
C11923-K2,3403774
C11923-K2,3403832
C11923-K2,3403862
C11923-K2,3403882
C11923-K2,3403910
C11923-K2,3403924
C11923-K2,3403958
C11923-K2,3403970
C11923-K2,3403972
C11923-K2,3404050
C11923-K2,3404071
C11923-K2,3404086
C11923-K2,3404098
C11923-K2,3404114
C11923-K2,3404182
C11923-K2,3404190
C11923-K2,3404205
C11923-K2,3404235
C11923-K2,3404238
C11923-K2,3404244
C11923-K2,3404280
C11923-K2,3404302
C11923-K2,3404311
C11923-K2,3404438
C11923-K2,3404512
C11923-K2,3404558
C11923-K2,3404589
C11923-K2,3404614
C11923-K2,3404627
C11923-K2,3404643
C11923-K2,3404651
C11923-K2,3404670
C11923-K2,3404719
C11923-K2,3404746
C11923-K2,3404747
C11923-K2,3404752
C11923-K2,3404826
C11923-K2,3404880
C11923-K2,3404901
C11923-K2,3404918
C11923-K2,3404925
C11923-K2,3404926
C11923-K2,3404930
C11923-K2,3404986
C11923-K2,3404990
C11923-K2,3405023
C11923-K2,3405032
C11923-K2,3405055
C11923-K2,3405065
C11923-K2,3405110
C11923-K2,3405113
C11923-K2,3405134
C11923-K2,3405146
C11923-K2,3405318
C11923-K2,3405333
C11923-K2,3405362
C11923-K2,3405588
C11923-K2,3405665
C11923-K2,3405693
C11923-K2,3405708
C11923-K2,3405735
C11923-K2,3406026
C11923-K2,3406055
C11923-K2,3406103
C11923-K2,3406169
C11923-K2,3406183
C11923-K2,3406185
C11923-K2,3406197
C11923-K2,3406202
C11923-K2,3406215
C11923-K2,3406248
C11923-K2,3406284
C11923-K2,3406295
C11923-K2,3406331
C11923-K2,3406335
C11923-K2,3406339
C11923-K2,3406362
C11923-K2,3406405
C11923-K2,3406459
C11923-K2,3406609
C11923-K2,3406615
C11923-K2,3406641
C11923-K2,3406666
C11923-K2,3406724
C11923-K2,3406744
C11923-K2,3406773
C11923-K2,3406786
C11923-K2,3406792
C11923-K2,3406821
C11923-K2,3406835
C11923-K2,3406895
C11923-K2,3406906
C11923-K2,3406960
C11923-K2,3407035
C11923-K2,3407110
C11923-K2,3407175
C11923-K2,3407202
C11923-K2,3407204
C11923-K2,3407238
C11923-K2,3407323
C11923-K2,3407332
C11923-K2,3407355
C11923-K2,3407364
C11923-K2,3407401
C11923-K2,3407407
C11923-K2,3407633
C11923-K2,3407695
C11923-K2,3407711
C11923-K2,3407753
C11923-K2,3407782
C11923-K2,3407786
C11923-K2,3407879
C11923-K2,3407887
C11923-K2,3407899
C11923-K2,3407904
C11923-K2,3407930
C11923-K2,3407949
C11923-K2,3407958
C11923-K2,3407964
C11923-K2,3407973
C11923-K2,3407988
C11923-K2,3408002
C11923-K2,3408030
C11923-K2,3408058
C11923-K2,3408066
C11923-K2,3408090
C11923-K2,3408137
C11923-K2,3408139
C11923-K2,3408160
C11923-K2,3408178
C11923-K2,3408183
C11923-K2,3408185
C11923-K2,3408187
C11923-K2,3408195
C11923-K2,3408361
C11923-K2,3408521
C11923-K2,3408643
C11923-K2,3408706
C11923-K2,3409019
C11923-K2,3409143
C11923-K2,3409144
C11923-K2,3409507
C11923-K2,3409576
C11923-K2,3409577
C11923-K2,3409726
C11923-K2,3409753
C11923-K2,3409840
C11923-K2,3409871
C11923-K2,3409872
C11923-K2,3410284
C11923-K2,3410316
C11923-K2,3410347
C11923-K2,3410364
C11923-K2,3410477
C11923-K2,3410620
C11923-K2,3410625
C11923-K2,3410642
C11923-K2,3410652
C11923-K2,3410679
C11923-K2,3410773
C11923-K2,3410868
C11923-K2,3410894
C11923-K2,3410936
C11923-K2,3411034
C11923-K2,3411043
C11923-K2,3411091
C11923-K2,3411147
C11923-K2,3411246
C11923-K2,3411278
C11923-K2,3411293
C11923-K2,3411295
C11923-K2,3411302
C11923-K2,3411305
C11923-K2,3411323
C11923-K2,3411328
C11923-K2,3411343
C11923-K2,3411359
C11923-K2,3411369
C11923-K2,3411406
C11923-K2,3411411
C11923-K2,3411415
C11923-K2,3411418
C11923-K2,3411423
C11923-K2,3411427
C11923-K2,3411430
C11923-K2,3411432
C11923-K2,3411438
C11923-K2,3411447
C11923-K2,3411457
C11923-K2,3411462
C11923-K2,3411532
C11923-K2,3411540
C11923-K2,3411565
C11923-K2,3411771
C11923-K2,3411808
C11923-K2,3412012
C11923-K2,3412026
C11923-K2,3412072
C11923-K2,3412170
C11923-K2,3412378
C11923-K2,3412494
C11923-K2,3412510
C11923-K2,3412514
C11923-K2,3412613
C11923-K2,3412658
C11923-K2,3412669
C11923-K2,3412821
C11923-K2,3412895
C11923-K2,3412899
C11923-K2,3412954
C11923-K2,3412988
C11923-K2,3413045
C11923-K2,3413068
C11923-K2,3413128
C11923-K2,3413154
C11923-K2,3413173
C11923-K2,3413183
C11923-K2,3413190
C11923-K2,3413250
C11923-K2,3413291
C11923-K2,3413410
C11923-K2,3413456
C11923-K2,3413608
C11923-K2,3413609
C11923-K2,3413638
C11923-K2,3413647
C11923-K2,3413750
C11923-K2,3413763
C11923-K2,3413977
C11923-K2,3413979
C11923-K2,3414065
C11923-K2,3414163
C11923-K2,3414180
C11923-K2,3414205
C11923-K2,3414230
C11923-K2,3414275
C11923-K2,3414327
C11923-K2,3414506
C11923-K2,3414517
C11923-K2,3414521
C11923-K2,3414576
C11923-K2,3414590
C11923-K2,3414609
C11923-K2,3414686
C11923-K2,3414714
C11923-K2,3414726
C11923-K2,3414734
C11923-K2,3414754
C11923-K2,3415004
C11923-K2,3415093
C11923-K2,3415420
C11923-K2,3415425
C11923-K2,3415433
C11923-K2,3415471
C11923-K2,3415715
C11923-K2,3415880
C11923-K2,3415896
C11923-K2,3415959
C11923-K2,3415997
C11923-K2,3416075
C11923-K2,3416147
C11923-K2,3416163
C11923-K2,3416186
C11923-K2,3416275
C11923-K2,3416580
C11923-K2,3416737
C11923-K2,3416758
C11923-K2,3416917
C11923-K2,3416944
C11923-K2,3417067
C11923-K2,3417087
C11923-K2,3417383
C11923-K2,3417451
C11923-K2,3417611
C11923-K2,3417616
C11923-K2,3417622
C11923-K2,3417679
C11923-K2,3417807
C11923-K2,3417812
C11923-K2,3418007
C11923-K2,3418040
C11923-K2,3418045
C11923-K2,3418097
C11923-K2,3418129
C11923-K2,3418182
C11923-K2,3418187
C11923-K2,3418479
C11923-K2,3418499
C11923-K2,3418662
C11923-K2,3418737
C11923-K2,3418787
C11923-K2,3418868
C11923-K2,3418978
C11923-K2,3419110
C11923-K2,3419198
C11923-K2,3419407
C11923-K2,3419585
C11923-K2,3419644
C11923-K2,3419657
C11923-K2,3419710
C11923-K2,3419841
C11923-K2,3419958
C11923-K2,3420026
C11923-K2,3420052
C11923-K2,3420085
C11923-K2,3420102
C11923-K2,3420158
C11923-K2,3420186
C11923-K2,3420212
C11923-K2,3420261
C11923-K2,3420312
C11923-K2,3420363
C11923-K2,3420628
C11923-K2,3420706
C11923-K2,3420720
C11923-K2,3420737
C11923-K2,3420749
C11923-K2,3420775
C11923-K2,3420951
C11923-K2,3420969
C11923-K2,3421078
C11923-K2,3421083
C11923-K2,3421093
C11923-K2,3421104
C11923-K2,3421116
C11923-K2,3421175
C11923-K2,3421356
C11923-K2,3421453
C11923-K2,3421561
C11923-K2,3422313
C11923-K2,3422757
C11923-K2,3422788
C11923-K2,3422838
C11923-K2,3422911
C11923-K2,3423164
C11923-K2,3423323
C11923-K2,3423384
C11923-K2,3423679
C11923-K2,3423683
C11923-K2,3423704
C11923-K2,3423739
C11923-K2,3423755
C11923-K2,3423780
C11923-K2,3423783
C11923-K2,3423801
C11923-K2,3423829
C11923-K2,3423834
C11923-K2,3423851
C11923-K2,3423860
C11923-K2,3423936
C11923-K2,3424005
C11923-K2,3424172
C11923-K2,3424189
C11923-K2,3424333
C11923-K2,3424650
C11923-K2,3424853
C11923-K2,3424859
C11923-K2,3424920
C11923-K2,3424925
C11923-K2,3424928
C11923-K2,3424943
C11923-K2,3424976
C11923-K2,3424990
C11923-K2,3425087
C11923-K2,3425148
C11923-K2,3425155
C11923-K2,3425185
C11923-K2,3425191
C11923-K2,3425192
C11923-K2,3425195
C11923-K2,3425199
C11923-K2,3425202
C11923-K2,3425216
C11923-K2,3425418
C11923-K2,3425753
C11923-K2,3425775
C11923-K2,3425803
C11923-K2,3425816
C11923-K2,3426024
C11923-K2,3426214
C11923-K2,3426218
C11923-K2,3426222
C11923-K2,3426250
C11923-K2,3426315
C11923-K2,3426319
C11923-K2,3426366
C11923-K2,3426408
C11923-K2,3426455
C11923-K2,3426458
C11923-K2,3426505
C11923-K2,3426586
C11923-K2,3426603
C11923-K2,3426692
C11923-K2,3426699
C11923-K2,3426718
C11923-K2,3426747
C11923-K2,3426858
C11923-K2,3426920
C11923-K2,3426993
C11923-K2,3427013
C11923-K2,3427026
C11923-K2,3427172
C11923-K2,3427325
C11923-K2,3427336
C11923-K2,3427345
C11923-K2,3427380
C11923-K2,3427446
C11923-K2,3427494
C11923-K2,3427590
C11923-K2,3427603
C11923-K2,3427646
C11923-K2,3427955
C11923-K2,3428035
C11923-K2,3428058
C11923-K2,3428206
C11923-K2,3428286
C11923-K2,3428293
C11923-K2,3428328
C11923-K2,3428334
C11923-K2,3428397
C11923-K2,3428403
C11923-K2,3428407
C11923-K2,3428460
C11923-K2,3428488
C11923-K2,3428566
C11923-K2,3428780
C11923-K2,3428857
C11923-K2,3428979
C11923-K2,3429005
C11923-K2,3429041
C11923-K2,3429099
C11923-K2,3429107
C11923-K2,3429334
C11923-K2,3429335
C11923-K2,3429409
C11923-K2,3429458
C11923-K2,3429462
C11923-K2,3429499
C11923-K2,3429520
C11923-K2,3429859
C11923-K2,3429982
C11923-K2,3429985
C11923-K2,3430079
C11923-K2,3430117
C11923-K2,3430174
C11923-K2,3430388
C11923-K2,3430453
C11923-K2,3430462
C11923-K2,3430540
C11923-K2,3430584
C11923-K2,3430670
C11923-K2,3430718
C11923-K2,3430725
C11923-K2,3430726
C11923-K2,3430755
C11923-K2,3430756
C11923-K2,3430810
C11923-K2,3430874
C11923-K2,3431165
C11923-K2,3431237
C11923-K2,3431281
C11923-K2,3431305
C11923-K2,3431325
C11923-K2,3431378
C11923-K2,3431403
C11923-K2,3431419
C11923-K2,3431423
C11923-K2,3431449
C11923-K2,3431464
C11923-K2,3431515
C11923-K2,3431546
C11923-K2,3431629
C11923-K2,3431749
C11923-K2,3431771
C11923-K2,3431916
C11923-K2,3431936
C11923-K2,3432141
C11923-K2,3432193
C11923-K2,3432364
C11923-K2,3432535
C11923-K2,3432572
C11923-K2,3432679
C11923-K2,3432792
C11923-K2,3432810
C11923-K2,3433172
C11923-K2,3433178
C11923-K2,3433207
C11923-K2,3433208
C11923-K2,3433214
C11923-K2,3433228
C11923-K2,3433259
C11923-K2,3433348
C11923-K2,3433355
C11923-K2,3433372
C11923-K2,3433374
C11923-K2,3433535
C11923-K2,3433542
C11923-K2,3433544
C11923-K2,3433571
C11923-K2,3433607
C11923-K2,3433608
C11923-K2,3433628
C11923-K2,3433641
C11923-K2,3433899
C11923-K2,3433934
C11923-K2,3434072
C11923-K2,3434096
C11923-K2,3434202
C11923-K2,3434225
C11923-K2,3434266
C11923-K2,3434421
C11923-K2,3434462
C11923-K2,3434494
C11923-K2,3434660
C11923-K2,3434892
C11923-K2,3434918
C11923-K2,3435311
C11923-K2,3435460
C11923-K2,3435488
C11923-K2,3435502
C11923-K2,3435524
C11923-K2,3435558
C11923-K2,3435658
C11923-K2,3435926
C11923-K2,3435941
C11923-K2,3436075
C11923-K2,3436105
C11923-K2,3436204
C11923-K2,3436213
C11923-K2,3436282
C11923-K2,3436337
C11923-K2,3436374
C11923-K2,3436394
C11923-K2,3436485
C11923-K2,3436529
C11923-K2,3436713
C11923-K2,3436724
C11923-K2,3436934
C11923-K2,3436946
C11923-K2,3436974
C11923-K2,3437065
C11923-K2,3437087
C11923-K2,3437115
C11923-K2,3437141
C11923-K2,3437157
C11923-K2,3437252
C11923-K2,3437257
C11923-K2,3437327
C11923-K2,3437330
C11923-K2,3437333
C11923-K2,3437344
C11923-K2,3437346
C11923-K2,3437375
C11923-K2,3437447
C11923-K2,3437487
C11923-K2,3437497
C11923-K2,3437500
C11923-K2,3437771
C11923-K2,3437786
C11923-K2,3437789
C11923-K2,3437873
C11923-K2,3438151
C11923-K2,3438269
C11923-K2,3438285
C11923-K2,3438324
C11923-K2,3438342
C11923-K2,3438377
C11923-K2,3438636
C11923-K2,3438697
C11923-K2,3438943
C11923-K2,3438980
C11923-K2,3439088
C11923-K2,3439163
C11923-K2,3439233
C11923-K2,3439261
C11923-K2,3439404
C11923-K2,3439471
C11923-K2,3439478
C11923-K2,3439566
C11923-K2,3439623
C11923-K2,3439665
C11923-K2,3439706
C11923-K2,3439725
C11923-K2,3439830
C11923-K2,3439839
C11923-K2,3439983
C11923-K2,3440043
C11923-K2,3440066
C11923-K2,3440163
C11923-K2,3440178
C11923-K2,3440186
C11923-K2,3440195
C11923-K2,3440217
C11923-K2,3440289
C11923-K2,3440300
C11923-K2,3440363
C11923-K2,3440366
C11923-K2,3440452
C11923-K2,3440455
C11923-K2,3440463
C11923-K2,3440735
C11923-K2,3440766
C11923-K2,3441003
C11923-K2,3441054
C11923-K2,3441101
C11923-K2,3441215
C11923-K2,3441448
C11923-K2,3441479
C11923-K2,3441480
C11923-K2,3441542
C11923-K2,3441630
C11923-K2,3441742
C11923-K2,3441833
C11923-K2,3441845
C11923-K2,3441889
C11923-K2,3441991
C11923-K2,3442039
C11923-K2,3442574
C11923-K2,3442678
C11923-K2,3442690
C11923-K2,3442768
C11923-K2,3442973
C11923-K2,3443000
C11923-K2,3443010
C11923-K2,3443040
C11923-K2,3443049
C11923-K2,3443088
C11923-K2,3443106
C11923-K2,3443128
C11923-K2,3443129
C11923-K2,3443143
C11923-K2,3443145
C11923-K2,3443147
C11923-K2,3443159
C11923-K2,3443177
C11923-K2,3443207
C11923-K2,3443242
C11923-K2,3443467
C11923-K2,3443547
C11923-K2,3443613
C11923-K2,3443711
C11923-K2,3443772
C11923-K2,3443792
C11923-K2,3443874
C11923-K2,3443924
C11923-K2,3443942
C11923-K2,3444231
C11923-K2,3444460
C11923-K2,3444463
C11923-K2,3444613
C11923-K2,3444645
C11923-K2,3444688
C11923-K2,3444746
C11923-K2,3444761
C11923-K2,3444763
C11923-K2,3444767
C11923-K2,3444789
C11923-K2,3445064
C11923-K2,3445073
C11923-K2,3445188
C11923-K2,3445260
C11923-K2,3445443
C11923-K2,3445474
C11923-K2,3445500
C11923-K2,3445601
C11923-K2,3445806
C11923-K2,3445809
C11923-K2,3445849
C11923-K2,3445881
C11923-K2,3445888
C11923-K2,3445938
C11923-K2,3445942
C11923-K2,3445958
C11923-K2,3445961
C11923-K2,3445962
C11923-K2,3445963
C11923-K2,3445980
C11923-K2,3445998
C11923-K2,3446007
C11923-K2,3446058
C11923-K2,3446137
C11923-K2,3446150
C11923-K2,3446310
C11923-K2,3446325
C11923-K2,3446615
C11923-K2,3446622
C11923-K2,3446835
C11923-K2,3447191
C11923-K2,3447207
C11923-K2,3447564
C11923-K2,3447624
C11923-K2,3447684
C11923-K2,3447995
C11923-K2,3448174
C11923-K2,3448178
C11923-K2,3448212
C11923-K2,3448224
C11923-K2,3448227
C11923-K2,3448240
C11923-K2,3448261
C11923-K2,3448417
C11923-K2,3448437
C11923-K2,3448536
C11923-K2,3448547
C11923-K2,3448554
C11923-K2,3448560
C11923-K2,3448573
C11923-K2,3448583
C11923-K2,3448597
C11923-K2,3448603
C11923-K2,3448656
C11923-K2,3448657
C11923-K2,3448677
C11923-K2,3448716
C11923-K2,3448721
C11923-K2,3448773
C11923-K2,3448865
C11923-K2,3448970
C11923-K2,3449034
C11923-K2,3449054
C11923-K2,3449072
C11923-K2,3449348
C11923-K2,3449358
C11923-K2,3449363
C11923-K2,3449382
C11923-K2,3449404
C11923-K2,3449634
C11923-K2,3449686
C11923-K2,3449743
C11923-K2,3449785
C11923-K2,3449825
C11923-K2,3449864
C11923-K2,3449892
C11923-K2,3449918
C11923-K2,3449921
C11923-K2,3449924
C11923-K2,3449942
C11923-K2,3449959
C11923-K2,3449968
C11923-K2,3449971
C11923-K2,3449985
C11923-K2,3450020
C11923-K2,3450034
C11923-K2,3450035
C11923-K2,3450191
C11923-K2,3450283
C11923-K2,3450316
C11923-K2,3450389
C11923-K2,3450478
C11923-K2,3450507
C11923-K2,3450510
C11923-K2,3450550
C11923-K2,3450580
C11923-K2,3450667
C11923-K2,3450700
C11923-K2,3450725
C11923-K2,3450921
C11923-K2,3450969
C11923-K2,3451008
C11923-K2,3451031
C11923-K2,3451103
C11923-K2,3451104
C11923-K2,3451107
C11923-K2,3451142
C11923-K2,3451149
C11923-K2,3451157
C11923-K2,3451178
C11923-K2,3451179
C11923-K2,3451187
C11923-K2,3451206
C11923-K2,3451207
C11923-K2,3451222
C11923-K2,3451223
C11923-K2,3451238
C11923-K2,3451254
C11923-K2,3451297
C11923-K2,3451601
C11923-K2,3451718
C11923-K2,3451751
C11923-K2,3451761
C11923-K2,3451772
C11923-K2,3451789
C11923-K2,3451803
C11923-K2,3451820
C11923-K2,3451832
C11923-K2,3451855
C11923-K2,3451875
C11923-K2,3451926
C11923-K2,3451990
C11923-K2,3452371
C11923-K2,3452987
C11923-K2,3453150
C11923-K2,3453180
C11923-K2,3453222
C11923-K2,3453227
C11923-K2,3453240
C11923-K2,3453256
C11923-K2,3453286
C11923-K2,3453332
C11923-K2,3453416
C11923-K2,3453468
C11923-K2,3453604
C11923-K2,3453682
C11923-K2,3453710
C11923-K2,3453722
C11923-K2,3453739
C11923-K2,3453752
C11923-K2,3453802
C11923-K2,3453828
C11923-K2,3453839
C11923-K2,3453848
C11923-K2,3453850
C11923-K2,3453861
C11923-K2,3453875
C11923-K2,3453876
C11923-K2,3453902
C11923-K2,3454177
C11923-K2,3454212
C11923-K2,3454317
C11923-K2,3454362
C11923-K2,3454365
C11923-K2,3454497
C11923-K2,3454519
C11923-K2,3454538
C11923-K2,3454629
C11923-K2,3454741
C11923-K2,3454834
C11923-K2,3454850
C11923-K2,3454856
C11923-K2,3454861
C11923-K2,3454985
C11923-K2,3455005
C11923-K2,3455257
C11923-K2,3455282
C11923-K2,3455357
C11923-K2,3455390
C11923-K2,3455503
C11923-K2,3455516
C11923-K2,3455520
C11923-K2,3455671
C11923-K2,3455729
C11923-K2,3455752
C11923-K2,3455877
C11923-K2,3455879
C11923-K2,3455886
C11923-K2,3455911
C11923-K2,3455913
C11923-K2,3455947
C11923-K2,3456001
C11923-K2,3456018
C11923-K2,3456071
C11923-K2,3456077
C11923-K2,3456169
C11923-K2,3456211
C11923-K2,3456238
C11923-K2,3456349
C11923-K2,3456398
C11923-K2,3456433
C11923-K2,3456435
C11923-K2,3456449
C11923-K2,3456467
C11923-K2,3456473
C11923-K2,3456474
C11923-K2,3456478
C11923-K2,3456488
C11923-K2,3456500
C11923-K2,3456501
C11923-K2,3456512
C11923-K2,3456515
C11923-K2,3456566
C11923-K2,3456700
C11923-K2,3456710
C11923-K2,3456738
C11923-K2,3457157
C11923-K2,3457561
C11923-K2,3457602
C11923-K2,3457648
C11923-K2,3457692
C11923-K2,3457865
C11923-K2,3457908
C11923-K2,3457917
C11923-K2,3457931
C11923-K2,3458014
C11923-K2,3458079
C11923-K2,3458137
C11923-K2,3458204
C11923-K2,3458259
C11923-K2,3458276
C11923-K2,3458357
C11923-K2,3458367
C11923-K2,3458439
C11923-K2,3458457
C11923-K2,3458489
C11923-K2,3458495
C11923-K2,3458548
C11923-K2,3458591
C11923-K2,3458698
C11923-K2,3458731
C11923-K2,3458762
C11923-K2,3458787
C11923-K2,3458799
C11923-K2,3459028
C11923-K2,3459127
C11923-K2,3459145
C11923-K2,3459168
C11923-K2,3459187
C11923-K2,3459194
C11923-K2,3459197
C11923-K2,3459198
C11923-K2,3459413
C11923-K2,3459577
C11923-K2,3459783
C11923-K2,3459881
C11923-K2,3459923
C11923-K2,3460002
C11923-K2,3460125
C11923-K2,3460157
C11923-K2,3460360
C11923-K2,3460389
C11923-K2,3460392
C11923-K2,3460413
C11923-K2,3460429
C11923-K2,3460436
C11923-K2,3460440
C11923-K2,3460613
C11923-K2,3460825
C11923-K2,3460864
C11923-K2,3460881
C11923-K2,3460943
C11923-K2,3461135
C11923-K2,3461166
C11923-K2,3461254
C11923-K2,3461283
C11923-K2,3461323
C11923-K2,3461424
C11923-K2,3461505
C11923-K2,3461531
C11923-K2,3461658
C11923-K2,3461680
C11923-K2,3461700
C11923-K2,3461736
C11923-K2,3461773
C11923-K2,3461777
C11923-K2,3461799
C11923-K2,3461800
C11923-K2,3461826
C11923-K2,3461834
C11923-K2,3461942
C11923-K2,3462053
C11923-K2,3462119
C11923-K2,3462128
C11923-K2,3462285
C11923-K2,3462322
C11923-K2,3462370
C11923-K2,3462525
C11923-K2,3462833
C11923-K2,3462868
C11923-K2,3462879
C11923-K2,3462912
C11923-K2,3463077
C11923-K2,3463231
C11923-K2,3463267
C11923-K2,3463283
C11923-K2,3463316
C11923-K2,3463352
C11923-K2,3463367
C11923-K2,3463467
C11923-K2,3463523
C11923-K2,3463553
C11923-K2,3463868
C11923-K2,3464008
C11923-K2,3464066
C11923-K2,3464181
C11923-K2,3464193
C11923-K2,3464201
C11923-K2,3464206
C11923-K2,3464221
C11923-K2,3464262
C11923-K2,3464298
C11923-K2,3464302
C11923-K2,3464331
C11923-K2,3464338
C11923-K2,3464339
C11923-K2,3464371
C11923-K2,3464429
C11923-K2,3464437
C11923-K2,3464438
C11923-K2,3464439
C11923-K2,3464475
C11923-K2,3464484
C11923-K2,3464512
C11923-K2,3464566
C11923-K2,3464671
C11923-K2,3464888
C11923-K2,3464914
C11923-K2,3465254
C11923-K2,3465266
C11923-K2,3465379
C11923-K2,3465510
C11923-K2,3465520
C11923-K2,3465521
C11923-K2,3465524
C11923-K2,3465532
C11923-K2,3465781
C11923-K2,3465797
C11923-K2,3466059
C11923-K2,3466081
C11923-K2,3466256
C11923-K2,3466303
C11923-K2,3466466
C11923-K2,3466599
C11923-K2,3466619
C11923-K2,3466649
C11923-K2,3466666
C11923-K2,3466667
C11923-K2,3466675
C11923-K2,3466693
C11923-K2,3466704
C11923-K2,3466721
C11923-K2,3466726
C11923-K2,3466750
C11923-K2,3466791
C11923-K2,3466920
C11923-K2,3467009
C11923-K2,3467109
C11923-K2,3467223
C11923-K2,3467498
C11923-K2,3467660
C11923-K2,3467785
C11923-K2,3467790
C11923-K2,3467907
C11923-K2,3468074
C11923-K2,3468097
C11923-K2,3468142
C11923-K2,3468267
C11923-K2,3468378
C11923-K2,3468392
C11923-K2,3468395
C11923-K2,3468484
C11923-K2,3468658
C11923-K2,3468778
C11923-K2,3468810
C11923-K2,3468826
C11923-K2,3469056
C11923-K2,3469136
C11923-K2,3469217
C11923-K2,3469279
C11923-K2,3469283
C11923-K2,3469420
C11923-K2,3469530
C11923-K2,3469547
C11923-K2,3469597
C11923-K2,3469686
C11923-K2,3469718
C11923-K2,3469775
C11923-K2,3469790
C11923-K2,3469793
C11923-K2,3469843
C11923-K2,3469848
C11923-K2,3469850
C11923-K2,3469856
C11923-K2,3469858
C11923-K2,3469863
C11923-K2,3469867
C11923-K2,3469869
C11923-K2,3469874
C11923-K2,3469883
C11923-K2,3470428
C11923-K2,3470434
C11923-K2,3470504
C11923-K2,3470857
C11923-K2,3470913
C11923-K2,3471021
C11923-K2,3471053
C11923-K2,3471056
C11923-K2,3471057
C11923-K2,3471078
C11923-K2,3471289
C11923-K2,3471471
C11923-K2,3471761
C11923-K2,3471897
C11923-K2,3471982
C11923-K2,3472034
C11923-K2,3472066
C11923-K2,3472150
C11923-K2,3472298
C11923-K2,3472485
C11923-K2,3472959
C11923-K2,3473191
C11923-K2,3473197
C11923-K2,3473205
C11923-K2,3473262
C11923-K2,3473475
C11923-K2,3473483
C11923-K2,3473485
C11923-K2,3473531
C11923-K2,3473572
C11923-K2,3473573
C11923-K2,3473575
C11923-K2,3473577
C11923-K2,3473588
C11923-K2,3473590
C11923-K2,3473623
C11923-K2,3473811
C11923-K2,3473870
C11923-K2,3474049
C11923-K2,3474058
C11923-K2,3474070
C11923-K2,3474081
C11923-K2,3474089
C11923-K2,3474092
C11923-K2,3474110
C11923-K2,3474222
C11923-K2,3474245
C11923-K2,3474306
C11923-K2,3474508
C11923-K2,3474589
C11923-K2,3474600
C11923-K2,3474789
C11923-K2,3474888
C11923-K2,3475002
C11923-K2,3475143
C11923-K2,3475150
C11923-K2,3475205
C11923-K2,3475211
C11923-K2,3475225
C11923-K2,3475237
C11923-K2,3475248
C11923-K2,3475252
C11923-K2,3475290
C11923-K2,3475310
C11923-K2,3475350
C11923-K2,3475842
C11923-K2,3475881
C11923-K2,3476000
C11923-K2,3476135
C11923-K2,3476208
C11923-K2,3476279
C11923-K2,3476480
C11923-K2,3476494
C11923-K2,3476555
C11923-K2,3476711
C11923-K2,3476735
C11923-K2,3476780
C11923-K2,3477063
C11923-K2,3477073
C11923-K2,3477117
C11923-K2,3477127
C11923-K2,3477226
C11923-K2,3477269
C11923-K2,3477283
C11923-K2,3477344
C11923-K2,3477386
C11923-K2,3477426
C11923-K2,3477438
C11923-K2,3477517
C11923-K2,3477580
C11923-K2,3477586
C11923-K2,3477659
C11923-K2,3477695
C11923-K2,3477765
C11923-K2,3477802
C11923-K2,3478163
C11923-K2,3478172
C11923-K2,3478295
C11923-K2,3478478
C11923-K2,3478667
C11923-K2,3478740
C11923-K2,3478780
C11923-K2,3478938
C11923-K2,3478964
C11923-K2,3478977
C11923-K2,3479064
C11923-K2,3479122
C11923-K2,3479329
C11923-K2,3479417
C11923-K2,3479538
C11923-K2,3479568
C11923-K2,3479817
C11923-K2,3479890
C11923-K2,3480117
C11923-K2,3480294
C11923-K2,3480322
C11923-K2,3480324
C11923-K2,3480328
C11923-K2,3480330
C11923-K2,3480867
C11923-K2,3481030
C11923-K2,3481115
C11923-K2,3481408
C11923-K2,3481554
C11923-K2,3481614
C11923-K2,3481730
C11923-K2,3481789
C11923-K2,3482047
C11923-K2,3482062
C11923-K2,3482092
C11923-K2,3482194
C11923-K2,3482283
C11923-K2,3482368
C11923-K2,3482499
C11923-K2,3482574
C11923-K2,3482611
C11923-K2,3482659
C11923-K2,3482666
C11923-K2,3482683
C11923-K2,3482687
C11923-K2,3482719
C11923-K2,3482742
C11923-K2,3482820
C11923-K2,3482867
C11923-K2,3482956
C11923-K2,3483080
C11923-K2,3483515
C11923-K2,3483525
C11923-K2,3483580
C11923-K2,3483843
C11923-K2,3483848
C11923-K2,3483981
C11923-K2,3484092
C11923-K2,3484115
C11923-K2,3484378
C11923-K2,3484429
C11923-K2,3484548
C11923-K2,3484623
C11923-K2,3484661
C11923-K2,3484673
C11923-K2,3484687
C11923-K2,3484713
C11923-K2,3484746
C11923-K2,3484870
C11923-K2,3485090
C11923-K2,3485179
C11923-K2,3485327
C11923-K2,3485360
C11923-K2,3485377
C11923-K2,3485410
C11923-K2,3485489
C11923-K2,3485574
C11923-K2,3485594
C11923-K2,3485596
C11923-K2,3485609
C11923-K2,3485651
C11923-K2,3485664
C11923-K2,3485666
C11923-K2,3485677
C11923-K2,3485727
C11923-K2,3485801
C11923-K2,3485973
C11923-K2,3486009
C11923-K2,3486073
C11923-K2,3486111
C11923-K2,3486132
C11923-K2,3486246
C11923-K2,3486261
C11923-K2,3486315
C11923-K2,3486522
C11923-K2,3486603
C11923-K2,3486620
C11923-K2,3486700
C11923-K2,3486718
C11923-K2,3486803
C11923-K2,3486823
C11923-K2,3486914
C11923-K2,3486954
C11923-K2,3486965
C11923-K2,3487021
C11923-K2,3487112
C11923-K2,3487162
C11923-K2,3487253
C11923-K2,3487337
C11923-K2,3487421
C11923-K2,3487520
C11923-K2,3487555
C11923-K2,3487567
C11923-K2,3487571
C11923-K2,3487585
C11923-K2,3487600
C11923-K2,3487610
C11923-K2,3487833
C11923-K2,3487841
C11923-K2,3487860
C11923-K2,3487984
C11923-K2,3488077
C11923-K2,3488118
C11923-K2,3488132
C11923-K2,3488381
C11923-K2,3488391
C11923-K2,3488698
C11923-K2,3488828
C11923-K2,3488904
C11923-K2,3488992
C11923-K2,3489007
C11923-K2,3489012
C11923-K2,3489134
C11923-K2,3489390
C11923-K2,3489531
C11923-K2,3490330
C11923-K2,3490338
C11923-K2,3490414
C11923-K2,3490771
C11923-K2,3490787
C11923-K2,3490824
C11923-K2,3490885
C11923-K2,3491042
C11923-K2,3491157
C11923-K2,3491454
C11923-K2,3491884
C11923-K2,3492116
C11923-K2,3492219
C11923-K2,3492240
C11923-K2,3492245
C11923-K2,3492248
C11923-K2,3492269
C11923-K2,3492306
C11923-K2,3492310
C11923-K2,3492335
C11923-K2,3492544
C11923-K2,3492559
C11923-K2,3492694
C11923-K2,3492782
C11923-K2,3493006
C11923-K2,3493044
C11923-K2,3493212
C11923-K2,3493279
C11923-K2,3493314
C11923-K2,3493321
C11923-K2,3493403
C11923-K2,3493411
C11923-K2,3493416
C11923-K2,3493418
C11923-K2,3493424
C11923-K2,3493475
C11923-K2,3493489
C11923-K2,3493519
C11923-K2,3493522
C11923-K2,3493544
C11923-K2,3493550
C11923-K2,3493660
C11923-K2,3493682
C11923-K2,3493708
C11923-K2,3493839
C11923-K2,3493891
C11923-K2,3494038
C11923-K2,3494074
C11923-K2,3494140
C11923-K2,3494157
C11923-K2,3494170
C11923-K2,3494202
C11923-K2,3494226
C11923-K2,3494271
C11923-K2,3494372
C11923-K2,3494378
C11923-K2,3494405
C11923-K2,3494409
C11923-K2,3494410
C11923-K2,3494413
C11923-K2,3494455
C11923-K2,3494503
C11923-K2,3494560
C11923-K2,3494567
C11923-K2,3494577
C11923-K2,3494590
C11923-K2,3494597
C11923-K2,3494602
C11923-K2,3494615
C11923-K2,3494642
C11923-K2,3494691
C11923-K2,3494772
C11923-K2,3494835
C11923-K2,3494867
C11923-K2,3494913
C11923-K2,3494914
C11923-K2,3494949
C11923-K2,3494979
C11923-K2,3494986
C11923-K2,3495007
C11923-K2,3495033
C11923-K2,3495053
C11923-K2,3495389
C11923-K2,3495448
C11923-K2,3495460
C11923-K2,3495563
C11923-K2,3495828
C11923-K2,3495863
C11923-K2,3495976
C11923-K2,3496077
C11923-K2,3496085
C11923-K2,3496288
C11923-K2,3496429
C11923-K2,3496461
C11923-K2,3496532
C11923-K2,3496552
C11923-K2,3496579
C11923-K2,3496611
C11923-K2,3496647
C11923-K2,3496681
C11923-K2,3496694
C11923-K2,3496717
C11923-K2,3496718
C11923-K2,3496730
C11923-K2,3496956
C11923-K2,3497029
C11923-K2,3497123
C11923-K2,3497213
C11923-K2,3497262
C11923-K2,3497368
C11923-K2,3497391
C11923-K2,3497452
C11923-K2,3497509
C11923-K2,3497541
C11923-K2,3497544
C11923-K2,3497644
C11923-K2,3497681
C11923-K2,3497696
C11923-K2,3497798
C11923-K2,3497847
C11923-K2,3497883
C11923-K2,3497943
C11923-K2,3498031
C11923-K2,3498043
C11923-K2,3498132
C11923-K2,3498150
C11923-K2,3498213
C11923-K2,3498332
C11923-K2,3498355
C11923-K2,3498429
C11923-K2,3498434
C11923-K2,3498451
C11923-K2,3498690
C11923-K2,3498736
C11923-K2,3498881
C11923-K2,3498907
C11923-K2,3498908
C11923-K2,3498931
C11923-K2,3498966
C11923-K2,3498977
C11923-K2,3498981
C11923-K2,3499033
C11923-K2,3499098
C11923-K2,3499165
C11923-K2,3499223
C11923-K2,3499229
C11923-K2,3499326
C11923-K2,3499349
C11923-K2,3499391
C11923-K2,3499409
C11923-K2,3499499
C11923-K2,3499512
C11923-K2,3499550
C11923-K2,3499569
C11923-K2,3499587
C11923-K2,3500193
C11923-K2,3500203
C11923-K2,3500256
C11923-K2,3500276
C11923-K2,3500405
C11923-K2,3500433
C11923-K2,3500441
C11923-K2,3500452
C11923-K2,3500474
C11923-K2,3500544
C11923-K2,3500569
C11923-K2,3500576
C11923-K2,3500672
C11923-K2,3500708
C11923-K2,3500736
C11923-K2,3500864
C11923-K2,3500865
C11923-K2,3500896
C11923-K2,3500903
C11923-K2,3500991
C11923-K2,3501031
C11923-K2,3501538
C11923-K2,3501659
C11923-K2,3501669
C11923-K2,3501790
C11923-K2,3501807
C11923-K2,3501841
C11923-K2,3501892
C11923-K2,3501896
C11923-K2,3501966
C11923-K2,3501983
C11923-K2,3502003
C11923-K2,3502055
C11923-K2,3502365
C11923-K2,3502509
C11923-K2,3502548
C11923-K2,3502592
C11923-K2,3502612
C11923-K2,3502654
C11923-K2,3502707
C11923-K2,3502719
C11923-K2,3502746
C11923-K2,3502750
C11923-K2,3502768
C11923-K2,3502776
C11923-K2,3502790
C11923-K2,3502802
C11923-K2,3502812
C11923-K2,3502841
C11923-K2,3503421
C11923-K2,3503478
C11923-K2,3503538
C11923-K2,3503608
C11923-K2,3503774
C11923-K2,3503849
C11923-K2,3503949
C11923-K2,3504192
C11923-K2,3504202
C11923-K2,3504212
C11923-K2,3504222
C11923-K2,3504239
C11923-K2,3504245
C11923-K2,3504328
C11923-K2,3504511
C11923-K2,3504570
C11923-K2,3504766
C11923-K2,3504778
C11923-K2,3504847
C11923-K2,3504897
C11923-K2,3504987
C11923-K2,3505036
C11923-K2,3505068
C11923-K2,3505157
C11923-K2,3505250
C11923-K2,3505372
C11923-K2,3505560
C11923-K2,3505606
C11923-K2,3505668
C11923-K2,3505721
C11923-K2,3505734
C11923-K2,3505736
C11923-K2,3505740
C11923-K2,3505744
C11923-K2,3505755
C11923-K2,3505830
C11923-K2,3505844
C11923-K2,3505892
C11923-K2,3505907
C11923-K2,3505918
C11923-K2,3506685
C11923-K2,3506761
C11923-K2,3506763
C11923-K2,3506960
C11923-K2,3507210
C11923-K2,3507312
C11923-K2,3507323
C11923-K2,3507369
C11923-K2,3507397
C11923-K2,3507437
C11923-K2,3507443
C11923-K2,3507456
C11923-K2,3507597
C11923-K2,3507758
C11923-K2,3507832
C11923-K2,3507897
C11923-K2,3507908
C11923-K2,3507980
C11923-K2,3508114
C11923-K2,3508155
C11923-K2,3508207
C11923-K2,3508241
C11923-K2,3508294
C11923-K2,3508409
C11923-K2,3508536
C11923-K2,3508555
C11923-K2,3508558
C11923-K2,3508606
C11923-K2,3508621
C11923-K2,3508636
C11923-K2,3508675
C11923-K2,3508708
C11923-K2,3508815
C11923-K2,3508853
C11923-K2,3508945
C11923-K2,3509083
C11923-K2,3509180
C11923-K2,3509230
C11923-K2,3509233
C11923-K2,3509282
C11923-K2,3509298
C11923-K2,3509422
C11923-K2,3509514
C11923-K2,3509622
C11923-K2,3509742
C11923-K2,3509844
C11923-K2,3510005
C11923-K2,3510190
C11923-K2,3510206
C11923-K2,3510297
C11923-K2,3510344
C11923-K2,3510453
C11923-K2,3510455
C11923-K2,3510532
C11923-K2,3510603
C11923-K2,3510617
C11923-K2,3510914
C11923-K2,3511000
C11923-K2,3511021
C11923-K2,3511094
C11923-K2,3511309
C11923-K2,3511353
C11923-K2,3511554
C11923-K2,3511613
C11923-K2,3511626
C11923-K2,3511631
C11923-K2,3511662
C11923-K2,3511709
C11923-K2,3511742
C11923-K2,3511865
C11923-K2,3511931
C11923-K2,3511968
C11923-K2,3512010
C11923-K2,3512187
C11923-K2,3512256
C11923-K2,3512267
C11923-K2,3512271
C11923-K2,3512275
C11923-K2,3512300
C11923-K2,3512323
C11923-K2,3512365
C11923-K2,3512439
C11923-K2,3512456
C11923-K2,3512560
C11923-K2,3512765
C11923-K2,3512787
C11923-K2,3512919
C11923-K2,3512945
C11923-K2,3512966
C11923-K2,3513308
C11923-K2,3513444
C11923-K2,3513508
C11923-K2,3513522
C11923-K2,3513527
C11923-K2,3513528
C11923-K2,3513542
C11923-K2,3513543
C11923-K2,3513569
C11923-K2,3513593
C11923-K2,3513662
C11923-K2,3513930
C11923-K2,3514309
C11923-K2,3514365
C11923-K2,3514674
C11923-K2,3514876
C11923-K2,3515011
C11923-K2,3515019
C11923-K2,3515024
C11923-K2,3515162
C11923-K2,3515167
C11923-K2,3515188
C11923-K2,3515214
C11923-K2,3515231
C11923-K2,3515258
C11923-K2,3515275
C11923-K2,3515321
C11923-K2,3515338
C11923-K2,3515340
C11923-K2,3515348
C11923-K2,3515352
C11923-K2,3515381
C11923-K2,3515382
C11923-K2,3515386
C11923-K2,3515404
C11923-K2,3515437
C11923-K2,3515438
C11923-K2,3515484
C11923-K2,3515485
C11923-K2,3515789
C11923-K2,3515829
C11923-K2,3515907
C11923-K2,3515994
C11923-K2,3516000
C11923-K2,3516098
C11923-K2,3516192
C11923-K2,3516242
C11923-K2,3516250
C11923-K2,3516273
C11923-K2,3516282
C11923-K2,3516330
C11923-K2,3516496
C11923-K2,3516603
C11923-K2,3516788
C11923-K2,3517109
C11923-K2,3517148
C11923-K2,3517191
C11923-K2,3517196
C11923-K2,3517198
C11923-K2,3517210
C11923-K2,3517219
C11923-K2,3517246
C11923-K2,3517255
C11923-K2,3517262
C11923-K2,3517274
C11923-K2,3517308
C11923-K2,3517346
C11923-K2,3517413
C11923-K2,3517498
C11923-K2,3517514
C11923-K2,3517598
C11923-K2,3517613
C11923-K2,3517645
C11923-K2,3517749
C11923-K2,3517757
C11923-K2,3517836
C11923-K2,3517873
C11923-K2,3517895
C11923-K2,3518133
C11923-K2,3518168
C11923-K2,3518180
C11923-K2,3518233
C11923-K2,3518288
C11923-K2,3518330
C11923-K2,3518341
C11923-K2,3518355
C11923-K2,3518371
C11923-K2,3518531
C11923-K2,3518854
C11923-K2,3518894
C11923-K2,3518943
C11923-K2,3518969
C11923-K2,3518972
C11923-K2,3518977
C11923-K2,3519064
C11923-K2,3519180
C11923-K2,3519193
C11923-K2,3519218
C11923-K2,3519244
C11923-K2,3519264
C11923-K2,3519562
C11923-K2,3519617
C11923-K2,3519921
C11923-K2,3520015
C11923-K2,3520064
C11923-K2,3520136
C11923-K2,3520227
C11923-K2,3520244
C11923-K2,3520346
C11923-K2,3520373
C11923-K2,3520422
C11923-K2,3520462
C11923-K2,3520528
C11923-K2,3521385
C11923-K2,3521393
C11923-K2,3521458
C11923-K2,3521518
C11923-K2,3521661
C11923-K2,3521852
C11923-K2,3521913
C11923-K2,3522382
C11923-K2,3522386
C11923-K2,3522455
C11923-K2,3522498
C11923-K2,3522544
C11923-K2,3522600
C11923-K2,3522627
C11923-K2,3522793
C11923-K2,3522885
C11923-K2,3522940
C11923-K2,3522982
C11923-K2,3523058
C11923-K2,3523106
C11923-K2,3523205
C11923-K2,3523207
C11923-K2,3523287
C11923-K2,3523299
C11923-K2,3523470
C11923-K2,3523500
C11923-K2,3523561
C11923-K2,3523623
C11923-K2,3523665
C11923-K2,3523675
C11923-K2,3523728
C11923-K2,3523827
C11923-K2,3523906
C11923-K2,3523923
C11923-K2,3523931
C11923-K2,3523962
C11923-K2,3524007
C11923-K2,3524011
C11923-K2,3524073
C11923-K2,3524098
C11923-K2,3524105
C11923-K2,3524198
C11923-K2,3524200
C11923-K2,3524213
C11923-K2,3524223
C11923-K2,3524224
C11923-K2,3524238
C11923-K2,3524253
C11923-K2,3524256
C11923-K2,3524260
C11923-K2,3524262
C11923-K2,3524269
C11923-K2,3524270
C11923-K2,3524280
C11923-K2,3524284
C11923-K2,3524286
C11923-K2,3524290
C11923-K2,3524293
C11923-K2,3524295
C11923-K2,3524298
C11923-K2,3524313
C11923-K2,3524321
C11923-K2,3524324
C11923-K2,3524523
C11923-K2,3524823
C11923-K2,3525000
C11923-K2,3525104
C11923-K2,3525162
C11923-K2,3525199
C11923-K2,3525401
C11923-K2,3525452
C11923-K2,3525496
C11923-K2,3525505
C11923-K2,3525521
C11923-K2,3525961
C11923-K2,3526260
C11923-K2,3526332
C11923-K2,3526375
C11923-K2,3526472
C11923-K2,3526494
C11923-K2,3526502
C11923-K2,3526503
C11923-K2,3526515
C11923-K2,3526565
C11923-K2,3526619
C11923-K2,3526622
C11923-K2,3526657
C11923-K2,3526662
C11923-K2,3526693
C11923-K2,3526716
C11923-K2,3526796
C11923-K2,3526801
C11923-K2,3526810
C11923-K2,3526838
C11923-K2,3526841
C11923-K2,3526864
C11923-K2,3526866
C11923-K2,3526878
C11923-K2,3526880
C11923-K2,3526888
C11923-K2,3526890
C11923-K2,3526892
C11923-K2,3526921
C11923-K2,3526924
C11923-K2,3526949
C11923-K2,3526959
C11923-K2,3526976
C11923-K2,3526987
C11923-K2,3527011
C11923-K2,3527018
C11923-K2,3527047
C11923-K2,3527052
C11923-K2,3527054
C11923-K2,3527059
C11923-K2,3527060
C11923-K2,3527062
C11923-K2,3527120
C11923-K2,3527149
C11923-K2,3527154
C11923-K2,3527269
C11923-K2,3527337
C11923-K2,3527402
C11923-K2,3527471
C11923-K2,3527520
C11923-K2,3527603
C11923-K2,3527734
C11923-K2,3527774
C11923-K2,3527985
C11923-K2,3528036
C11923-K2,3528051
C11923-K2,3528052
C11923-K2,3528087
C11923-K2,3528090
C11923-K2,3528094
C11923-K2,3528098
C11923-K2,3528109
C11923-K2,3528116
C11923-K2,3528135
C11923-K2,3528136
C11923-K2,3528204
C11923-K2,3528289
C11923-K2,3528346
C11923-K2,3528455
C11923-K2,3528461
C11923-K2,3528474
C11923-K2,3528503
C11923-K2,3528538
C11923-K2,3528547
C11923-K2,3528557
C11923-K2,3528676
C11923-K2,3528749
C11923-K2,3528774
C11923-K2,3528779
C11923-K2,3528805
C11923-K2,3528807
C11923-K2,3528823
C11923-K2,3528842
C11923-K2,3528894
C11923-K2,3528948
C11923-K2,3528954
C11923-K2,3528955
C11923-K2,3528957
C11923-K2,3528985
C11923-K2,3529015
C11923-K2,3529102
C11923-K2,3529126
C11923-K2,3529213
C11923-K2,3529221
C11923-K2,3529266
C11923-K2,3529290
C11923-K2,3529303
C11923-K2,3529351
C11923-K2,3529381
C11923-K2,3529390
C11923-K2,3529419
C11923-K2,3529436
C11923-K2,3529474
C11923-K2,3529496
C11923-K2,3529511
C11923-K2,3529590
C11923-K2,3529629
C11923-K2,3529639
C11923-K2,3529656
C11923-K2,3529657
C11923-K2,3529658
C11923-K2,3529716
C11923-K2,3529730
C11923-K2,3529734
C11923-K2,3529747
C11923-K2,3529761
C11923-K2,3529779
C11923-K2,3529797
C11923-K2,3529812
C11923-K2,3529819
C11923-K2,3529869
C11923-K2,3529872
C11923-K2,3529878
C11923-K2,3529879
C11923-K2,3529966
C11923-K2,3530030
C11923-K2,3530041
C11923-K2,3530045
C11923-K2,3530081
C11923-K2,3530108
C11923-K2,3530116
C11923-K2,3530692
C11923-K2,3530795
C11923-K2,3530817
C11923-K2,3530886
C11923-K2,3530896
C11923-K2,3530933
C11923-K2,3531004
C11923-K2,3531388
C11923-K2,3531485
C11923-K2,3531488
C11923-K2,3531608
C11923-K2,3531646
C11923-K2,3531654
C11923-K2,3531740
C11923-K2,3531761
C11923-K2,3531763
C11923-K2,3531764
C11923-K2,3531765
C11923-K2,3531837
C11923-K2,3531846
C11923-K2,3531851
C11923-K2,3531852
C11923-K2,3531869
C11923-K2,3531897
C11923-K2,3531953
C11923-K2,3532047
C11923-K2,3532057
C11923-K2,3532136
C11923-K2,3532203
C11923-K2,3532226
C11923-K2,3532281
C11923-K2,3532313
C11923-K2,3532383
C11923-K2,3532388
C11923-K2,3532486
C11923-K2,3532503
C11923-K2,3532512
C11923-K2,3532600
C11923-K2,3532607
C11923-K2,3532610
C11923-K2,3532618
C11923-K2,3532623
C11923-K2,3532637
C11923-K2,3532644
C11923-K2,3532672
C11923-K2,3532687
C11923-K2,3532733
C11923-K2,3532738
C11923-K2,3532744
C11923-K2,3532747
C11923-K2,3532748
C11923-K2,3532794
C11923-K2,3532798
C11923-K2,3532823
C11923-K2,3532834
C11923-K2,3533013
C11923-K2,3533108
C11923-K2,3533176
C11923-K2,3533303
C11923-K2,3533311
C11923-K2,3533372
C11923-K2,3533529
C11923-K2,3533539
C11923-K2,3533675
C11923-K2,3533755
C11923-K2,3533791
C11923-K2,3533797
C11923-K2,3533877
C11923-K2,3533937
C11923-K2,3533989
C11923-K2,3534094
C11923-K2,3534382
C11923-K2,3534425
C11923-K2,3534453
C11923-K2,3534461
C11923-K2,3534526
C11923-K2,3534602
C11923-K2,3534722
C11923-K2,3534730
C11923-K2,3534787
C11923-K2,3534805
C11923-K2,3534996
C11923-K2,3535033
C11923-K2,3535110
C11923-K2,3535133
C11923-K2,3535142
C11923-K2,3535160
C11923-K2,3535217
C11923-K2,3535236
C11923-K2,3535250
C11923-K2,3535271
C11923-K2,3535273
C11923-K2,3535277
C11923-K2,3535279
C11923-K2,3535292
C11923-K2,3535293
C11923-K2,3535294
C11923-K2,3535325
C11923-K2,3535332
C11923-K2,3535335
C11923-K2,3535373
C11923-K2,3535420
C11923-K2,3535501
C11923-K2,3535505
C11923-K2,3535524
C11923-K2,3535526
C11923-K2,3535538
C11923-K2,3535541
C11923-K2,3535544
C11923-K2,3535547
C11923-K2,3535552
C11923-K2,3535559
C11923-K2,3535560
C11923-K2,3535568
C11923-K2,3535569
C11923-K2,3535588
C11923-K2,3535592
C11923-K2,3535594
C11923-K2,3535597
C11923-K2,3535598
C11923-K2,3535620
C11923-K2,3535624
C11923-K2,3535633
C11923-K2,3535661
C11923-K2,3535703
C11923-K2,3535718
C11923-K2,3535725
C11923-K2,3535922
C11923-K2,3535945
C11923-K2,3535949
C11923-K2,3535973
C11923-K2,3536063
C11923-K2,3536123
C11923-K2,3536160
C11923-K2,3536177
C11923-K2,3536184
C11923-K2,3536239
C11923-K2,3536242
C11923-K2,3536309
C11923-K2,3536384
C11923-K2,3536497
C11923-K2,3536544
C11923-K2,3536545
C11923-K2,3536580
C11923-K2,3536717
C11923-K2,3536730
C11923-K2,3536825
C11923-K2,3536854
C11923-K2,3536856
C11923-K2,3536862
C11923-K2,3536885
C11923-K2,3536886
C11923-K2,3536901
C11923-K2,3536911
C11923-K2,3536933
C11923-K2,3536972
C11923-K2,3537129
C11923-K2,3537184
C11923-K2,3537215
C11923-K2,3537347
C11923-K2,3537369
C11923-K2,3537388
C11923-K2,3537411
C11923-K2,3537414
C11923-K2,3537415
C11923-K2,3537431
C11923-K2,3537496
C11923-K2,3537539
C11923-K2,3537565
C11923-K2,3537718
C11923-K2,3537743
C11923-K2,3537876
C11923-K2,3537991
C11923-K2,3537997
C11923-K2,3538007
C11923-K2,3538025
C11923-K2,3538077
C11923-K2,3538148
C11923-K2,3538154
C11923-K2,3538159
C11923-K2,3538182
C11923-K2,3538187
C11923-K2,3538188
C11923-K2,3538320
C11923-K2,3538322
C11923-K2,3538324
C11923-K2,3538337
C11923-K2,3538355
C11923-K2,3538389
C11923-K2,3538457
C11923-K2,3538459
C11923-K2,3538461
C11923-K2,3538530
C11923-K2,3538540
C11923-K2,3538553
C11923-K2,3538765
C11923-K2,3538844
C11923-K2,3539002
C11923-K2,3539040
C11923-K2,3539068
C11923-K2,3539238
C11923-K2,3539256
C11923-K2,3539278
C11923-K2,3539326
C11923-K2,3539419
C11923-K2,3539582
C11923-K2,3539592
C11923-K2,3539733
C11923-K2,3539888
C11923-K2,3540063
C11923-K2,3540170
C11923-K2,3540199
C11923-K2,3540265
C11923-K2,3540393
C11923-K2,3540400
C11923-K2,3540420
C11923-K2,3540477
C11923-K2,3540586
C11923-K2,3540609
C11923-K2,3540713
C11923-K2,3540748
C11923-K2,3540902
C11923-K2,3540934
C11923-K2,3540969
C11923-K2,3540978
C11923-K2,3540997
C11923-K2,3541112
C11923-K2,3541117
C11923-K2,3541194
C11923-K2,3541207
C11923-K2,3541276
C11923-K2,3541286
C11923-K2,3541290
C11923-K2,3541296
C11923-K2,3541302
C11923-K2,3541312
C11923-K2,3541316
C11923-K2,3541317
C11923-K2,3541324
C11923-K2,3541325
C11923-K2,3541327
C11923-K2,3541329
C11923-K2,3541330
C11923-K2,3541341
C11923-K2,3541349
C11923-K2,3541353
C11923-K2,3541363
C11923-K2,3541375
C11923-K2,3541387
C11923-K2,3541389
C11923-K2,3541395
C11923-K2,3541396
C11923-K2,3541399
C11923-K2,3541402
C11923-K2,3541403
C11923-K2,3541425
C11923-K2,3541433
C11923-K2,3541436
C11923-K2,3541437
C11923-K2,3541447
C11923-K2,3541475
C11923-K2,3541537
C11923-K2,3541546
C11923-K2,3541871
C11923-K2,3542079
C11923-K2,3542080
C11923-K2,3542167
C11923-K2,3542286
C11923-K2,3542288
C11923-K2,3542600
C11923-K2,3542831
C11923-K2,3542859
C11923-K2,3542909
C11923-K2,3542932
C11923-K2,3542988
C11923-K2,3543095
C11923-K2,3543400
C11923-K2,3543473
C11923-K2,3543553
C11923-K2,3543569
C11923-K2,3543767
C11923-K2,3543838
C11923-K2,3543916
C11923-K2,3543955
C11923-K2,3544045
C11923-K2,3544118
C11923-K2,3544158
C11923-K2,3544196
C11923-K2,3544243
C11923-K2,3544275
C11923-K2,3544294
C11923-K2,3544301
C11923-K2,3544361
C11923-K2,3544372
C11923-K2,3544381
C11923-K2,3544418
C11923-K2,3544440
C11923-K2,3544444
C11923-K2,3544475
C11923-K2,3544484
C11923-K2,3544489
C11923-K2,3544499
C11923-K2,3544528
C11923-K2,3544540
C11923-K2,3544551
C11923-K2,3544584
C11923-K2,3544627
C11923-K2,3544647
C11923-K2,3544670
C11923-K2,3544731
C11923-K2,3544737
C11923-K2,3544756
C11923-K2,3544759
C11923-K2,3544779
C11923-K2,3544939
C11923-K2,3544958
C11923-K2,3544972
C11923-K2,3544980
C11923-K2,3544988
C11923-K2,3545071
C11923-K2,3545077
C11923-K2,3545129
C11923-K2,3545132
C11923-K2,3545147
C11923-K2,3545168
C11923-K2,3545207
C11923-K2,3545355
C11923-K2,3545514
C11923-K2,3545523
C11923-K2,3545631
C11923-K2,3545705
C11923-K2,3545782
C11923-K2,3545811
C11923-K2,3545865
C11923-K2,3545986
C11923-K2,3545988
C11923-K2,3546002
C11923-K2,3546005
C11923-K2,3546060
C11923-K2,3546072
C11923-K2,3546099
C11923-K2,3546122
C11923-K2,3546196
C11923-K2,3546231
C11923-K2,3546294
C11923-K2,3546298
C11923-K2,3546304
C11923-K2,3546305
C11923-K2,3546308
C11923-K2,3546373
C11923-K2,3546544
C11923-K2,3546555
C11923-K2,3546746
C11923-K2,3546758
C11923-K2,3546763
C11923-K2,3546793
C11923-K2,3546951
C11923-K2,3546952
C11923-K2,3546997
C11923-K2,3547025
C11923-K2,3547076
C11923-K2,3547119
C11923-K2,3547154
C11923-K2,3547195
C11923-K2,3547254
C11923-K2,3547284
C11923-K2,3547352
C11923-K2,3547396
C11923-K2,3547429
C11923-K2,3547430
C11923-K2,3547435
C11923-K2,3547485
C11923-K2,3547488
C11923-K2,3547500
C11923-K2,3547504
C11923-K2,3547523
C11923-K2,3547524
C11923-K2,3547525
C11923-K2,3547526
C11923-K2,3547528
C11923-K2,3547529
C11923-K2,3547560
C11923-K2,3547564
C11923-K2,3547572
C11923-K2,3547602
C11923-K2,3547635
C11923-K2,3547777
C11923-K2,3547797
C11923-K2,3547832
C11923-K2,3547931
C11923-K2,3548017
C11923-K2,3548159
C11923-K2,3548210
C11923-K2,3548274
C11923-K2,3548348
C11923-K2,3548478
C11923-K2,3548508
C11923-K2,3548662
C11923-K2,3548711
C11923-K2,3548726
C11923-K2,3548769
C11923-K2,3549028
C11923-K2,3549060
C11923-K2,3549114
C11923-K2,3549131
C11923-K2,3549252
C11923-K2,3549377
C11923-K2,3549484
C11923-K2,3549510
C11923-K2,3549514
C11923-K2,3549519
C11923-K2,3549542
C11923-K2,3549548
C11923-K2,3549707
C11923-K2,3549736
C11923-K2,3549776
C11923-K2,3549784
C11923-K2,3549815
C11923-K2,3549974
C11923-K2,3549985
C11923-K2,3549990
C11923-K2,3550023
C11923-K2,3550037
C11923-K2,3550042
C11923-K2,3550045
C11923-K2,3550063
C11923-K2,3550064
C11923-K2,3550076
C11923-K2,3550101
C11923-K2,3550110
C11923-K2,3550123
C11923-K2,3550194
C11923-K2,3550214
C11923-K2,3550287
C11923-K2,3550334
C11923-K2,3550345
C11923-K2,3550358
C11923-K2,3550368
C11923-K2,3550406
C11923-K2,3550459
C11923-K2,3550481
C11923-K2,3550493
C11923-K2,3550497
C11923-K2,3550551
C11923-K2,3550761
C11923-K2,3550940
C11923-K2,3550944
C11923-K2,3550962
C11923-K2,3550987
C11923-K2,3551214
C11923-K2,3551215
C11923-K2,3551388
C11923-K2,3551467
C11923-K2,3551486
C11923-K2,3551487
C11923-K2,3552048
C11923-K2,3552060
C11923-K2,3552066
C11923-K2,3552081
C11923-K2,3552121
C11923-K2,3552172
C11923-K2,3552183
C11923-K2,3552326
C11923-K2,3552335
C11923-K2,3552433
C11923-K2,3552443
C11923-K2,3552469
C11923-K2,3552585
C11923-K2,3552589
C11923-K2,3552715
C11923-K2,3552822
C11923-K2,3553214
C11923-K2,3553219
C11923-K2,3553252
C11923-K2,3553265
C11923-K2,3553276
C11923-K2,3553300
C11923-K2,3553357
C11923-K2,3553384
C11923-K2,3553402
C11923-K2,3553406
C11923-K2,3553435
C11923-K2,3553456
C11923-K2,3553462
C11923-K2,3553659
C11923-K2,3553745
C11923-K2,3553765
C11923-K2,3553903
C11923-K2,3553986
C11923-K2,3554076
C11923-K2,3554077
C11923-K2,3554137
C11923-K2,3554194
C11923-K2,3554201
C11923-K2,3554217
C11923-K2,3554222
C11923-K2,3554224
C11923-K2,3554260
C11923-K2,3554276
C11923-K2,3554289
C11923-K2,3554297
C11923-K2,3554300
C11923-K2,3554314
C11923-K2,3554328
C11923-K2,3554334
C11923-K2,3554335
C11923-K2,3554342
C11923-K2,3554368
C11923-K2,3554389
C11923-K2,3554480
C11923-K2,3554499
C11923-K2,3554511
C11923-K2,3554515
C11923-K2,3554519
C11923-K2,3554566
C11923-K2,3554577
C11923-K2,3554666
C11923-K2,3554764
C11923-K2,3554868
C11923-K2,3555124
C11923-K2,3555175
C11923-K2,3555291
C11923-K2,3555329
C11923-K2,3555804
C11923-K2,3555810
C11923-K2,3556023
C11923-K2,3556024
C11923-K2,3556062
C11923-K2,3556102
C11923-K2,3556216
C11923-K2,3556311
C11923-K2,3556353
C11923-K2,3556531
C11923-K2,3556570
C11923-K2,3556797
C11923-K2,3556839
C11923-K2,3556955
C11923-K2,3556997
C11923-K2,3557081
C11923-K2,3557159
C11923-K2,3557241
C11923-K2,3557371
C11923-K2,3557376
C11923-K2,3557461
C11923-K2,3557751
C11923-K2,3557774
C11923-K2,3557800
C11923-K2,3557841
C11923-K2,3557851
C11923-K2,3557879
C11923-K2,3557937
C11923-K2,3557964
C11923-K2,3557980
C11923-K2,3557993
C11923-K2,3558264
C11923-K2,3558265
C11923-K2,3558293
C11923-K2,3558311
C11923-K2,3558507
C11923-K2,3558582
C11923-K2,3558599
C11923-K2,3558623
C11923-K2,3558624
C11923-K2,3558680
C11923-K2,3558721
C11923-K2,3558846
C11923-K2,3558858
C11923-K2,3558878
C11923-K2,3558882
C11923-K2,3558888
C11923-K2,3558892
C11923-K2,3558894
C11923-K2,3558906
C11923-K2,3558918
C11923-K2,3558934
C11923-K2,3558935
C11923-K2,3558947
C11923-K2,3558983
C11923-K2,3558992
C11923-K2,3559003
C11923-K2,3559046
C11923-K2,3559285
C11923-K2,3559535
C11923-K2,3559585
C11923-K2,3559589
C11923-K2,3559607
C11923-K2,3559707
C11923-K2,3559714
C11923-K2,3559744
C11923-K2,3559776
C11923-K2,3559938
C11923-K2,3560017
C11923-K2,3560061
C11923-K2,3560477
C11923-K2,3560575
C11923-K2,3560631
C11923-K2,3560718
C11923-K2,3560762
C11923-K2,3560822
C11923-K2,3560834
C11923-K2,3560841
C11923-K2,3560843
C11923-K2,3560855
C11923-K2,3560894
C11923-K2,3560918
C11923-K2,3560978
C11923-K2,3560993
C11923-K2,3561126
C11923-K2,3561200
C11923-K2,3561395
C11923-K2,3561433
C11923-K2,3561493
C11923-K2,3561510
C11923-K2,3561556
C11923-K2,3561561
C11923-K2,3561570
C11923-K2,3561579
C11923-K2,3561599
C11923-K2,3561605
C11923-K2,3561637
C11923-K2,3561642
C11923-K2,3561651
C11923-K2,3561669
C11923-K2,3561994
C11923-K2,3562109
C11923-K2,3562195
C11923-K2,3562247
C11923-K2,3562297
C11923-K2,3562363
C11923-K2,3562880
C11923-K2,3564014
C11923-K2,3564030
C11923-K2,3564112
C11923-K2,3564334
C11923-K2,3564459
C11923-K2,3565143
C11923-K2,3565151
C11923-K2,3565250
C11923-K2,3565579
C11923-K2,3565743
C11923-K2,3565836
C11923-K2,3565864
C11923-K2,3566191
C11923-K2,3566250
C11923-K2,3566521
C11923-K2,3566530
C11923-K2,3566629
C11923-K2,3566685
C11923-K2,3566694
C11923-K2,3566743
C11923-K2,3566802
C11923-K2,3567058
C11923-K2,3567073
C11923-K2,3567085
C11923-K2,3567121
C11923-K2,3567197
C11923-K2,3567213
C11923-K2,3567231
C11923-K2,3567247
C11923-K2,3567268
C11923-K2,3567310
C11923-K2,3567498
C11923-K2,3567541
C11923-K2,3567545
C11923-K2,3567597
C11923-K2,3567766
C11923-K2,3567795
C11923-K2,3567888
C11923-K2,3567895
C11923-K2,3567902
C11923-K2,3567930
C11923-K2,3567958
C11923-K2,3567959
C11923-K2,3567985
C11923-K2,3568029
C11923-K2,3568034
C11923-K2,3568040
C11923-K2,3568047
C11923-K2,3568050
C11923-K2,3568205
C11923-K2,3568231
C11923-K2,3568327
C11923-K2,3568460
C11923-K2,3568744
C11923-K2,3568745
C11923-K2,3568803
C11923-K2,3568835
C11923-K2,3568874
C11923-K2,3568900
C11923-K2,3568915
C11923-K2,3568927
C11923-K2,3568933
C11923-K2,3568997
C11923-K2,3569002
C11923-K2,3569404
C11923-K2,3569458
C11923-K2,3569469
C11923-K2,3569478
C11923-K2,3569529
C11923-K2,3569581
C11923-K2,3569584
C11923-K2,3569589
C11923-K2,3569650
C11923-K2,3569672
C11923-K2,3569874
C11923-K2,3569899
C11923-K2,3569938
C11923-K2,3570013
C11923-K2,3570132
C11923-K2,3570315
C11923-K2,3570322
C11923-K2,3570341
C11923-K2,3570348
C11923-K2,3570507
C11923-K2,3570509
C11923-K2,3570511
C11923-K2,3570563
C11923-K2,3570568
C11923-K2,3570637
C11923-K2,3570669
C11923-K2,3570695
C11923-K2,3570709
C11923-K2,3570723
C11923-K2,3570834
C11923-K2,3571020
C11923-K2,3571025
C11923-K2,3571074
C11923-K2,3571081
C11923-K2,3571094
C11923-K2,3571099
C11923-K2,3571143
C11923-K2,3571199
C11923-K2,3571233
C11923-K2,3571253
C11923-K2,3571264
C11923-K2,3571286
C11923-K2,3571324
C11923-K2,3571332
C11923-K2,3571355
C11923-K2,3571381
C11923-K2,3571429
C11923-K2,3571454
C11923-K2,3571595
C11923-K2,3571622
C11923-K2,3571662
C11923-K2,3571765
C11923-K2,3571886
C11923-K2,3572042
C11923-K2,3572459
C11923-K2,3572479
C11923-K2,3572742
C11923-K2,3572863
C11923-K2,3572899
C11923-K2,3572914
C11923-K2,3572916
C11923-K2,3572927
C11923-K2,3572930
C11923-K2,3572947
C11923-K2,3572964
C11923-K2,3572967
C11923-K2,3573039
C11923-K2,3573074
C11923-K2,3573099
C11923-K2,3573104
C11923-K2,3573112
C11923-K2,3573162
C11923-K2,3573172
C11923-K2,3573236
C11923-K2,3573254
C11923-K2,3573287
C11923-K2,3573305
C11923-K2,3573340
C11923-K2,3573373
C11923-K2,3573591
C11923-K2,3573712
C11923-K2,3573759
C11923-K2,3573781
C11923-K2,3573813
C11923-K2,3573818
C11923-K2,3573836
C11923-K2,3573843
C11923-K2,3573950
C11923-K2,3574052
C11923-K2,3574073
C11923-K2,3574500
C11923-K2,3574547
C11923-K2,3574659
C11923-K2,3574661
C11923-K2,3574795
C11923-K2,3574859
C11923-K2,3574868
C11923-K2,3574958
C11923-K2,3575098
C11923-K2,3575101
C11923-K2,3575124
C11923-K2,3575214
C11923-K2,3575242
C11923-K2,3575392
C11923-K2,3575394
C11923-K2,3575472
C11923-K2,3575572
C11923-K2,3575703
C11923-K2,3575726
C11923-K2,3575731
C11923-K2,3575752
C11923-K2,3575787
C11923-K2,3575817
C11923-K2,3575821
C11923-K2,3575822
C11923-K2,3575852
C11923-K2,3575853
C11923-K2,3575856
C11923-K2,3575875
C11923-K2,3575879
C11923-K2,3575881
C11923-K2,3575883
C11923-K2,3575884
C11923-K2,3575889
C11923-K2,3575890
C11923-K2,3575926
C11923-K2,3576198
C11923-K2,3576228
C11923-K2,3576269
C11923-K2,3576329
C11923-K2,3576340
C11923-K2,3576468
C11923-K2,3576738
C11923-K2,3576771
C11923-K2,3576872
C11923-K2,3577200
C11923-K2,3577245
C11923-K2,3577287
C11923-K2,3577440
C11923-K2,3577595
C11923-K2,3577647
C11923-K2,3577715
C11923-K2,3578050
C11923-K2,3578107
C11923-K2,3578148
C11923-K2,3578277
C11923-K2,3578340
C11923-K2,3578347
C11923-K2,3578394
C11923-K2,3578405
C11923-K2,3578451
C11923-K2,3578471
C11923-K2,3578475
C11923-K2,3578483
C11923-K2,3578486
C11923-K2,3578491
C11923-K2,3578496
C11923-K2,3578506
C11923-K2,3578817
C11923-K2,3578995
C11923-K2,3578997
C11923-K2,3579400
C11923-K2,3579407
C11923-K2,3579576
C11923-K2,3579597
C11923-K2,3580137
C11923-K2,3580202
C11923-K2,3580219
C11923-K2,3580232
C11923-K2,3580348
C11923-K2,3580380
C11923-K2,3580403
C11923-K2,3580417
C11923-K2,3580427
C11923-K2,3580478
C11923-K2,3580544
C11923-K2,3580712
C11923-K2,3580765
C11923-K2,3580776
C11923-K2,3580815
C11923-K2,3580821
C11923-K2,3580907
C11923-K2,3580933
C11923-K2,3580951
C11923-K2,3580992
C11923-K2,3581048
C11923-K2,3581345
C11923-K2,3582082
C11923-K2,3582107
C11923-K2,3582142
C11923-K2,3582175
C11923-K2,3582178
C11923-K2,3582327
C11923-K2,3582338
C11923-K2,3582375
C11923-K2,3582413
C11923-K2,3582602
C11923-K2,3582624
C11923-K2,3582671
C11923-K2,3582738
C11923-K2,3582868
C11923-K2,3582897
C11923-K2,3583101
C11923-K2,3583140
C11923-K2,3583199
C11923-K2,3583229
C11923-K2,3583348
C11923-K2,3583368
C11923-K2,3583406
C11923-K2,3583411
C11923-K2,3583415
C11923-K2,3583417
C11923-K2,3583435
C11923-K2,3583494
C11923-K2,3583644
C11923-K2,3583670
C11923-K2,3583866
C11923-K2,3583914
C11923-K2,3583968
C11923-K2,3584003
C11923-K2,3584153
C11923-K2,3584155
C11923-K2,3584401
C11923-K2,3584460
C11923-K2,3584516
C11923-K2,3584693
C11923-K2,3584706
C11923-K2,3584859
C11923-K2,3584962
C11923-K2,3584985
C11923-K2,3585055
C11923-K2,3585064
C11923-K2,3585345
C11929-K2,3462778
C11952-K1,3532680
C11965-K1,3513417
C11965-K1,3520356
C11993-K1,3547193
C12028-K1,3535348
C12028-K2,3538344
C12028-K2,3538356
C12028-K2,3538362
C12028-K2,3557527
C12028-K2,3565580
C12086-K1,3574432
C12092-K2,3548413
C12098-K1,3546121
C12136-K2,3452468
C12136-K2,3525109
C12150-K1,3468698
C12166-K2,3445983
C12166-K2,3492637
C12166-K2,3532814
C12211-K1,3440950
C12211-K1,3440987
C12212-K1,3554490
C12265-K1,3322761
C12265-K1,3532036
C12265-K1,3532309
C12265-K2,3013334
C12265-K2,3013528
C12265-K2,3013569
C12265-K2,3013599
C12265-K2,3029405
C12265-K2,3029549
C12265-K2,3031740
C12265-K2,3061338
C12265-K2,3067945
C12265-K2,3071655
C12265-K2,3090666
C12265-K2,3091289
C12265-K2,3095915
C12265-K2,3098904
C12265-K2,3099578
C12265-K2,3106491
C12265-K2,3111766
C12265-K2,3119975
C12265-K2,3144210
C12265-K2,3159395
C12265-K2,3162448
C12265-K2,3182252
C12265-K2,3190062
C12265-K2,3193949
C12265-K2,3194038
C12265-K2,3207933
C12265-K2,3219977
C12265-K2,3220036
C12265-K2,3237603
C12265-K2,3239018
C12265-K2,3254649
C12265-K2,3259414
C12265-K2,3275655
C12265-K2,3275722
C12265-K2,3287641
C12265-K2,3287769
C12265-K2,3292205
C12265-K2,3292782
C12265-K2,3294669
C12265-K2,3298579
C12265-K2,3330922
C12265-K2,3330981
C12265-K2,3331572
C12265-K2,3336034
C12265-K2,3341729
C12265-K2,3357481
C12265-K2,3368200
C12265-K2,3374154
C12265-K2,3378679
C12265-K2,3383236
C12265-K2,3386248
C12265-K2,3391994
C12265-K2,3394481
C12265-K2,3404520
C12265-K2,3405520
C12265-K2,3409428
C12265-K2,3413886
C12265-K2,3414639
C12265-K2,3432378
C12265-K2,3434201
C12265-K2,3434283
C12265-K2,3439235
C12265-K2,3439294
C12265-K2,3439323
C12265-K2,3442965
C12265-K2,3445449
C12265-K2,3448839
C12265-K2,3453461
C12265-K2,3458046
C12265-K2,3467211
C12265-K2,3472874
C12265-K2,3478576
C12265-K2,3481255
C12265-K2,3485208
C12265-K2,3486128
C12265-K2,3486217
C12265-K2,3489373
C12265-K2,3493555
C12265-K2,3497527
C12265-K2,3497540
C12265-K2,3501882
C12265-K2,3501890
C12265-K2,3509359
C12265-K2,3510096
C12265-K2,3510577
C12265-K2,3511725
C12265-K2,3514532
C12265-K2,3517402
C12265-K2,3526519
C12265-K2,3531034
C12265-K2,3538128
C12265-K2,3542867
C12265-K2,3550757
C12265-K2,3553029
C12265-K2,3563068
C12265-K2,3569091
C12265-K2,3570330
C12265-K2,3575963
C12265-K2,3576673
C12265-K2,3579662
C12265-K2,3580186
C12265-K2,3582426
C12265-K2,3582576
C12265-K2,3585701
C12265-K2,3587034
C12265-K2,3587668
C12265-K2,3588085
C12265-K2,3588910
C12265-K2,3590578
C12267-K2,3452077
C12340-K1,3529321
C12382-K1,3014003
C12382-K1,3014441
C12382-K1,3015830
C12382-K1,3016570
C12382-K1,3016589
C12382-K1,3017209
C12382-K1,3019167
C12382-K1,3019235
C12382-K1,3020600
C12382-K1,3022135
C12382-K1,3022218
C12382-K1,3024680
C12382-K1,3026088
C12382-K1,3031939
C12382-K1,3031956
C12382-K1,3032998
C12382-K1,3033741
C12382-K1,3034026
C12382-K1,3035822
C12382-K1,3035829
C12382-K1,3036105
C12382-K1,3037267
C12382-K1,3039694
C12382-K1,3041759
C12382-K1,3041984
C12382-K1,3043424
C12382-K1,3046129
C12382-K1,3046179
C12382-K1,3046278
C12382-K1,3047130
C12382-K1,3047349
C12382-K1,3051334
C12382-K1,3052772
C12382-K1,3055139
C12382-K1,3056469
C12382-K1,3056483
C12382-K1,3069874
C12382-K1,3074257
C12382-K1,3075517
C12382-K1,3077611
C12382-K1,3077889
C12382-K1,3078846
C12382-K1,3085017
C12382-K1,3085461
C12382-K1,3086821
C12382-K1,3087852
C12382-K1,3090135
C12382-K1,3096647
C12382-K1,3097939
C12382-K1,3099139
C12382-K1,3099754
C12382-K1,3113811
C12382-K1,3117666
C12382-K1,3120811
C12382-K1,3122032
C12382-K1,3122213
C12382-K1,3124610
C12382-K1,3127368
C12382-K1,3128080
C12382-K1,3128334
C12382-K1,3128435
C12382-K1,3128583
C12382-K1,3129351
C12382-K1,3132596
C12382-K1,3135668
C12382-K1,3139184
C12382-K1,3140508
C12382-K1,3140726
C12382-K1,3140869
C12382-K1,3141638
C12382-K1,3144058
C12382-K1,3153842
C12382-K1,3154587
C12382-K1,3155866
C12382-K1,3158301
C12382-K1,3158621
C12382-K1,3158624
C12382-K1,3160400
C12382-K1,3162002
C12382-K1,3162538
C12382-K1,3164669
C12382-K1,3165476
C12382-K1,3165721
C12382-K1,3166593
C12382-K1,3168227
C12382-K1,3168719
C12382-K1,3168800
C12382-K1,3172278
C12382-K1,3176684
C12382-K1,3178842
C12382-K1,3179105
C12382-K1,3181436
C12382-K1,3181648
C12382-K1,3182245
C12382-K1,3183342
C12382-K1,3183487
C12382-K1,3183679
C12382-K1,3183697
C12382-K1,3183742
C12382-K1,3183783
C12382-K1,3184342
C12382-K1,3186023
C12382-K1,3186735
C12382-K1,3190367
C12382-K1,3191314
C12382-K1,3191585
C12382-K1,3193989
C12382-K1,3194054
C12382-K1,3197315
C12382-K1,3198586
C12382-K1,3198600
C12382-K1,3198626
C12382-K1,3198671
C12382-K1,3198778
C12382-K1,3199741
C12382-K1,3199803
C12382-K1,3200878
C12382-K1,3200991
C12382-K1,3201038
C12382-K1,3202986
C12382-K1,3202992
C12382-K1,3204238
C12382-K1,3207871
C12382-K1,3208296
C12382-K1,3210617
C12382-K1,3210840
C12382-K1,3211439
C12382-K1,3215113
C12382-K1,3216621
C12382-K1,3217048
C12382-K1,3219270
C12382-K1,3219279
C12382-K1,3219562
C12382-K1,3219660
C12382-K1,3223300
C12382-K1,3223842
C12382-K1,3226855
C12382-K1,3227579
C12382-K1,3230060
C12382-K1,3232378
C12382-K1,3233068
C12382-K1,3235861
C12382-K1,3236177
C12382-K1,3237054
C12382-K1,3237741
C12382-K1,3237848
C12382-K1,3239190
C12382-K1,3240473
C12382-K1,3240602
C12382-K1,3241666
C12382-K1,3243785
C12382-K1,3243796
C12382-K1,3248190
C12382-K1,3249456
C12382-K1,3249545
C12382-K1,3249822
C12382-K1,3250010
C12382-K1,3250469
C12382-K1,3251197
C12382-K1,3253515
C12382-K1,3253524
C12382-K1,3253968
C12382-K1,3255426
C12382-K1,3256699
C12382-K1,3257278
C12382-K1,3262188
C12382-K1,3262195
C12382-K1,3262222
C12382-K1,3263031
C12382-K1,3264015
C12382-K1,3264027
C12382-K1,3264155
C12382-K1,3266306
C12382-K1,3269484
C12382-K1,3271314
C12382-K1,3272124
C12382-K1,3272967
C12382-K1,3274758
C12382-K1,3275900
C12382-K1,3276102
C12382-K1,3276793
C12382-K1,3276903
C12382-K1,3278137
C12382-K1,3280934
C12382-K1,3283776
C12382-K1,3284032
C12382-K1,3284258
C12382-K1,3286888
C12382-K1,3287470
C12382-K1,3288591
C12382-K1,3291385
C12382-K1,3293352
C12382-K1,3295867
C12382-K1,3295899
C12382-K1,3295908
C12382-K1,3295948
C12382-K1,3296303
C12382-K1,3296322
C12382-K1,3296842
C12382-K1,3298368
C12382-K1,3301645
C12382-K1,3304360
C12382-K1,3304428
C12382-K1,3304980
C12382-K1,3305020
C12382-K1,3305663
C12382-K1,3308337
C12382-K1,3309248
C12382-K1,3309258
C12382-K1,3309472
C12382-K1,3309821
C12382-K1,3309874
C12382-K1,3310254
C12382-K1,3310864
C12382-K1,3311758
C12382-K1,3317045
C12382-K1,3320680
C12382-K1,3321023
C12382-K1,3321069
C12382-K1,3323492
C12382-K1,3324555
C12382-K1,3324860
C12382-K1,3324910
C12382-K1,3325150
C12382-K1,3325262
C12382-K1,3325337
C12382-K1,3325504
C12382-K1,3325621
C12382-K1,3326299
C12382-K1,3326311
C12382-K1,3328155
C12382-K1,3328219
C12382-K1,3329148
C12382-K1,3329335
C12382-K1,3329820
C12382-K1,3331347
C12382-K1,3331475
C12382-K1,3332110
C12382-K1,3333791
C12382-K1,3334122
C12382-K1,3334698
C12382-K1,3334729
C12382-K1,3335749
C12382-K1,3336062
C12382-K1,3336941
C12382-K1,3337814
C12382-K1,3337934
C12382-K1,3339835
C12382-K1,3340642
C12382-K1,3343780
C12382-K1,3343865
C12382-K1,3343883
C12382-K1,3349967
C12382-K1,3350472
C12382-K1,3350923
C12382-K1,3351317
C12382-K1,3351356
C12382-K1,3351409
C12382-K1,3352375
C12382-K1,3352412
C12382-K1,3352785
C12382-K1,3354275
C12382-K1,3356278
C12382-K1,3356621
C12382-K1,3357040
C12382-K1,3357255
C12382-K1,3359783
C12382-K1,3360293
C12382-K1,3362034
C12382-K1,3363719
C12382-K1,3366360
C12382-K1,3375187
C12382-K1,3375852
C12382-K1,3376974
C12382-K1,3378921
C12382-K1,3379475
C12382-K1,3381559
C12382-K1,3382338
C12382-K1,3387226
C12382-K1,3387341
C12382-K1,3390379
C12382-K1,3395426
C12382-K1,3395472
C12382-K1,3397884
C12382-K1,3399117
C12382-K1,3400970
C12382-K1,3401696
C12382-K1,3407124
C12382-K1,3410503
C12382-K1,3410938
C12382-K1,3412355
C12382-K1,3417854
C12382-K1,3420007
C12382-K1,3420126
C12382-K1,3420824
C12382-K1,3422408
C12382-K1,3424591
C12382-K1,3425206
C12382-K1,3426751
C12382-K1,3427144
C12382-K1,3429192
C12382-K1,3431339
C12382-K1,3431346
C12382-K1,3432070
C12382-K1,3432505
C12382-K1,3434091
C12382-K1,3435434
C12382-K1,3437712
C12382-K1,3438413
C12382-K1,3441958
C12382-K1,3442247
C12382-K1,3445101
C12382-K1,3452836
C12382-K1,3454579
C12382-K1,3457119
C12382-K1,3458285
C12382-K1,3458299
C12382-K1,3458432
C12382-K1,3458725
C12382-K1,3458996
C12382-K1,3459003
C12382-K1,3459417
C12382-K1,3463605
C12382-K1,3463672
C12382-K1,3463715
C12382-K1,3463927
C12382-K1,3470239
C12382-K1,3471020
C12382-K1,3473639
C12382-K1,3476477
C12382-K1,3478162
C12382-K1,3478347
C12382-K1,3479467
C12382-K1,3479971
C12382-K1,3480604
C12382-K1,3480743
C12382-K1,3481183
C12382-K1,3483760
C12382-K1,3489720
C12382-K1,3490282
C12382-K1,3490434
C12382-K1,3493757
C12382-K1,3495052
C12382-K1,3495176
C12382-K1,3496468
C12382-K1,3498499
C12382-K1,3498731
C12382-K1,3499775
C12382-K1,3500445
C12382-K1,3501011
C12382-K1,3502215
C12382-K1,3510115
C12382-K1,3510225
C12382-K1,3510464
C12382-K1,3510612
C12382-K1,3511596
C12382-K1,3512936
C12382-K1,3513814
C12382-K1,3514030
C12382-K1,3514461
C12382-K1,3515241
C12382-K1,3517969
C12382-K1,3519088
C12382-K1,3519140
C12382-K1,3519301
C12382-K1,3519548
C12382-K1,3520357
C12382-K1,3520612
C12382-K1,3520625
C12382-K1,3521427
C12382-K1,3522046
C12382-K1,3527678
C12382-K1,3531409
C12382-K1,3532615
C12382-K1,3533730
C12382-K1,3534395
C12382-K1,3534399
C12382-K1,3534489
C12382-K1,3534664
C12382-K1,3536154
C12382-K1,3536487
C12382-K1,3538641
C12382-K1,3541730
C12382-K1,3541748
C12382-K1,3541820
C12382-K1,3542040
C12382-K1,3543559
C12382-K1,3551722
C12382-K1,3551729
C12382-K1,3551850
C12382-K1,3551935
C12382-K1,3552006
C12382-K1,3552665
C12382-K1,3553164
C12382-K1,3558322
C12382-K1,3559226
C12382-K1,3559248
C12382-K1,3559258
C12382-K1,3559264
C12382-K1,3559274
C12382-K1,3559278
C12382-K1,3561824
C12382-K1,3563505
C12382-K1,3563578
C12382-K1,3563881
C12382-K1,3565382
C12382-K1,3568960
C12382-K1,3572011
C12382-K1,3574681
C12382-K1,3574695
C12382-K1,3577748
C12382-K1,3577749
C12382-K1,3577784
C12382-K1,3579237
C12382-K1,3581814
C12382-K1,3582069
C12382-K1,3582686
C12382-K1,3585414
C12382-K1,3585417
C12382-K1,3586772
C12382-K1,3587270
C12382-K1,3589921
C12396-K1,3575301
C12585-K1,3534484
C12645-K1,3491111
C12645-K1,3563049
C12657-K1,3543832
C12657-K1,3543833
C12782-K1,3575903
C12796-K1,3468363
C12897-K1,3436085
C12897-K1,3451693
C12897-K1,3456871
C12897-K1,3500844
C12897-K1,3538724
C12961-K2,3503835
C12961-K2,3524326
C12966-K1,3524719
C12966-K1,3539414
C12983-K1,3454590
C12983-K1,3454598
C12983-K1,3454601
C12987-K1,3519950
C12987-K1,3535366
C12993-K1,3447886
C13015-K1,3467932
C13086-K2,3481766
C13147-K1,3520297
C13147-K1,3551550
C13147-K1,3551569
C13147-K1,3551576
C13148-K1,3437871
C13166-K1,3543563
C13171-K1,3308150
C13171-K2,3000061
C13171-K2,3001790
C13171-K2,3003521
C13171-K2,3003881
C13171-K2,3004655
C13171-K2,3004954
C13171-K2,3005005
C13171-K2,3005024
C13171-K2,3005101
C13171-K2,3005123
C13171-K2,3005145
C13171-K2,3005721
C13171-K2,3006222
C13171-K2,3006257
C13171-K2,3006277
C13171-K2,3007447
C13171-K2,3007484
C13171-K2,3007541
C13171-K2,3007627
C13171-K2,3007690
C13171-K2,3007865
C13171-K2,3008727
C13171-K2,3009040
C13171-K2,3009060
C13171-K2,3009364
C13171-K2,3009508
C13171-K2,3009511
C13171-K2,3011856
C13171-K2,3012151
C13171-K2,3012791
C13171-K2,3012922
C13171-K2,3012958
C13171-K2,3014568
C13171-K2,3018737
C13171-K2,3022152
C13171-K2,3022270
C13171-K2,3022783
C13171-K2,3022865
C13171-K2,3023219
C13171-K2,3023541
C13171-K2,3023895
C13171-K2,3024936
C13171-K2,3024961
C13171-K2,3025566
C13171-K2,3025610
C13171-K2,3026870
C13171-K2,3027135
C13171-K2,3031760
C13171-K2,3031872
C13171-K2,3035571
C13171-K2,3035573
C13171-K2,3036093
C13171-K2,3036274
C13171-K2,3036334
C13171-K2,3036339
C13171-K2,3036385
C13171-K2,3037062
C13171-K2,3037483
C13171-K2,3037902
C13171-K2,3038862
C13171-K2,3040017
C13171-K2,3041445
C13171-K2,3041474
C13171-K2,3041597
C13171-K2,3047674
C13171-K2,3047878
C13171-K2,3048671
C13171-K2,3048678
C13171-K2,3048687
C13171-K2,3049398
C13171-K2,3049879
C13171-K2,3050677
C13171-K2,3051937
C13171-K2,3052581
C13171-K2,3052596
C13171-K2,3052801
C13171-K2,3054177
C13171-K2,3054277
C13171-K2,3055344
C13171-K2,3059117
C13171-K2,3059544
C13171-K2,3060576
C13171-K2,3061322
C13171-K2,3061440
C13171-K2,3063174
C13171-K2,3063343
C13171-K2,3063528
C13171-K2,3064120
C13171-K2,3064663
C13171-K2,3064692
C13171-K2,3064761
C13171-K2,3064859
C13171-K2,3064894
C13171-K2,3066495
C13171-K2,3066588
C13171-K2,3066685
C13171-K2,3067027
C13171-K2,3067654
C13171-K2,3067668
C13171-K2,3070232
C13171-K2,3070414
C13171-K2,3070603
C13171-K2,3070766
C13171-K2,3071309
C13171-K2,3071684
C13171-K2,3071891
C13171-K2,3072565
C13171-K2,3072571
C13171-K2,3074837
C13171-K2,3074942
C13171-K2,3076507
C13171-K2,3077441
C13171-K2,3077506
C13171-K2,3077651
C13171-K2,3078908
C13171-K2,3078953
C13171-K2,3079168
C13171-K2,3079292
C13171-K2,3079418
C13171-K2,3080089
C13171-K2,3080235
C13171-K2,3080650
C13171-K2,3081065
C13171-K2,3081145
C13171-K2,3081164
C13171-K2,3081191
C13171-K2,3081252
C13171-K2,3081258
C13171-K2,3081302
C13171-K2,3081517
C13171-K2,3082817
C13171-K2,3084473
C13171-K2,3084923
C13171-K2,3084935
C13171-K2,3084952
C13171-K2,3084977
C13171-K2,3085264
C13171-K2,3085733
C13171-K2,3085759
C13171-K2,3087851
C13171-K2,3089506
C13171-K2,3089588
C13171-K2,3089689
C13171-K2,3089794
C13171-K2,3089871
C13171-K2,3090198
C13171-K2,3090589
C13171-K2,3090715
C13171-K2,3091084
C13171-K2,3092024
C13171-K2,3092667
C13171-K2,3093607
C13171-K2,3095037
C13171-K2,3096296
C13171-K2,3098221
C13171-K2,3102398
C13171-K2,3102411
C13171-K2,3102413
C13171-K2,3102601
C13171-K2,3102733
C13171-K2,3104290
C13171-K2,3105036
C13171-K2,3105060
C13171-K2,3105184
C13171-K2,3105185
C13171-K2,3105221
C13171-K2,3105239
C13171-K2,3105915
C13171-K2,3107251
C13171-K2,3107821
C13171-K2,3108730
C13171-K2,3109157
C13171-K2,3109804
C13171-K2,3110106
C13171-K2,3110763
C13171-K2,3111372
C13171-K2,3111442
C13171-K2,3111538
C13171-K2,3113262
C13171-K2,3114334
C13171-K2,3114392
C13171-K2,3115374
C13171-K2,3116872
C13171-K2,3117607
C13171-K2,3118108
C13171-K2,3119541
C13171-K2,3119710
C13171-K2,3119886
C13171-K2,3121702
C13171-K2,3122774
C13171-K2,3125324
C13171-K2,3127170
C13171-K2,3127874
C13171-K2,3130008
C13171-K2,3132460
C13171-K2,3132723
C13171-K2,3133435
C13171-K2,3133449
C13171-K2,3134122
C13171-K2,3136051
C13171-K2,3136701
C13171-K2,3138395
C13171-K2,3138433
C13171-K2,3138465
C13171-K2,3139067
C13171-K2,3139447
C13171-K2,3141681
C13171-K2,3142854
C13171-K2,3144737
C13171-K2,3149672
C13171-K2,3150502
C13171-K2,3154582
C13171-K2,3155678
C13171-K2,3156117
C13171-K2,3156207
C13171-K2,3156855
C13171-K2,3157631
C13171-K2,3159716
C13171-K2,3159858
C13171-K2,3160796
C13171-K2,3161161
C13171-K2,3161396
C13171-K2,3165986
C13171-K2,3166254
C13171-K2,3167673
C13171-K2,3168426
C13171-K2,3168641
C13171-K2,3169004
C13171-K2,3169541
C13171-K2,3169544
C13171-K2,3169583
C13171-K2,3169954
C13171-K2,3173709
C13171-K2,3173922
C13171-K2,3176952
C13171-K2,3178114
C13171-K2,3179717
C13171-K2,3180292
C13171-K2,3182100
C13171-K2,3182114
C13171-K2,3187431
C13171-K2,3187888
C13171-K2,3187896
C13171-K2,3187958
C13171-K2,3189209
C13171-K2,3189237
C13171-K2,3189628
C13171-K2,3190127
C13171-K2,3190191
C13171-K2,3190392
C13171-K2,3190408
C13171-K2,3190431
C13171-K2,3192703
C13171-K2,3193220
C13171-K2,3193310
C13171-K2,3194351
C13171-K2,3194608
C13171-K2,3194634
C13171-K2,3194953
C13171-K2,3196879
C13171-K2,3197781
C13171-K2,3197906
C13171-K2,3198766
C13171-K2,3199898
C13171-K2,3202032
C13171-K2,3203970
C13171-K2,3205271
C13171-K2,3205834
C13171-K2,3205946
C13171-K2,3206119
C13171-K2,3206171
C13171-K2,3206378
C13171-K2,3207065
C13171-K2,3207176
C13171-K2,3207930
C13171-K2,3208000
C13171-K2,3208167
C13171-K2,3208177
C13171-K2,3209774
C13171-K2,3209967
C13171-K2,3210314
C13171-K2,3210949
C13171-K2,3211765
C13171-K2,3212028
C13171-K2,3212082
C13171-K2,3212243
C13171-K2,3213038
C13171-K2,3214182
C13171-K2,3215392
C13171-K2,3215420
C13171-K2,3216041
C13171-K2,3216051
C13171-K2,3216077
C13171-K2,3217216
C13171-K2,3219866
C13171-K2,3219960
C13171-K2,3220950
C13171-K2,3221038
C13171-K2,3221728
C13171-K2,3221752
C13171-K2,3224259
C13171-K2,3224407
C13171-K2,3224421
C13171-K2,3224644
C13171-K2,3224665
C13171-K2,3224673
C13171-K2,3224679
C13171-K2,3224733
C13171-K2,3224822
C13171-K2,3225102
C13171-K2,3225409
C13171-K2,3226047
C13171-K2,3227344
C13171-K2,3227389
C13171-K2,3227395
C13171-K2,3227468
C13171-K2,3228738
C13171-K2,3228873
C13171-K2,3228910
C13171-K2,3228965
C13171-K2,3229151
C13171-K2,3229170
C13171-K2,3229184
C13171-K2,3229226
C13171-K2,3229229
C13171-K2,3229246
C13171-K2,3229528
C13171-K2,3230484
C13171-K2,3231017
C13171-K2,3231408
C13171-K2,3231424
C13171-K2,3233879
C13171-K2,3234059
C13171-K2,3234250
C13171-K2,3234576
C13171-K2,3234934
C13171-K2,3236165
C13171-K2,3236595
C13171-K2,3238914
C13171-K2,3240329
C13171-K2,3241657
C13171-K2,3241748
C13171-K2,3242786
C13171-K2,3244325
C13171-K2,3246156
C13171-K2,3246532
C13171-K2,3246947
C13171-K2,3248030
C13171-K2,3248043
C13171-K2,3248044
C13171-K2,3248081
C13171-K2,3248086
C13171-K2,3248169
C13171-K2,3249783
C13171-K2,3250785
C13171-K2,3250868
C13171-K2,3251749
C13171-K2,3251816
C13171-K2,3252145
C13171-K2,3252468
C13171-K2,3252809
C13171-K2,3255008
C13171-K2,3255815
C13171-K2,3256480
C13171-K2,3257454
C13171-K2,3258143
C13171-K2,3259412
C13171-K2,3260308
C13171-K2,3261169
C13171-K2,3262531
C13171-K2,3262544
C13171-K2,3262639
C13171-K2,3262649
C13171-K2,3264561
C13171-K2,3265073
C13171-K2,3266538
C13171-K2,3267776
C13171-K2,3268669
C13171-K2,3270122
C13171-K2,3270963
C13171-K2,3271098
C13171-K2,3271888
C13171-K2,3271929
C13171-K2,3272861
C13171-K2,3272907
C13171-K2,3272912
C13171-K2,3273621
C13171-K2,3273862
C13171-K2,3277634
C13171-K2,3279340
C13171-K2,3280741
C13171-K2,3281211
C13171-K2,3281676
C13171-K2,3283227
C13171-K2,3283916
C13171-K2,3284725
C13171-K2,3285904
C13171-K2,3286032
C13171-K2,3286469
C13171-K2,3287949
C13171-K2,3288848
C13171-K2,3288852
C13171-K2,3290715
C13171-K2,3291077
C13171-K2,3292096
C13171-K2,3292373
C13171-K2,3293553
C13171-K2,3293885
C13171-K2,3294390
C13171-K2,3294588
C13171-K2,3295001
C13171-K2,3296105
C13171-K2,3296114
C13171-K2,3297736
C13171-K2,3299418
C13171-K2,3300328
C13171-K2,3300535
C13171-K2,3300838
C13171-K2,3300846
C13171-K2,3300874
C13171-K2,3300877
C13171-K2,3300905
C13171-K2,3301162
C13171-K2,3301489
C13171-K2,3302372
C13171-K2,3303449
C13171-K2,3304595
C13171-K2,3305667
C13171-K2,3305687
C13171-K2,3306437
C13171-K2,3306473
C13171-K2,3306608
C13171-K2,3306629
C13171-K2,3308640
C13171-K2,3308682
C13171-K2,3308898
C13171-K2,3309941
C13171-K2,3309965
C13171-K2,3311784
C13171-K2,3312546
C13171-K2,3315293
C13171-K2,3317162
C13171-K2,3317191
C13171-K2,3318320
C13171-K2,3319143
C13171-K2,3324464
C13171-K2,3325225
C13171-K2,3326262
C13171-K2,3328345
C13171-K2,3330275
C13171-K2,3331564
C13171-K2,3331791
C13171-K2,3332721
C13171-K2,3333701
C13171-K2,3333808
C13171-K2,3333871
C13171-K2,3334144
C13171-K2,3334243
C13171-K2,3334245
C13171-K2,3337712
C13171-K2,3337774
C13171-K2,3338450
C13171-K2,3340411
C13171-K2,3340552
C13171-K2,3341014
C13171-K2,3341357
C13171-K2,3341704
C13171-K2,3342233
C13171-K2,3344324
C13171-K2,3345898
C13171-K2,3346421
C13171-K2,3347689
C13171-K2,3348206
C13171-K2,3348357
C13171-K2,3351981
C13171-K2,3353731
C13171-K2,3354034
C13171-K2,3354795
C13171-K2,3355231
C13171-K2,3355324
C13171-K2,3355343
C13171-K2,3355417
C13171-K2,3355424
C13171-K2,3355525
C13171-K2,3356092
C13171-K2,3356431
C13171-K2,3356637
C13171-K2,3356767
C13171-K2,3358142
C13171-K2,3358320
C13171-K2,3358400
C13171-K2,3358411
C13171-K2,3358785
C13171-K2,3358809
C13171-K2,3359129
C13171-K2,3360061
C13171-K2,3360094
C13171-K2,3360114
C13171-K2,3360170
C13171-K2,3360195
C13171-K2,3361836
C13171-K2,3361971
C13171-K2,3362540
C13171-K2,3362648
C13171-K2,3362752
C13171-K2,3363087
C13171-K2,3363181
C13171-K2,3363297
C13171-K2,3364354
C13171-K2,3365461
C13171-K2,3365800
C13171-K2,3365863
C13171-K2,3365967
C13171-K2,3366004
C13171-K2,3366010
C13171-K2,3366112
C13171-K2,3366217
C13171-K2,3366267
C13171-K2,3366268
C13171-K2,3366481
C13171-K2,3366853
C13171-K2,3366874
C13171-K2,3367372
C13171-K2,3367405
C13171-K2,3367528
C13171-K2,3367740
C13171-K2,3368201
C13171-K2,3368229
C13171-K2,3368301
C13171-K2,3368966
C13171-K2,3369200
C13171-K2,3369821
C13171-K2,3370642
C13171-K2,3371847
C13171-K2,3371888
C13171-K2,3371926
C13171-K2,3372123
C13171-K2,3372124
C13171-K2,3372328
C13171-K2,3373657
C13171-K2,3374329
C13171-K2,3374363
C13171-K2,3375081
C13171-K2,3375082
C13171-K2,3376776
C13171-K2,3377053
C13171-K2,3377695
C13171-K2,3377740
C13171-K2,3377741
C13171-K2,3377742
C13171-K2,3377857
C13171-K2,3379428
C13171-K2,3379482
C13171-K2,3379831
C13171-K2,3380112
C13171-K2,3380529
C13171-K2,3380814
C13171-K2,3380835
C13171-K2,3381192
C13171-K2,3381542
C13171-K2,3381601
C13171-K2,3381827
C13171-K2,3382054
C13171-K2,3382663
C13171-K2,3382843
C13171-K2,3383119
C13171-K2,3383538
C13171-K2,3383619
C13171-K2,3383694
C13171-K2,3383974
C13171-K2,3385162
C13171-K2,3385349
C13171-K2,3386531
C13171-K2,3386862
C13171-K2,3386865
C13171-K2,3386876
C13171-K2,3386877
C13171-K2,3386879
C13171-K2,3387498
C13171-K2,3388289
C13171-K2,3388350
C13171-K2,3388708
C13171-K2,3389167
C13171-K2,3391670
C13171-K2,3392048
C13171-K2,3392140
C13171-K2,3392352
C13171-K2,3392601
C13171-K2,3392637
C13171-K2,3392913
C13171-K2,3393654
C13171-K2,3394504
C13171-K2,3394514
C13171-K2,3394667
C13171-K2,3394744
C13171-K2,3395435
C13171-K2,3395577
C13171-K2,3395731
C13171-K2,3395762
C13171-K2,3395892
C13171-K2,3395897
C13171-K2,3395901
C13171-K2,3395994
C13171-K2,3396013
C13171-K2,3396164
C13171-K2,3396254
C13171-K2,3396618
C13171-K2,3396634
C13171-K2,3396654
C13171-K2,3396910
C13171-K2,3396985
C13171-K2,3397176
C13171-K2,3397184
C13171-K2,3397619
C13171-K2,3397680
C13171-K2,3397709
C13171-K2,3397723
C13171-K2,3397765
C13171-K2,3398020
C13171-K2,3398023
C13171-K2,3398044
C13171-K2,3398646
C13171-K2,3398674
C13171-K2,3398766
C13171-K2,3398925
C13171-K2,3399554
C13171-K2,3399585
C13171-K2,3399961
C13171-K2,3400243
C13171-K2,3401492
C13171-K2,3401981
C13171-K2,3402007
C13171-K2,3402008
C13171-K2,3402217
C13171-K2,3402241
C13171-K2,3402416
C13171-K2,3403723
C13171-K2,3403917
C13171-K2,3404009
C13171-K2,3404121
C13171-K2,3404811
C13171-K2,3406411
C13171-K2,3406524
C13171-K2,3406937
C13171-K2,3406940
C13171-K2,3406957
C13171-K2,3407275
C13171-K2,3407387
C13171-K2,3407536
C13171-K2,3407812
C13171-K2,3409067
C13171-K2,3409207
C13171-K2,3409804
C13171-K2,3411399
C13171-K2,3411402
C13171-K2,3411416
C13171-K2,3413894
C13171-K2,3414326
C13171-K2,3414617
C13171-K2,3415419
C13171-K2,3415529
C13171-K2,3417111
C13171-K2,3418119
C13171-K2,3418135
C13171-K2,3418547
C13171-K2,3419182
C13171-K2,3421195
C13171-K2,3421471
C13171-K2,3423955
C13171-K2,3424866
C13171-K2,3425112
C13171-K2,3425891
C13171-K2,3425949
C13171-K2,3426932
C13171-K2,3427459
C13171-K2,3428033
C13171-K2,3428162
C13171-K2,3429039
C13171-K2,3429658
C13171-K2,3429679
C13171-K2,3430375
C13171-K2,3430448
C13171-K2,3430457
C13171-K2,3430528
C13171-K2,3430962
C13171-K2,3431350
C13171-K2,3432317
C13171-K2,3432732
C13171-K2,3434908
C13171-K2,3434940
C13171-K2,3435577
C13171-K2,3436419
C13171-K2,3436891
C13171-K2,3437418
C13171-K2,3437567
C13171-K2,3440417
C13171-K2,3440432
C13171-K2,3440453
C13171-K2,3441783
C13171-K2,3442871
C13171-K2,3443910
C13171-K2,3446368
C13171-K2,3446406
C13171-K2,3446900
C13171-K2,3447728
C13171-K2,3447742
C13171-K2,3447765
C13171-K2,3447894
C13171-K2,3447982
C13171-K2,3448103
C13171-K2,3448355
C13171-K2,3448593
C13171-K2,3449624
C13171-K2,3449630
C13171-K2,3449699
C13171-K2,3449706
C13171-K2,3449711
C13171-K2,3450206
C13171-K2,3450211
C13171-K2,3450264
C13171-K2,3451069
C13171-K2,3451896
C13171-K2,3452180
C13171-K2,3453092
C13171-K2,3453433
C13171-K2,3453607
C13171-K2,3453860
C13171-K2,3454086
C13171-K2,3455171
C13171-K2,3455618
C13171-K2,3455809
C13171-K2,3455854
C13171-K2,3456520
C13171-K2,3457431
C13171-K2,3458124
C13171-K2,3458945
C13171-K2,3460122
C13171-K2,3461511
C13171-K2,3461532
C13171-K2,3463743
C13171-K2,3464401
C13171-K2,3464409
C13171-K2,3465815
C13171-K2,3465927
C13171-K2,3466315
C13171-K2,3466600
C13171-K2,3466641
C13171-K2,3467019
C13171-K2,3467894
C13171-K2,3468137
C13171-K2,3469771
C13171-K2,3469792
C13171-K2,3469844
C13171-K2,3469864
C13171-K2,3469951
C13171-K2,3470892
C13171-K2,3470920
C13171-K2,3470937
C13171-K2,3470950
C13171-K2,3470966
C13171-K2,3472086
C13171-K2,3474053
C13171-K2,3474560
C13171-K2,3476382
C13171-K2,3476932
C13171-K2,3479379
C13171-K2,3480060
C13171-K2,3480066
C13171-K2,3481354
C13171-K2,3482159
C13171-K2,3484074
C13171-K2,3485446
C13171-K2,3487257
C13171-K2,3487843
C13171-K2,3488106
C13171-K2,3488287
C13171-K2,3489981
C13171-K2,3490919
C13171-K2,3494283
C13171-K2,3495770
C13171-K2,3495859
C13171-K2,3496190
C13171-K2,3496446
C13171-K2,3496473
C13171-K2,3497740
C13171-K2,3498196
C13171-K2,3498204
C13171-K2,3498266
C13171-K2,3499218
C13171-K2,3500631
C13171-K2,3500670
C13171-K2,3500788
C13171-K2,3500934
C13171-K2,3501981
C13171-K2,3502073
C13171-K2,3502213
C13171-K2,3502698
C13171-K2,3502702
C13171-K2,3502824
C13171-K2,3503623
C13171-K2,3504295
C13171-K2,3505044
C13171-K2,3505303
C13171-K2,3505361
C13171-K2,3505872
C13171-K2,3505894
C13171-K2,3506603
C13171-K2,3507486
C13171-K2,3507487
C13171-K2,3508039
C13171-K2,3508141
C13171-K2,3508802
C13171-K2,3511122
C13171-K2,3511669
C13171-K2,3511749
C13171-K2,3513650
C13171-K2,3515140
C13171-K2,3515509
C13171-K2,3516324
C13171-K2,3518015
C13171-K2,3518238
C13171-K2,3518407
C13171-K2,3519654
C13171-K2,3519763
C13171-K2,3520177
C13171-K2,3520460
C13171-K2,3522566
C13171-K2,3523471
C13171-K2,3523491
C13171-K2,3523501
C13171-K2,3523589
C13171-K2,3523729
C13171-K2,3524077
C13171-K2,3525696
C13171-K2,3526177
C13171-K2,3527049
C13171-K2,3527965
C13171-K2,3528066
C13171-K2,3528107
C13171-K2,3528163
C13171-K2,3528280
C13171-K2,3528405
C13171-K2,3528478
C13171-K2,3528489
C13171-K2,3528782
C13171-K2,3530782
C13171-K2,3531570
C13171-K2,3533520
C13171-K2,3534446
C13171-K2,3535310
C13171-K2,3535841
C13171-K2,3536767
C13171-K2,3538101
C13171-K2,3538495
C13171-K2,3538503
C13171-K2,3538572
C13171-K2,3539878
C13171-K2,3541046
C13171-K2,3542955
C13171-K2,3542976
C13171-K2,3543433
C13171-K2,3543684
C13171-K2,3543971
C13171-K2,3544107
C13171-K2,3544198
C13171-K2,3544360
C13171-K2,3544498
C13171-K2,3544558
C13171-K2,3545224
C13171-K2,3545294
C13171-K2,3546182
C13171-K2,3546489
C13171-K2,3546510
C13171-K2,3546557
C13171-K2,3546564
C13171-K2,3547131
C13171-K2,3547141
C13171-K2,3547951
C13171-K2,3547954
C13171-K2,3548923
C13171-K2,3549071
C13171-K2,3549639
C13171-K2,3550022
C13171-K2,3550100
C13171-K2,3551233
C13171-K2,3551412
C13171-K2,3553223
C13171-K2,3553269
C13171-K2,3553275
C13171-K2,3553281
C13171-K2,3554288
C13171-K2,3554589
C13171-K2,3554683
C13171-K2,3555638
C13171-K2,3555768
C13171-K2,3556719
C13171-K2,3557118
C13171-K2,3557979
C13171-K2,3557987
C13171-K2,3558054
C13171-K2,3558907
C13171-K2,3561532
C13171-K2,3561904
C13171-K2,3566341
C13171-K2,3567931
C13171-K2,3569412
C13171-K2,3569527
C13171-K2,3569548
C13171-K2,3569626
C13171-K2,3570634
C13171-K2,3570646
C13171-K2,3572618
C13171-K2,3574068
C13171-K2,3574416
C13171-K2,3574665
C13171-K2,3574877
C13171-K2,3574884
C13171-K2,3576194
C13171-K2,3577591
C13171-K2,3577776
C13171-K2,3578303
C13171-K2,3579480
C13171-K2,3579646
C13171-K2,3579666
C13171-K2,3579691
C13171-K2,3580083
C13171-K2,3584321
C13180-K1,3464810
C13260-K1,3462688
C13291-K1,3471032
C13291-K1,3484139
C13291-K1,3486552
C13328-K1,3463595
C13328-K1,3465689
C13328-K1,3528677
C13349-K2,3540047
C13407-K1,3525271
C13407-K1,3532552
C13407-K1,3542879
C13407-K1,3542925
C13407-K1,3554580
C13440-K2,3441802
C13447-K1,3538382
C13447-K1,3541486
C13447-K1,3542239
C13487-K1,3008103
C13487-K1,3033906
C13487-K1,3048762
C13487-K1,3056677
C13487-K1,3060144
C13487-K1,3064061
C13487-K1,3069675
C13487-K1,3089291
C13487-K1,3101009
C13487-K1,3107704
C13487-K1,3124990
C13487-K1,3132954
C13487-K1,3138748
C13487-K1,3138777
C13487-K1,3145429
C13487-K1,3156179
C13487-K1,3160002
C13487-K1,3162164
C13487-K1,3166466
C13487-K1,3166518
C13487-K1,3166525
C13487-K1,3170774
C13487-K1,3179654
C13487-K1,3182101
C13487-K1,3197482
C13487-K1,3197562
C13487-K1,3202624
C13487-K1,3219583
C13487-K1,3221711
C13487-K1,3228563
C13487-K1,3232776
C13487-K1,3237296
C13487-K1,3244477
C13487-K1,3245742
C13487-K1,3258184
C13487-K1,3266679
C13487-K1,3275104
C13487-K1,3284106
C13487-K1,3289729
C13487-K1,3302405
C13487-K1,3307773
C13487-K1,3307780
C13487-K1,3307900
C13487-K1,3323111
C13487-K1,3326424
C13487-K1,3330877
C13487-K1,3331272
C13487-K1,3331302
C13487-K1,3349012
C13487-K1,3353237
C13487-K1,3358389
C13487-K1,3361184
C13487-K1,3364272
C13487-K1,3373830
C13487-K1,3378558
C13487-K1,3385224
C13487-K1,3391017
C13487-K1,3402749
C13487-K1,3403715
C13487-K1,3412468
C13487-K1,3421895
C13487-K1,3432321
C13487-K1,3438604
C13487-K1,3443869
C13487-K1,3448940
C13487-K1,3457509
C13487-K1,3458103
C13487-K1,3458865
C13487-K1,3460634
C13487-K1,3462636
C13487-K1,3477218
C13487-K1,3478561
C13487-K1,3478886
C13487-K1,3489320
C13487-K1,3495787
C13487-K1,3497594
C13487-K1,3506459
C13487-K1,3510711
C13487-K1,3517247
C13487-K1,3524718
C13487-K1,3536091
C13487-K1,3537024
C13487-K1,3551004
C13487-K1,3558767
C13487-K1,3578937
C13507-K1,3539348
