id,pattern,outcome,exposure_usd
CC-0001,card_not_present_fraud,confirmed_fraud,155.43
CC-0002,out_of_region_use,confirmed_fraud,117.05
CC-0003,none,cleared,0.0
CC-0004,out_of_region_use,confirmed_fraud,857.92
CC-0005,out_of_region_use,confirmed_fraud,39.92
CC-0006,out_of_region_use,confirmed_fraud,265.07
CC-0007,card_not_present_fraud,confirmed_fraud,99.91
CC-0008,account_takeover,confirmed_fraud,49.04
CC-0009,none,cleared,0.0
CC-0010,none,cleared,0.0
CC-0011,card_not_present_new_device,confirmed_fraud,149.95
CC-0012,card_not_present_fraud,confirmed_fraud,123.52
CC-0013,account_takeover,confirmed_fraud,261.95
CC-0014,card_not_present_fraud,confirmed_fraud,75.15
CC-0015,none,cleared,0.0
CC-0016,out_of_region_use,confirmed_fraud,68.46
CC-0017,none,cleared,0.0
CC-0018,card_not_present_new_device,confirmed_fraud,150.07
CC-0019,card_not_present_new_device,confirmed_fraud,225.09
CC-0020,account_takeover,confirmed_fraud,433.91
CC-0021,none,cleared,0.0
CC-0022,card_not_present_fraud,confirmed_fraud,100.04
CC-0023,none,cleared,0.0
CC-0024,account_takeover,confirmed_fraud,1894.06
CC-0025,account_takeover,confirmed_fraud,100.0
CC-0026,none,cleared,0.0
CC-0027,account_takeover,confirmed_fraud,59.06
CC-0028,card_not_present_fraud,confirmed_fraud,250.04
CC-0029,card_not_present_new_device,confirmed_fraud,600.08
CC-0030,out_of_region_use,confirmed_fraud,59.01
CC-0031,card_not_present_new_device,confirmed_fraud,20.36
CC-0032,none,cleared,0.0
CC-0033,account_takeover,confirmed_fraud,374.83
CC-0034,none,cleared,0.0
CC-0035,card_not_present_fraud,confirmed_fraud,150.05
CC-0036,account_takeover,confirmed_fraud,137.01
CC-0037,none,cleared,0.0
CC-0038,none,cleared,0.0
CC-0039,account_takeover,confirmed_fraud,170.93
CC-0040,none,cleared,0.0
CC-0041,out_of_region_use,confirmed_fraud,75.03
CC-0042,none,cleared,0.0
CC-0043,out_of_region_use,confirmed_fraud,87.01
CC-0044,out_of_region_use,confirmed_fraud,13.33
CC-0045,out_of_region_use,confirmed_fraud,1282.82
CC-0046,card_not_present_new_device,confirmed_fraud,10.04
CC-0047,card_not_present_fraud,confirmed_fraud,50.05
CC-0048,card_not_present_fraud,confirmed_fraud,149.96
CC-0049,card_not_present_fraud,confirmed_fraud,399.95
CC-0050,out_of_region_use,confirmed_fraud,48.01
CC-0051,account_takeover,confirmed_fraud,177.02
CC-0052,card_not_present_fraud,confirmed_fraud,52.36
CC-0053,out_of_region_use,confirmed_fraud,774.08
CC-0054,card_not_present_fraud,confirmed_fraud,60.71
CC-0055,card_not_present_fraud,confirmed_fraud,83.69
CC-0056,card_not_present_new_device,confirmed_fraud,40.21
CC-0057,account_takeover,confirmed_fraud,108.42
CC-0058,none,cleared,0.0
CC-0059,card_not_present_new_device,confirmed_fraud,185.01
CC-0060,card_not_present_fraud,confirmed_fraud,899.98
CC-0061,none,cleared,0.0
CC-0062,out_of_region_use,confirmed_fraud,526.98
CC-0063,account_takeover,confirmed_fraud,2659.62
CC-0064,card_not_present_fraud,confirmed_fraud,450.1
CC-0065,none,cleared,0.0
CC-0066,none,cleared,0.0
CC-0067,card_not_present_fraud,confirmed_fraud,111.36
CC-0068,none,cleared,0.0
CC-0069,none,cleared,0.0
CC-0070,account_takeover,confirmed_fraud,334.94
CC-0071,card_not_present_new_device,confirmed_fraud,47.19
CC-0072,out_of_region_use,confirmed_fraud,150.0
CC-0073,card_not_present_new_device,confirmed_fraud,60.78
CC-0074,account_takeover,confirmed_fraud,31.92
CC-0075,card_not_present_fraud,confirmed_fraud,100.07
CC-0076,card_not_present_new_device,confirmed_fraud,299.85
CC-0077,none,cleared,0.0
CC-0078,card_not_present_new_device,confirmed_fraud,131.31
CC-0079,account_takeover,confirmed_fraud,188.62
CC-0080,card_not_present_fraud,confirmed_fraud,29.92
CC-0081,card_not_present_fraud,confirmed_fraud,78.86
CC-0082,none,cleared,0.0
CC-0083,none,cleared,0.0
CC-0084,account_takeover,confirmed_fraud,497.99
CC-0085,account_takeover,confirmed_fraud,298.03
CC-0086,card_not_present_fraud,confirmed_fraud,83.81
CC-0087,out_of_region_use,confirmed_fraud,399.92
CC-0088,none,cleared,0.0
CC-0089,card_not_present_fraud,confirmed_fraud,251.25
CC-0090,out_of_region_use,confirmed_fraud,770.29
CC-0091,none,cleared,0.0
CC-0092,account_takeover,confirmed_fraud,53.93
CC-0093,account_takeover,confirmed_fraud,94.98
CC-0094,card_not_present_fraud,confirmed_fraud,37.22
CC-0095,out_of_region_use,confirmed_fraud,447.09
CC-0096,none,cleared,0.0
CC-0097,card_not_present_fraud,confirmed_fraud,51.29
CC-0098,none,cleared,0.0
CC-0099,none,cleared,0.0
CC-0100,out_of_region_use,confirmed_fraud,195.92
CC-0101,card_not_present_fraud,confirmed_fraud,150.06
CC-0102,account_takeover,confirmed_fraud,63.95
CC-0103,account_takeover,confirmed_fraud,49.97
CC-0104,out_of_region_use,confirmed_fraud,92.02
CC-0105,card_not_present_fraud,confirmed_fraud,199.95
CC-0106,out_of_region_use,confirmed_fraud,240.05
CC-0107,out_of_region_use,confirmed_fraud,49.88
CC-0108,out_of_region_use,confirmed_fraud,116.92
CC-0109,account_takeover,confirmed_fraud,300.11
CC-0110,card_not_present_new_device,confirmed_fraud,83.79
CC-0111,none,cleared,0.0
CC-0112,out_of_region_use,confirmed_fraud,102.08
CC-0113,account_takeover,confirmed_fraud,812.89
CC-0114,account_takeover,confirmed_fraud,270.86
CC-0115,out_of_region_use,confirmed_fraud,110.0
CC-0116,none,cleared,0.0
CC-0117,card_not_present_new_device,confirmed_fraud,100.06
CC-0118,account_takeover,confirmed_fraud,3205.87
CC-0119,card_not_present_fraud,confirmed_fraud,100.06
CC-0120,none,cleared,0.0
CC-0121,account_takeover,confirmed_fraud,1551.06
CC-0122,card_not_present_new_device,confirmed_fraud,1656.0
CC-0123,card_not_present_new_device,confirmed_fraud,200.02
CC-0124,out_of_region_use,confirmed_fraud,1256.51
CC-0125,none,cleared,0.0
CC-0126,account_takeover,confirmed_fraud,54.1
CC-0127,card_not_present_fraud,confirmed_fraud,500.07
CC-0128,account_takeover,confirmed_fraud,924.78
CC-0129,out_of_region_use,confirmed_fraud,58.91
CC-0130,none,cleared,0.0
CC-0131,account_takeover,confirmed_fraud,87.02
CC-0132,out_of_region_use,confirmed_fraud,171.93
CC-0133,account_takeover,confirmed_fraud,557.41
CC-0134,account_takeover,confirmed_fraud,107.98
CC-0135,card_not_present_new_device,confirmed_fraud,428.65
CC-0136,account_takeover,confirmed_fraud,345.86
CC-0137,card_testing,confirmed_fraud,402.43
CC-0138,none,cleared,0.0
CC-0139,card_not_present_fraud,confirmed_fraud,199.93
CC-0140,out_of_region_use,confirmed_fraud,29.05
CC-0141,out_of_region_use,confirmed_fraud,1725.82
CC-0142,card_not_present_fraud,confirmed_fraud,134.93
CC-0143,out_of_region_use,confirmed_fraud,158.98
CC-0144,out_of_region_use,confirmed_fraud,311.98
CC-0145,account_takeover,confirmed_fraud,853.12
CC-0146,card_not_present_fraud,confirmed_fraud,299.93
CC-0147,account_takeover,confirmed_fraud,497.15
CC-0148,account_takeover,confirmed_fraud,335.02
CC-0149,none,cleared,0.0
CC-0150,out_of_region_use,confirmed_fraud,24.98
CC-0151,card_not_present_fraud,confirmed_fraud,1300.37
CC-0152,account_takeover,confirmed_fraud,308.67
CC-0153,account_takeover,confirmed_fraud,10081.08
CC-0154,card_not_present_fraud,confirmed_fraud,15.06
CC-0155,card_not_present_fraud,confirmed_fraud,60.67
CC-0156,out_of_region_use,confirmed_fraud,444.99
CC-0157,account_takeover,confirmed_fraud,33.91
CC-0158,account_takeover,confirmed_fraud,170.99
CC-0159,account_takeover,confirmed_fraud,50.03
CC-0160,account_takeover,confirmed_fraud,226.03
CC-0161,card_not_present_fraud,confirmed_fraud,300.06
CC-0162,card_not_present_new_device,confirmed_fraud,40.0
CC-0163,account_takeover,confirmed_fraud,140.91
CC-0164,card_not_present_fraud,confirmed_fraud,200.07
CC-0165,none,cleared,0.0
CC-0166,card_not_present_new_device,confirmed_fraud,199.97
CC-0167,card_not_present_new_device,confirmed_fraud,325.04
CC-0168,account_takeover,confirmed_fraud,47.86
CC-0169,card_not_present_fraud,confirmed_fraud,85.52
CC-0170,none,cleared,0.0
CC-0171,out_of_region_use,confirmed_fraud,110.0
CC-0172,account_takeover,confirmed_fraud,88.94
CC-0173,card_not_present_fraud,confirmed_fraud,49.56
CC-0174,out_of_region_use,confirmed_fraud,117.03
CC-0175,none,cleared,0.0
CC-0176,out_of_region_use,confirmed_fraud,1046.09
CC-0177,account_takeover,confirmed_fraud,263.7
CC-0178,card_not_present_new_device,confirmed_fraud,90.87
CC-0179,account_takeover,confirmed_fraud,91.97
CC-0180,none,cleared,0.0
CC-0181,account_takeover,confirmed_fraud,100.06
CC-0182,none,cleared,0.0
CC-0183,card_not_present_new_device,confirmed_fraud,75.04
CC-0184,out_of_region_use,confirmed_fraud,711.97
CC-0185,card_not_present_fraud,confirmed_fraud,47.81
CC-0186,out_of_region_use,confirmed_fraud,1186.96
CC-0187,out_of_region_use,confirmed_fraud,260.01
CC-0188,out_of_region_use,confirmed_fraud,557.61
CC-0189,none,cleared,0.0
CC-0190,card_not_present_fraud,confirmed_fraud,123.47
CC-0191,account_takeover,confirmed_fraud,48.92
CC-0192,out_of_region_use,confirmed_fraud,1442.99
CC-0193,account_takeover,confirmed_fraud,474.93
CC-0194,account_takeover,confirmed_fraud,161.09
CC-0195,card_not_present_fraud,confirmed_fraud,64.65
CC-0196,none,cleared,0.0
CC-0197,card_not_present_fraud,confirmed_fraud,50.15
CC-0198,none,cleared,0.0
CC-0199,card_not_present_fraud,confirmed_fraud,194.88
CC-0200,account_takeover,confirmed_fraud,879.97
CC-0201,out_of_region_use,confirmed_fraud,220.01
CC-0202,card_not_present_new_device,confirmed_fraud,299.91
CC-0203,out_of_region_use,confirmed_fraud,739.9
CC-0204,card_not_present_fraud,confirmed_fraud,78.84
CC-0205,out_of_region_use,confirmed_fraud,39.41
CC-0206,card_not_present_fraud,confirmed_fraud,64.74
CC-0207,account_takeover,confirmed_fraud,226.04
CC-0208,none,cleared,0.0
CC-0209,out_of_region_use,confirmed_fraud,267.02
CC-0210,none,cleared,0.0
CC-0211,card_not_present_fraud,confirmed_fraud,160.7
CC-0212,account_takeover,confirmed_fraud,60.0
CC-0213,card_not_present_fraud,confirmed_fraud,110.02
CC-0214,out_of_region_use,confirmed_fraud,280.0
CC-0215,out_of_region_use,confirmed_fraud,220.93
CC-0216,account_takeover,confirmed_fraud,335.05
CC-0217,out_of_region_use,confirmed_fraud,334.99
CC-0218,card_not_present_fraud,confirmed_fraud,100.06
CC-0219,none,cleared,0.0
CC-0220,account_takeover,confirmed_fraud,53.0
CC-0221,out_of_region_use,confirmed_fraud,335.01
CC-0222,none,cleared,0.0
CC-0223,card_not_present_new_device,confirmed_fraud,160.3
CC-0224,none,cleared,0.0
CC-0225,out_of_region_use,confirmed_fraud,57.97
CC-0226,out_of_region_use,confirmed_fraud,777.97
CC-0227,card_not_present_fraud,confirmed_fraud,78.86
CC-0228,card_not_present_new_device,confirmed_fraud,443.48
CC-0229,none,cleared,0.0
CC-0230,card_not_present_new_device,confirmed_fraud,307.24
CC-0231,out_of_region_use,confirmed_fraud,58.94
CC-0232,card_not_present_new_device,confirmed_fraud,1000.04
CC-0233,card_not_present_new_device,confirmed_fraud,14.92
CC-0234,none,cleared,0.0
CC-0235,account_takeover,confirmed_fraud,65.89
CC-0236,out_of_region_use,confirmed_fraud,135.98
CC-0237,account_takeover,confirmed_fraud,288.04
CC-0238,card_not_present_new_device,confirmed_fraud,617.74
CC-0239,none,cleared,0.0
CC-0240,card_not_present_fraud,confirmed_fraud,72.16
CC-0241,card_not_present_new_device,confirmed_fraud,99.98
CC-0242,out_of_region_use,confirmed_fraud,225.93
CC-0243,out_of_region_use,confirmed_fraud,140.15
CC-0244,account_takeover,confirmed_fraud,729.95
CC-0245,card_not_present_new_device,confirmed_fraud,50.04
CC-0246,account_takeover,confirmed_fraud,981.93
CC-0247,card_not_present_fraud,confirmed_fraud,78.86
CC-0248,none,cleared,0.0
CC-0249,card_not_present_new_device,confirmed_fraud,74.92
CC-0250,account_takeover,confirmed_fraud,224.87
CC-0251,account_takeover,confirmed_fraud,99.95
CC-0252,none,cleared,0.0
CC-0253,account_takeover,confirmed_fraud,40.06
CC-0254,account_takeover,confirmed_fraud,321.87
CC-0255,account_takeover,confirmed_fraud,1167.08
CC-0256,account_takeover,confirmed_fraud,88.99
CC-0257,card_not_present_fraud,confirmed_fraud,49.96
CC-0258,account_takeover,confirmed_fraud,35.98
CC-0259,none,cleared,0.0
CC-0260,none,cleared,0.0
CC-0261,none,cleared,0.0
CC-0262,card_not_present_fraud,confirmed_fraud,300.09
CC-0263,card_not_present_fraud,confirmed_fraud,99.94
CC-0264,none,cleared,0.0
CC-0265,none,cleared,0.0
CC-0266,card_not_present_fraud,confirmed_fraud,78.78
CC-0267,none,cleared,0.0
CC-0268,card_not_present_new_device,confirmed_fraud,50.08
CC-0269,none,cleared,0.0
CC-0270,none,cleared,0.0
CC-0271,none,cleared,0.0
CC-0272,card_not_present_fraud,confirmed_fraud,48.25
CC-0273,card_not_present_new_device,confirmed_fraud,105.02
CC-0274,out_of_region_use,confirmed_fraud,610.42
CC-0275,out_of_region_use,confirmed_fraud,369.0
CC-0276,out_of_region_use,confirmed_fraud,283.08
CC-0277,card_not_present_fraud,confirmed_fraud,300.08
CC-0278,card_not_present_fraud,confirmed_fraud,50.07
CC-0279,account_takeover,confirmed_fraud,624.85
CC-0280,card_not_present_fraud,confirmed_fraud,449.93
CC-0281,none,cleared,0.0
CC-0282,out_of_region_use,confirmed_fraud,541.85
CC-0283,card_not_present_fraud,confirmed_fraud,149.93
CC-0284,card_not_present_fraud,confirmed_fraud,35.68
CC-0285,account_takeover,confirmed_fraud,433.89
CC-0286,card_not_present_fraud,confirmed_fraud,300.16
CC-0287,out_of_region_use,confirmed_fraud,226.05
CC-0288,out_of_region_use,confirmed_fraud,179.97
CC-0289,card_not_present_fraud,confirmed_fraud,150.08
CC-0290,card_testing,confirmed_fraud,144.56
CC-0291,account_takeover,confirmed_fraud,1124.6
CC-0292,none,cleared,0.0
CC-0293,account_takeover,confirmed_fraud,233.91
CC-0294,account_takeover,confirmed_fraud,981.97
CC-0295,account_takeover,confirmed_fraud,1793.94
CC-0296,none,cleared,0.0
CC-0297,account_takeover,confirmed_fraud,554.07
CC-0298,account_takeover,confirmed_fraud,98.01
CC-0299,none,cleared,0.0
CC-0300,none,cleared,0.0
CC-0301,none,cleared,0.0
CC-0302,card_not_present_fraud,confirmed_fraud,48.87
CC-0303,card_not_present_fraud,confirmed_fraud,100.01
CC-0304,out_of_region_use,confirmed_fraud,38.95
CC-0305,card_not_present_new_device,confirmed_fraud,177.88
CC-0306,account_takeover,confirmed_fraud,762.0
CC-0307,card_not_present_new_device,confirmed_fraud,25.23
CC-0308,none,cleared,0.0
CC-0309,card_not_present_fraud,confirmed_fraud,50.0
CC-0310,out_of_region_use,confirmed_fraud,99.44
CC-0311,card_not_present_fraud,confirmed_fraud,78.86
CC-0312,card_not_present_fraud,confirmed_fraud,90.1
CC-0313,account_takeover,confirmed_fraud,57.88
CC-0314,card_not_present_fraud,confirmed_fraud,225.09
CC-0315,none,cleared,0.0
CC-0316,account_takeover,confirmed_fraud,146.06
CC-0317,none,cleared,0.0
CC-0318,none,cleared,0.0
CC-0319,account_takeover,confirmed_fraud,117.07
CC-0320,card_not_present_fraud,confirmed_fraud,500.04
CC-0321,card_not_present_fraud,confirmed_fraud,70.17
CC-0322,card_not_present_new_device,confirmed_fraud,225.04
CC-0323,out_of_region_use,confirmed_fraud,176.06
CC-0324,card_not_present_new_device,confirmed_fraud,8.6
CC-0325,account_takeover,confirmed_fraud,117.09
CC-0326,out_of_region_use,confirmed_fraud,96.94
CC-0327,out_of_region_use,confirmed_fraud,180.99
CC-0328,card_not_present_fraud,confirmed_fraud,222.45
CC-0329,account_takeover,confirmed_fraud,137.11
CC-0330,account_takeover,confirmed_fraud,249.95
CC-0331,card_not_present_new_device,confirmed_fraud,677.96
CC-0332,card_not_present_new_device,confirmed_fraud,150.09
CC-0333,account_takeover,confirmed_fraud,152.44
CC-0334,card_not_present_new_device,confirmed_fraud,170.2
CC-0335,card_not_present_fraud,confirmed_fraud,450.05
CC-0336,account_takeover,confirmed_fraud,280.08
CC-0337,card_not_present_fraud,confirmed_fraud,64.66
CC-0338,none,cleared,0.0
CC-0339,none,cleared,0.0
CC-0340,card_not_present_fraud,confirmed_fraud,29.98
CC-0341,account_takeover,confirmed_fraud,49.06
CC-0342,account_takeover,confirmed_fraud,697.03
CC-0343,account_takeover,confirmed_fraud,485.94
CC-0344,none,cleared,0.0
CC-0345,none,cleared,0.0
CC-0346,card_not_present_fraud,confirmed_fraud,224.91
CC-0347,card_not_present_new_device,confirmed_fraud,1950.02
CC-0348,none,cleared,0.0
CC-0349,card_not_present_fraud,confirmed_fraud,9.99
CC-0350,none,cleared,0.0
CC-0351,card_not_present_fraud,confirmed_fraud,64.61
CC-0352,account_takeover,confirmed_fraud,26.21
CC-0353,out_of_region_use,confirmed_fraud,55.03
CC-0354,none,cleared,0.0
CC-0355,out_of_region_use,confirmed_fraud,117.01
CC-0356,card_not_present_new_device,confirmed_fraud,40.08
CC-0357,card_not_present_fraud,confirmed_fraud,139.75
CC-0358,out_of_region_use,confirmed_fraud,905.81
CC-0359,out_of_region_use,confirmed_fraud,74.97
CC-0360,out_of_region_use,confirmed_fraud,43.92
CC-0361,account_takeover,confirmed_fraud,287.78
CC-0362,none,cleared,0.0
CC-0363,account_takeover,confirmed_fraud,80.04
CC-0364,account_takeover,confirmed_fraud,286.04
CC-0365,card_not_present_new_device,confirmed_fraud,262.5
CC-0366,out_of_region_use,confirmed_fraud,93.93
CC-0367,out_of_region_use,confirmed_fraud,33.91
CC-0368,none,cleared,0.0
CC-0369,out_of_region_use,confirmed_fraud,191.0
CC-0370,card_testing,confirmed_fraud,426.72
CC-0371,out_of_region_use,confirmed_fraud,445.08
CC-0372,card_not_present_fraud,confirmed_fraud,150.45
CC-0373,out_of_region_use,confirmed_fraud,55.0
CC-0374,none,cleared,0.0
CC-0375,card_not_present_new_device,confirmed_fraud,98.59
CC-0376,card_not_present_fraud,confirmed_fraud,400.01
CC-0377,card_not_present_new_device,confirmed_fraud,458.6
CC-0378,out_of_region_use,confirmed_fraud,317.02
CC-0379,card_not_present_fraud,confirmed_fraud,95.07
CC-0380,card_not_present_fraud,confirmed_fraud,145.13
CC-0381,account_takeover,confirmed_fraud,5675.86
CC-0382,none,cleared,0.0
CC-0383,none,cleared,0.0
CC-0384,none,cleared,0.0
CC-0385,account_takeover,confirmed_fraud,34.94
CC-0386,none,cleared,0.0
CC-0387,out_of_region_use,confirmed_fraud,2056.31
CC-0388,none,cleared,0.0
CC-0389,card_not_present_fraud,confirmed_fraud,79.02
CC-0390,account_takeover,confirmed_fraud,92.07
CC-0391,account_takeover,confirmed_fraud,92.08
CC-0392,card_not_present_fraud,confirmed_fraud,184.17
CC-0393,none,cleared,0.0
CC-0394,out_of_region_use,confirmed_fraud,488.0
CC-0395,card_not_present_fraud,confirmed_fraud,250.0
CC-0396,card_not_present_new_device,confirmed_fraud,149.96
CC-0397,none,cleared,0.0
CC-0398,out_of_region_use,confirmed_fraud,44.5
CC-0399,none,cleared,0.0
CC-0400,none,cleared,0.0
CC-0401,card_not_present_fraud,confirmed_fraud,53.81
CC-0402,out_of_region_use,confirmed_fraud,133.67
CC-0403,card_not_present_new_device,confirmed_fraud,76.3
CC-0404,card_not_present_fraud,confirmed_fraud,263.46
CC-0405,none,cleared,0.0
CC-0406,card_not_present_fraud,confirmed_fraud,94.06
CC-0407,none,cleared,0.0
CC-0408,none,cleared,0.0
CC-0409,card_not_present_fraud,confirmed_fraud,174.96
CC-0410,out_of_region_use,confirmed_fraud,233.93
CC-0411,account_takeover,confirmed_fraud,226.08
CC-0412,card_not_present_fraud,confirmed_fraud,60.8
CC-0413,none,cleared,0.0
CC-0414,account_takeover,confirmed_fraud,35.0
CC-0415,card_not_present_new_device,confirmed_fraud,500.02
CC-0416,card_not_present_fraud,confirmed_fraud,10.03
CC-0417,card_not_present_new_device,confirmed_fraud,32.01
CC-0418,card_not_present_new_device,confirmed_fraud,222.77
CC-0419,card_not_present_fraud,confirmed_fraud,399.98
CC-0420,card_not_present_fraud,confirmed_fraud,59.18
CC-0421,out_of_region_use,confirmed_fraud,135.04
CC-0422,account_takeover,confirmed_fraud,38.95
CC-0423,card_not_present_fraud,confirmed_fraud,149.99
CC-0424,card_not_present_new_device,confirmed_fraud,12.07
CC-0425,none,cleared,0.0
CC-0426,out_of_region_use,confirmed_fraud,335.07
CC-0427,out_of_region_use,confirmed_fraud,472.11
CC-0428,none,cleared,0.0
CC-0429,card_not_present_new_device,confirmed_fraud,143.21
CC-0430,none,cleared,0.0
CC-0431,out_of_region_use,confirmed_fraud,53.86
CC-0432,card_not_present_fraud,confirmed_fraud,50.08
CC-0433,none,cleared,0.0
CC-0434,card_not_present_fraud,confirmed_fraud,64.2
CC-0435,none,cleared,0.0
CC-0436,out_of_region_use,confirmed_fraud,103.52
CC-0437,card_not_present_fraud,confirmed_fraud,283.82
CC-0438,none,cleared,0.0
CC-0439,none,cleared,0.0
CC-0440,card_not_present_fraud,confirmed_fraud,19.86
CC-0441,none,cleared,0.0
CC-0442,out_of_region_use,confirmed_fraud,334.91
CC-0443,none,cleared,0.0
CC-0444,none,cleared,0.0
CC-0445,none,cleared,0.0
CC-0446,card_not_present_new_device,confirmed_fraud,16.86
CC-0447,card_not_present_fraud,confirmed_fraud,2249.73
CC-0448,card_not_present_fraud,confirmed_fraud,449.96
CC-0449,account_takeover,confirmed_fraud,227.2
CC-0450,account_takeover,confirmed_fraud,149.99
CC-0451,card_not_present_new_device,confirmed_fraud,749.84
CC-0452,account_takeover,confirmed_fraud,3476.23
CC-0453,card_not_present_new_device,confirmed_fraud,37.29
CC-0454,account_takeover,confirmed_fraud,940.94
CC-0455,account_takeover,confirmed_fraud,2738.94
CC-0456,account_takeover,confirmed_fraud,474.13
CC-0457,out_of_region_use,confirmed_fraud,97.07
CC-0458,out_of_region_use,confirmed_fraud,165.04
CC-0459,out_of_region_use,confirmed_fraud,1223.96
CC-0460,out_of_region_use,confirmed_fraud,248.91
CC-0461,card_not_present_fraud,confirmed_fraud,24.1
CC-0462,card_not_present_fraud,confirmed_fraud,200.02
CC-0463,card_not_present_new_device,confirmed_fraud,864.1
CC-0464,card_not_present_new_device,confirmed_fraud,400.0
CC-0465,out_of_region_use,confirmed_fraud,28.91
CC-0466,account_takeover,confirmed_fraud,116.92
CC-0467,card_not_present_new_device,confirmed_fraud,649.77
CC-0468,none,cleared,0.0
CC-0469,card_not_present_fraud,confirmed_fraud,104.68
CC-0470,none,cleared,0.0
CC-0471,none,cleared,0.0
CC-0472,account_takeover,confirmed_fraud,118.0
CC-0473,none,cleared,0.0
CC-0474,card_not_present_fraud,confirmed_fraud,300.01
CC-0475,card_not_present_new_device,confirmed_fraud,449.92
CC-0476,none,cleared,0.0
CC-0477,card_not_present_new_device,confirmed_fraud,100.04
CC-0478,account_takeover,confirmed_fraud,58.96
CC-0479,none,cleared,0.0
CC-0480,account_takeover,confirmed_fraud,2623.31
CC-0481,account_takeover,confirmed_fraud,99.95
CC-0482,card_not_present_fraud,confirmed_fraud,655.68
CC-0483,none,cleared,0.0
CC-0484,card_not_present_fraud,confirmed_fraud,98.08
CC-0485,card_not_present_new_device,confirmed_fraud,299.97
CC-0486,none,cleared,0.0
CC-0487,none,cleared,0.0
CC-0488,none,cleared,0.0
CC-0489,none,cleared,0.0
CC-0490,account_takeover,confirmed_fraud,312.01
CC-0491,card_not_present_fraud,confirmed_fraud,99.93
CC-0492,none,cleared,0.0
CC-0493,none,cleared,0.0
CC-0494,out_of_region_use,confirmed_fraud,107.93
CC-0495,out_of_region_use,confirmed_fraud,93.07
CC-0496,card_not_present_new_device,confirmed_fraud,681.69
CC-0497,card_not_present_fraud,confirmed_fraud,123.3
CC-0498,account_takeover,confirmed_fraud,2059.46
CC-0499,card_not_present_fraud,confirmed_fraud,100.13
CC-0500,account_takeover,confirmed_fraud,48.4
CC-0501,account_takeover,confirmed_fraud,462.16
CC-0502,card_not_present_new_device,confirmed_fraud,449.97
CC-0503,card_not_present_fraud,confirmed_fraud,46.4
CC-0504,account_takeover,confirmed_fraud,422.03
CC-0505,out_of_region_use,confirmed_fraud,1524.02
CC-0506,card_not_present_fraud,confirmed_fraud,312.14
CC-0507,card_not_present_new_device,confirmed_fraud,1074.49
CC-0508,out_of_region_use,confirmed_fraud,117.04
CC-0509,out_of_region_use,confirmed_fraud,78.52
CC-0510,card_not_present_new_device,confirmed_fraud,200.02
CC-0511,card_not_present_fraud,confirmed_fraud,99.96
CC-0512,card_not_present_new_device,confirmed_fraud,449.9
CC-0513,account_takeover,confirmed_fraud,26.49
CC-0514,card_not_present_fraud,confirmed_fraud,150.04
CC-0515,account_takeover,confirmed_fraud,43.89
CC-0516,none,cleared,0.0
CC-0517,account_takeover,confirmed_fraud,107.99
CC-0518,account_takeover,confirmed_fraud,433.01
CC-0519,card_not_present_new_device,confirmed_fraud,1500.1
CC-0520,card_not_present_fraud,confirmed_fraud,45.49
CC-0521,card_not_present_new_device,confirmed_fraud,99.96
CC-0522,none,cleared,0.0
CC-0523,out_of_region_use,confirmed_fraud,1906.88
CC-0524,account_takeover,confirmed_fraud,715.41
CC-0525,none,cleared,0.0
CC-0526,none,cleared,0.0
CC-0527,account_takeover,confirmed_fraud,146.92
CC-0528,card_not_present_new_device,confirmed_fraud,923.83
CC-0529,account_takeover,confirmed_fraud,245.95
CC-0530,out_of_region_use,confirmed_fraud,546.08
CC-0531,card_not_present_new_device,confirmed_fraud,747.05
CC-0532,out_of_region_use,confirmed_fraud,49.06
CC-0533,card_not_present_fraud,confirmed_fraud,79.58
CC-0534,none,cleared,0.0
CC-0535,card_not_present_fraud,confirmed_fraud,45.57
CC-0536,none,cleared,0.0
CC-0537,account_takeover,confirmed_fraud,342.07
CC-0538,card_not_present_fraud,confirmed_fraud,499.91
CC-0539,none,cleared,0.0
CC-0540,card_not_present_new_device,confirmed_fraud,45.58
CC-0541,card_not_present_new_device,confirmed_fraud,203.64
CC-0542,card_not_present_fraud,confirmed_fraud,99.09
CC-0543,account_takeover,confirmed_fraud,101.07
CC-0544,card_not_present_fraud,confirmed_fraud,930.09
CC-0545,account_takeover,confirmed_fraud,28.93
CC-0546,none,cleared,0.0
CC-0547,card_not_present_fraud,confirmed_fraud,434.78
CC-0548,account_takeover,confirmed_fraud,2383.98
CC-0549,card_not_present_fraud,confirmed_fraud,133.2
CC-0550,card_not_present_new_device,confirmed_fraud,149.99
CC-0551,out_of_region_use,confirmed_fraud,76.94
CC-0552,card_not_present_fraud,confirmed_fraud,104.61
CC-0553,none,cleared,0.0
CC-0554,out_of_region_use,confirmed_fraud,56.55
CC-0555,out_of_region_use,confirmed_fraud,901.9
CC-0556,card_not_present_new_device,confirmed_fraud,250.04
CC-0557,out_of_region_use,confirmed_fraud,560.01
CC-0558,card_not_present_new_device,confirmed_fraud,150.09
CC-0559,none,cleared,0.0
CC-0560,none,cleared,0.0
CC-0561,none,cleared,0.0
CC-0562,card_not_present_new_device,confirmed_fraud,163.96
CC-0563,card_not_present_fraud,confirmed_fraud,52.65
CC-0564,account_takeover,confirmed_fraud,793.68
CC-0565,card_not_present_fraud,confirmed_fraud,499.98
CC-0566,none,cleared,0.0
CC-0567,none,cleared,0.0
CC-0568,none,cleared,0.0
CC-0569,account_takeover,confirmed_fraud,213.06
CC-0570,account_takeover,confirmed_fraud,237.07
CC-0571,card_not_present_fraud,confirmed_fraud,26.66
CC-0572,none,cleared,0.0
CC-0573,none,cleared,0.0
CC-0574,none,cleared,0.0
CC-0575,none,cleared,0.0
CC-0576,card_not_present_new_device,confirmed_fraud,46.93
CC-0577,none,cleared,0.0
CC-0578,account_takeover,confirmed_fraud,1067.92
CC-0579,card_not_present_new_device,confirmed_fraud,79.35
CC-0580,none,cleared,0.0
CC-0581,card_not_present_fraud,confirmed_fraud,64.13
CC-0582,none,cleared,0.0
CC-0583,card_not_present_fraud,confirmed_fraud,31.26
CC-0584,card_not_present_fraud,confirmed_fraud,128.3
CC-0585,none,cleared,0.0
CC-0586,account_takeover,confirmed_fraud,77.03
CC-0587,none,cleared,0.0
CC-0588,out_of_region_use,confirmed_fraud,2765.0
CC-0589,none,cleared,0.0
CC-0590,card_not_present_new_device,confirmed_fraud,233.73
CC-0591,none,cleared,0.0
CC-0592,card_not_present_fraud,confirmed_fraud,64.16
CC-0593,none,cleared,0.0
CC-0594,none,cleared,0.0
CC-0595,card_not_present_new_device,confirmed_fraud,74.96
CC-0596,card_not_present_new_device,confirmed_fraud,199.99
CC-0597,out_of_region_use,confirmed_fraud,934.99
CC-0598,card_not_present_new_device,confirmed_fraud,7.14
CC-0599,none,cleared,0.0
CC-0600,none,cleared,0.0
CC-0601,none,cleared,0.0
CC-0602,none,cleared,0.0
CC-0603,card_not_present_fraud,confirmed_fraud,50.9
CC-0604,card_not_present_new_device,confirmed_fraud,549.93
CC-0605,account_takeover,confirmed_fraud,117.06
CC-0606,card_not_present_new_device,confirmed_fraud,499.94
CC-0607,out_of_region_use,confirmed_fraud,245.1
CC-0608,out_of_region_use,confirmed_fraud,59.07
CC-0609,card_not_present_new_device,confirmed_fraud,67.03
CC-0610,none,cleared,0.0
CC-0611,account_takeover,confirmed_fraud,1159.98
CC-0612,card_not_present_fraud,confirmed_fraud,89.5
CC-0613,out_of_region_use,confirmed_fraud,632.04
CC-0614,out_of_region_use,confirmed_fraud,604.04
CC-0615,card_not_present_new_device,confirmed_fraud,174.99
CC-0616,none,cleared,0.0
CC-0617,card_not_present_fraud,confirmed_fraud,199.96
CC-0618,account_takeover,confirmed_fraud,62.91
CC-0619,none,cleared,0.0
CC-0620,none,cleared,0.0
CC-0621,none,cleared,0.0
CC-0622,account_takeover,confirmed_fraud,444.92
CC-0623,none,cleared,0.0
CC-0624,none,cleared,0.0
CC-0625,card_not_present_fraud,confirmed_fraud,15.83
CC-0626,card_not_present_fraud,confirmed_fraud,50.04
CC-0627,card_not_present_fraud,confirmed_fraud,14.96
CC-0628,none,cleared,0.0
CC-0629,card_not_present_new_device,confirmed_fraud,199.99
CC-0630,none,cleared,0.0
CC-0631,out_of_region_use,confirmed_fraud,118.17
CC-0632,account_takeover,confirmed_fraud,68.03
CC-0633,card_not_present_new_device,confirmed_fraud,150.0
CC-0634,none,cleared,0.0
CC-0635,none,cleared,0.0
CC-0636,account_takeover,confirmed_fraud,1279.89
CC-0637,none,cleared,0.0
CC-0638,account_takeover,confirmed_fraud,444.93
CC-0639,account_takeover,confirmed_fraud,336.99
CC-0640,card_not_present_fraud,confirmed_fraud,50.09
CC-0641,none,cleared,0.0
CC-0642,none,cleared,0.0
CC-0643,account_takeover,confirmed_fraud,103.55
CC-0644,out_of_region_use,confirmed_fraud,49.07
CC-0645,out_of_region_use,confirmed_fraud,28.98
CC-0646,account_takeover,confirmed_fraud,150.92
CC-0647,none,cleared,0.0
CC-0648,none,cleared,0.0
CC-0649,card_not_present_new_device,confirmed_fraud,300.01
CC-0650,card_not_present_new_device,confirmed_fraud,150.03
CC-0651,card_not_present_fraud,confirmed_fraud,38.53
CC-0652,card_not_present_new_device,confirmed_fraud,2.44
CC-0653,account_takeover,confirmed_fraud,305.18
CC-0654,none,cleared,0.0
CC-0655,account_takeover,confirmed_fraud,268.1
CC-0656,none,cleared,0.0
CC-0657,none,cleared,0.0
CC-0658,account_takeover,confirmed_fraud,444.92
CC-0659,account_takeover,confirmed_fraud,225.94
CC-0660,card_not_present_new_device,confirmed_fraud,899.97
CC-0661,out_of_region_use,confirmed_fraud,3225.61
CC-0662,account_takeover,confirmed_fraud,147.96
CC-0663,card_not_present_new_device,confirmed_fraud,100.03
CC-0664,account_takeover,confirmed_fraud,279.97
CC-0665,account_takeover,confirmed_fraud,59.0
CC-0666,card_not_present_new_device,confirmed_fraud,500.01
CC-0667,card_not_present_fraud,confirmed_fraud,75.09
CC-0668,card_not_present_new_device,confirmed_fraud,382.55
CC-0669,none,cleared,0.0
CC-0670,none,cleared,0.0
CC-0671,card_not_present_new_device,confirmed_fraud,332.34
CC-0672,card_not_present_fraud,confirmed_fraud,199.97
CC-0673,none,cleared,0.0
CC-0674,none,cleared,0.0
CC-0675,none,cleared,0.0
CC-0676,none,cleared,0.0
CC-0677,none,cleared,0.0
CC-0678,none,cleared,0.0
CC-0679,card_not_present_fraud,confirmed_fraud,50.07
CC-0680,none,cleared,0.0
CC-0681,none,cleared,0.0
CC-0682,none,cleared,0.0
CC-0683,none,cleared,0.0
CC-0684,none,cleared,0.0
CC-0685,out_of_region_use,confirmed_fraud,444.92
CC-0686,card_not_present_fraud,confirmed_fraud,70.76
CC-0687,none,cleared,0.0
CC-0688,card_not_present_fraud,confirmed_fraud,67.55
CC-0689,out_of_region_use,confirmed_fraud,236.91
CC-0690,card_not_present_fraud,confirmed_fraud,50.04
CC-0691,account_takeover,confirmed_fraud,3565.06
CC-0692,none,cleared,0.0
CC-0693,card_not_present_fraud,confirmed_fraud,41.19
CC-0694,out_of_region_use,confirmed_fraud,687.96
CC-0695,account_takeover,confirmed_fraud,334.99
CC-0696,none,cleared,0.0
CC-0697,card_not_present_new_device,confirmed_fraud,72.77
CC-0698,card_not_present_new_device,confirmed_fraud,450.04
CC-0699,none,cleared,0.0
CC-0700,card_not_present_new_device,confirmed_fraud,1743.41
CC-0701,none,cleared,0.0
CC-0702,none,cleared,0.0
CC-0703,out_of_region_use,confirmed_fraud,139.02
CC-0704,out_of_region_use,confirmed_fraud,39.06
CC-0705,card_not_present_new_device,confirmed_fraud,675.0
CC-0706,card_not_present_new_device,confirmed_fraud,388.35
CC-0707,card_not_present_new_device,confirmed_fraud,35.06
CC-0708,account_takeover,confirmed_fraud,356.55
CC-0709,none,cleared,0.0
CC-0710,card_not_present_new_device,confirmed_fraud,74.96
CC-0711,out_of_region_use,confirmed_fraud,116.0
CC-0712,card_not_present_fraud,confirmed_fraud,7.82
CC-0713,card_not_present_new_device,confirmed_fraud,368.22
CC-0714,card_not_present_fraud,confirmed_fraud,152.42
CC-0715,card_not_present_fraud,confirmed_fraud,72.29
CC-0716,card_not_present_fraud,confirmed_fraud,75.08
CC-0717,account_takeover,confirmed_fraud,49.0
CC-0718,account_takeover,confirmed_fraud,48.41
CC-0719,card_not_present_new_device,confirmed_fraud,55.85
CC-0720,out_of_region_use,confirmed_fraud,4741.34
CC-0721,out_of_region_use,confirmed_fraud,62.98
CC-0722,none,cleared,0.0
CC-0723,account_takeover,confirmed_fraud,43.93
CC-0724,card_not_present_new_device,confirmed_fraud,185.86
CC-0725,none,cleared,0.0
CC-0726,none,cleared,0.0
CC-0727,card_not_present_fraud,confirmed_fraud,99.93
CC-0728,card_not_present_fraud,confirmed_fraud,100.03
CC-0729,none,cleared,0.0
CC-0730,card_not_present_new_device,confirmed_fraud,104.95
CC-0731,account_takeover,confirmed_fraud,421.09
CC-0732,card_not_present_fraud,confirmed_fraud,249.98
CC-0733,none,cleared,0.0
CC-0734,card_not_present_fraud,confirmed_fraud,200.04
CC-0735,none,cleared,0.0
CC-0736,none,cleared,0.0
CC-0737,account_takeover,confirmed_fraud,526.82
CC-0738,card_not_present_fraud,confirmed_fraud,192.88
CC-0739,card_not_present_fraud,confirmed_fraud,480.04
CC-0740,card_not_present_fraud,confirmed_fraud,12.74
CC-0741,none,cleared,0.0
CC-0742,out_of_region_use,confirmed_fraud,49.03
CC-0743,none,cleared,0.0
CC-0744,out_of_region_use,confirmed_fraud,335.08
CC-0745,none,cleared,0.0
CC-0746,card_not_present_new_device,confirmed_fraud,105.16
CC-0747,card_not_present_fraud,confirmed_fraud,1500.09
CC-0748,none,cleared,0.0
CC-0749,none,cleared,0.0
CC-0750,card_not_present_fraud,confirmed_fraud,507.64
CC-0751,out_of_region_use,confirmed_fraud,294.92
CC-0752,card_not_present_new_device,confirmed_fraud,100.05
CC-0753,account_takeover,confirmed_fraud,58.98
CC-0754,none,cleared,0.0
CC-0755,card_not_present_fraud,confirmed_fraud,184.59
CC-0756,none,cleared,0.0
CC-0757,none,cleared,0.0
CC-0758,none,cleared,0.0
CC-0759,card_not_present_fraud,confirmed_fraud,11.1
CC-0760,card_not_present_fraud,confirmed_fraud,15.07
CC-0761,none,cleared,0.0
CC-0762,account_takeover,confirmed_fraud,58.02
CC-0763,out_of_region_use,confirmed_fraud,170.96
CC-0764,out_of_region_use,confirmed_fraud,357.79
CC-0765,out_of_region_use,confirmed_fraud,1664.54
CC-0766,account_takeover,confirmed_fraud,252.84
CC-0767,account_takeover,confirmed_fraud,57.9
CC-0768,none,cleared,0.0
CC-0769,none,cleared,0.0
CC-0770,card_not_present_fraud,confirmed_fraud,99.99
CC-0771,out_of_region_use,confirmed_fraud,438.74
CC-0772,card_not_present_new_device,confirmed_fraud,183.27
CC-0773,card_not_present_fraud,confirmed_fraud,318.94
CC-0774,account_takeover,confirmed_fraud,1069.12
CC-0775,account_takeover,confirmed_fraud,310.91
CC-0776,none,cleared,0.0
CC-0777,none,cleared,0.0
CC-0778,account_takeover,confirmed_fraud,170.94
CC-0779,card_not_present_new_device,confirmed_fraud,275.11
CC-0780,card_not_present_fraud,confirmed_fraud,200.0
CC-0781,card_not_present_new_device,confirmed_fraud,50.08
CC-0782,out_of_region_use,confirmed_fraud,1.0
CC-0783,card_not_present_fraud,confirmed_fraud,99.92
CC-0784,card_not_present_fraud,confirmed_fraud,64.68
CC-0785,none,cleared,0.0
CC-0786,none,cleared,0.0
CC-0787,none,cleared,0.0
CC-0788,account_takeover,confirmed_fraud,690.32
CC-0789,none,cleared,0.0
CC-0790,none,cleared,0.0
CC-0791,card_not_present_fraud,confirmed_fraud,599.9
CC-0792,card_not_present_fraud,confirmed_fraud,99.95
CC-0793,card_not_present_fraud,confirmed_fraud,300.05
CC-0794,none,cleared,0.0
CC-0795,card_not_present_new_device,confirmed_fraud,50.01
CC-0796,none,cleared,0.0
CC-0797,card_not_present_fraud,confirmed_fraud,20.22
CC-0798,account_takeover,confirmed_fraud,140.97
CC-0799,card_not_present_fraud,confirmed_fraud,465.08
CC-0800,card_not_present_new_device,confirmed_fraud,147.71
CC-0801,card_not_present_fraud,confirmed_fraud,90.5
CC-0802,none,cleared,0.0
CC-0803,none,cleared,0.0
CC-0804,card_not_present_fraud,confirmed_fraud,49.52
CC-0805,out_of_region_use,confirmed_fraud,49.03
CC-0806,account_takeover,confirmed_fraud,470.68
CC-0807,none,cleared,0.0
CC-0808,none,cleared,0.0
CC-0809,card_not_present_new_device,confirmed_fraud,500.03
CC-0810,card_not_present_fraud,confirmed_fraud,149.92
CC-0811,account_takeover,confirmed_fraud,34.01
CC-0812,card_not_present_fraud,confirmed_fraud,300.04
CC-0813,out_of_region_use,confirmed_fraud,382.01
CC-0814,none,cleared,0.0
CC-0815,none,cleared,0.0
CC-0816,card_not_present_fraud,confirmed_fraud,199.91
CC-0817,card_not_present_fraud,confirmed_fraud,11.07
CC-0818,card_not_present_new_device,confirmed_fraud,325.07
CC-0819,card_not_present_fraud,confirmed_fraud,299.94
CC-0820,account_takeover,confirmed_fraud,234.1
CC-0821,account_takeover,confirmed_fraud,334.95
CC-0822,out_of_region_use,confirmed_fraud,215.72
CC-0823,card_not_present_new_device,confirmed_fraud,100.07
CC-0824,account_takeover,confirmed_fraud,994.04
CC-0825,out_of_region_use,confirmed_fraud,1049.16
CC-0826,account_takeover,confirmed_fraud,663.02
CC-0827,card_not_present_fraud,confirmed_fraud,82.2
CC-0828,none,cleared,0.0
CC-0829,card_not_present_new_device,confirmed_fraud,160.56
CC-0830,out_of_region_use,confirmed_fraud,889.97
CC-0831,none,cleared,0.0
CC-0832,card_not_present_new_device,confirmed_fraud,124.99
CC-0833,none,cleared,0.0
CC-0834,out_of_region_use,confirmed_fraud,368.16
CC-0835,account_takeover,confirmed_fraud,621.11
CC-0836,none,cleared,0.0
CC-0837,out_of_region_use,confirmed_fraud,39.07
CC-0838,card_not_present_fraud,confirmed_fraud,1799.92
CC-0839,none,cleared,0.0
CC-0840,none,cleared,0.0
CC-0841,none,cleared,0.0
CC-0842,card_not_present_new_device,confirmed_fraud,99.33
CC-0843,none,cleared,0.0
CC-0844,none,cleared,0.0
CC-0845,none,cleared,0.0
CC-0846,none,cleared,0.0
CC-0847,none,cleared,0.0
CC-0848,none,cleared,0.0
CC-0849,card_not_present_new_device,confirmed_fraud,232.19
CC-0850,out_of_region_use,confirmed_fraud,330.95
CC-0851,none,cleared,0.0
CC-0852,none,cleared,0.0
CC-0853,card_not_present_new_device,confirmed_fraud,350.0
CC-0854,out_of_region_use,confirmed_fraud,59.08
CC-0855,card_not_present_new_device,confirmed_fraud,33.73
CC-0856,card_not_present_fraud,confirmed_fraud,500.07
CC-0857,card_not_present_new_device,confirmed_fraud,250.17
CC-0858,out_of_region_use,confirmed_fraud,107.05
CC-0859,card_not_present_fraud,confirmed_fraud,106.29
CC-0860,card_not_present_new_device,confirmed_fraud,715.95
CC-0861,none,cleared,0.0
CC-0862,none,cleared,0.0
CC-0863,account_takeover,confirmed_fraud,109.02
CC-0864,none,cleared,0.0
CC-0865,none,cleared,0.0
CC-0866,card_not_present_new_device,confirmed_fraud,749.91
CC-0867,card_not_present_fraud,confirmed_fraud,150.06
CC-0868,account_takeover,confirmed_fraud,513.27
CC-0869,account_takeover,confirmed_fraud,399.21
CC-0870,none,cleared,0.0
CC-0871,none,cleared,0.0
CC-0872,card_not_present_fraud,confirmed_fraud,100.0
CC-0873,none,cleared,0.0
CC-0874,none,cleared,0.0
CC-0875,account_takeover,confirmed_fraud,335.09
CC-0876,card_not_present_fraud,confirmed_fraud,107.03
CC-0877,none,cleared,0.0
CC-0878,card_not_present_new_device,confirmed_fraud,1199.92
CC-0879,card_not_present_fraud,confirmed_fraud,500.03
CC-0880,account_takeover,confirmed_fraud,185.94
CC-0881,none,cleared,0.0
CC-0882,none,cleared,0.0
CC-0883,card_not_present_new_device,confirmed_fraud,125.09
CC-0884,out_of_region_use,confirmed_fraud,780.01
CC-0885,none,cleared,0.0
CC-0886,none,cleared,0.0
CC-0887,none,cleared,0.0
CC-0888,none,cleared,0.0
CC-0889,none,cleared,0.0
CC-0890,card_not_present_new_device,confirmed_fraud,75.06
CC-0891,card_not_present_new_device,confirmed_fraud,37.81
CC-0892,none,cleared,0.0
CC-0893,none,cleared,0.0
CC-0894,none,cleared,0.0
CC-0895,card_not_present_fraud,confirmed_fraud,97.1
CC-0896,none,cleared,0.0
CC-0897,account_takeover,confirmed_fraud,444.99
CC-0898,none,cleared,0.0
CC-0899,card_not_present_fraud,confirmed_fraud,800.04
CC-0900,none,cleared,0.0
CC-0901,none,cleared,0.0
CC-0902,card_not_present_fraud,confirmed_fraud,100.06
CC-0903,none,cleared,0.0
CC-0904,none,cleared,0.0
CC-0905,none,cleared,0.0
CC-0906,none,cleared,0.0
CC-0907,none,cleared,0.0
CC-0908,none,cleared,0.0
CC-0909,none,cleared,0.0
CC-0910,none,cleared,0.0
CC-0911,account_takeover,confirmed_fraud,932.08
CC-0912,none,cleared,0.0
CC-0913,card_not_present_fraud,confirmed_fraud,68.15
CC-0914,card_not_present_fraud,confirmed_fraud,219.39
CC-0915,out_of_region_use,confirmed_fraud,341.88
CC-0916,card_not_present_fraud,confirmed_fraud,101.31
CC-0917,card_not_present_fraud,confirmed_fraud,199.98
CC-0918,none,cleared,0.0
CC-0919,card_not_present_new_device,confirmed_fraud,150.08
CC-0920,account_takeover,confirmed_fraud,58.91
CC-0921,none,cleared,0.0
CC-0922,none,cleared,0.0
CC-0923,none,cleared,0.0
CC-0924,none,cleared,0.0
CC-0925,none,cleared,0.0
CC-0926,out_of_region_use,confirmed_fraud,39.46
CC-0927,card_not_present_fraud,confirmed_fraud,114.96
CC-0928,card_not_present_fraud,confirmed_fraud,122.64
CC-0929,none,cleared,0.0
CC-0930,account_takeover,confirmed_fraud,39.05
CC-0931,none,cleared,0.0
CC-0932,card_not_present_new_device,confirmed_fraud,550.03
CC-0933,none,cleared,0.0
CC-0934,none,cleared,0.0
CC-0935,account_takeover,confirmed_fraud,98.04
CC-0936,out_of_region_use,confirmed_fraud,98.0
CC-0937,card_not_present_fraud,confirmed_fraud,100.03
CC-0938,card_not_present_fraud,confirmed_fraud,99.99
CC-0939,card_not_present_new_device,confirmed_fraud,150.06
CC-0940,none,cleared,0.0
CC-0941,card_not_present_new_device,confirmed_fraud,300.03
CC-0942,card_not_present_fraud,confirmed_fraud,99.98
CC-0943,card_not_present_fraud,confirmed_fraud,493.24
CC-0944,account_takeover,confirmed_fraud,155.06
CC-0945,card_not_present_new_device,confirmed_fraud,129.38
CC-0946,none,cleared,0.0
CC-0947,card_not_present_fraud,confirmed_fraud,122.72
CC-0948,card_not_present_new_device,confirmed_fraud,56.4
CC-0949,card_not_present_new_device,confirmed_fraud,900.1
CC-0950,card_not_present_fraud,confirmed_fraud,70.98
CC-0951,none,cleared,0.0
CC-0952,none,cleared,0.0
CC-0953,none,cleared,0.0
CC-0954,none,cleared,0.0
CC-0955,none,cleared,0.0
CC-0956,none,cleared,0.0
CC-0957,none,cleared,0.0
CC-0958,none,cleared,0.0
CC-0959,none,cleared,0.0
CC-0960,card_not_present_fraud,confirmed_fraud,97.78
CC-0961,out_of_region_use,confirmed_fraud,49.04
CC-0962,none,cleared,0.0
CC-0963,none,cleared,0.0
CC-0964,none,cleared,0.0
CC-0965,none,cleared,0.0
CC-0966,none,cleared,0.0
CC-0967,none,cleared,0.0
CC-0968,none,cleared,0.0
CC-0969,none,cleared,0.0
CC-0970,account_takeover,confirmed_fraud,48.97
CC-0971,card_not_present_new_device,confirmed_fraud,56.6
CC-0972,none,cleared,0.0
CC-0973,card_not_present_new_device,confirmed_fraud,59.44
CC-0974,none,cleared,0.0
CC-0975,card_not_present_new_device,confirmed_fraud,172.99
CC-0976,card_not_present_fraud,confirmed_fraud,104.2
CC-0977,none,cleared,0.0
CC-0978,out_of_region_use,confirmed_fraud,444.91
CC-0979,none,cleared,0.0
CC-0980,card_not_present_new_device,confirmed_fraud,24.97
CC-0981,account_takeover,confirmed_fraud,11976.89
CC-0982,none,cleared,0.0
CC-0983,none,cleared,0.0
CC-0984,none,cleared,0.0
CC-0985,card_not_present_new_device,confirmed_fraud,15.01
CC-0986,none,cleared,0.0
CC-0987,none,cleared,0.0
CC-0988,none,cleared,0.0
CC-0989,card_not_present_fraud,confirmed_fraud,199.94
CC-0990,card_not_present_fraud,confirmed_fraud,152.42
CC-0991,none,cleared,0.0
CC-0992,none,cleared,0.0
CC-0993,card_not_present_fraud,confirmed_fraud,56.41
CC-0994,none,cleared,0.0
CC-0995,card_not_present_fraud,confirmed_fraud,99.94
CC-0996,card_not_present_new_device,confirmed_fraud,999.86
CC-0997,none,cleared,0.0
CC-0998,out_of_region_use,confirmed_fraud,540.93
CC-0999,out_of_region_use,confirmed_fraud,1465.93
CC-1000,none,cleared,0.0
CC-1001,none,cleared,0.0
CC-1002,account_takeover,confirmed_fraud,19.94
CC-1003,card_not_present_fraud,confirmed_fraud,265.52
CC-1004,none,cleared,0.0
CC-1005,card_not_present_fraud,confirmed_fraud,149.98
CC-1006,none,cleared,0.0
CC-1007,card_not_present_fraud,confirmed_fraud,87.46
CC-1008,none,cleared,0.0
CC-1009,account_takeover,confirmed_fraud,49.05
CC-1010,card_not_present_fraud,confirmed_fraud,20.66
CC-1011,card_not_present_fraud,confirmed_fraud,41.73
CC-1012,out_of_region_use,confirmed_fraud,135.99
CC-1013,out_of_region_use,confirmed_fraud,993.95
CC-1014,account_takeover,confirmed_fraud,291.92
CC-1015,account_takeover,confirmed_fraud,301.97
CC-1016,none,cleared,0.0
CC-1017,card_not_present_fraud,confirmed_fraud,149.96
CC-1018,account_takeover,confirmed_fraud,44.05
CC-1019,none,cleared,0.0
CC-1020,account_takeover,confirmed_fraud,58.94
CC-1021,card_not_present_fraud,confirmed_fraud,150.42
CC-1022,none,cleared,0.0
CC-1023,account_takeover,confirmed_fraud,2069.89
CC-1024,none,cleared,0.0
CC-1025,none,cleared,0.0
CC-1026,account_takeover,confirmed_fraud,280.03
CC-1027,none,cleared,0.0
CC-1028,account_takeover,confirmed_fraud,36.99
CC-1029,none,cleared,0.0
CC-1030,none,cleared,0.0
CC-1031,none,cleared,0.0
CC-1032,card_not_present_new_device,confirmed_fraud,24.47
CC-1033,out_of_region_use,confirmed_fraud,58.97
CC-1034,none,cleared,0.0
CC-1035,card_not_present_fraud,confirmed_fraud,56.61
CC-1036,none,cleared,0.0
CC-1037,none,cleared,0.0
CC-1038,card_not_present_new_device,confirmed_fraud,66.46
CC-1039,none,cleared,0.0
CC-1040,none,cleared,0.0
CC-1041,card_not_present_new_device,confirmed_fraud,449.85
CC-1042,none,cleared,0.0
CC-1043,card_not_present_fraud,confirmed_fraud,9.97
CC-1044,none,cleared,0.0
CC-1045,card_not_present_new_device,confirmed_fraud,499.97
CC-1046,account_takeover,confirmed_fraud,850.12
CC-1047,none,cleared,0.0
CC-1048,account_takeover,confirmed_fraud,291.99
CC-1049,none,cleared,0.0
CC-1050,account_takeover,confirmed_fraud,774.07
CC-1051,none,cleared,0.0
CC-1052,none,cleared,0.0
CC-1053,none,cleared,0.0
CC-1054,none,cleared,0.0
CC-1055,out_of_region_use,confirmed_fraud,422.07
CC-1056,card_not_present_new_device,confirmed_fraud,1557.95
CC-1057,none,cleared,0.0
CC-1058,none,cleared,0.0
CC-1059,none,cleared,0.0
CC-1060,none,cleared,0.0
CC-1061,none,cleared,0.0
CC-1062,out_of_region_use,confirmed_fraud,81.98
CC-1063,card_not_present_fraud,confirmed_fraud,299.96
CC-1064,card_not_present_new_device,confirmed_fraud,709.37
CC-1065,none,cleared,0.0
CC-1066,out_of_region_use,confirmed_fraud,170.98
CC-1067,card_not_present_new_device,confirmed_fraud,349.95
CC-1068,card_not_present_fraud,confirmed_fraud,99.91
CC-1069,card_not_present_new_device,confirmed_fraud,105.3
CC-1070,none,cleared,0.0
CC-1071,card_not_present_fraud,confirmed_fraud,449.92
CC-1072,account_takeover,confirmed_fraud,355.41
CC-1073,card_not_present_new_device,confirmed_fraud,200.09
CC-1074,account_takeover,confirmed_fraud,649.9
CC-1075,card_not_present_new_device,confirmed_fraud,250.03
CC-1076,out_of_region_use,confirmed_fraud,1220.0
CC-1077,none,cleared,0.0
CC-1078,account_takeover,confirmed_fraud,249.67
CC-1079,none,cleared,0.0
CC-1080,out_of_region_use,confirmed_fraud,67.97
CC-1081,none,cleared,0.0
CC-1082,account_takeover,confirmed_fraud,182.03
CC-1083,none,cleared,0.0
CC-1084,account_takeover,confirmed_fraud,3851.06
CC-1085,card_not_present_new_device,confirmed_fraud,129.67
CC-1086,card_not_present_new_device,confirmed_fraud,250.01
CC-1087,card_not_present_fraud,confirmed_fraud,249.95
CC-1088,card_not_present_fraud,confirmed_fraud,152.08
CC-1089,card_not_present_new_device,confirmed_fraud,135.66
CC-1090,none,cleared,0.0
CC-1091,card_not_present_fraud,confirmed_fraud,49.59
CC-1092,none,cleared,0.0
CC-1093,card_not_present_fraud,confirmed_fraud,161.29
CC-1094,none,cleared,0.0
CC-1095,none,cleared,0.0
CC-1096,none,cleared,0.0
CC-1097,none,cleared,0.0
CC-1098,out_of_region_use,confirmed_fraud,76.97
CC-1099,card_not_present_new_device,confirmed_fraud,264.92
CC-1100,none,cleared,0.0
CC-1101,none,cleared,0.0
CC-1102,account_takeover,confirmed_fraud,3247.31
CC-1103,card_not_present_new_device,confirmed_fraud,499.93
CC-1104,card_not_present_fraud,confirmed_fraud,113.0
CC-1105,card_not_present_new_device,confirmed_fraud,199.99
CC-1106,none,cleared,0.0
CC-1107,none,cleared,0.0
CC-1108,none,cleared,0.0
CC-1109,none,cleared,0.0
CC-1110,none,cleared,0.0
CC-1111,none,cleared,0.0
CC-1112,none,cleared,0.0
CC-1113,card_not_present_fraud,confirmed_fraud,125.02
CC-1114,none,cleared,0.0
CC-1115,none,cleared,0.0
CC-1116,card_not_present_new_device,confirmed_fraud,444.4
CC-1117,none,cleared,0.0
CC-1118,none,cleared,0.0
CC-1119,account_takeover,confirmed_fraud,57.92
CC-1120,none,cleared,0.0
CC-1121,out_of_region_use,confirmed_fraud,87.93
CC-1122,none,cleared,0.0
CC-1123,card_not_present_new_device,confirmed_fraud,150.07
CC-1124,none,cleared,0.0
CC-1125,card_not_present_fraud,confirmed_fraud,161.33
CC-1126,none,cleared,0.0
CC-1127,out_of_region_use,confirmed_fraud,108.03
CC-1128,card_not_present_new_device,confirmed_fraud,200.05
CC-1129,none,cleared,0.0
CC-1130,none,cleared,0.0
CC-1131,none,cleared,0.0
CC-1132,none,cleared,0.0
CC-1133,card_not_present_fraud,confirmed_fraud,32.31
CC-1134,none,cleared,0.0
CC-1135,none,cleared,0.0
CC-1136,none,cleared,0.0
CC-1137,none,cleared,0.0
CC-1138,none,cleared,0.0
CC-1139,none,cleared,0.0
CC-1140,card_not_present_fraud,confirmed_fraud,24.57
CC-1141,card_not_present_new_device,confirmed_fraud,1026.02
CC-1142,none,cleared,0.0
CC-1143,none,cleared,0.0
CC-1144,card_not_present_fraud,confirmed_fraud,464.99
CC-1145,out_of_region_use,confirmed_fraud,222.94
CC-1146,out_of_region_use,confirmed_fraud,334.99
CC-1147,none,cleared,0.0
CC-1148,card_not_present_fraud,confirmed_fraud,300.02
CC-1149,none,cleared,0.0
CC-1150,account_takeover,confirmed_fraud,134.98
CC-1151,card_not_present_fraud,confirmed_fraud,799.86
CC-1152,out_of_region_use,confirmed_fraud,38.92
CC-1153,none,cleared,0.0
CC-1154,card_not_present_fraud,confirmed_fraud,57.58
CC-1155,none,cleared,0.0
CC-1156,card_not_present_fraud,confirmed_fraud,449.97
CC-1157,out_of_region_use,confirmed_fraud,390.0
CC-1158,card_not_present_fraud,confirmed_fraud,93.21
CC-1159,none,cleared,0.0
CC-1160,out_of_region_use,confirmed_fraud,822.01
CC-1161,card_not_present_fraud,confirmed_fraud,265.51
CC-1162,none,cleared,0.0
CC-1163,none,cleared,0.0
CC-1164,none,cleared,0.0
CC-1165,none,cleared,0.0
CC-1166,card_not_present_new_device,confirmed_fraud,40.95
CC-1167,out_of_region_use,confirmed_fraud,117.06
CC-1168,none,cleared,0.0
CC-1169,card_not_present_new_device,confirmed_fraud,276.82
CC-1170,card_not_present_new_device,confirmed_fraud,37.49
CC-1171,out_of_region_use,confirmed_fraud,116.97
CC-1172,account_takeover,confirmed_fraud,418.92
CC-1173,card_not_present_fraud,confirmed_fraud,151.78
CC-1174,none,cleared,0.0
CC-1175,none,cleared,0.0
CC-1176,none,cleared,0.0
CC-1177,out_of_region_use,confirmed_fraud,201.54
CC-1178,card_not_present_fraud,confirmed_fraud,122.58
CC-1179,out_of_region_use,confirmed_fraud,369.63
CC-1180,card_not_present_fraud,confirmed_fraud,55.42
CC-1181,card_not_present_new_device,confirmed_fraud,40.19
CC-1182,none,cleared,0.0
CC-1183,none,cleared,0.0
CC-1184,none,cleared,0.0
CC-1185,none,cleared,0.0
CC-1186,account_takeover,confirmed_fraud,195.83
CC-1187,none,cleared,0.0
CC-1188,card_not_present_fraud,confirmed_fraud,99.97
CC-1189,account_takeover,confirmed_fraud,18357.79
CC-1190,none,cleared,0.0
CC-1191,none,cleared,0.0
CC-1192,out_of_region_use,confirmed_fraud,841.06
CC-1193,account_takeover,confirmed_fraud,107.9
CC-1194,account_takeover,confirmed_fraud,30.0
CC-1195,card_not_present_new_device,confirmed_fraud,572.89
CC-1196,none,cleared,0.0
CC-1197,account_takeover,confirmed_fraud,218.01
CC-1198,account_takeover,confirmed_fraud,39.0
CC-1199,none,cleared,0.0
CC-1200,card_not_present_new_device,confirmed_fraud,1181.17
CC-1201,none,cleared,0.0
CC-1202,card_not_present_fraud,confirmed_fraud,400.09
CC-1203,none,cleared,0.0
CC-1204,account_takeover,confirmed_fraud,170.99
CC-1205,none,cleared,0.0
CC-1206,none,cleared,0.0
CC-1207,account_takeover,confirmed_fraud,515.46
CC-1208,card_not_present_fraud,confirmed_fraud,300.06
CC-1209,card_not_present_fraud,confirmed_fraud,278.34
CC-1210,card_not_present_new_device,confirmed_fraud,160.02
CC-1211,none,cleared,0.0
CC-1212,none,cleared,0.0
CC-1213,none,cleared,0.0
CC-1214,none,cleared,0.0
CC-1215,card_not_present_fraud,confirmed_fraud,63.79
CC-1216,account_takeover,confirmed_fraud,587.83
CC-1217,card_not_present_new_device,confirmed_fraud,862.71
CC-1218,card_not_present_fraud,confirmed_fraud,65.08
CC-1219,card_not_present_new_device,confirmed_fraud,50.29
CC-1220,none,cleared,0.0
CC-1221,out_of_region_use,confirmed_fraud,25.02
CC-1222,out_of_region_use,confirmed_fraud,43.9
CC-1223,card_not_present_fraud,confirmed_fraud,55.34
CC-1224,card_not_present_new_device,confirmed_fraud,250.03
CC-1225,out_of_region_use,confirmed_fraud,127.99
CC-1226,account_takeover,confirmed_fraud,1249.92
CC-1227,none,cleared,0.0
CC-1228,account_takeover,confirmed_fraud,1112.65
CC-1229,account_takeover,confirmed_fraud,95.95
CC-1230,card_not_present_new_device,confirmed_fraud,150.09
CC-1231,none,cleared,0.0
CC-1232,none,cleared,0.0
CC-1233,none,cleared,0.0
CC-1234,card_not_present_new_device,confirmed_fraud,20.58
CC-1235,card_testing,confirmed_fraud,1030.15
CC-1236,none,cleared,0.0
CC-1237,out_of_region_use,confirmed_fraud,58.94
CC-1238,none,cleared,0.0
CC-1239,card_not_present_new_device,confirmed_fraud,79.97
CC-1240,none,cleared,0.0
CC-1241,card_not_present_fraud,confirmed_fraud,64.67
CC-1242,card_testing,confirmed_fraud,1421.21
CC-1243,card_not_present_new_device,confirmed_fraud,164.56
CC-1244,none,cleared,0.0
CC-1245,card_not_present_fraud,confirmed_fraud,9.14
CC-1246,none,cleared,0.0
CC-1247,none,cleared,0.0
CC-1248,card_not_present_fraud,confirmed_fraud,150.07
CC-1249,card_not_present_fraud,confirmed_fraud,161.13
CC-1250,card_not_present_new_device,confirmed_fraud,300.04
CC-1251,none,cleared,0.0
CC-1252,card_not_present_new_device,confirmed_fraud,70.29
CC-1253,out_of_region_use,confirmed_fraud,205.94
CC-1254,none,cleared,0.0
CC-1255,card_not_present_fraud,confirmed_fraud,465.0
CC-1256,none,cleared,0.0
CC-1257,none,cleared,0.0
CC-1258,card_not_present_fraud,confirmed_fraud,450.13
CC-1259,none,cleared,0.0
CC-1260,none,cleared,0.0
CC-1261,none,cleared,0.0
CC-1262,none,cleared,0.0
CC-1263,card_not_present_new_device,confirmed_fraud,82.67
CC-1264,none,cleared,0.0
CC-1265,account_takeover,confirmed_fraud,59.89
CC-1266,none,cleared,0.0
CC-1267,none,cleared,0.0
CC-1268,card_not_present_fraud,confirmed_fraud,200.05
CC-1269,account_takeover,confirmed_fraud,170.91
CC-1270,card_not_present_fraud,confirmed_fraud,699.83
CC-1271,account_takeover,confirmed_fraud,209.94
CC-1272,none,cleared,0.0
CC-1273,card_not_present_new_device,confirmed_fraud,51.23
CC-1274,card_not_present_fraud,confirmed_fraud,249.97
CC-1275,card_not_present_new_device,confirmed_fraud,953.27
CC-1276,account_takeover,confirmed_fraud,97.98
CC-1277,none,cleared,0.0
CC-1278,out_of_region_use,confirmed_fraud,845.03
CC-1279,account_takeover,confirmed_fraud,36.51
CC-1280,none,cleared,0.0
CC-1281,card_not_present_new_device,confirmed_fraud,750.07
CC-1282,card_not_present_fraud,confirmed_fraud,249.82
CC-1283,card_not_present_fraud,confirmed_fraud,199.92
CC-1284,none,cleared,0.0
CC-1285,card_not_present_new_device,confirmed_fraud,900.07
CC-1286,card_not_present_fraud,confirmed_fraud,35.04
CC-1287,none,cleared,0.0
CC-1288,card_not_present_new_device,confirmed_fraud,84.28
CC-1289,account_takeover,confirmed_fraud,7687.05
CC-1290,none,cleared,0.0
CC-1291,card_not_present_fraud,confirmed_fraud,99.99
CC-1292,out_of_region_use,confirmed_fraud,112.95
CC-1293,card_not_present_fraud,confirmed_fraud,419.34
CC-1294,account_takeover,confirmed_fraud,203.14
CC-1295,none,cleared,0.0
CC-1296,card_not_present_fraud,confirmed_fraud,16.64
CC-1297,card_not_present_new_device,confirmed_fraud,100.06
CC-1298,card_not_present_new_device,confirmed_fraud,29.15
CC-1299,out_of_region_use,confirmed_fraud,999.0
CC-1300,card_not_present_fraud,confirmed_fraud,112.22
CC-1301,card_not_present_fraud,confirmed_fraud,30.63
CC-1302,card_not_present_new_device,confirmed_fraud,1099.89
CC-1303,none,cleared,0.0
CC-1304,none,cleared,0.0
CC-1305,card_not_present_new_device,confirmed_fraud,241.23
CC-1306,none,cleared,0.0
CC-1307,none,cleared,0.0
CC-1308,card_not_present_fraud,confirmed_fraud,72.11
CC-1309,account_takeover,confirmed_fraud,289.95
CC-1310,none,cleared,0.0
CC-1311,none,cleared,0.0
CC-1312,card_not_present_new_device,confirmed_fraud,149.96
CC-1313,none,cleared,0.0
CC-1314,account_takeover,confirmed_fraud,47.91
CC-1315,card_not_present_fraud,confirmed_fraud,237.89
CC-1316,card_not_present_fraud,confirmed_fraud,399.87
CC-1317,none,cleared,0.0
CC-1318,out_of_region_use,confirmed_fraud,215.97
CC-1319,out_of_region_use,confirmed_fraud,199.99
CC-1320,none,cleared,0.0
CC-1321,none,cleared,0.0
CC-1322,account_takeover,confirmed_fraud,96.95
CC-1323,none,cleared,0.0
CC-1324,card_not_present_fraud,confirmed_fraud,49.98
CC-1325,card_not_present_new_device,confirmed_fraud,199.97
CC-1326,none,cleared,0.0
CC-1327,none,cleared,0.0
CC-1328,card_not_present_new_device,confirmed_fraud,150.06
CC-1329,account_takeover,confirmed_fraud,667.02
CC-1330,account_takeover,confirmed_fraud,340.03
CC-1331,card_not_present_new_device,confirmed_fraud,7649.69
CC-1332,out_of_region_use,confirmed_fraud,98.01
CC-1333,none,cleared,0.0
CC-1334,account_takeover,confirmed_fraud,405.38
CC-1335,card_not_present_new_device,confirmed_fraud,653.63
CC-1336,none,cleared,0.0
CC-1337,out_of_region_use,confirmed_fraud,57.99
CC-1338,out_of_region_use,confirmed_fraud,842.73
CC-1339,card_not_present_fraud,confirmed_fraud,100.02
CC-1340,account_takeover,confirmed_fraud,48.97
CC-1341,card_not_present_new_device,confirmed_fraud,54.57
CC-1342,account_takeover,confirmed_fraud,663.93
CC-1343,account_takeover,confirmed_fraud,116.96
CC-1344,none,cleared,0.0
CC-1345,card_not_present_new_device,confirmed_fraud,149.99
CC-1346,card_not_present_fraud,confirmed_fraud,161.69
CC-1347,none,cleared,0.0
CC-1348,account_takeover,confirmed_fraud,302.01
CC-1349,card_not_present_fraud,confirmed_fraud,125.06
CC-1350,card_not_present_fraud,confirmed_fraud,23.86
CC-1351,none,cleared,0.0
CC-1352,none,cleared,0.0
CC-1353,card_not_present_new_device,confirmed_fraud,32.37
CC-1354,out_of_region_use,confirmed_fraud,206.0
CC-1355,account_takeover,confirmed_fraud,474.93
CC-1356,card_not_present_fraud,confirmed_fraud,275.01
CC-1357,account_takeover,confirmed_fraud,3226.92
CC-1358,card_not_present_fraud,confirmed_fraud,64.74
CC-1359,none,cleared,0.0
CC-1360,none,cleared,0.0
CC-1361,none,cleared,0.0
CC-1362,none,cleared,0.0
CC-1363,none,cleared,0.0
CC-1364,none,cleared,0.0
CC-1365,none,cleared,0.0
CC-1366,none,cleared,0.0
CC-1367,card_not_present_fraud,confirmed_fraud,93.82
CC-1368,account_takeover,confirmed_fraud,58.95
CC-1369,card_not_present_fraud,confirmed_fraud,23.84
CC-1370,card_not_present_new_device,confirmed_fraud,200.08
CC-1371,account_takeover,confirmed_fraud,58.91
CC-1372,account_takeover,confirmed_fraud,136.85
CC-1373,none,cleared,0.0
CC-1374,none,cleared,0.0
CC-1375,card_not_present_fraud,confirmed_fraud,99.93
CC-1376,card_not_present_fraud,confirmed_fraud,60.59
CC-1377,none,cleared,0.0
CC-1378,none,cleared,0.0
CC-1379,card_not_present_new_device,confirmed_fraud,28.83
CC-1380,card_not_present_new_device,confirmed_fraud,49.99
CC-1381,none,cleared,0.0
CC-1382,none,cleared,0.0
CC-1383,none,cleared,0.0
CC-1384,account_takeover,confirmed_fraud,171.08
CC-1385,card_not_present_new_device,confirmed_fraud,612.22
CC-1386,none,cleared,0.0
CC-1387,out_of_region_use,confirmed_fraud,224.01
CC-1388,account_takeover,confirmed_fraud,580.97
CC-1389,none,cleared,0.0
CC-1390,card_not_present_new_device,confirmed_fraud,2281.47
CC-1391,none,cleared,0.0
CC-1392,out_of_region_use,confirmed_fraud,271.35
CC-1393,none,cleared,0.0
CC-1394,none,cleared,0.0
CC-1395,out_of_region_use,confirmed_fraud,159.87
CC-1396,none,cleared,0.0
CC-1397,none,cleared,0.0
CC-1398,account_takeover,confirmed_fraud,170.92
CC-1399,none,cleared,0.0
CC-1400,card_not_present_fraud,confirmed_fraud,25.28
CC-1401,card_not_present_new_device,confirmed_fraud,304.46
CC-1402,none,cleared,0.0
CC-1403,card_not_present_fraud,confirmed_fraud,149.96
CC-1404,none,cleared,0.0
CC-1405,card_not_present_new_device,confirmed_fraud,55.54
CC-1406,card_not_present_fraud,confirmed_fraud,39.91
CC-1407,account_takeover,confirmed_fraud,170.94
CC-1408,card_not_present_new_device,confirmed_fraud,200.15
CC-1409,account_takeover,confirmed_fraud,31.99
CC-1410,out_of_region_use,confirmed_fraud,58.02
CC-1411,account_takeover,confirmed_fraud,29.05
CC-1412,none,cleared,0.0
CC-1413,card_not_present_new_device,confirmed_fraud,250.02
CC-1414,card_not_present_new_device,confirmed_fraud,300.03
CC-1415,card_not_present_new_device,confirmed_fraud,151.95
CC-1416,none,cleared,0.0
CC-1417,account_takeover,confirmed_fraud,44.45
CC-1418,card_not_present_fraud,confirmed_fraud,139.18
CC-1419,none,cleared,0.0
CC-1420,none,cleared,0.0
CC-1421,card_not_present_fraud,confirmed_fraud,32.39
CC-1422,none,cleared,0.0
CC-1423,card_not_present_fraud,confirmed_fraud,85.9
CC-1424,card_not_present_fraud,confirmed_fraud,408.07
CC-1425,out_of_region_use,confirmed_fraud,944.03
CC-1426,none,cleared,0.0
CC-1427,none,cleared,0.0
CC-1428,card_not_present_fraud,confirmed_fraud,49.39
CC-1429,none,cleared,0.0
CC-1430,card_not_present_new_device,confirmed_fraud,750.08
CC-1431,none,cleared,0.0
CC-1432,none,cleared,0.0
CC-1433,card_not_present_new_device,confirmed_fraud,250.01
CC-1434,none,cleared,0.0
CC-1435,none,cleared,0.0
CC-1436,account_takeover,confirmed_fraud,1402.18
CC-1437,account_takeover,confirmed_fraud,118.01
CC-1438,card_not_present_new_device,confirmed_fraud,99.91
CC-1439,card_not_present_new_device,confirmed_fraud,2064.26
CC-1440,none,cleared,0.0
CC-1441,account_takeover,confirmed_fraud,171.06
CC-1442,out_of_region_use,confirmed_fraud,445.03
CC-1443,card_not_present_fraud,confirmed_fraud,300.0
CC-1444,card_not_present_fraud,confirmed_fraud,244.51
CC-1445,none,cleared,0.0
CC-1446,account_takeover,confirmed_fraud,159.87
CC-1447,none,cleared,0.0
CC-1448,card_not_present_new_device,confirmed_fraud,154.14
CC-1449,none,cleared,0.0
CC-1450,account_takeover,confirmed_fraud,2351.25
CC-1451,card_not_present_fraud,confirmed_fraud,21.52
CC-1452,account_takeover,confirmed_fraud,2561.62
CC-1453,out_of_region_use,confirmed_fraud,659.17
CC-1454,account_takeover,confirmed_fraud,1201.89
CC-1455,card_not_present_fraud,confirmed_fraud,46.22
CC-1456,out_of_region_use,confirmed_fraud,1164.13
CC-1457,account_takeover,confirmed_fraud,59.02
CC-1458,card_not_present_fraud,confirmed_fraud,78.94
CC-1459,card_not_present_new_device,confirmed_fraud,299.96
CC-1460,out_of_region_use,confirmed_fraud,427.06
CC-1461,card_not_present_fraud,confirmed_fraud,47.71
CC-1462,none,cleared,0.0
CC-1463,out_of_region_use,confirmed_fraud,170.91
CC-1464,none,cleared,0.0
CC-1465,out_of_region_use,confirmed_fraud,445.0
CC-1466,out_of_region_use,confirmed_fraud,113.06
CC-1467,card_not_present_fraud,confirmed_fraud,35.39
CC-1468,account_takeover,confirmed_fraud,565.34
CC-1469,none,cleared,0.0
CC-1470,out_of_region_use,confirmed_fraud,64.01
CC-1471,none,cleared,0.0
CC-1472,account_takeover,confirmed_fraud,210.0
CC-1473,account_takeover,confirmed_fraud,384.43
CC-1474,card_not_present_new_device,confirmed_fraud,49.98
CC-1475,account_takeover,confirmed_fraud,1307.98
CC-1476,card_not_present_fraud,confirmed_fraud,499.89
CC-1477,card_not_present_new_device,confirmed_fraud,300.0
CC-1478,account_takeover,confirmed_fraud,96.95
CC-1479,out_of_region_use,confirmed_fraud,54.02
CC-1480,none,cleared,0.0
CC-1481,account_takeover,confirmed_fraud,39.07
CC-1482,card_not_present_new_device,confirmed_fraud,151.12
CC-1483,account_takeover,confirmed_fraud,271.39
CC-1484,card_not_present_fraud,confirmed_fraud,50.0
CC-1485,card_not_present_fraud,confirmed_fraud,343.27
CC-1486,card_not_present_new_device,confirmed_fraud,150.08
CC-1487,account_takeover,confirmed_fraud,184.05
CC-1488,account_takeover,confirmed_fraud,864.98
CC-1489,card_not_present_fraud,confirmed_fraud,50.05
CC-1490,none,cleared,0.0
CC-1491,account_takeover,confirmed_fraud,5021.87
CC-1492,card_not_present_fraud,confirmed_fraud,335.41
CC-1493,out_of_region_use,confirmed_fraud,194.1
CC-1494,card_not_present_new_device,confirmed_fraud,300.03
CC-1495,card_not_present_new_device,confirmed_fraud,661.1
CC-1496,account_takeover,confirmed_fraud,924.5
CC-1497,card_not_present_fraud,confirmed_fraud,22.48
CC-1498,card_not_present_new_device,confirmed_fraud,2324.53
CC-1499,none,cleared,0.0
CC-1500,card_not_present_new_device,confirmed_fraud,24.91
CC-1501,account_takeover,confirmed_fraud,2165.01
CC-1502,out_of_region_use,confirmed_fraud,58.97
CC-1503,card_not_present_new_device,confirmed_fraud,203.43
CC-1504,card_not_present_new_device,confirmed_fraud,81.25
CC-1505,none,cleared,0.0
CC-1506,account_takeover,confirmed_fraud,106.96
CC-1507,out_of_region_use,confirmed_fraud,598.8
CC-1508,card_not_present_fraud,confirmed_fraud,109.7
CC-1509,card_not_present_fraud,confirmed_fraud,81.38
CC-1510,account_takeover,confirmed_fraud,319.91
CC-1511,out_of_region_use,confirmed_fraud,292.72
CC-1512,card_not_present_fraud,confirmed_fraud,15.01
CC-1513,card_not_present_new_device,confirmed_fraud,250.07
CC-1514,card_not_present_new_device,confirmed_fraud,294.79
CC-1515,none,cleared,0.0
CC-1516,card_not_present_new_device,confirmed_fraud,274.95
CC-1517,account_takeover,confirmed_fraud,276.99
CC-1518,card_not_present_fraud,confirmed_fraud,299.93
CC-1519,account_takeover,confirmed_fraud,103.86
CC-1520,card_not_present_fraud,confirmed_fraud,14.7
CC-1521,card_not_present_fraud,confirmed_fraud,50.0
CC-1522,none,cleared,0.0
CC-1523,none,cleared,0.0
CC-1524,account_takeover,confirmed_fraud,3532.83
CC-1525,card_not_present_fraud,confirmed_fraud,30.94
CC-1526,card_not_present_new_device,confirmed_fraud,41.43
CC-1527,none,cleared,0.0
CC-1528,account_takeover,confirmed_fraud,680.76
CC-1529,card_not_present_fraud,confirmed_fraud,378.0
CC-1530,none,cleared,0.0
CC-1531,card_not_present_new_device,confirmed_fraud,574.95
CC-1532,card_not_present_fraud,confirmed_fraud,299.99
CC-1533,none,cleared,0.0
CC-1534,out_of_region_use,confirmed_fraud,159.94
CC-1535,account_takeover,confirmed_fraud,1608.84
CC-1536,out_of_region_use,confirmed_fraud,2187.99
CC-1537,account_takeover,confirmed_fraud,310.63
CC-1538,card_not_present_fraud,confirmed_fraud,64.76
CC-1539,card_not_present_new_device,confirmed_fraud,199.93
CC-1540,card_not_present_new_device,confirmed_fraud,223.4
CC-1541,out_of_region_use,confirmed_fraud,77.02
CC-1542,card_not_present_fraud,confirmed_fraud,200.07
CC-1543,account_takeover,confirmed_fraud,23.96
CC-1544,card_not_present_fraud,confirmed_fraud,150.0
CC-1545,none,cleared,0.0
CC-1546,card_not_present_fraud,confirmed_fraud,21.29
CC-1547,account_takeover,confirmed_fraud,1219.07
CC-1548,card_not_present_fraud,confirmed_fraud,9.64
CC-1549,none,cleared,0.0
CC-1550,account_takeover,confirmed_fraud,92.04
CC-1551,out_of_region_use,confirmed_fraud,117.88
CC-1552,account_takeover,confirmed_fraud,170.91
CC-1553,out_of_region_use,confirmed_fraud,481.01
CC-1554,card_not_present_fraud,confirmed_fraud,94.28
CC-1555,account_takeover,confirmed_fraud,226.05
CC-1556,card_not_present_new_device,confirmed_fraud,81.48
CC-1557,card_not_present_new_device,confirmed_fraud,100.01
CC-1558,card_not_present_new_device,confirmed_fraud,200.04
CC-1559,account_takeover,confirmed_fraud,334.92
CC-1560,card_not_present_fraud,confirmed_fraud,120.03
CC-1561,card_not_present_new_device,confirmed_fraud,450.09
CC-1562,out_of_region_use,confirmed_fraud,3041.02
CC-1563,card_not_present_new_device,confirmed_fraud,299.95
CC-1564,account_takeover,confirmed_fraud,49.04
CC-1565,account_takeover,confirmed_fraud,464.94
CC-1566,account_takeover,confirmed_fraud,107.94
CC-1567,none,cleared,0.0
CC-1568,card_not_present_fraud,confirmed_fraud,35.82
CC-1569,card_not_present_new_device,confirmed_fraud,487.49
CC-1570,card_not_present_fraud,confirmed_fraud,250.05
CC-1571,card_not_present_new_device,confirmed_fraud,74.41
CC-1572,card_not_present_fraud,confirmed_fraud,697.0
CC-1573,card_not_present_new_device,confirmed_fraud,55.9
CC-1574,out_of_region_use,confirmed_fraud,30.93
CC-1575,out_of_region_use,confirmed_fraud,485.03
CC-1576,out_of_region_use,confirmed_fraud,1859.21
CC-1577,out_of_region_use,confirmed_fraud,29.03
CC-1578,none,cleared,0.0
CC-1579,card_not_present_fraud,confirmed_fraud,19.98
CC-1580,card_not_present_new_device,confirmed_fraud,49.98
CC-1581,card_not_present_fraud,confirmed_fraud,44.79
CC-1582,out_of_region_use,confirmed_fraud,225.92
CC-1583,account_takeover,confirmed_fraud,2188.15
CC-1584,none,cleared,0.0
CC-1585,out_of_region_use,confirmed_fraud,171.0
CC-1586,card_not_present_fraud,confirmed_fraud,99.24
CC-1587,card_not_present_fraud,confirmed_fraud,200.07
CC-1588,card_not_present_new_device,confirmed_fraud,100.09
CC-1589,none,cleared,0.0
CC-1590,card_not_present_fraud,confirmed_fraud,223.33
CC-1591,card_not_present_new_device,confirmed_fraud,300.07
CC-1592,account_takeover,confirmed_fraud,219.41
CC-1593,card_not_present_new_device,confirmed_fraud,162.27
CC-1594,account_takeover,confirmed_fraud,1062.24
CC-1595,card_not_present_fraud,confirmed_fraud,149.93
CC-1596,account_takeover,confirmed_fraud,554.08
CC-1597,none,cleared,0.0
CC-1598,card_not_present_new_device,confirmed_fraud,124.84
CC-1599,card_not_present_new_device,confirmed_fraud,58.49
CC-1600,none,cleared,0.0
CC-1601,card_not_present_fraud,confirmed_fraud,24.7
CC-1602,card_not_present_fraud,confirmed_fraud,21.33
CC-1603,none,cleared,0.0
CC-1604,account_takeover,confirmed_fraud,117.02
CC-1605,none,cleared,0.0
CC-1606,none,cleared,0.0
CC-1607,card_not_present_new_device,confirmed_fraud,49.95
CC-1608,card_not_present_fraud,confirmed_fraud,94.3
CC-1609,account_takeover,confirmed_fraud,78.01
CC-1610,none,cleared,0.0
CC-1611,card_not_present_new_device,confirmed_fraud,178.97
CC-1612,account_takeover,confirmed_fraud,291.98
CC-1613,card_not_present_new_device,confirmed_fraud,699.99
CC-1614,card_not_present_fraud,confirmed_fraud,62.23
CC-1615,none,cleared,0.0
CC-1616,out_of_region_use,confirmed_fraud,30.99
CC-1617,account_takeover,confirmed_fraud,226.01
CC-1618,card_not_present_fraud,confirmed_fraud,92.5
CC-1619,card_not_present_fraud,confirmed_fraud,35.84
CC-1620,account_takeover,confirmed_fraud,345.98
CC-1621,card_not_present_fraud,confirmed_fraud,62.31
CC-1622,account_takeover,confirmed_fraud,4764.62
CC-1623,account_takeover,confirmed_fraud,968.0
CC-1624,account_takeover,confirmed_fraud,453.86
CC-1625,account_takeover,confirmed_fraud,92.04
CC-1626,account_takeover,confirmed_fraud,226.01
CC-1627,out_of_region_use,confirmed_fraud,117.09
CC-1628,account_takeover,confirmed_fraud,1065.05
CC-1629,account_takeover,confirmed_fraud,183.85
CC-1630,account_takeover,confirmed_fraud,133.08
CC-1631,card_not_present_fraud,confirmed_fraud,8.01
CC-1632,none,cleared,0.0
CC-1633,card_not_present_fraud,confirmed_fraud,150.08
CC-1634,none,cleared,0.0
CC-1635,none,cleared,0.0
CC-1636,account_takeover,confirmed_fraud,107.88
CC-1637,none,cleared,0.0
CC-1638,out_of_region_use,confirmed_fraud,225.99
CC-1639,account_takeover,confirmed_fraud,688.88
CC-1640,card_not_present_fraud,confirmed_fraud,38.76
CC-1641,card_not_present_fraud,confirmed_fraud,514.27
CC-1642,out_of_region_use,confirmed_fraud,160.02
CC-1643,card_not_present_new_device,confirmed_fraud,572.43
CC-1644,account_takeover,confirmed_fraud,1147.96
CC-1645,none,cleared,0.0
CC-1646,account_takeover,confirmed_fraud,31.0
CC-1647,account_takeover,confirmed_fraud,279.91
CC-1648,out_of_region_use,confirmed_fraud,402.9
CC-1649,card_not_present_new_device,confirmed_fraud,89.56
CC-1650,card_not_present_fraud,confirmed_fraud,21.26
CC-1651,account_takeover,confirmed_fraud,225.91
CC-1652,none,cleared,0.0
CC-1653,out_of_region_use,confirmed_fraud,335.05
CC-1654,out_of_region_use,confirmed_fraud,108.09
CC-1655,account_takeover,confirmed_fraud,25.89
CC-1656,card_not_present_fraud,confirmed_fraud,28.65
CC-1657,out_of_region_use,confirmed_fraud,330.13
CC-1658,account_takeover,confirmed_fraud,229.94
CC-1659,card_not_present_fraud,confirmed_fraud,62.36
CC-1660,none,cleared,0.0
CC-1661,card_not_present_fraud,confirmed_fraud,6.25
CC-1662,card_not_present_fraud,confirmed_fraud,66.38
CC-1663,card_not_present_fraud,confirmed_fraud,12.97
CC-1664,card_not_present_new_device,confirmed_fraud,299.94
CC-1665,out_of_region_use,confirmed_fraud,427.17
CC-1666,none,cleared,0.0
CC-1667,card_not_present_new_device,confirmed_fraud,249.12
CC-1668,card_not_present_fraud,confirmed_fraud,138.46
CC-1669,account_takeover,confirmed_fraud,727.03
CC-1670,account_takeover,confirmed_fraud,87.09
CC-1671,out_of_region_use,confirmed_fraud,311.98
CC-1672,card_not_present_new_device,confirmed_fraud,174.92
CC-1673,card_not_present_new_device,confirmed_fraud,199.98
CC-1674,card_not_present_new_device,confirmed_fraud,199.9
CC-1675,card_not_present_new_device,confirmed_fraud,299.86
CC-1676,card_not_present_fraud,confirmed_fraud,92.47
CC-1677,card_not_present_new_device,confirmed_fraud,899.93
CC-1678,out_of_region_use,confirmed_fraud,234.13
CC-1679,account_takeover,confirmed_fraud,101.85
CC-1680,none,cleared,0.0
CC-1681,card_not_present_new_device,confirmed_fraud,150.06
CC-1682,out_of_region_use,confirmed_fraud,206.01
CC-1683,card_not_present_fraud,confirmed_fraud,28.19
CC-1684,card_not_present_new_device,confirmed_fraud,42.91
CC-1685,account_takeover,confirmed_fraud,58.99
CC-1686,account_takeover,confirmed_fraud,108.02
CC-1687,account_takeover,confirmed_fraud,226.07
CC-1688,card_not_present_new_device,confirmed_fraud,149.97
CC-1689,out_of_region_use,confirmed_fraud,135.93
CC-1690,account_takeover,confirmed_fraud,919.83
CC-1691,card_not_present_new_device,confirmed_fraud,86.2
CC-1692,card_not_present_fraud,confirmed_fraud,49.45
CC-1693,account_takeover,confirmed_fraud,237.08
CC-1694,card_not_present_new_device,confirmed_fraud,18.49
CC-1695,account_takeover,confirmed_fraud,234.13
CC-1696,none,cleared,0.0
CC-1697,card_not_present_new_device,confirmed_fraud,50.01
CC-1698,account_takeover,confirmed_fraud,420.37
CC-1699,account_takeover,confirmed_fraud,329.06
CC-1700,out_of_region_use,confirmed_fraud,48.93
CC-1701,card_not_present_fraud,confirmed_fraud,71.02
CC-1702,none,cleared,0.0
CC-1703,card_not_present_new_device,confirmed_fraud,874.55
CC-1704,card_not_present_fraud,confirmed_fraud,85.72
CC-1705,card_not_present_new_device,confirmed_fraud,23.95
CC-1706,account_takeover,confirmed_fraud,141.09
CC-1707,out_of_region_use,confirmed_fraud,57.88
CC-1708,card_not_present_fraud,confirmed_fraud,25.33
CC-1709,none,cleared,0.0
CC-1710,account_takeover,confirmed_fraud,507.48
CC-1711,card_not_present_fraud,confirmed_fraud,200.06
CC-1712,out_of_region_use,confirmed_fraud,2607.93
CC-1713,card_not_present_fraud,confirmed_fraud,99.93
CC-1714,account_takeover,confirmed_fraud,822.53
CC-1715,card_not_present_new_device,confirmed_fraud,553.72
CC-1716,account_takeover,confirmed_fraud,98.03
CC-1717,account_takeover,confirmed_fraud,167.04
CC-1718,card_not_present_new_device,confirmed_fraud,100.06
CC-1719,card_not_present_new_device,confirmed_fraud,3379.51
CC-1720,card_not_present_new_device,confirmed_fraud,449.99
CC-1721,account_takeover,confirmed_fraud,369.81
CC-1722,account_takeover,confirmed_fraud,225.98
CC-1723,out_of_region_use,confirmed_fraud,47.9
CC-1724,out_of_region_use,confirmed_fraud,222.0
CC-1725,out_of_region_use,confirmed_fraud,1107.82
CC-1726,account_takeover,confirmed_fraud,895.04
CC-1727,account_takeover,confirmed_fraud,458.72
CC-1728,account_takeover,confirmed_fraud,117.92
CC-1729,out_of_region_use,confirmed_fraud,994.01
CC-1730,card_not_present_fraud,confirmed_fraud,102.99
CC-1731,card_not_present_new_device,confirmed_fraud,450.02
CC-1732,none,cleared,0.0
CC-1733,card_not_present_new_device,confirmed_fraud,30.02
CC-1734,card_not_present_new_device,confirmed_fraud,59.84
CC-1735,card_not_present_fraud,confirmed_fraud,38.73
CC-1736,card_not_present_fraud,confirmed_fraud,9.9
CC-1737,card_not_present_fraud,confirmed_fraud,19.15
CC-1738,card_not_present_fraud,confirmed_fraud,75.31
CC-1739,out_of_region_use,confirmed_fraud,91.92
CC-1740,card_not_present_new_device,confirmed_fraud,249.95
CC-1741,card_not_present_fraud,confirmed_fraud,66.79
CC-1742,account_takeover,confirmed_fraud,39.02
CC-1743,card_not_present_fraud,confirmed_fraud,299.9
CC-1744,card_not_present_fraud,confirmed_fraud,449.95
CC-1745,account_takeover,confirmed_fraud,59.09
CC-1746,none,cleared,0.0
CC-1747,card_not_present_new_device,confirmed_fraud,297.88
CC-1748,account_takeover,confirmed_fraud,1317.04
CC-1749,out_of_region_use,confirmed_fraud,196.03
CC-1750,card_not_present_new_device,confirmed_fraud,1000.21
CC-1751,card_not_present_new_device,confirmed_fraud,500.07
CC-1752,account_takeover,confirmed_fraud,241.05
CC-1753,card_not_present_new_device,confirmed_fraud,299.98
CC-1754,card_not_present_new_device,confirmed_fraud,280.95
CC-1755,card_not_present_fraud,confirmed_fraud,150.02
CC-1756,card_not_present_new_device,confirmed_fraud,323.82
CC-1757,none,cleared,0.0
CC-1758,card_not_present_fraud,confirmed_fraud,175.0
CC-1759,card_not_present_fraud,confirmed_fraud,53.13
CC-1760,card_not_present_fraud,confirmed_fraud,37.38
CC-1761,none,cleared,0.0
CC-1762,card_not_present_fraud,confirmed_fraud,66.5
CC-1763,account_takeover,confirmed_fraud,96.99
CC-1764,card_not_present_fraud,confirmed_fraud,42.94
CC-1765,card_not_present_fraud,confirmed_fraud,25.62
CC-1766,card_not_present_fraud,confirmed_fraud,74.5
CC-1767,account_takeover,confirmed_fraud,59.09
CC-1768,card_not_present_fraud,confirmed_fraud,175.08
CC-1769,card_not_present_fraud,confirmed_fraud,450.03
CC-1770,card_not_present_fraud,confirmed_fraud,83.6
CC-1771,card_not_present_new_device,confirmed_fraud,270.63
CC-1772,card_not_present_new_device,confirmed_fraud,51.95
CC-1773,out_of_region_use,confirmed_fraud,48.92
CC-1774,card_not_present_fraud,confirmed_fraud,180.51
CC-1775,card_not_present_new_device,confirmed_fraud,266.78
CC-1776,account_takeover,confirmed_fraud,793.88
CC-1777,card_not_present_new_device,confirmed_fraud,399.87
CC-1778,card_not_present_new_device,confirmed_fraud,100.0
CC-1779,card_not_present_fraud,confirmed_fraud,999.93
CC-1780,card_not_present_new_device,confirmed_fraud,150.02
CC-1781,account_takeover,confirmed_fraud,171.06
CC-1782,card_not_present_new_device,confirmed_fraud,400.0
CC-1783,account_takeover,confirmed_fraud,1903.24
CC-1784,none,cleared,0.0
CC-1785,card_not_present_new_device,confirmed_fraud,174.95
CC-1786,card_not_present_new_device,confirmed_fraud,499.92
CC-1787,out_of_region_use,confirmed_fraud,38.96
CC-1788,out_of_region_use,confirmed_fraud,414.89
CC-1789,card_not_present_new_device,confirmed_fraud,300.03
CC-1790,out_of_region_use,confirmed_fraud,424.89
CC-1791,card_not_present_fraud,confirmed_fraud,61.85
CC-1792,card_not_present_new_device,confirmed_fraud,499.85
CC-1793,out_of_region_use,confirmed_fraud,1724.0
CC-1794,card_not_present_new_device,confirmed_fraud,600.22
CC-1795,card_not_present_new_device,confirmed_fraud,274.96
CC-1796,card_not_present_fraud,confirmed_fraud,300.17
CC-1797,card_not_present_fraud,confirmed_fraud,40.81
CC-1798,account_takeover,confirmed_fraud,137.04
CC-1799,card_not_present_fraud,confirmed_fraud,26.92
CC-1800,account_takeover,confirmed_fraud,116.93
CC-1801,card_not_present_fraud,confirmed_fraud,42.76
CC-1802,none,cleared,0.0
CC-1803,card_not_present_new_device,confirmed_fraud,449.93
CC-1804,account_takeover,confirmed_fraud,590.08
CC-1805,account_takeover,confirmed_fraud,221.08
CC-1806,card_not_present_new_device,confirmed_fraud,50.06
CC-1807,account_takeover,confirmed_fraud,107.91
CC-1808,out_of_region_use,confirmed_fraud,342.97
CC-1809,card_not_present_new_device,confirmed_fraud,799.93
CC-1810,card_not_present_fraud,confirmed_fraud,20.04
CC-1811,out_of_region_use,confirmed_fraud,292.51
CC-1812,card_not_present_fraud,confirmed_fraud,66.39
CC-1813,card_not_present_new_device,confirmed_fraud,299.93
CC-1814,out_of_region_use,confirmed_fraud,171.0
CC-1815,card_not_present_fraud,confirmed_fraud,127.26
CC-1816,account_takeover,confirmed_fraud,117.13
CC-1817,card_not_present_fraud,confirmed_fraud,126.99
CC-1818,account_takeover,confirmed_fraud,56.04
CC-1819,card_not_present_fraud,confirmed_fraud,199.98
CC-1820,card_not_present_fraud,confirmed_fraud,1499.87
CC-1821,card_not_present_new_device,confirmed_fraud,500.07
CC-1822,out_of_region_use,confirmed_fraud,33.98
CC-1823,out_of_region_use,confirmed_fraud,58.02
CC-1824,none,cleared,0.0
CC-1825,out_of_region_use,confirmed_fraud,53.02
CC-1826,card_not_present_new_device,confirmed_fraud,374.98
CC-1827,account_takeover,confirmed_fraud,38.98
CC-1828,out_of_region_use,confirmed_fraud,40.92
CC-1829,card_not_present_fraud,confirmed_fraud,100.03
CC-1830,account_takeover,confirmed_fraud,34.08
CC-1831,out_of_region_use,confirmed_fraud,48.92
CC-1832,card_not_present_new_device,confirmed_fraud,169.87
CC-1833,account_takeover,confirmed_fraud,2058.89
CC-1834,card_not_present_new_device,confirmed_fraud,109.99
CC-1835,card_not_present_fraud,confirmed_fraud,400.07
CC-1836,card_not_present_fraud,confirmed_fraud,21.43
CC-1837,card_not_present_fraud,confirmed_fraud,170.1
CC-1838,none,cleared,0.0
CC-1839,card_not_present_fraud,confirmed_fraud,1399.82
CC-1840,out_of_region_use,confirmed_fraud,194.06
CC-1841,none,cleared,0.0
CC-1842,none,cleared,0.0
CC-1843,account_takeover,confirmed_fraud,28.92
CC-1844,card_not_present_new_device,confirmed_fraud,400.09
CC-1845,card_not_present_fraud,confirmed_fraud,299.91
CC-1846,card_not_present_new_device,confirmed_fraud,50.06
CC-1847,card_not_present_fraud,confirmed_fraud,66.42
CC-1848,account_takeover,confirmed_fraud,39.0
CC-1849,out_of_region_use,confirmed_fraud,261.06
CC-1850,card_not_present_fraud,confirmed_fraud,175.09
CC-1851,card_not_present_fraud,confirmed_fraud,50.08
CC-1852,card_not_present_fraud,confirmed_fraud,449.91
CC-1853,none,cleared,0.0
CC-1854,out_of_region_use,confirmed_fraud,155.85
CC-1855,card_not_present_fraud,confirmed_fraud,375.09
CC-1856,card_not_present_new_device,confirmed_fraud,252.81
CC-1857,card_not_present_fraud,confirmed_fraud,899.93
CC-1858,card_not_present_fraud,confirmed_fraud,150.08
CC-1859,card_not_present_fraud,confirmed_fraud,26.03
CC-1860,card_not_present_fraud,confirmed_fraud,200.17
CC-1861,account_takeover,confirmed_fraud,44.44
CC-1862,card_not_present_new_device,confirmed_fraud,199.94
CC-1863,card_not_present_new_device,confirmed_fraud,149.98
CC-1864,card_not_present_fraud,confirmed_fraud,136.26
CC-1865,card_not_present_fraud,confirmed_fraud,49.93
CC-1866,out_of_region_use,confirmed_fraud,199.94
CC-1867,account_takeover,confirmed_fraud,56.0
CC-1868,account_takeover,confirmed_fraud,59.04
CC-1869,card_not_present_fraud,confirmed_fraud,200.0
CC-1870,account_takeover,confirmed_fraud,29.03
CC-1871,card_not_present_new_device,confirmed_fraud,68.97
CC-1872,card_not_present_fraud,confirmed_fraud,7.83
CC-1873,card_not_present_new_device,confirmed_fraud,57.32
CC-1874,card_not_present_fraud,confirmed_fraud,199.96
CC-1875,account_takeover,confirmed_fraud,173.92
CC-1876,out_of_region_use,confirmed_fraud,767.1
CC-1877,account_takeover,confirmed_fraud,225.98
CC-1878,none,cleared,0.0
CC-1879,card_not_present_fraud,confirmed_fraud,44.34
CC-1880,card_not_present_new_device,confirmed_fraud,24.92
CC-1881,none,cleared,0.0
CC-1882,account_takeover,confirmed_fraud,108.43
CC-1883,card_not_present_new_device,confirmed_fraud,49.95
CC-1884,card_not_present_new_device,confirmed_fraud,1080.06
CC-1885,card_not_present_new_device,confirmed_fraud,49.94
CC-1886,card_not_present_new_device,confirmed_fraud,200.07
CC-1887,none,cleared,0.0
CC-1888,account_takeover,confirmed_fraud,58.94
CC-1889,card_not_present_fraud,confirmed_fraud,299.99
CC-1890,card_not_present_fraud,confirmed_fraud,175.08
CC-1891,card_not_present_new_device,confirmed_fraud,54.97
CC-1892,card_not_present_new_device,confirmed_fraud,49.98
CC-1893,account_takeover,confirmed_fraud,2804.82
CC-1894,out_of_region_use,confirmed_fraud,116.95
CC-1895,card_not_present_new_device,confirmed_fraud,66.62
CC-1896,card_not_present_fraud,confirmed_fraud,99.97
CC-1897,account_takeover,confirmed_fraud,87.87
CC-1898,card_not_present_new_device,confirmed_fraud,49.98
CC-1899,card_not_present_new_device,confirmed_fraud,99.94
CC-1900,card_not_present_new_device,confirmed_fraud,200.07
CC-1901,card_not_present_fraud,confirmed_fraud,375.01
CC-1902,account_takeover,confirmed_fraud,181.1
CC-1903,out_of_region_use,confirmed_fraud,54.02
CC-1904,out_of_region_use,confirmed_fraud,96.94
CC-1905,out_of_region_use,confirmed_fraud,223.0
CC-1906,account_takeover,confirmed_fraud,88.55
CC-1907,out_of_region_use,confirmed_fraud,1112.0
CC-1908,card_not_present_new_device,confirmed_fraud,75.05
CC-1909,card_not_present_new_device,confirmed_fraud,400.16
CC-1910,card_not_present_new_device,confirmed_fraud,50.75
CC-1911,account_takeover,confirmed_fraud,33.94
CC-1912,card_not_present_fraud,confirmed_fraud,1599.89
CC-1913,card_not_present_new_device,confirmed_fraud,93.71
CC-1914,card_not_present_new_device,confirmed_fraud,400.0
CC-1915,card_not_present_new_device,confirmed_fraud,63.99
CC-1916,card_not_present_fraud,confirmed_fraud,100.08
CC-1917,card_not_present_new_device,confirmed_fraud,100.04
CC-1918,card_not_present_fraud,confirmed_fraud,268.33
CC-1919,card_not_present_new_device,confirmed_fraud,100.08
CC-1920,card_not_present_fraud,confirmed_fraud,300.0
CC-1921,card_not_present_new_device,confirmed_fraud,9.99
CC-1922,account_takeover,confirmed_fraud,451.95
CC-1923,account_takeover,confirmed_fraud,83.87
CC-1924,card_not_present_new_device,confirmed_fraud,200.07
CC-1925,card_not_present_fraud,confirmed_fraud,120.3
CC-1926,card_not_present_fraud,confirmed_fraud,189.28
CC-1927,card_not_present_fraud,confirmed_fraud,40.71
CC-1928,card_not_present_new_device,confirmed_fraud,36.16
CC-1929,card_not_present_new_device,confirmed_fraud,166.98
CC-1930,account_takeover,confirmed_fraud,6539.73
CC-1931,card_not_present_fraud,confirmed_fraud,500.03
CC-1932,card_not_present_fraud,confirmed_fraud,27.17
CC-1933,account_takeover,confirmed_fraud,92.01
CC-1934,card_not_present_new_device,confirmed_fraud,200.0
CC-1935,account_takeover,confirmed_fraud,170.92
CC-1936,account_takeover,confirmed_fraud,77.95
CC-1937,out_of_region_use,confirmed_fraud,445.07
CC-1938,none,cleared,0.0
CC-1939,card_not_present_fraud,confirmed_fraud,599.88
CC-1940,card_not_present_fraud,confirmed_fraud,37.37
CC-1941,card_not_present_new_device,confirmed_fraud,162.59
CC-1942,card_not_present_fraud,confirmed_fraud,249.93
CC-1943,card_not_present_new_device,confirmed_fraud,200.01
CC-1944,none,cleared,0.0
CC-1945,card_not_present_new_device,confirmed_fraud,375.09
CC-1946,out_of_region_use,confirmed_fraud,215.07
CC-1947,account_takeover,confirmed_fraud,4225.14
CC-1948,card_not_present_new_device,confirmed_fraud,697.67
CC-1949,card_not_present_new_device,confirmed_fraud,1800.08
CC-1950,card_not_present_fraud,confirmed_fraud,66.77
CC-1951,card_not_present_new_device,confirmed_fraud,85.52
CC-1952,out_of_region_use,confirmed_fraud,561.12
CC-1953,out_of_region_use,confirmed_fraud,33.95
CC-1954,card_not_present_fraud,confirmed_fraud,40.38
CC-1955,card_not_present_fraud,confirmed_fraud,299.91
CC-1956,out_of_region_use,confirmed_fraud,248.4
CC-1957,out_of_region_use,confirmed_fraud,342.14
CC-1958,out_of_region_use,confirmed_fraud,306.42
CC-1959,account_takeover,confirmed_fraud,795.21
CC-1960,account_takeover,confirmed_fraud,461.87
CC-1961,card_not_present_fraud,confirmed_fraud,33.49
CC-1962,card_not_present_new_device,confirmed_fraud,113.9
CC-1963,card_not_present_new_device,confirmed_fraud,50.03
CC-1964,out_of_region_use,confirmed_fraud,4970.02
CC-1965,card_not_present_new_device,confirmed_fraud,25.36
CC-1966,none,cleared,0.0
CC-1967,card_not_present_new_device,confirmed_fraud,49.98
CC-1968,account_takeover,confirmed_fraud,849.07
CC-1969,card_not_present_new_device,confirmed_fraud,161.1
CC-1970,account_takeover,confirmed_fraud,280.06
CC-1971,account_takeover,confirmed_fraud,49.08
CC-1972,account_takeover,confirmed_fraud,112.99
CC-1973,card_not_present_new_device,confirmed_fraud,197.82
CC-1974,card_not_present_new_device,confirmed_fraud,223.91
CC-1975,account_takeover,confirmed_fraud,1549.1
CC-1976,card_not_present_fraud,confirmed_fraud,29.92
CC-1977,card_not_present_fraud,confirmed_fraud,66.63
CC-1978,card_not_present_fraud,confirmed_fraud,139.83
CC-1979,card_not_present_new_device,confirmed_fraud,225.07
CC-1980,card_not_present_fraud,confirmed_fraud,449.94
CC-1981,card_not_present_fraud,confirmed_fraud,40.78
CC-1982,none,cleared,0.0
CC-1983,card_not_present_fraud,confirmed_fraud,124.89
CC-1984,card_not_present_fraud,confirmed_fraud,54.72
CC-1985,card_not_present_fraud,confirmed_fraud,100.07
CC-1986,card_not_present_fraud,confirmed_fraud,299.95
CC-1987,card_not_present_fraud,confirmed_fraud,99.92
CC-1988,account_takeover,confirmed_fraud,667.74
CC-1989,account_takeover,confirmed_fraud,30.96
CC-1990,card_not_present_new_device,confirmed_fraud,475.03
CC-1991,card_not_present_new_device,confirmed_fraud,1350.26
CC-1992,out_of_region_use,confirmed_fraud,190.01
CC-1993,out_of_region_use,confirmed_fraud,498.93
CC-1994,out_of_region_use,confirmed_fraud,107.99
CC-1995,card_not_present_new_device,confirmed_fraud,300.03
CC-1996,card_not_present_fraud,confirmed_fraud,30.78
CC-1997,card_not_present_new_device,confirmed_fraud,576.81
CC-1998,card_not_present_new_device,confirmed_fraud,600.49
CC-1999,card_not_present_fraud,confirmed_fraud,99.99
CC-2000,account_takeover,confirmed_fraud,141.08
CC-2001,account_takeover,confirmed_fraud,440.15
CC-2002,card_not_present_new_device,confirmed_fraud,50.09
CC-2003,account_takeover,confirmed_fraud,98.04
CC-2004,card_not_present_fraud,confirmed_fraud,85.3
CC-2005,card_not_present_fraud,confirmed_fraud,100.06
CC-2006,account_takeover,confirmed_fraud,175.6
CC-2007,none,cleared,0.0
CC-2008,card_not_present_new_device,confirmed_fraud,74.97
CC-2009,out_of_region_use,confirmed_fraud,1344.98
CC-2010,out_of_region_use,confirmed_fraud,1225.01
CC-2011,out_of_region_use,confirmed_fraud,3059.89
CC-2012,account_takeover,confirmed_fraud,361.93
CC-2013,card_not_present_new_device,confirmed_fraud,64.76
CC-2014,account_takeover,confirmed_fraud,245.12
CC-2015,out_of_region_use,confirmed_fraud,78.01
CC-2016,card_not_present_fraud,confirmed_fraud,175.02
CC-2017,none,cleared,0.0
CC-2018,out_of_region_use,confirmed_fraud,219.97
CC-2019,card_not_present_new_device,confirmed_fraud,49.91
CC-2020,none,cleared,0.0
CC-2021,none,cleared,0.0
CC-2022,card_not_present_fraud,confirmed_fraud,60.32
CC-2023,account_takeover,confirmed_fraud,687.91
CC-2024,card_not_present_fraud,confirmed_fraud,134.14
CC-2025,card_not_present_fraud,confirmed_fraud,150.01
CC-2026,out_of_region_use,confirmed_fraud,30.0
CC-2027,card_not_present_fraud,confirmed_fraud,28.91
CC-2028,card_not_present_new_device,confirmed_fraud,99.96
CC-2029,card_not_present_fraud,confirmed_fraud,499.97
CC-2030,account_takeover,confirmed_fraud,34.04
CC-2031,card_not_present_fraud,confirmed_fraud,200.06
CC-2032,out_of_region_use,confirmed_fraud,33.99
CC-2033,card_not_present_fraud,confirmed_fraud,99.95
CC-2034,account_takeover,confirmed_fraud,553.99
CC-2035,out_of_region_use,confirmed_fraud,351.03
CC-2036,card_not_present_fraud,confirmed_fraud,150.07
CC-2037,none,cleared,0.0
CC-2038,card_not_present_new_device,confirmed_fraud,14.84
CC-2039,card_not_present_new_device,confirmed_fraud,224.91
CC-2040,out_of_region_use,confirmed_fraud,77.02
CC-2041,none,cleared,0.0
CC-2042,none,cleared,0.0
CC-2043,card_not_present_fraud,confirmed_fraud,299.95
CC-2044,card_not_present_new_device,confirmed_fraud,174.94
CC-2045,card_not_present_fraud,confirmed_fraud,91.51
CC-2046,card_not_present_fraud,confirmed_fraud,74.92
CC-2047,out_of_region_use,confirmed_fraud,1651.03
CC-2048,card_not_present_fraud,confirmed_fraud,19.91
CC-2049,card_not_present_fraud,confirmed_fraud,199.93
CC-2050,account_takeover,confirmed_fraud,1606.68
CC-2051,account_takeover,confirmed_fraud,226.12
CC-2052,none,cleared,0.0
CC-2053,card_not_present_new_device,confirmed_fraud,419.29
CC-2054,account_takeover,confirmed_fraud,309.95
CC-2055,account_takeover,confirmed_fraud,850.99
CC-2056,none,cleared,0.0
CC-2057,account_takeover,confirmed_fraud,14669.94
CC-2058,none,cleared,0.0
CC-2059,card_not_present_new_device,confirmed_fraud,116.95
CC-2060,card_not_present_new_device,confirmed_fraud,199.99
CC-2061,card_not_present_new_device,confirmed_fraud,75.03
CC-2062,card_not_present_fraud,confirmed_fraud,299.95
CC-2063,card_not_present_new_device,confirmed_fraud,174.96
CC-2064,card_not_present_new_device,confirmed_fraud,208.47
CC-2065,card_not_present_new_device,confirmed_fraud,74.95
CC-2066,card_not_present_fraud,confirmed_fraud,150.09
CC-2067,out_of_region_use,confirmed_fraud,28.95
CC-2068,card_not_present_fraud,confirmed_fraud,15.36
CC-2069,card_not_present_new_device,confirmed_fraud,518.5
CC-2070,card_not_present_fraud,confirmed_fraud,300.0
CC-2071,out_of_region_use,confirmed_fraud,311.94
CC-2072,card_not_present_fraud,confirmed_fraud,15.3
CC-2073,card_not_present_new_device,confirmed_fraud,74.95
CC-2074,account_takeover,confirmed_fraud,97.97
CC-2075,out_of_region_use,confirmed_fraud,219.92
CC-2076,account_takeover,confirmed_fraud,116.95
CC-2077,none,cleared,0.0
CC-2078,none,cleared,0.0
CC-2079,card_not_present_new_device,confirmed_fraud,399.97
CC-2080,card_not_present_fraud,confirmed_fraud,150.07
CC-2081,card_not_present_fraud,confirmed_fraud,21.37
CC-2082,card_not_present_new_device,confirmed_fraud,300.02
CC-2083,out_of_region_use,confirmed_fraud,1821.83
CC-2084,card_not_present_fraud,confirmed_fraud,125.0
CC-2085,card_not_present_new_device,confirmed_fraud,502.76
CC-2086,account_takeover,confirmed_fraud,1045.57
CC-2087,none,cleared,0.0
CC-2088,card_not_present_new_device,confirmed_fraud,25.02
CC-2089,none,cleared,0.0
CC-2090,out_of_region_use,confirmed_fraud,15.06
CC-2091,none,cleared,0.0
CC-2092,account_takeover,confirmed_fraud,49.02
CC-2093,card_not_present_fraud,confirmed_fraud,99.91
CC-2094,card_not_present_new_device,confirmed_fraud,149.95
CC-2095,none,cleared,0.0
CC-2096,none,cleared,0.0
CC-2097,account_takeover,confirmed_fraud,67.94
CC-2098,out_of_region_use,confirmed_fraud,188.02
CC-2099,out_of_region_use,confirmed_fraud,647.87
CC-2100,none,cleared,0.0
CC-2101,account_takeover,confirmed_fraud,185.99
CC-2102,card_not_present_new_device,confirmed_fraud,24.92
CC-2103,card_not_present_new_device,confirmed_fraud,59.82
CC-2104,account_takeover,confirmed_fraud,129.41
CC-2105,none,cleared,0.0
CC-2106,card_not_present_fraud,confirmed_fraud,45.47
CC-2107,out_of_region_use,confirmed_fraud,23.97
CC-2108,card_not_present_fraud,confirmed_fraud,300.03
CC-2109,card_not_present_fraud,confirmed_fraud,139.66
CC-2110,out_of_region_use,confirmed_fraud,166.91
CC-2111,card_not_present_fraud,confirmed_fraud,30.64
CC-2112,out_of_region_use,confirmed_fraud,108.01
CC-2113,card_not_present_new_device,confirmed_fraud,30.11
CC-2114,card_not_present_fraud,confirmed_fraud,224.96
CC-2115,account_takeover,confirmed_fraud,207.94
CC-2116,card_not_present_fraud,confirmed_fraud,24.86
CC-2117,card_not_present_new_device,confirmed_fraud,185.3
CC-2118,out_of_region_use,confirmed_fraud,166.94
CC-2119,card_not_present_new_device,confirmed_fraud,150.0
CC-2120,card_not_present_fraud,confirmed_fraud,300.03
CC-2121,card_not_present_fraud,confirmed_fraud,102.68
CC-2122,card_not_present_new_device,confirmed_fraud,50.02
CC-2123,card_not_present_new_device,confirmed_fraud,74.98
CC-2124,account_takeover,confirmed_fraud,1861.07
CC-2125,card_not_present_new_device,confirmed_fraud,407.26
CC-2126,account_takeover,confirmed_fraud,384.42
CC-2127,card_not_present_new_device,confirmed_fraud,225.03
CC-2128,account_takeover,confirmed_fraud,87.06
CC-2129,none,cleared,0.0
CC-2130,out_of_region_use,confirmed_fraud,210.04
CC-2131,account_takeover,confirmed_fraud,33.99
CC-2132,none,cleared,0.0
CC-2133,card_not_present_fraud,confirmed_fraud,599.99
CC-2134,card_not_present_fraud,confirmed_fraud,67.37
CC-2135,account_takeover,confirmed_fraud,58.98
CC-2136,none,cleared,0.0
CC-2137,card_not_present_fraud,confirmed_fraud,65.57
CC-2138,none,cleared,0.0
CC-2139,card_not_present_fraud,confirmed_fraud,32.9
CC-2140,account_takeover,confirmed_fraud,408.74
CC-2141,account_takeover,confirmed_fraud,2158.13
CC-2142,card_not_present_fraud,confirmed_fraud,150.03
CC-2143,card_not_present_new_device,confirmed_fraud,299.91
CC-2144,account_takeover,confirmed_fraud,57.98
CC-2145,account_takeover,confirmed_fraud,2939.31
CC-2146,card_not_present_new_device,confirmed_fraud,74.99
CC-2147,none,cleared,0.0
CC-2148,out_of_region_use,confirmed_fraud,58.96
CC-2149,card_not_present_fraud,confirmed_fraud,150.01
CC-2150,card_not_present_new_device,confirmed_fraud,283.28
CC-2151,account_takeover,confirmed_fraud,359.88
CC-2152,card_not_present_fraud,confirmed_fraud,99.98
CC-2153,card_not_present_fraud,confirmed_fraud,8.51
CC-2154,card_not_present_new_device,confirmed_fraud,356.45
CC-2155,card_not_present_new_device,confirmed_fraud,100.09
CC-2156,out_of_region_use,confirmed_fraud,24.05
CC-2157,card_not_present_fraud,confirmed_fraud,34.14
CC-2158,card_not_present_new_device,confirmed_fraud,950.17
CC-2159,card_not_present_new_device,confirmed_fraud,149.97
CC-2160,card_not_present_fraud,confirmed_fraud,149.99
CC-2161,card_not_present_fraud,confirmed_fraud,599.93
CC-2162,card_not_present_fraud,confirmed_fraud,75.07
CC-2163,account_takeover,confirmed_fraud,38.04
CC-2164,card_not_present_fraud,confirmed_fraud,100.07
CC-2165,card_not_present_new_device,confirmed_fraud,324.87
CC-2166,card_not_present_new_device,confirmed_fraud,1497.42
CC-2167,card_not_present_new_device,confirmed_fraud,183.21
CC-2168,card_not_present_new_device,confirmed_fraud,224.91
CC-2169,card_not_present_new_device,confirmed_fraud,199.94
CC-2170,card_not_present_new_device,confirmed_fraud,50.02
CC-2171,card_not_present_fraud,confirmed_fraud,250.0
CC-2172,card_not_present_new_device,confirmed_fraud,449.92
CC-2173,account_takeover,confirmed_fraud,203.87
CC-2174,card_not_present_fraud,confirmed_fraud,99.91
CC-2175,account_takeover,confirmed_fraud,118.24
CC-2176,card_not_present_new_device,confirmed_fraud,23.05
CC-2177,card_not_present_new_device,confirmed_fraud,300.05
CC-2178,out_of_region_use,confirmed_fraud,58.94
CC-2179,card_not_present_fraud,confirmed_fraud,15.31
CC-2180,account_takeover,confirmed_fraud,57.95
CC-2181,card_not_present_fraud,confirmed_fraud,25.04
CC-2182,card_not_present_fraud,confirmed_fraud,125.04
CC-2183,out_of_region_use,confirmed_fraud,284.99
CC-2184,card_not_present_fraud,confirmed_fraud,299.95
CC-2185,out_of_region_use,confirmed_fraud,2442.36
CC-2186,card_not_present_fraud,confirmed_fraud,75.09
CC-2187,account_takeover,confirmed_fraud,543.01
CC-2188,out_of_region_use,confirmed_fraud,39.02
CC-2189,out_of_region_use,confirmed_fraud,116.95
CC-2190,account_takeover,confirmed_fraud,96.94
CC-2191,card_not_present_fraud,confirmed_fraud,192.68
CC-2192,card_not_present_fraud,confirmed_fraud,6.19
CC-2193,out_of_region_use,confirmed_fraud,210.0
CC-2194,out_of_region_use,confirmed_fraud,346.92
CC-2195,card_not_present_new_device,confirmed_fraud,1200.08
CC-2196,card_not_present_fraud,confirmed_fraud,12.35
CC-2197,none,cleared,0.0
CC-2198,card_not_present_new_device,confirmed_fraud,105.64
CC-2199,out_of_region_use,confirmed_fraud,575.06
CC-2200,account_takeover,confirmed_fraud,226.07
CC-2201,out_of_region_use,confirmed_fraud,915.07
CC-2202,card_not_present_new_device,confirmed_fraud,151.57
CC-2203,card_not_present_fraud,confirmed_fraud,14.97
CC-2204,account_takeover,confirmed_fraud,560.04
CC-2205,account_takeover,confirmed_fraud,145.93
CC-2206,none,cleared,0.0
CC-2207,none,cleared,0.0
CC-2208,account_takeover,confirmed_fraud,1772.92
CC-2209,out_of_region_use,confirmed_fraud,48.95
CC-2210,account_takeover,confirmed_fraud,3425.96
CC-2211,out_of_region_use,confirmed_fraud,1636.94
CC-2212,card_not_present_fraud,confirmed_fraud,15.33
CC-2213,account_takeover,confirmed_fraud,320.82
CC-2214,card_not_present_fraud,confirmed_fraud,33.63
CC-2215,card_not_present_fraud,confirmed_fraud,15.02
CC-2216,out_of_region_use,confirmed_fraud,121.94
CC-2217,account_takeover,confirmed_fraud,1242.49
CC-2218,out_of_region_use,confirmed_fraud,59.06
CC-2219,card_not_present_new_device,confirmed_fraud,74.94
CC-2220,account_takeover,confirmed_fraud,619.99
CC-2221,none,cleared,0.0
CC-2222,card_not_present_fraud,confirmed_fraud,24.8
CC-2223,card_not_present_fraud,confirmed_fraud,6.33
CC-2224,out_of_region_use,confirmed_fraud,1709.98
CC-2225,card_not_present_fraud,confirmed_fraud,29.12
CC-2226,card_not_present_new_device,confirmed_fraud,74.97
CC-2227,card_not_present_fraud,confirmed_fraud,40.02
CC-2228,out_of_region_use,confirmed_fraud,30.9
CC-2229,card_not_present_fraud,confirmed_fraud,415.48
CC-2230,card_not_present_fraud,confirmed_fraud,50.09
CC-2231,card_not_present_fraud,confirmed_fraud,97.05
CC-2232,account_takeover,confirmed_fraud,624.8
CC-2233,account_takeover,confirmed_fraud,465.2
CC-2234,card_not_present_new_device,confirmed_fraud,87.41
CC-2235,out_of_region_use,confirmed_fraud,49.06
CC-2236,card_not_present_fraud,confirmed_fraud,250.09
CC-2237,none,cleared,0.0
CC-2238,none,cleared,0.0
CC-2239,card_not_present_fraud,confirmed_fraud,300.02
CC-2240,account_takeover,confirmed_fraud,609.99
CC-2241,card_not_present_fraud,confirmed_fraud,77.66
CC-2242,card_not_present_new_device,confirmed_fraud,39.9
CC-2243,card_not_present_new_device,confirmed_fraud,75.03
CC-2244,card_not_present_new_device,confirmed_fraud,110.46
CC-2245,out_of_region_use,confirmed_fraud,268.53
CC-2246,card_not_present_new_device,confirmed_fraud,74.97
CC-2247,card_testing,confirmed_fraud,4886.18
CC-2248,card_testing,confirmed_fraud,3876.2
CC-2249,account_takeover,confirmed_fraud,152.43
CC-2250,account_takeover,confirmed_fraud,194.06
CC-2251,out_of_region_use,confirmed_fraud,670.04
CC-2252,none,cleared,0.0
CC-2253,card_not_present_new_device,confirmed_fraud,100.08
CC-2254,card_not_present_fraud,confirmed_fraud,139.91
CC-2255,card_not_present_fraud,confirmed_fraud,50.05
CC-2256,account_takeover,confirmed_fraud,561.01
CC-2257,out_of_region_use,confirmed_fraud,112.04
CC-2258,card_not_present_fraud,confirmed_fraud,15.33
CC-2259,card_not_present_new_device,confirmed_fraud,27.48
CC-2260,account_takeover,confirmed_fraud,402.93
CC-2261,none,cleared,0.0
CC-2262,account_takeover,confirmed_fraud,226.0
CC-2263,account_takeover,confirmed_fraud,882.01
CC-2264,card_not_present_fraud,confirmed_fraud,20.99
CC-2265,card_not_present_fraud,confirmed_fraud,149.26
CC-2266,account_takeover,confirmed_fraud,117.92
CC-2267,account_takeover,confirmed_fraud,1464.64
CC-2268,card_not_present_fraud,confirmed_fraud,150.01
CC-2269,card_not_present_new_device,confirmed_fraud,250.07
CC-2270,card_not_present_new_device,confirmed_fraud,1200.07
CC-2271,card_not_present_new_device,confirmed_fraud,1622.88
CC-2272,card_not_present_fraud,confirmed_fraud,29.2
CC-2273,card_not_present_fraud,confirmed_fraud,15.4
CC-2274,card_not_present_new_device,confirmed_fraud,50.03
CC-2275,card_not_present_new_device,confirmed_fraud,199.92
CC-2276,card_not_present_new_device,confirmed_fraud,368.18
CC-2277,account_takeover,confirmed_fraud,81.93
CC-2278,card_not_present_new_device,confirmed_fraud,300.02
CC-2279,card_not_present_new_device,confirmed_fraud,49.91
CC-2280,account_takeover,confirmed_fraud,1109.48
CC-2281,card_not_present_fraud,confirmed_fraud,65.59
CC-2282,account_takeover,confirmed_fraud,407.92
CC-2283,none,cleared,0.0
CC-2284,out_of_region_use,confirmed_fraud,175.99
CC-2285,none,cleared,0.0
CC-2286,card_not_present_fraud,confirmed_fraud,175.12
CC-2287,card_not_present_new_device,confirmed_fraud,100.11
CC-2288,out_of_region_use,confirmed_fraud,116.98
CC-2289,account_takeover,confirmed_fraud,214.03
CC-2290,out_of_region_use,confirmed_fraud,51.0
CC-2291,card_not_present_new_device,confirmed_fraud,50.03
CC-2292,account_takeover,confirmed_fraud,398.88
CC-2293,account_takeover,confirmed_fraud,175.96
CC-2294,card_not_present_fraud,confirmed_fraud,100.02
CC-2295,account_takeover,confirmed_fraud,203.04
CC-2296,card_not_present_fraud,confirmed_fraud,258.95
CC-2297,account_takeover,confirmed_fraud,451.94
CC-2298,card_not_present_new_device,confirmed_fraud,450.08
CC-2299,account_takeover,confirmed_fraud,713.09
CC-2300,card_not_present_new_device,confirmed_fraud,99.4
CC-2301,card_not_present_fraud,confirmed_fraud,54.28
CC-2302,card_not_present_new_device,confirmed_fraud,499.91
CC-2303,account_takeover,confirmed_fraud,49.07
CC-2304,account_takeover,confirmed_fraud,476.0
CC-2305,account_takeover,confirmed_fraud,624.02
CC-2306,card_not_present_new_device,confirmed_fraud,49.97
CC-2307,card_not_present_new_device,confirmed_fraud,32.85
CC-2308,card_not_present_fraud,confirmed_fraud,7.16
CC-2309,out_of_region_use,confirmed_fraud,59.02
CC-2310,account_takeover,confirmed_fraud,758.22
CC-2311,none,cleared,0.0
CC-2312,out_of_region_use,confirmed_fraud,295.08
CC-2313,account_takeover,confirmed_fraud,49.03
CC-2314,card_not_present_new_device,confirmed_fraud,50.41
CC-2315,none,cleared,0.0
CC-2316,card_not_present_fraud,confirmed_fraud,26.77
CC-2317,out_of_region_use,confirmed_fraud,712.97
CC-2318,card_not_present_new_device,confirmed_fraud,249.99
CC-2319,card_not_present_fraud,confirmed_fraud,350.08
CC-2320,card_not_present_new_device,confirmed_fraud,37.26
CC-2321,card_not_present_fraud,confirmed_fraud,350.05
CC-2322,out_of_region_use,confirmed_fraud,451.91
CC-2323,none,cleared,0.0
CC-2324,card_not_present_new_device,confirmed_fraud,100.03
CC-2325,out_of_region_use,confirmed_fraud,47.9
CC-2326,card_not_present_fraud,confirmed_fraud,200.02
CC-2327,out_of_region_use,confirmed_fraud,439.04
CC-2328,card_not_present_new_device,confirmed_fraud,150.0
CC-2329,card_not_present_new_device,confirmed_fraud,22.45
CC-2330,card_not_present_new_device,confirmed_fraud,149.93
CC-2331,account_takeover,confirmed_fraud,670.07
CC-2332,card_not_present_fraud,confirmed_fraud,99.93
CC-2333,card_not_present_new_device,confirmed_fraud,7.95
CC-2334,account_takeover,confirmed_fraud,39.01
CC-2335,account_takeover,confirmed_fraud,160.03
CC-2336,card_not_present_new_device,confirmed_fraud,5549.8
CC-2337,account_takeover,confirmed_fraud,39.07
CC-2338,card_not_present_new_device,confirmed_fraud,50.02
CC-2339,card_not_present_fraud,confirmed_fraud,64.7
CC-2340,account_takeover,confirmed_fraud,23.92
CC-2341,account_takeover,confirmed_fraud,96.99
CC-2342,card_not_present_fraud,confirmed_fraud,12.46
CC-2343,out_of_region_use,confirmed_fraud,59.0
CC-2344,account_takeover,confirmed_fraud,1054.08
CC-2345,card_not_present_new_device,confirmed_fraud,364.46
CC-2346,card_not_present_fraud,confirmed_fraud,599.95
CC-2347,account_takeover,confirmed_fraud,370.17
CC-2348,account_takeover,confirmed_fraud,567.93
CC-2349,account_takeover,confirmed_fraud,500.0
CC-2350,card_not_present_fraud,confirmed_fraud,100.0
CC-2351,account_takeover,confirmed_fraud,82.07
CC-2352,out_of_region_use,confirmed_fraud,225.92
CC-2353,card_not_present_new_device,confirmed_fraud,49.96
CC-2354,none,cleared,0.0
CC-2355,none,cleared,0.0
CC-2356,account_takeover,confirmed_fraud,118.14
CC-2357,out_of_region_use,confirmed_fraud,59.06
CC-2358,account_takeover,confirmed_fraud,2021.29
CC-2359,out_of_region_use,confirmed_fraud,7908.12
CC-2360,none,cleared,0.0
CC-2361,card_not_present_new_device,confirmed_fraud,50.07
CC-2362,none,cleared,0.0
CC-2363,card_not_present_new_device,confirmed_fraud,391.67
CC-2364,out_of_region_use,confirmed_fraud,501.08
CC-2365,account_takeover,confirmed_fraud,226.01
CC-2366,card_not_present_new_device,confirmed_fraud,49.93
CC-2367,none,cleared,0.0
CC-2368,card_not_present_new_device,confirmed_fraud,90.91
CC-2369,card_not_present_fraud,confirmed_fraud,899.93
CC-2370,card_not_present_fraud,confirmed_fraud,149.99
CC-2371,card_not_present_fraud,confirmed_fraud,24.85
CC-2372,card_not_present_fraud,confirmed_fraud,200.1
CC-2373,out_of_region_use,confirmed_fraud,52.9
CC-2374,out_of_region_use,confirmed_fraud,197.03
CC-2375,card_not_present_new_device,confirmed_fraud,150.07
CC-2376,out_of_region_use,confirmed_fraud,334.99
CC-2377,card_not_present_fraud,confirmed_fraud,274.99
CC-2378,card_not_present_fraud,confirmed_fraud,100.09
CC-2379,account_takeover,confirmed_fraud,390.02
CC-2380,card_not_present_fraud,confirmed_fraud,77.5
CC-2381,account_takeover,confirmed_fraud,57.87
CC-2382,out_of_region_use,confirmed_fraud,264.98
CC-2383,account_takeover,confirmed_fraud,176.93
CC-2384,card_not_present_fraud,confirmed_fraud,100.07
CC-2385,card_not_present_new_device,confirmed_fraud,574.85
CC-2386,account_takeover,confirmed_fraud,669.91
CC-2387,card_not_present_fraud,confirmed_fraud,21.28
CC-2388,card_not_present_fraud,confirmed_fraud,18.53
CC-2389,account_takeover,confirmed_fraud,78.15
CC-2390,card_not_present_new_device,confirmed_fraud,531.97
CC-2391,account_takeover,confirmed_fraud,474.95
CC-2392,card_not_present_fraud,confirmed_fraud,64.74
CC-2393,card_not_present_fraud,confirmed_fraud,80.4
CC-2394,card_testing,confirmed_fraud,2634.94
CC-2395,card_not_present_new_device,confirmed_fraud,53.14
CC-2396,card_not_present_fraud,confirmed_fraud,4.11
CC-2397,out_of_region_use,confirmed_fraud,645.02
CC-2398,card_not_present_fraud,confirmed_fraud,8.0
CC-2399,card_not_present_fraud,confirmed_fraud,199.94
CC-2400,account_takeover,confirmed_fraud,350.99
CC-2401,none,cleared,0.0
CC-2402,card_not_present_fraud,confirmed_fraud,97.05
CC-2403,none,cleared,0.0
CC-2404,card_not_present_fraud,confirmed_fraud,149.23
CC-2405,account_takeover,confirmed_fraud,48.97
CC-2406,card_not_present_fraud,confirmed_fraud,399.94
CC-2407,account_takeover,confirmed_fraud,389.97
CC-2408,card_not_present_fraud,confirmed_fraud,151.99
CC-2409,account_takeover,confirmed_fraud,5833.8
CC-2410,card_not_present_new_device,confirmed_fraud,40.09
CC-2411,out_of_region_use,confirmed_fraud,419.09
CC-2412,card_not_present_fraud,confirmed_fraud,50.01
CC-2413,out_of_region_use,confirmed_fraud,1840.01
CC-2414,out_of_region_use,confirmed_fraud,500.01
CC-2415,card_not_present_new_device,confirmed_fraud,16.25
CC-2416,card_not_present_fraud,confirmed_fraud,323.24
CC-2417,card_not_present_new_device,confirmed_fraud,49.92
CC-2418,card_not_present_fraud,confirmed_fraud,48.98
CC-2419,card_not_present_new_device,confirmed_fraud,50.03
CC-2420,card_not_present_new_device,confirmed_fraud,100.09
CC-2421,card_not_present_new_device,confirmed_fraud,199.91
CC-2422,account_takeover,confirmed_fraud,49.01
CC-2423,out_of_region_use,confirmed_fraud,678.27
CC-2424,account_takeover,confirmed_fraud,3058.94
CC-2425,none,cleared,0.0
CC-2426,card_not_present_new_device,confirmed_fraud,199.93
CC-2427,card_not_present_fraud,confirmed_fraud,100.08
CC-2428,card_not_present_new_device,confirmed_fraud,269.44
CC-2429,card_not_present_fraud,confirmed_fraud,399.91
CC-2430,card_not_present_new_device,confirmed_fraud,49.96
CC-2431,card_not_present_fraud,confirmed_fraud,100.02
CC-2432,account_takeover,confirmed_fraud,359.41
CC-2433,card_not_present_new_device,confirmed_fraud,66.65
CC-2434,out_of_region_use,confirmed_fraud,279.91
CC-2435,account_takeover,confirmed_fraud,34.46
CC-2436,out_of_region_use,confirmed_fraud,390.09
CC-2437,card_not_present_new_device,confirmed_fraud,747.75
CC-2438,card_not_present_fraud,confirmed_fraud,102.44
CC-2439,card_not_present_fraud,confirmed_fraud,100.08
CC-2440,card_not_present_fraud,confirmed_fraud,149.17
CC-2441,account_takeover,confirmed_fraud,175.97
CC-2442,card_not_present_fraud,confirmed_fraud,110.6
CC-2443,account_takeover,confirmed_fraud,38.93
CC-2444,none,cleared,0.0
CC-2445,card_not_present_new_device,confirmed_fraud,22.44
CC-2446,account_takeover,confirmed_fraud,331.81
CC-2447,account_takeover,confirmed_fraud,33.95
CC-2448,out_of_region_use,confirmed_fraud,30.97
CC-2449,card_not_present_fraud,confirmed_fraud,29.99
CC-2450,card_not_present_new_device,confirmed_fraud,50.03
CC-2451,card_not_present_new_device,confirmed_fraud,33.55
CC-2452,none,cleared,0.0
CC-2453,card_not_present_new_device,confirmed_fraud,75.0
CC-2454,card_not_present_fraud,confirmed_fraud,86.69
CC-2455,none,cleared,0.0
CC-2456,card_not_present_new_device,confirmed_fraud,19.45
CC-2457,card_not_present_new_device,confirmed_fraud,800.02
CC-2458,account_takeover,confirmed_fraud,585.12
CC-2459,card_not_present_new_device,confirmed_fraud,1200.04
CC-2460,card_not_present_new_device,confirmed_fraud,1800.15
CC-2461,account_takeover,confirmed_fraud,107.96
CC-2462,account_takeover,confirmed_fraud,48.01
CC-2463,out_of_region_use,confirmed_fraud,1390.08
CC-2464,card_not_present_fraud,confirmed_fraud,99.92
CC-2465,card_not_present_new_device,confirmed_fraud,24.69
CC-2466,account_takeover,confirmed_fraud,702.03
CC-2467,card_not_present_new_device,confirmed_fraud,50.0
CC-2468,out_of_region_use,confirmed_fraud,49.03
CC-2469,out_of_region_use,confirmed_fraud,663.95
CC-2470,account_takeover,confirmed_fraud,222.03
CC-2471,out_of_region_use,confirmed_fraud,561.05
CC-2472,card_not_present_new_device,confirmed_fraud,300.07
CC-2473,account_takeover,confirmed_fraud,150.95
CC-2474,card_not_present_new_device,confirmed_fraud,2499.99
CC-2475,card_not_present_fraud,confirmed_fraud,113.26
CC-2476,card_not_present_new_device,confirmed_fraud,600.15
CC-2477,card_not_present_fraud,confirmed_fraud,99.93
CC-2478,card_not_present_new_device,confirmed_fraud,749.88
CC-2479,card_not_present_fraud,confirmed_fraud,50.02
CC-2480,card_not_present_fraud,confirmed_fraud,80.6
CC-2481,card_not_present_new_device,confirmed_fraud,607.57
CC-2482,card_not_present_new_device,confirmed_fraud,49.96
CC-2483,account_takeover,confirmed_fraud,1842.96
CC-2484,none,cleared,0.0
CC-2485,card_not_present_fraud,confirmed_fraud,40.03
CC-2486,card_not_present_new_device,confirmed_fraud,150.01
CC-2487,none,cleared,0.0
CC-2488,card_not_present_fraud,confirmed_fraud,10.99
CC-2489,card_not_present_new_device,confirmed_fraud,670.99
CC-2490,card_not_present_new_device,confirmed_fraud,300.0
CC-2491,out_of_region_use,confirmed_fraud,216.09
CC-2492,out_of_region_use,confirmed_fraud,91.93
CC-2493,card_not_present_new_device,confirmed_fraud,549.99
CC-2494,card_not_present_new_device,confirmed_fraud,101.82
CC-2495,card_not_present_new_device,confirmed_fraud,125.06
CC-2496,out_of_region_use,confirmed_fraud,550.9
CC-2497,account_takeover,confirmed_fraud,170.91
CC-2498,account_takeover,confirmed_fraud,761.01
CC-2499,card_not_present_fraud,confirmed_fraud,7.3
CC-2500,card_not_present_fraud,confirmed_fraud,22.84
CC-2501,card_not_present_fraud,confirmed_fraud,100.08
CC-2502,none,cleared,0.0
CC-2503,account_takeover,confirmed_fraud,567.88
CC-2504,card_not_present_fraud,confirmed_fraud,99.98
CC-2505,card_not_present_fraud,confirmed_fraud,259.02
CC-2506,card_not_present_fraud,confirmed_fraud,37.34
CC-2507,card_not_present_fraud,confirmed_fraud,200.04
CC-2508,account_takeover,confirmed_fraud,237.97
CC-2509,card_not_present_fraud,confirmed_fraud,64.73
CC-2510,account_takeover,confirmed_fraud,49.01
CC-2511,account_takeover,confirmed_fraud,1286.48
CC-2512,card_not_present_fraud,confirmed_fraud,105.11
CC-2513,card_not_present_fraud,confirmed_fraud,26.88
CC-2514,card_not_present_new_device,confirmed_fraud,300.07
CC-2515,card_not_present_new_device,confirmed_fraud,100.13
CC-2516,card_not_present_fraud,confirmed_fraud,124.99
CC-2517,card_not_present_fraud,confirmed_fraud,25.4
CC-2518,card_not_present_new_device,confirmed_fraud,249.94
CC-2519,out_of_region_use,confirmed_fraud,553.98
CC-2520,account_takeover,confirmed_fraud,220.27
CC-2521,account_takeover,confirmed_fraud,535.94
CC-2522,out_of_region_use,confirmed_fraud,38.91
CC-2523,account_takeover,confirmed_fraud,500.0
CC-2524,account_takeover,confirmed_fraud,175.09
CC-2525,card_not_present_new_device,confirmed_fraud,16.17
CC-2526,out_of_region_use,confirmed_fraud,438.54
CC-2527,card_not_present_fraud,confirmed_fraud,49.97
CC-2528,account_takeover,confirmed_fraud,5433.0
CC-2529,card_not_present_fraud,confirmed_fraud,49.59
CC-2530,none,cleared,0.0
CC-2531,card_not_present_new_device,confirmed_fraud,66.78
CC-2532,out_of_region_use,confirmed_fraud,74.79
CC-2533,none,cleared,0.0
CC-2534,none,cleared,0.0
CC-2535,card_not_present_fraud,confirmed_fraud,149.95
CC-2536,card_not_present_fraud,confirmed_fraud,275.04
CC-2537,none,cleared,0.0
CC-2538,account_takeover,confirmed_fraud,78.11
CC-2539,out_of_region_use,confirmed_fraud,331.53
CC-2540,card_not_present_new_device,confirmed_fraud,7.22
CC-2541,account_takeover,confirmed_fraud,77.06
CC-2542,card_not_present_fraud,confirmed_fraud,300.05
CC-2543,account_takeover,confirmed_fraud,467.97
CC-2544,card_not_present_fraud,confirmed_fraud,100.05
CC-2545,card_not_present_new_device,confirmed_fraud,325.0
CC-2546,out_of_region_use,confirmed_fraud,262.96
CC-2547,card_not_present_fraud,confirmed_fraud,690.54
CC-2548,card_not_present_new_device,confirmed_fraud,99.91
CC-2549,account_takeover,confirmed_fraud,49.03
CC-2550,card_not_present_fraud,confirmed_fraud,150.04
CC-2551,card_not_present_new_device,confirmed_fraud,136.54
CC-2552,account_takeover,confirmed_fraud,179.04
CC-2553,card_not_present_new_device,confirmed_fraud,99.91
CC-2554,card_not_present_new_device,confirmed_fraud,200.01
CC-2555,card_not_present_fraud,confirmed_fraud,148.99
CC-2556,account_takeover,confirmed_fraud,581.19
CC-2557,account_takeover,confirmed_fraud,379.09
CC-2558,account_takeover,confirmed_fraud,665.14
CC-2559,card_not_present_new_device,confirmed_fraud,149.93
CC-2560,card_not_present_new_device,confirmed_fraud,251.18
CC-2561,card_not_present_new_device,confirmed_fraud,299.99
CC-2562,card_not_present_fraud,confirmed_fraud,48.86
CC-2563,card_not_present_fraud,confirmed_fraud,12.39
CC-2564,out_of_region_use,confirmed_fraud,390.08
CC-2565,out_of_region_use,confirmed_fraud,513.8
CC-2566,out_of_region_use,confirmed_fraud,452.07
CC-2567,card_not_present_new_device,confirmed_fraud,12.44
CC-2568,account_takeover,confirmed_fraud,226.05
CC-2569,card_not_present_fraud,confirmed_fraud,449.91
CC-2570,card_not_present_fraud,confirmed_fraud,49.63
CC-2571,account_takeover,confirmed_fraud,234.04
CC-2572,account_takeover,confirmed_fraud,359.95
CC-2573,card_not_present_fraud,confirmed_fraud,49.68
CC-2574,account_takeover,confirmed_fraud,759.88
CC-2575,card_not_present_fraud,confirmed_fraud,24.82
CC-2576,account_takeover,confirmed_fraud,58.01
CC-2577,none,cleared,0.0
CC-2578,card_not_present_new_device,confirmed_fraud,30.07
CC-2579,card_not_present_new_device,confirmed_fraud,53.89
CC-2580,card_not_present_new_device,confirmed_fraud,1999.96
CC-2581,card_not_present_new_device,confirmed_fraud,150.01
CC-2582,account_takeover,confirmed_fraud,48.95
CC-2583,account_takeover,confirmed_fraud,325.85
CC-2584,card_not_present_fraud,confirmed_fraud,61.39
CC-2585,account_takeover,confirmed_fraud,293.0
CC-2586,card_not_present_fraud,confirmed_fraud,22.92
CC-2587,account_takeover,confirmed_fraud,30.99
CC-2588,out_of_region_use,confirmed_fraud,2500.02
CC-2589,out_of_region_use,confirmed_fraud,96.02
CC-2590,card_not_present_new_device,confirmed_fraud,295.1
CC-2591,none,cleared,0.0
CC-2592,card_not_present_new_device,confirmed_fraud,50.02
CC-2593,card_not_present_fraud,confirmed_fraud,49.64
CC-2594,none,cleared,0.0
CC-2595,card_not_present_fraud,confirmed_fraud,74.99
CC-2596,account_takeover,confirmed_fraud,30.95
CC-2597,account_takeover,confirmed_fraud,67.96
CC-2598,card_not_present_fraud,confirmed_fraud,53.65
CC-2599,account_takeover,confirmed_fraud,305.03
CC-2600,account_takeover,confirmed_fraud,317.51
CC-2601,out_of_region_use,confirmed_fraud,206.02
CC-2602,account_takeover,confirmed_fraud,73.01
CC-2603,card_not_present_new_device,confirmed_fraud,127.39
CC-2604,card_not_present_fraud,confirmed_fraud,24.98
CC-2605,card_not_present_new_device,confirmed_fraud,122.64
CC-2606,card_not_present_fraud,confirmed_fraud,200.04
CC-2607,card_not_present_fraud,confirmed_fraud,111.85
CC-2608,none,cleared,0.0
CC-2609,card_not_present_fraud,confirmed_fraud,149.94
CC-2610,card_not_present_new_device,confirmed_fraud,299.89
CC-2611,card_not_present_fraud,confirmed_fraud,30.06
CC-2612,account_takeover,confirmed_fraud,485.44
CC-2613,card_not_present_new_device,confirmed_fraud,899.88
CC-2614,card_not_present_fraud,confirmed_fraud,300.02
CC-2615,card_not_present_new_device,confirmed_fraud,193.68
CC-2616,card_not_present_fraud,confirmed_fraud,199.97
CC-2617,card_not_present_new_device,confirmed_fraud,300.0
CC-2618,none,cleared,0.0
CC-2619,out_of_region_use,confirmed_fraud,479.08
CC-2620,out_of_region_use,confirmed_fraud,159.88
CC-2621,account_takeover,confirmed_fraud,158.94
CC-2622,account_takeover,confirmed_fraud,1577.74
CC-2623,card_not_present_new_device,confirmed_fraud,149.92
CC-2624,card_not_present_fraud,confirmed_fraud,499.92
CC-2625,account_takeover,confirmed_fraud,84.59
CC-2626,card_not_present_fraud,confirmed_fraud,99.29
CC-2627,account_takeover,confirmed_fraud,39.06
CC-2628,card_not_present_fraud,confirmed_fraud,250.01
CC-2629,card_not_present_fraud,confirmed_fraud,350.05
CC-2630,card_not_present_new_device,confirmed_fraud,24.94
CC-2631,card_not_present_fraud,confirmed_fraud,45.04
CC-2632,out_of_region_use,confirmed_fraud,39.01
CC-2633,card_not_present_new_device,confirmed_fraud,652.3
CC-2634,card_not_present_fraud,confirmed_fraud,88.1
CC-2635,account_takeover,confirmed_fraud,2166.97
CC-2636,card_not_present_new_device,confirmed_fraud,200.08
CC-2637,card_not_present_fraud,confirmed_fraud,129.73
CC-2638,none,cleared,0.0
CC-2639,account_takeover,confirmed_fraud,160.51
CC-2640,card_not_present_new_device,confirmed_fraud,900.21
CC-2641,none,cleared,0.0
CC-2642,account_takeover,confirmed_fraud,272.0
CC-2643,card_testing,confirmed_fraud,508.82
CC-2644,out_of_region_use,confirmed_fraud,335.0
CC-2645,card_not_present_fraud,confirmed_fraud,449.98
CC-2646,card_not_present_new_device,confirmed_fraud,133.78
CC-2647,card_not_present_fraud,confirmed_fraud,275.09
CC-2648,account_takeover,confirmed_fraud,29.08
CC-2649,undocumented,confirmed_fraud,390.04
CC-2650,card_not_present_fraud,confirmed_fraud,114.68
CC-2651,card_not_present_new_device,confirmed_fraud,450.12
CC-2652,account_takeover,confirmed_fraud,225.95
CC-2653,card_not_present_fraud,confirmed_fraud,200.01
CC-2654,out_of_region_use,confirmed_fraud,411.95
CC-2655,card_not_present_fraud,confirmed_fraud,49.7
CC-2656,account_takeover,confirmed_fraud,1405.96
CC-2657,account_takeover,confirmed_fraud,117.81
CC-2658,out_of_region_use,confirmed_fraud,39.03
CC-2659,account_takeover,confirmed_fraud,2762.01
CC-2660,card_not_present_new_device,confirmed_fraud,925.06
CC-2661,card_not_present_new_device,confirmed_fraud,599.88
CC-2662,out_of_region_use,confirmed_fraud,389.97
CC-2663,card_not_present_fraud,confirmed_fraud,22.84
CC-2664,card_not_present_fraud,confirmed_fraud,200.05
CC-2665,card_not_present_fraud,confirmed_fraud,31.11
CC-2666,card_not_present_fraud,confirmed_fraud,449.97
CC-2667,card_not_present_new_device,confirmed_fraud,97.38
CC-2668,card_not_present_new_device,confirmed_fraud,250.0
CC-2669,none,cleared,0.0
CC-2670,card_not_present_new_device,confirmed_fraud,100.02
CC-2671,account_takeover,confirmed_fraud,117.01
CC-2672,out_of_region_use,confirmed_fraud,120.34
CC-2673,card_testing,confirmed_fraud,1334.96
CC-2674,out_of_region_use,confirmed_fraud,159.86
CC-2675,card_not_present_new_device,confirmed_fraud,87.85
CC-2676,none,cleared,0.0
CC-2677,account_takeover,confirmed_fraud,164.01
CC-2678,out_of_region_use,confirmed_fraud,114.91
CC-2679,account_takeover,confirmed_fraud,457.92
CC-2680,card_not_present_fraud,confirmed_fraud,22.98
CC-2681,card_not_present_fraud,confirmed_fraud,299.91
CC-2682,account_takeover,confirmed_fraud,262.04
CC-2683,card_not_present_fraud,confirmed_fraud,99.91
CC-2684,card_not_present_fraud,confirmed_fraud,97.41
CC-2685,none,cleared,0.0
CC-2686,out_of_region_use,confirmed_fraud,69.91
CC-2687,account_takeover,confirmed_fraud,93.15
CC-2688,card_not_present_fraud,confirmed_fraud,129.84
CC-2689,out_of_region_use,confirmed_fraud,68.52
CC-2690,account_takeover,confirmed_fraud,34.05
CC-2691,account_takeover,confirmed_fraud,709.12
CC-2692,none,cleared,0.0
CC-2693,card_not_present_fraud,confirmed_fraud,274.95
CC-2694,card_not_present_new_device,confirmed_fraud,574.52
CC-2695,none,cleared,0.0
CC-2696,out_of_region_use,confirmed_fraud,149.99
CC-2697,card_not_present_new_device,confirmed_fraud,450.06
CC-2698,out_of_region_use,confirmed_fraud,68.01
CC-2699,card_not_present_new_device,confirmed_fraud,662.51
CC-2700,account_takeover,confirmed_fraud,77.94
CC-2701,out_of_region_use,confirmed_fraud,107.05
CC-2702,account_takeover,confirmed_fraud,259.87
CC-2703,account_takeover,confirmed_fraud,76.92
CC-2704,out_of_region_use,confirmed_fraud,564.21
CC-2705,card_not_present_new_device,confirmed_fraud,300.01
CC-2706,card_not_present_fraud,confirmed_fraud,138.05
CC-2707,card_not_present_new_device,confirmed_fraud,11.97
CC-2708,out_of_region_use,confirmed_fraud,451.86
CC-2709,card_not_present_fraud,confirmed_fraud,199.92
CC-2710,card_not_present_new_device,confirmed_fraud,74.96
CC-2711,out_of_region_use,confirmed_fraud,255.13
CC-2712,card_not_present_fraud,confirmed_fraud,45.29
CC-2713,account_takeover,confirmed_fraud,3394.72
CC-2714,out_of_region_use,confirmed_fraud,393.8
CC-2715,account_takeover,confirmed_fraud,397.0
CC-2716,card_not_present_new_device,confirmed_fraud,253.69
CC-2717,account_takeover,confirmed_fraud,896.08
CC-2718,account_takeover,confirmed_fraud,225.97
CC-2719,card_not_present_new_device,confirmed_fraud,242.57
CC-2720,card_not_present_new_device,confirmed_fraud,299.96
CC-2721,card_not_present_fraud,confirmed_fraud,138.67
CC-2722,card_not_present_new_device,confirmed_fraud,55.03
CC-2723,account_takeover,confirmed_fraud,1768.02
CC-2724,card_not_present_fraud,confirmed_fraud,750.07
CC-2725,card_not_present_new_device,confirmed_fraud,299.85
CC-2726,card_not_present_fraud,confirmed_fraud,24.91
CC-2727,account_takeover,confirmed_fraud,560.04
CC-2728,card_not_present_fraud,confirmed_fraud,30.01
CC-2729,card_not_present_new_device,confirmed_fraud,198.67
CC-2730,card_not_present_fraud,confirmed_fraud,11.96
CC-2731,card_not_present_fraud,confirmed_fraud,22.93
CC-2732,card_not_present_new_device,confirmed_fraud,110.9
CC-2733,card_not_present_fraud,confirmed_fraud,22.48
CC-2734,out_of_region_use,confirmed_fraud,802.91
CC-2735,account_takeover,confirmed_fraud,638.05
CC-2736,card_not_present_fraud,confirmed_fraud,1000.12
CC-2737,account_takeover,confirmed_fraud,160.02
CC-2738,out_of_region_use,confirmed_fraud,233.92
CC-2739,card_not_present_new_device,confirmed_fraud,174.92
CC-2740,none,cleared,0.0
CC-2741,none,cleared,0.0
CC-2742,none,cleared,0.0
CC-2743,none,cleared,0.0
CC-2744,out_of_region_use,confirmed_fraud,224.97
CC-2745,out_of_region_use,confirmed_fraud,269.92
CC-2746,card_not_present_fraud,confirmed_fraud,147.11
CC-2747,card_not_present_fraud,confirmed_fraud,600.04
CC-2748,card_not_present_fraud,confirmed_fraud,150.06
CC-2749,none,cleared,0.0
CC-2750,card_not_present_fraud,confirmed_fraud,70.03
CC-2751,card_not_present_fraud,confirmed_fraud,69.06
CC-2752,account_takeover,confirmed_fraud,994.08
CC-2753,card_not_present_new_device,confirmed_fraud,309.94
CC-2754,out_of_region_use,confirmed_fraud,34.07
CC-2755,none,cleared,0.0
CC-2756,account_takeover,confirmed_fraud,59.03
CC-2757,card_not_present_new_device,confirmed_fraud,200.02
CC-2758,account_takeover,confirmed_fraud,117.95
CC-2759,account_takeover,confirmed_fraud,116.91
CC-2760,out_of_region_use,confirmed_fraud,682.98
CC-2761,card_not_present_new_device,confirmed_fraud,939.48
CC-2762,account_takeover,confirmed_fraud,352.51
CC-2763,none,cleared,0.0
CC-2764,none,cleared,0.0
CC-2765,card_not_present_fraud,confirmed_fraud,87.9
CC-2766,out_of_region_use,confirmed_fraud,424.94
CC-2767,account_takeover,confirmed_fraud,183.99
CC-2768,card_not_present_new_device,confirmed_fraud,299.98
CC-2769,account_takeover,confirmed_fraud,399.93
CC-2770,none,cleared,0.0
CC-2771,account_takeover,confirmed_fraud,133.97
CC-2772,account_takeover,confirmed_fraud,68.06
CC-2773,none,cleared,0.0
CC-2774,card_not_present_new_device,confirmed_fraud,99.91
CC-2775,card_not_present_fraud,confirmed_fraud,8.5
CC-2776,account_takeover,confirmed_fraud,160.49
CC-2777,card_not_present_fraud,confirmed_fraud,22.83
CC-2778,account_takeover,confirmed_fraud,92.0
CC-2779,card_not_present_fraud,confirmed_fraud,78.94
CC-2780,card_not_present_fraud,confirmed_fraud,8.43
CC-2781,card_not_present_new_device,confirmed_fraud,249.98
CC-2782,out_of_region_use,confirmed_fraud,251.91
CC-2783,out_of_region_use,confirmed_fraud,286.92
CC-2784,card_not_present_new_device,confirmed_fraud,49.85
CC-2785,account_takeover,confirmed_fraud,107.97
CC-2786,account_takeover,confirmed_fraud,39.0
CC-2787,account_takeover,confirmed_fraud,1081.84
CC-2788,none,cleared,0.0
CC-2789,card_not_present_fraud,confirmed_fraud,8.5
CC-2790,card_not_present_new_device,confirmed_fraud,70.04
CC-2791,card_not_present_fraud,confirmed_fraud,12.89
CC-2792,card_not_present_new_device,confirmed_fraud,250.08
CC-2793,card_not_present_new_device,confirmed_fraud,199.91
CC-2794,out_of_region_use,confirmed_fraud,280.03
CC-2795,card_not_present_fraud,confirmed_fraud,125.02
CC-2796,card_not_present_fraud,confirmed_fraud,8.4
CC-2797,card_not_present_fraud,confirmed_fraud,28.74
CC-2798,card_not_present_new_device,confirmed_fraud,450.02
CC-2799,card_not_present_new_device,confirmed_fraud,36.14
CC-2800,account_takeover,confirmed_fraud,23421.18
CC-2801,out_of_region_use,confirmed_fraud,499.03
CC-2802,none,cleared,0.0
CC-2803,account_takeover,confirmed_fraud,636.83
CC-2804,account_takeover,confirmed_fraud,839.98
CC-2805,card_not_present_fraud,confirmed_fraud,299.91
CC-2806,card_not_present_fraud,confirmed_fraud,18.62
CC-2807,out_of_region_use,confirmed_fraud,243.06
CC-2808,card_not_present_fraud,confirmed_fraud,449.91
CC-2809,account_takeover,confirmed_fraud,226.07
CC-2810,none,cleared,0.0
CC-2811,card_not_present_new_device,confirmed_fraud,299.91
CC-2812,out_of_region_use,confirmed_fraud,1226.49
CC-2813,card_not_present_new_device,confirmed_fraud,423.46
CC-2814,card_not_present_fraud,confirmed_fraud,299.98
CC-2815,card_not_present_new_device,confirmed_fraud,20.42
CC-2816,card_not_present_fraud,confirmed_fraud,300.07
CC-2817,out_of_region_use,confirmed_fraud,38.96
CC-2818,out_of_region_use,confirmed_fraud,98.13
CC-2819,out_of_region_use,confirmed_fraud,351.87
CC-2820,card_not_present_new_device,confirmed_fraud,28.38
CC-2821,card_not_present_new_device,confirmed_fraud,57.6
CC-2822,out_of_region_use,confirmed_fraud,58.98
CC-2823,account_takeover,confirmed_fraud,54.43
CC-2824,none,cleared,0.0
CC-2825,out_of_region_use,confirmed_fraud,1609.63
CC-2826,card_not_present_fraud,confirmed_fraud,33.39
CC-2827,account_takeover,confirmed_fraud,261.91
CC-2828,card_not_present_new_device,confirmed_fraud,200.02
CC-2829,out_of_region_use,confirmed_fraud,342.11
CC-2830,account_takeover,confirmed_fraud,10.98
CC-2831,card_not_present_new_device,confirmed_fraud,450.06
CC-2832,card_not_present_fraud,confirmed_fraud,33.61
CC-2833,card_not_present_new_device,confirmed_fraud,200.03
CC-2834,account_takeover,confirmed_fraud,387.92
CC-2835,account_takeover,confirmed_fraud,468.04
CC-2836,card_not_present_fraud,confirmed_fraud,200.01
CC-2837,account_takeover,confirmed_fraud,39.44
CC-2838,card_not_present_fraud,confirmed_fraud,8.54
CC-2839,out_of_region_use,confirmed_fraud,445.07
CC-2840,card_not_present_fraud,confirmed_fraud,299.93
CC-2841,out_of_region_use,confirmed_fraud,3126.72
CC-2842,card_not_present_fraud,confirmed_fraud,23.86
CC-2843,card_not_present_new_device,confirmed_fraud,200.04
CC-2844,card_not_present_new_device,confirmed_fraud,245.14
CC-2845,account_takeover,confirmed_fraud,293.02
CC-2846,card_not_present_new_device,confirmed_fraud,99.99
CC-2847,account_takeover,confirmed_fraud,311.96
CC-2848,card_not_present_fraud,confirmed_fraud,150.09
CC-2849,card_not_present_fraud,confirmed_fraud,86.1
CC-2850,none,cleared,0.0
CC-2851,out_of_region_use,confirmed_fraud,362.93
CC-2852,card_not_present_new_device,confirmed_fraud,78.93
CC-2853,account_takeover,confirmed_fraud,4698.36
CC-2854,out_of_region_use,confirmed_fraud,97.99
CC-2855,account_takeover,confirmed_fraud,445.08
CC-2856,out_of_region_use,confirmed_fraud,176.04
CC-2857,account_takeover,confirmed_fraud,539.97
CC-2858,out_of_region_use,confirmed_fraud,63.96
CC-2859,card_not_present_new_device,confirmed_fraud,44.98
CC-2860,card_not_present_fraud,confirmed_fraud,149.92
CC-2861,out_of_region_use,confirmed_fraud,49.05
CC-2862,card_not_present_new_device,confirmed_fraud,298.41
CC-2863,out_of_region_use,confirmed_fraud,1107.99
CC-2864,card_not_present_fraud,confirmed_fraud,1499.91
CC-2865,card_not_present_new_device,confirmed_fraud,59.97
CC-2866,none,cleared,0.0
CC-2867,card_not_present_fraud,confirmed_fraud,50.01
CC-2868,card_not_present_fraud,confirmed_fraud,99.94
CC-2869,out_of_region_use,confirmed_fraud,287.59
CC-2870,out_of_region_use,confirmed_fraud,164.05
CC-2871,out_of_region_use,confirmed_fraud,34.04
CC-2872,card_not_present_fraud,confirmed_fraud,137.47
CC-2873,account_takeover,confirmed_fraud,117.06
CC-2874,out_of_region_use,confirmed_fraud,500.06
CC-2875,out_of_region_use,confirmed_fraud,97.0
CC-2876,card_not_present_fraud,confirmed_fraud,8.54
CC-2877,card_not_present_new_device,confirmed_fraud,300.05
CC-2878,card_not_present_new_device,confirmed_fraud,99.96
CC-2879,card_not_present_new_device,confirmed_fraud,254.88
CC-2880,none,cleared,0.0
CC-2881,card_not_present_fraud,confirmed_fraud,68.97
CC-2882,card_not_present_new_device,confirmed_fraud,149.96
CC-2883,card_not_present_new_device,confirmed_fraud,265.67
CC-2884,out_of_region_use,confirmed_fraud,226.09
CC-2885,account_takeover,confirmed_fraud,53.92
CC-2886,card_not_present_new_device,confirmed_fraud,90.71
CC-2887,out_of_region_use,confirmed_fraud,1286.47
CC-2888,card_not_present_fraud,confirmed_fraud,24.97
CC-2889,out_of_region_use,confirmed_fraud,340.16
CC-2890,card_not_present_new_device,confirmed_fraud,86.48
CC-2891,card_not_present_fraud,confirmed_fraud,12.83
CC-2892,account_takeover,confirmed_fraud,30.97
CC-2893,account_takeover,confirmed_fraud,3287.05
CC-2894,out_of_region_use,confirmed_fraud,1053.9
CC-2895,card_not_present_fraud,confirmed_fraud,80.0
CC-2896,card_not_present_fraud,confirmed_fraud,66.99
CC-2897,card_not_present_fraud,confirmed_fraud,169.79
CC-2898,card_not_present_new_device,confirmed_fraud,209.28
CC-2899,card_not_present_fraud,confirmed_fraud,399.99
CC-2900,card_not_present_new_device,confirmed_fraud,349.91
CC-2901,account_takeover,confirmed_fraud,311.89
CC-2902,card_not_present_new_device,confirmed_fraud,200.01
CC-2903,account_takeover,confirmed_fraud,980.04
CC-2904,card_not_present_fraud,confirmed_fraud,8.37
CC-2905,card_not_present_fraud,confirmed_fraud,161.97
CC-2906,card_not_present_fraud,confirmed_fraud,249.92
CC-2907,none,cleared,0.0
CC-2908,card_not_present_fraud,confirmed_fraud,8.4
CC-2909,card_not_present_fraud,confirmed_fraud,67.1
CC-2910,card_not_present_new_device,confirmed_fraud,549.95
CC-2911,none,cleared,0.0
CC-2912,account_takeover,confirmed_fraud,225.94
CC-2913,card_not_present_new_device,confirmed_fraud,29.97
CC-2914,card_not_present_fraud,confirmed_fraud,67.16
CC-2915,out_of_region_use,confirmed_fraud,1252.04
CC-2916,out_of_region_use,confirmed_fraud,170.99
CC-2917,out_of_region_use,confirmed_fraud,664.06
CC-2918,card_not_present_fraud,confirmed_fraud,25.06
CC-2919,card_not_present_new_device,confirmed_fraud,29.97
CC-2920,card_not_present_new_device,confirmed_fraud,100.08
CC-2921,out_of_region_use,confirmed_fraud,923.66
CC-2922,card_not_present_fraud,confirmed_fraud,167.61
CC-2923,out_of_region_use,confirmed_fraud,77.0
CC-2924,account_takeover,confirmed_fraud,117.0
CC-2925,card_not_present_new_device,confirmed_fraud,300.08
CC-2926,account_takeover,confirmed_fraud,97.13
CC-2927,out_of_region_use,confirmed_fraud,58.96
CC-2928,card_not_present_new_device,confirmed_fraud,20.91
CC-2929,card_not_present_fraud,confirmed_fraud,249.96
CC-2930,account_takeover,confirmed_fraud,160.96
CC-2931,card_not_present_fraud,confirmed_fraud,17.06
CC-2932,out_of_region_use,confirmed_fraud,1053.98
CC-2933,card_not_present_fraud,confirmed_fraud,10.85
CC-2934,card_not_present_fraud,confirmed_fraud,33.56
CC-2935,out_of_region_use,confirmed_fraud,238.0
CC-2936,card_not_present_new_device,confirmed_fraud,399.98
CC-2937,none,cleared,0.0
CC-2938,card_not_present_fraud,confirmed_fraud,25.59
CC-2939,card_not_present_new_device,confirmed_fraud,150.02
CC-2940,card_not_present_new_device,confirmed_fraud,210.81
CC-2941,card_not_present_fraud,confirmed_fraud,154.72
CC-2942,account_takeover,confirmed_fraud,266.01
CC-2943,card_not_present_fraud,confirmed_fraud,41.48
CC-2944,card_not_present_new_device,confirmed_fraud,199.96
CC-2945,account_takeover,confirmed_fraud,2810.43
CC-2946,card_not_present_new_device,confirmed_fraud,299.91
CC-2947,out_of_region_use,confirmed_fraud,250.0
CC-2948,card_not_present_new_device,confirmed_fraud,449.85
CC-2949,out_of_region_use,confirmed_fraud,218.4
CC-2950,account_takeover,confirmed_fraud,34.0
CC-2951,account_takeover,confirmed_fraud,659.81
CC-2952,none,cleared,0.0
CC-2953,account_takeover,confirmed_fraud,774.04
CC-2954,out_of_region_use,confirmed_fraud,412.93
CC-2955,card_not_present_new_device,confirmed_fraud,814.97
CC-2956,none,cleared,0.0
CC-2957,card_not_present_fraud,confirmed_fraud,33.45
CC-2958,card_not_present_fraud,confirmed_fraud,88.19
CC-2959,card_not_present_new_device,confirmed_fraud,250.08
CC-2960,card_not_present_fraud,confirmed_fraud,199.94
CC-2961,card_not_present_fraud,confirmed_fraud,665.02
CC-2962,account_takeover,confirmed_fraud,251.86
CC-2963,out_of_region_use,confirmed_fraud,845.1
CC-2964,out_of_region_use,confirmed_fraud,171.08
CC-2965,card_not_present_new_device,confirmed_fraud,284.7
CC-2966,card_not_present_fraud,confirmed_fraud,99.99
CC-2967,card_not_present_new_device,confirmed_fraud,449.96
CC-2968,card_not_present_fraud,confirmed_fraud,299.92
CC-2969,none,cleared,0.0
CC-2970,account_takeover,confirmed_fraud,1482.73
CC-2971,undocumented,confirmed_fraud,108.36
CC-2972,card_not_present_fraud,confirmed_fraud,309.24
CC-2973,card_not_present_new_device,confirmed_fraud,199.91
CC-2974,card_not_present_fraud,confirmed_fraud,200.16
CC-2975,out_of_region_use,confirmed_fraud,554.06
CC-2976,out_of_region_use,confirmed_fraud,8279.87
CC-2977,account_takeover,confirmed_fraud,886.84
CC-2978,card_not_present_fraud,confirmed_fraud,300.01
CC-2979,card_not_present_new_device,confirmed_fraud,125.08
CC-2980,card_not_present_fraud,confirmed_fraud,175.01
CC-2981,card_not_present_fraud,confirmed_fraud,8.46
CC-2982,card_not_present_fraud,confirmed_fraud,75.07
CC-2983,card_not_present_fraud,confirmed_fraud,11.88
CC-2984,card_not_present_new_device,confirmed_fraud,190.87
CC-2985,undocumented,confirmed_fraud,381.4
CC-2986,out_of_region_use,confirmed_fraud,210.02
CC-2987,account_takeover,confirmed_fraud,59.0
CC-2988,card_not_present_new_device,confirmed_fraud,9.34
CC-2989,card_not_present_new_device,confirmed_fraud,45.17
CC-2990,card_not_present_fraud,confirmed_fraud,33.57
CC-2991,account_takeover,confirmed_fraud,170.96
CC-2992,card_not_present_new_device,confirmed_fraud,300.05
CC-2993,card_not_present_fraud,confirmed_fraud,150.0
CC-2994,out_of_region_use,confirmed_fraud,3247.2
CC-2995,out_of_region_use,confirmed_fraud,351.04
CC-2996,card_not_present_new_device,confirmed_fraud,147.72
CC-2997,card_not_present_fraud,confirmed_fraud,166.17
CC-2998,out_of_region_use,confirmed_fraud,532.04
CC-2999,card_not_present_fraud,confirmed_fraud,175.02
CC-3000,account_takeover,confirmed_fraud,490.03
CC-3001,card_not_present_fraud,confirmed_fraud,10.92
CC-3002,account_takeover,confirmed_fraud,34.06
CC-3003,card_not_present_new_device,confirmed_fraud,250.02
CC-3004,card_not_present_fraud,confirmed_fraud,300.0
CC-3005,out_of_region_use,confirmed_fraud,210.03
CC-3006,card_not_present_fraud,confirmed_fraud,149.97
CC-3007,card_not_present_fraud,confirmed_fraud,10.0
CC-3008,card_not_present_new_device,confirmed_fraud,232.78
CC-3009,card_not_present_fraud,confirmed_fraud,21.48
CC-3010,none,cleared,0.0
CC-3011,card_not_present_fraud,confirmed_fraud,66.99
CC-3012,card_not_present_new_device,confirmed_fraud,21.43
CC-3013,out_of_region_use,confirmed_fraud,624.01
CC-3014,out_of_region_use,confirmed_fraud,279.92
CC-3015,out_of_region_use,confirmed_fraud,107.9
CC-3016,card_not_present_new_device,confirmed_fraud,400.02
CC-3017,card_not_present_fraud,confirmed_fraud,199.99
CC-3018,account_takeover,confirmed_fraud,86.95
CC-3019,card_not_present_fraud,confirmed_fraud,162.31
CC-3020,none,cleared,0.0
CC-3021,account_takeover,confirmed_fraud,225.97
CC-3022,out_of_region_use,confirmed_fraud,59.03
CC-3023,out_of_region_use,confirmed_fraud,113.88
CC-3024,account_takeover,confirmed_fraud,173.91
CC-3025,account_takeover,confirmed_fraud,686.84
CC-3026,account_takeover,confirmed_fraud,553.98
CC-3027,account_takeover,confirmed_fraud,312.01
CC-3028,out_of_region_use,confirmed_fraud,226.02
CC-3029,card_not_present_new_device,confirmed_fraud,77.96
CC-3030,card_not_present_fraud,confirmed_fraud,200.02
CC-3031,card_not_present_new_device,confirmed_fraud,1475.21
CC-3032,account_takeover,confirmed_fraud,804.05
CC-3033,out_of_region_use,confirmed_fraud,280.02
CC-3034,card_not_present_new_device,confirmed_fraud,254.93
CC-3035,undocumented,confirmed_fraud,140.95
CC-3036,card_not_present_new_device,confirmed_fraud,100.01
CC-3037,card_not_present_new_device,confirmed_fraud,100.04
CC-3038,card_not_present_fraud,confirmed_fraud,67.1
CC-3039,card_not_present_new_device,confirmed_fraud,108.85
CC-3040,card_not_present_fraud,confirmed_fraud,243.68
CC-3041,account_takeover,confirmed_fraud,812.78
CC-3042,card_not_present_fraud,confirmed_fraud,154.65
CC-3043,card_not_present_fraud,confirmed_fraud,350.07
CC-3044,out_of_region_use,confirmed_fraud,584.94
CC-3045,account_takeover,confirmed_fraud,173.04
CC-3046,out_of_region_use,confirmed_fraud,46.01
CC-3047,card_not_present_new_device,confirmed_fraud,1700.14
CC-3048,card_not_present_new_device,confirmed_fraud,149.97
CC-3049,card_not_present_fraud,confirmed_fraud,200.01
CC-3050,none,cleared,0.0
CC-3051,card_not_present_new_device,confirmed_fraud,99.95
CC-3052,out_of_region_use,confirmed_fraud,293.14
CC-3053,account_takeover,confirmed_fraud,108.01
CC-3054,card_not_present_new_device,confirmed_fraud,603.73
CC-3055,out_of_region_use,confirmed_fraud,317.86
CC-3056,card_not_present_fraud,confirmed_fraud,199.91
CC-3057,card_not_present_new_device,confirmed_fraud,630.93
CC-3058,out_of_region_use,confirmed_fraud,226.07
CC-3059,account_takeover,confirmed_fraud,97.04
CC-3060,card_not_present_fraud,confirmed_fraud,67.02
CC-3061,out_of_region_use,confirmed_fraud,335.03
CC-3062,card_not_present_new_device,confirmed_fraud,199.99
CC-3063,account_takeover,confirmed_fraud,492.27
CC-3064,card_not_present_fraud,confirmed_fraud,10.9
CC-3065,out_of_region_use,confirmed_fraud,141.01
CC-3066,out_of_region_use,confirmed_fraud,262.95
CC-3067,out_of_region_use,confirmed_fraud,273.04
CC-3068,card_not_present_fraud,confirmed_fraud,149.91
CC-3069,account_takeover,confirmed_fraud,87.01
CC-3070,out_of_region_use,confirmed_fraud,92.01
CC-3071,out_of_region_use,confirmed_fraud,1870.6
CC-3072,out_of_region_use,confirmed_fraud,994.04
CC-3073,card_not_present_fraud,confirmed_fraud,34.52
CC-3074,account_takeover,confirmed_fraud,145.96
CC-3075,card_not_present_new_device,confirmed_fraud,606.67
CC-3076,card_not_present_fraud,confirmed_fraud,139.89
CC-3077,card_not_present_new_device,confirmed_fraud,1350.14
CC-3078,card_not_present_new_device,confirmed_fraud,150.04
CC-3079,card_not_present_new_device,confirmed_fraud,847.02
CC-3080,card_not_present_fraud,confirmed_fraud,33.44
CC-3081,out_of_region_use,confirmed_fraud,116.94
CC-3082,card_not_present_fraud,confirmed_fraud,400.01
CC-3083,out_of_region_use,confirmed_fraud,576.57
CC-3084,card_not_present_fraud,confirmed_fraud,79.17
CC-3085,account_takeover,confirmed_fraud,2328.05
CC-3086,card_not_present_fraud,confirmed_fraud,36.32
CC-3087,card_not_present_new_device,confirmed_fraud,25.04
CC-3088,card_not_present_new_device,confirmed_fraud,149.91
CC-3089,account_takeover,confirmed_fraud,77.96
CC-3090,card_not_present_new_device,confirmed_fraud,174.95
CC-3091,card_not_present_fraud,confirmed_fraud,22.48
CC-3092,none,cleared,0.0
CC-3093,account_takeover,confirmed_fraud,12036.52
CC-3094,account_takeover,confirmed_fraud,234.1
CC-3095,card_not_present_new_device,confirmed_fraud,350.0
CC-3096,none,cleared,0.0
CC-3097,card_not_present_new_device,confirmed_fraud,50.08
CC-3098,card_not_present_fraud,confirmed_fraud,29.93
CC-3099,card_not_present_fraud,confirmed_fraud,28.35
CC-3100,card_not_present_fraud,confirmed_fraud,16.62
CC-3101,account_takeover,confirmed_fraud,746.85
CC-3102,card_not_present_new_device,confirmed_fraud,200.01
CC-3103,none,cleared,0.0
CC-3104,account_takeover,confirmed_fraud,34.06
CC-3105,none,cleared,0.0
CC-3106,card_not_present_fraud,confirmed_fraud,67.08
CC-3107,none,cleared,0.0
CC-3108,out_of_region_use,confirmed_fraud,4332.97
CC-3109,account_takeover,confirmed_fraud,444.99
CC-3110,card_not_present_new_device,confirmed_fraud,401.3
CC-3111,card_not_present_new_device,confirmed_fraud,319.5
CC-3112,card_not_present_new_device,confirmed_fraud,300.04
CC-3113,account_takeover,confirmed_fraud,116.79
CC-3114,none,cleared,0.0
CC-3115,card_not_present_fraud,confirmed_fraud,33.49
CC-3116,account_takeover,confirmed_fraud,225.98
CC-3117,account_takeover,confirmed_fraud,1415.75
CC-3118,card_not_present_fraud,confirmed_fraud,149.97
CC-3119,card_not_present_new_device,confirmed_fraud,805.11
CC-3120,card_not_present_fraud,confirmed_fraud,156.64
CC-3121,out_of_region_use,confirmed_fraud,883.98
CC-3122,out_of_region_use,confirmed_fraud,108.0
CC-3123,card_not_present_new_device,confirmed_fraud,227.55
CC-3124,card_not_present_new_device,confirmed_fraud,38.26
CC-3125,card_not_present_fraud,confirmed_fraud,154.61
CC-3126,card_not_present_fraud,confirmed_fraud,20.17
CC-3127,account_takeover,confirmed_fraud,1539.01
CC-3128,out_of_region_use,confirmed_fraud,150.94
CC-3129,card_not_present_new_device,confirmed_fraud,59.99
CC-3130,account_takeover,confirmed_fraud,554.01
CC-3131,account_takeover,confirmed_fraud,52.96
CC-3132,none,cleared,0.0
CC-3133,card_not_present_new_device,confirmed_fraud,1099.98
CC-3134,card_not_present_new_device,confirmed_fraud,155.38
CC-3135,account_takeover,confirmed_fraud,85.95
CC-3136,account_takeover,confirmed_fraud,73.99
CC-3137,card_not_present_new_device,confirmed_fraud,339.63
CC-3138,account_takeover,confirmed_fraud,257.79
CC-3139,card_not_present_fraud,confirmed_fraud,62.64
CC-3140,account_takeover,confirmed_fraud,59.02
CC-3141,account_takeover,confirmed_fraud,614.98
CC-3142,card_not_present_fraud,confirmed_fraud,324.41
CC-3143,card_not_present_fraud,confirmed_fraud,549.83
CC-3144,out_of_region_use,confirmed_fraud,196.09
CC-3145,account_takeover,confirmed_fraud,117.07
CC-3146,card_not_present_fraud,confirmed_fraud,90.01
CC-3147,account_takeover,confirmed_fraud,160.95
CC-3148,none,cleared,0.0
CC-3149,card_not_present_fraud,confirmed_fraud,88.96
CC-3150,account_takeover,confirmed_fraud,1093.89
CC-3151,card_not_present_fraud,confirmed_fraud,4.8
CC-3152,account_takeover,confirmed_fraud,93.15
CC-3153,account_takeover,confirmed_fraud,77.0
CC-3154,out_of_region_use,confirmed_fraud,326.98
CC-3155,account_takeover,confirmed_fraud,1884.88
CC-3156,card_not_present_new_device,confirmed_fraud,150.04
CC-3157,card_not_present_fraud,confirmed_fraud,17.91
CC-3158,card_not_present_fraud,confirmed_fraud,52.3
CC-3159,card_not_present_fraud,confirmed_fraud,77.4
CC-3160,account_takeover,confirmed_fraud,46.99
CC-3161,account_takeover,confirmed_fraud,210.02
CC-3162,account_takeover,confirmed_fraud,1355.19
CC-3163,card_not_present_new_device,confirmed_fraud,17.96
CC-3164,account_takeover,confirmed_fraud,592.92
CC-3165,card_not_present_fraud,confirmed_fraud,4.8
CC-3166,out_of_region_use,confirmed_fraud,116.99
CC-3167,account_takeover,confirmed_fraud,44.09
CC-3168,none,cleared,0.0
CC-3169,card_not_present_new_device,confirmed_fraud,49.98
CC-3170,account_takeover,confirmed_fraud,402.0
CC-3171,account_takeover,confirmed_fraud,445.06
CC-3172,card_not_present_fraud,confirmed_fraud,174.17
CC-3173,card_not_present_fraud,confirmed_fraud,20.74
CC-3174,card_not_present_new_device,confirmed_fraud,11.22
CC-3175,account_takeover,confirmed_fraud,480.97
CC-3176,account_takeover,confirmed_fraud,205.07
CC-3177,none,cleared,0.0
CC-3178,card_not_present_fraud,confirmed_fraud,61.59
CC-3179,out_of_region_use,confirmed_fraud,96.91
CC-3180,card_not_present_fraud,confirmed_fraud,199.95
CC-3181,card_not_present_new_device,confirmed_fraud,251.48
CC-3182,none,cleared,0.0
CC-3183,out_of_region_use,confirmed_fraud,289.89
CC-3184,none,cleared,0.0
CC-3185,card_not_present_fraud,confirmed_fraud,200.08
CC-3186,account_takeover,confirmed_fraud,116.93
CC-3187,account_takeover,confirmed_fraud,116.99
CC-3188,card_not_present_fraud,confirmed_fraud,449.99
CC-3189,out_of_region_use,confirmed_fraud,631.0
CC-3190,card_not_present_fraud,confirmed_fraud,232.04
CC-3191,account_takeover,confirmed_fraud,184.83
CC-3192,card_not_present_new_device,confirmed_fraud,299.94
CC-3193,card_not_present_new_device,confirmed_fraud,75.09
CC-3194,none,cleared,0.0
CC-3195,card_not_present_fraud,confirmed_fraud,250.04
CC-3196,card_not_present_new_device,confirmed_fraud,450.08
CC-3197,account_takeover,confirmed_fraud,585.96
CC-3198,card_not_present_fraud,confirmed_fraud,60.42
CC-3199,none,cleared,0.0
CC-3200,card_not_present_new_device,confirmed_fraud,48.72
CC-3201,card_not_present_fraud,confirmed_fraud,33.59
CC-3202,account_takeover,confirmed_fraud,502.18
CC-3203,account_takeover,confirmed_fraud,39.01
CC-3204,card_not_present_new_device,confirmed_fraud,499.98
CC-3205,card_not_present_new_device,confirmed_fraud,91.08
CC-3206,card_not_present_new_device,confirmed_fraud,100.24
CC-3207,account_takeover,confirmed_fraud,2597.89
CC-3208,account_takeover,confirmed_fraud,371.96
CC-3209,card_not_present_fraud,confirmed_fraud,93.96
CC-3210,card_not_present_new_device,confirmed_fraud,249.89
CC-3211,card_not_present_fraud,confirmed_fraud,150.01
CC-3212,out_of_region_use,confirmed_fraud,1092.45
CC-3213,card_not_present_fraud,confirmed_fraud,150.02
CC-3214,account_takeover,confirmed_fraud,1133.92
CC-3215,card_not_present_new_device,confirmed_fraud,50.06
CC-3216,card_not_present_new_device,confirmed_fraud,449.97
CC-3217,card_not_present_new_device,confirmed_fraud,48.64
CC-3218,card_not_present_fraud,confirmed_fraud,150.04
CC-3219,card_not_present_new_device,confirmed_fraud,924.84
CC-3220,card_not_present_fraud,confirmed_fraud,150.07
CC-3221,card_not_present_new_device,confirmed_fraud,18477.45
CC-3222,account_takeover,confirmed_fraud,170.98
CC-3223,card_not_present_fraud,confirmed_fraud,33.46
CC-3224,out_of_region_use,confirmed_fraud,477.96
CC-3225,card_not_present_fraud,confirmed_fraud,100.04
CC-3226,account_takeover,confirmed_fraud,98.98
CC-3227,account_takeover,confirmed_fraud,279.94
CC-3228,card_not_present_fraud,confirmed_fraud,300.04
CC-3229,card_not_present_fraud,confirmed_fraud,67.14
CC-3230,card_not_present_fraud,confirmed_fraud,100.01
CC-3231,none,cleared,0.0
CC-3232,card_not_present_fraud,confirmed_fraud,174.93
CC-3233,account_takeover,confirmed_fraud,28.93
CC-3234,out_of_region_use,confirmed_fraud,25.86
CC-3235,card_not_present_new_device,confirmed_fraud,399.94
CC-3236,account_takeover,confirmed_fraud,444.97
CC-3237,card_not_present_fraud,confirmed_fraud,27.09
CC-3238,card_not_present_fraud,confirmed_fraud,55.94
CC-3239,card_not_present_new_device,confirmed_fraud,1199.96
CC-3240,card_not_present_new_device,confirmed_fraud,299.86
CC-3241,account_takeover,confirmed_fraud,54.55
CC-3242,account_takeover,confirmed_fraud,652.11
CC-3243,card_not_present_new_device,confirmed_fraud,300.01
CC-3244,card_not_present_fraud,confirmed_fraud,41.02
CC-3245,none,cleared,0.0
CC-3246,card_not_present_new_device,confirmed_fraud,650.04
CC-3247,account_takeover,confirmed_fraud,261.96
CC-3248,account_takeover,confirmed_fraud,15857.38
CC-3249,out_of_region_use,confirmed_fraud,279.94
CC-3250,card_not_present_new_device,confirmed_fraud,1048.56
CC-3251,card_not_present_new_device,confirmed_fraud,76.05
CC-3252,card_not_present_fraud,confirmed_fraud,26.14
CC-3253,account_takeover,confirmed_fraud,58.99
CC-3254,account_takeover,confirmed_fraud,215.75
CC-3255,card_not_present_fraud,confirmed_fraud,150.02
CC-3256,card_not_present_new_device,confirmed_fraud,39.88
CC-3257,out_of_region_use,confirmed_fraud,49.06
CC-3258,card_not_present_new_device,confirmed_fraud,49.95
CC-3259,out_of_region_use,confirmed_fraud,86.99
CC-3260,account_takeover,confirmed_fraud,204.99
CC-3261,account_takeover,confirmed_fraud,1576.02
CC-3262,card_not_present_fraud,confirmed_fraud,346.36
CC-3263,card_not_present_new_device,confirmed_fraud,149.97
CC-3264,card_not_present_new_device,confirmed_fraud,105.94
CC-3265,account_takeover,confirmed_fraud,2809.94
CC-3266,account_takeover,confirmed_fraud,54.04
CC-3267,out_of_region_use,confirmed_fraud,86.94
CC-3268,out_of_region_use,confirmed_fraud,43.93
CC-3269,card_not_present_fraud,confirmed_fraud,47.21
CC-3270,none,cleared,0.0
CC-3271,card_not_present_new_device,confirmed_fraud,583.99
CC-3272,card_not_present_fraud,confirmed_fraud,299.97
CC-3273,account_takeover,confirmed_fraud,97.9
CC-3274,card_not_present_new_device,confirmed_fraud,299.99
CC-3275,card_not_present_new_device,confirmed_fraud,150.08
CC-3276,out_of_region_use,confirmed_fraud,117.07
CC-3277,card_not_present_new_device,confirmed_fraud,306.04
CC-3278,card_not_present_fraud,confirmed_fraud,175.05
CC-3279,card_not_present_new_device,confirmed_fraud,49.95
CC-3280,card_not_present_fraud,confirmed_fraud,75.02
CC-3281,none,cleared,0.0
CC-3282,account_takeover,confirmed_fraud,935.89
CC-3283,account_takeover,confirmed_fraud,474.9
CC-3284,account_takeover,confirmed_fraud,452.16
CC-3285,card_not_present_fraud,confirmed_fraud,249.44
CC-3286,card_not_present_fraud,confirmed_fraud,74.68
CC-3287,account_takeover,confirmed_fraud,273.01
CC-3288,card_not_present_new_device,confirmed_fraud,428.15
CC-3289,card_not_present_new_device,confirmed_fraud,99.91
CC-3290,card_not_present_new_device,confirmed_fraud,425.14
CC-3291,out_of_region_use,confirmed_fraud,49.03
CC-3292,account_takeover,confirmed_fraud,59.0
CC-3293,card_not_present_fraud,confirmed_fraud,63.83
CC-3294,out_of_region_use,confirmed_fraud,389.97
CC-3295,card_not_present_fraud,confirmed_fraud,100.03
CC-3296,none,cleared,0.0
CC-3297,out_of_region_use,confirmed_fraud,91.15
CC-3298,out_of_region_use,confirmed_fraud,294.92
CC-3299,account_takeover,confirmed_fraud,56.47
CC-3300,out_of_region_use,confirmed_fraud,280.09
CC-3301,card_not_present_new_device,confirmed_fraud,149.95
CC-3302,card_not_present_new_device,confirmed_fraud,450.12
CC-3303,card_not_present_new_device,confirmed_fraud,250.03
CC-3304,account_takeover,confirmed_fraud,166.08
CC-3305,card_not_present_fraud,confirmed_fraud,150.08
CC-3306,card_not_present_fraud,confirmed_fraud,399.92
CC-3307,card_not_present_new_device,confirmed_fraud,30.05
CC-3308,card_not_present_fraud,confirmed_fraud,44.22
CC-3309,out_of_region_use,confirmed_fraud,739.89
CC-3310,account_takeover,confirmed_fraud,507.13
CC-3311,account_takeover,confirmed_fraud,323.09
CC-3312,account_takeover,confirmed_fraud,262.46
CC-3313,account_takeover,confirmed_fraud,625.15
CC-3314,out_of_region_use,confirmed_fraud,117.99
CC-3315,account_takeover,confirmed_fraud,97.94
CC-3316,none,cleared,0.0
CC-3317,card_not_present_fraud,confirmed_fraud,25.7
CC-3318,account_takeover,confirmed_fraud,884.05
CC-3319,account_takeover,confirmed_fraud,4322.52
CC-3320,out_of_region_use,confirmed_fraud,117.07
CC-3321,card_not_present_new_device,confirmed_fraud,100.03
CC-3322,out_of_region_use,confirmed_fraud,892.65
CC-3323,out_of_region_use,confirmed_fraud,93.56
CC-3324,card_not_present_new_device,confirmed_fraud,149.93
CC-3325,account_takeover,confirmed_fraud,113.98
CC-3326,account_takeover,confirmed_fraud,398.01
CC-3327,account_takeover,confirmed_fraud,528.69
CC-3328,out_of_region_use,confirmed_fraud,117.05
CC-3329,out_of_region_use,confirmed_fraud,225.99
CC-3330,card_not_present_fraud,confirmed_fraud,99.85
CC-3331,account_takeover,confirmed_fraud,477.84
CC-3332,none,cleared,0.0
CC-3333,account_takeover,confirmed_fraud,1625.99
CC-3334,card_not_present_fraud,confirmed_fraud,100.02
CC-3335,out_of_region_use,confirmed_fraud,117.08
CC-3336,card_not_present_fraud,confirmed_fraud,156.52
CC-3337,card_not_present_fraud,confirmed_fraud,250.05
CC-3338,out_of_region_use,confirmed_fraud,74.09
CC-3339,card_not_present_fraud,confirmed_fraud,92.38
CC-3340,card_not_present_fraud,confirmed_fraud,14.22
CC-3341,card_not_present_fraud,confirmed_fraud,19.9
CC-3342,card_not_present_fraud,confirmed_fraud,175.06
CC-3343,card_not_present_fraud,confirmed_fraud,37.28
CC-3344,card_not_present_fraud,confirmed_fraud,174.98
CC-3345,card_not_present_fraud,confirmed_fraud,99.97
CC-3346,card_not_present_fraud,confirmed_fraud,199.99
CC-3347,card_not_present_new_device,confirmed_fraud,130.03
CC-3348,account_takeover,confirmed_fraud,58.96
CC-3349,account_takeover,confirmed_fraud,107.86
CC-3350,card_not_present_new_device,confirmed_fraud,74.93
CC-3351,card_not_present_fraud,confirmed_fraud,82.37
CC-3352,account_takeover,confirmed_fraud,58.98
CC-3353,card_not_present_new_device,confirmed_fraud,39.62
CC-3354,none,cleared,0.0
CC-3355,account_takeover,confirmed_fraud,6501.32
CC-3356,card_not_present_new_device,confirmed_fraud,38.51
CC-3357,out_of_region_use,confirmed_fraud,549.04
CC-3358,card_not_present_fraud,confirmed_fraud,333.69
CC-3359,card_not_present_fraud,confirmed_fraud,120.05
CC-3360,none,cleared,0.0
CC-3361,account_takeover,confirmed_fraud,6352.08
CC-3362,none,cleared,0.0
CC-3363,account_takeover,confirmed_fraud,87.88
CC-3364,account_takeover,confirmed_fraud,199.88
CC-3365,card_not_present_fraud,confirmed_fraud,800.06
CC-3366,none,cleared,0.0
CC-3367,account_takeover,confirmed_fraud,209.98
CC-3368,card_not_present_new_device,confirmed_fraud,24.99
CC-3369,card_not_present_fraud,confirmed_fraud,99.93
CC-3370,account_takeover,confirmed_fraud,1111.92
CC-3371,account_takeover,confirmed_fraud,449.82
CC-3372,card_not_present_fraud,confirmed_fraud,50.07
CC-3373,account_takeover,confirmed_fraud,1491.91
CC-3374,out_of_region_use,confirmed_fraud,107.94
CC-3375,card_not_present_fraud,confirmed_fraud,199.93
CC-3376,card_not_present_fraud,confirmed_fraud,20.04
CC-3377,out_of_region_use,confirmed_fraud,67.91
CC-3378,out_of_region_use,confirmed_fraud,117.91
CC-3379,none,cleared,0.0
CC-3380,out_of_region_use,confirmed_fraud,506.01
CC-3381,card_not_present_fraud,confirmed_fraud,100.02
CC-3382,out_of_region_use,confirmed_fraud,755.98
CC-3383,card_not_present_fraud,confirmed_fraud,139.37
CC-3384,card_not_present_fraud,confirmed_fraud,149.97
CC-3385,none,cleared,0.0
CC-3386,card_not_present_new_device,confirmed_fraud,49.93
CC-3387,none,cleared,0.0
CC-3388,account_takeover,confirmed_fraud,452.0
CC-3389,account_takeover,confirmed_fraud,48.91
CC-3390,card_not_present_new_device,confirmed_fraud,300.04
CC-3391,card_not_present_fraud,confirmed_fraud,200.03
CC-3392,card_not_present_fraud,confirmed_fraud,26.5
CC-3393,card_not_present_new_device,confirmed_fraud,17.72
CC-3394,account_takeover,confirmed_fraud,960.19
CC-3395,card_not_present_fraud,confirmed_fraud,450.01
CC-3396,card_not_present_fraud,confirmed_fraud,150.0
CC-3397,card_not_present_fraud,confirmed_fraud,29.77
CC-3398,card_not_present_new_device,confirmed_fraud,99.92
CC-3399,out_of_region_use,confirmed_fraud,226.09
CC-3400,account_takeover,confirmed_fraud,145.96
CC-3401,out_of_region_use,confirmed_fraud,435.04
CC-3402,out_of_region_use,confirmed_fraud,107.03
CC-3403,out_of_region_use,confirmed_fraud,569.19
CC-3404,card_not_present_fraud,confirmed_fraud,4.8
CC-3405,out_of_region_use,confirmed_fraud,1482.99
CC-3406,none,cleared,0.0
CC-3407,none,cleared,0.0
CC-3408,out_of_region_use,confirmed_fraud,279.99
CC-3409,card_not_present_fraud,confirmed_fraud,200.09
CC-3410,account_takeover,confirmed_fraud,559.98
CC-3411,none,cleared,0.0
CC-3412,none,cleared,0.0
CC-3413,none,cleared,0.0
CC-3414,card_not_present_fraud,confirmed_fraud,99.93
CC-3415,card_not_present_new_device,confirmed_fraud,33.53
CC-3416,none,cleared,0.0
CC-3417,account_takeover,confirmed_fraud,664.07
CC-3418,out_of_region_use,confirmed_fraud,317.01
CC-3419,account_takeover,confirmed_fraud,3717.99
CC-3420,card_not_present_new_device,confirmed_fraud,16.51
CC-3421,card_not_present_new_device,confirmed_fraud,249.92
CC-3422,card_not_present_fraud,confirmed_fraud,124.24
CC-3423,card_not_present_new_device,confirmed_fraud,400.07
CC-3424,card_not_present_fraud,confirmed_fraud,400.09
CC-3425,account_takeover,confirmed_fraud,87.97
CC-3426,card_not_present_fraud,confirmed_fraud,135.9
CC-3427,card_not_present_fraud,confirmed_fraud,100.03
CC-3428,card_not_present_fraud,confirmed_fraud,1500.0
CC-3429,out_of_region_use,confirmed_fraud,31.08
CC-3430,card_not_present_fraud,confirmed_fraud,74.95
CC-3431,card_not_present_new_device,confirmed_fraud,55.96
CC-3432,card_not_present_new_device,confirmed_fraud,743.91
CC-3433,account_takeover,confirmed_fraud,39.08
CC-3434,account_takeover,confirmed_fraud,394.03
CC-3435,none,cleared,0.0
CC-3436,card_not_present_new_device,confirmed_fraud,1250.09
CC-3437,card_not_present_fraud,confirmed_fraud,200.04
CC-3438,card_not_present_new_device,confirmed_fraud,249.95
CC-3439,out_of_region_use,confirmed_fraud,454.82
CC-3440,card_not_present_fraud,confirmed_fraud,114.5
CC-3441,account_takeover,confirmed_fraud,97.92
CC-3442,out_of_region_use,confirmed_fraud,211.0
CC-3443,card_not_present_fraud,confirmed_fraud,349.93
CC-3444,card_not_present_fraud,confirmed_fraud,350.07
CC-3445,card_not_present_fraud,confirmed_fraud,99.94
CC-3446,card_not_present_fraud,confirmed_fraud,40.14
CC-3447,card_not_present_new_device,confirmed_fraud,30.11
CC-3448,card_not_present_new_device,confirmed_fraud,974.94
CC-3449,out_of_region_use,confirmed_fraud,585.23
CC-3450,card_not_present_new_device,confirmed_fraud,510.74
CC-3451,out_of_region_use,confirmed_fraud,44.51
CC-3452,card_not_present_new_device,confirmed_fraud,277.33
CC-3453,account_takeover,confirmed_fraud,225.94
CC-3454,card_not_present_fraud,confirmed_fraud,300.05
CC-3455,card_not_present_fraud,confirmed_fraud,274.97
CC-3456,account_takeover,confirmed_fraud,59.06
CC-3457,out_of_region_use,confirmed_fraud,670.11
CC-3458,none,cleared,0.0
CC-3459,account_takeover,confirmed_fraud,171.85
CC-3460,card_not_present_new_device,confirmed_fraud,89.02
CC-3461,card_not_present_new_device,confirmed_fraud,1559.94
CC-3462,account_takeover,confirmed_fraud,87.08
CC-3463,none,cleared,0.0
CC-3464,card_not_present_new_device,confirmed_fraud,249.93
CC-3465,none,cleared,0.0
CC-3466,card_not_present_new_device,confirmed_fraud,200.05
CC-3467,account_takeover,confirmed_fraud,117.98
CC-3468,out_of_region_use,confirmed_fraud,311.89
CC-3469,account_takeover,confirmed_fraud,602.8
CC-3470,account_takeover,confirmed_fraud,1417.17
CC-3471,card_not_present_new_device,confirmed_fraud,433.88
CC-3472,card_not_present_fraud,confirmed_fraud,275.06
CC-3473,card_not_present_new_device,confirmed_fraud,449.99
CC-3474,account_takeover,confirmed_fraud,30.99
CC-3475,none,cleared,0.0
CC-3476,out_of_region_use,confirmed_fraud,146.77
CC-3477,account_takeover,confirmed_fraud,468.13
CC-3478,card_not_present_new_device,confirmed_fraud,16.36
CC-3479,card_not_present_new_device,confirmed_fraud,150.06
CC-3480,out_of_region_use,confirmed_fraud,225.96
CC-3481,out_of_region_use,confirmed_fraud,142.05
CC-3482,none,cleared,0.0
CC-3483,card_not_present_fraud,confirmed_fraud,231.98
CC-3484,none,cleared,0.0
CC-3485,card_not_present_fraud,confirmed_fraud,174.91
CC-3486,account_takeover,confirmed_fraud,135.95
CC-3487,out_of_region_use,confirmed_fraud,261.93
CC-3488,card_not_present_fraud,confirmed_fraud,63.31
CC-3489,card_not_present_fraud,confirmed_fraud,302.59
CC-3490,account_takeover,confirmed_fraud,2160.85
CC-3491,card_not_present_new_device,confirmed_fraud,2327.32
CC-3492,card_not_present_fraud,confirmed_fraud,25.78
CC-3493,account_takeover,confirmed_fraud,2156.14
CC-3494,out_of_region_use,confirmed_fraud,323.7
CC-3495,account_takeover,confirmed_fraud,285.07
CC-3496,out_of_region_use,confirmed_fraud,103.93
CC-3497,card_not_present_fraud,confirmed_fraud,32.69
CC-3498,none,cleared,0.0
CC-3499,out_of_region_use,confirmed_fraud,40.03
CC-3500,account_takeover,confirmed_fraud,64.98
CC-3501,card_not_present_new_device,confirmed_fraud,1000.11
CC-3502,out_of_region_use,confirmed_fraud,43.98
CC-3503,card_not_present_new_device,confirmed_fraud,21.47
CC-3504,out_of_region_use,confirmed_fraud,209.86
CC-3505,card_not_present_fraud,confirmed_fraud,200.05
CC-3506,none,cleared,0.0
CC-3507,out_of_region_use,confirmed_fraud,50.04
CC-3508,out_of_region_use,confirmed_fraud,177.83
CC-3509,card_not_present_fraud,confirmed_fraud,200.04
CC-3510,card_not_present_fraud,confirmed_fraud,18.41
CC-3511,out_of_region_use,confirmed_fraud,1785.47
CC-3512,account_takeover,confirmed_fraud,49.07
CC-3513,card_not_present_fraud,confirmed_fraud,40.05
CC-3514,out_of_region_use,confirmed_fraud,16607.15
CC-3515,none,cleared,0.0
CC-3516,card_not_present_new_device,confirmed_fraud,100.03
CC-3517,card_not_present_fraud,confirmed_fraud,14.12
CC-3518,account_takeover,confirmed_fraud,525.08
CC-3519,card_not_present_new_device,confirmed_fraud,14.22
CC-3520,none,cleared,0.0
CC-3521,none,cleared,0.0
CC-3522,card_not_present_fraud,confirmed_fraud,79.45
CC-3523,out_of_region_use,confirmed_fraud,315.06
CC-3524,card_not_present_fraud,confirmed_fraud,234.54
CC-3525,account_takeover,confirmed_fraud,87.08
CC-3526,account_takeover,confirmed_fraud,211.78
CC-3527,out_of_region_use,confirmed_fraud,46.98
CC-3528,account_takeover,confirmed_fraud,11251.92
CC-3529,account_takeover,confirmed_fraud,444.96
CC-3530,account_takeover,confirmed_fraud,279.94
CC-3531,card_not_present_fraud,confirmed_fraud,199.99
CC-3532,card_not_present_new_device,confirmed_fraud,128.91
CC-3533,account_takeover,confirmed_fraud,170.92
CC-3534,account_takeover,confirmed_fraud,87.96
CC-3535,account_takeover,confirmed_fraud,520.47
CC-3536,card_not_present_fraud,confirmed_fraud,299.92
CC-3537,out_of_region_use,confirmed_fraud,275.93
CC-3538,account_takeover,confirmed_fraud,4015.44
CC-3539,card_not_present_new_device,confirmed_fraud,100.09
CC-3540,none,cleared,0.0
CC-3541,card_not_present_new_device,confirmed_fraud,124.96
CC-3542,account_takeover,confirmed_fraud,774.86
CC-3543,account_takeover,confirmed_fraud,47.98
CC-3544,none,cleared,0.0
CC-3545,card_not_present_fraud,confirmed_fraud,100.02
CC-3546,card_not_present_new_device,confirmed_fraud,500.04
CC-3547,none,cleared,0.0
CC-3548,account_takeover,confirmed_fraud,1539.05
CC-3549,card_not_present_new_device,confirmed_fraud,749.99
CC-3550,card_not_present_new_device,confirmed_fraud,112.25
CC-3551,card_not_present_new_device,confirmed_fraud,931.31
CC-3552,card_not_present_new_device,confirmed_fraud,15.06
CC-3553,card_not_present_new_device,confirmed_fraud,479.97
CC-3554,out_of_region_use,confirmed_fraud,365.09
CC-3555,card_not_present_new_device,confirmed_fraud,344.5
CC-3556,card_not_present_fraud,confirmed_fraud,49.93
CC-3557,card_not_present_fraud,confirmed_fraud,200.01
CC-3558,out_of_region_use,confirmed_fraud,279.97
CC-3559,card_not_present_fraud,confirmed_fraud,10.33
CC-3560,card_not_present_new_device,confirmed_fraud,349.97
CC-3561,out_of_region_use,confirmed_fraud,53.95
CC-3562,card_not_present_new_device,confirmed_fraud,313.75
CC-3563,card_not_present_fraud,confirmed_fraud,99.95
CC-3564,card_not_present_new_device,confirmed_fraud,593.51
CC-3565,out_of_region_use,confirmed_fraud,1330.12
CC-3566,card_not_present_fraud,confirmed_fraud,88.07
CC-3567,account_takeover,confirmed_fraud,116.98
CC-3568,account_takeover,confirmed_fraud,878.13
CC-3569,out_of_region_use,confirmed_fraud,342.01
CC-3570,none,cleared,0.0
CC-3571,card_not_present_fraud,confirmed_fraud,237.74
CC-3572,card_not_present_fraud,confirmed_fraud,149.96
CC-3573,card_not_present_new_device,confirmed_fraud,250.0
CC-3574,account_takeover,confirmed_fraud,500.02
CC-3575,out_of_region_use,confirmed_fraud,26.02
CC-3576,card_not_present_fraud,confirmed_fraud,80.34
CC-3577,card_not_present_new_device,confirmed_fraud,899.89
CC-3578,out_of_region_use,confirmed_fraud,253.96
CC-3579,none,cleared,0.0
CC-3580,card_not_present_new_device,confirmed_fraud,27.48
CC-3581,card_not_present_new_device,confirmed_fraud,99.94
CC-3582,account_takeover,confirmed_fraud,351.02
CC-3583,card_not_present_new_device,confirmed_fraud,7.29
CC-3584,account_takeover,confirmed_fraud,699.98
CC-3585,out_of_region_use,confirmed_fraud,226.07
CC-3586,card_not_present_fraud,confirmed_fraud,224.36
CC-3587,out_of_region_use,confirmed_fraud,49.09
CC-3588,out_of_region_use,confirmed_fraud,76.98
CC-3589,card_not_present_fraud,confirmed_fraud,52.93
CC-3590,none,cleared,0.0
CC-3591,none,cleared,0.0
CC-3592,out_of_region_use,confirmed_fraud,452.02
CC-3593,card_not_present_fraud,confirmed_fraud,149.95
CC-3594,card_not_present_fraud,confirmed_fraud,372.04
CC-3595,account_takeover,confirmed_fraud,395.42
CC-3596,card_not_present_fraud,confirmed_fraud,300.04
CC-3597,card_not_present_new_device,confirmed_fraud,208.73
CC-3598,account_takeover,confirmed_fraud,995.92
CC-3599,out_of_region_use,confirmed_fraud,35.97
CC-3600,card_not_present_fraud,confirmed_fraud,399.99
CC-3601,card_not_present_fraud,confirmed_fraud,44.91
CC-3602,none,cleared,0.0
CC-3603,out_of_region_use,confirmed_fraud,65.09
CC-3604,card_not_present_new_device,confirmed_fraud,105.87
CC-3605,card_not_present_fraud,confirmed_fraud,250.09
CC-3606,out_of_region_use,confirmed_fraud,225.97
CC-3607,account_takeover,confirmed_fraud,3980.72
CC-3608,card_not_present_fraud,confirmed_fraud,123.31
CC-3609,out_of_region_use,confirmed_fraud,145.95
CC-3610,card_not_present_fraud,confirmed_fraud,32.25
CC-3611,card_not_present_fraud,confirmed_fraud,23.17
CC-3612,none,cleared,0.0
CC-3613,out_of_region_use,confirmed_fraud,170.91
CC-3614,out_of_region_use,confirmed_fraud,215.82
CC-3615,out_of_region_use,confirmed_fraud,58.91
CC-3616,none,cleared,0.0
CC-3617,card_not_present_fraud,confirmed_fraud,23.16
CC-3618,account_takeover,confirmed_fraud,58.91
CC-3619,card_not_present_fraud,confirmed_fraud,49.96
CC-3620,none,cleared,0.0
CC-3621,card_not_present_fraud,confirmed_fraud,450.09
CC-3622,card_not_present_fraud,confirmed_fraud,499.98
CC-3623,card_not_present_new_device,confirmed_fraud,900.04
CC-3624,card_not_present_new_device,confirmed_fraud,449.89
CC-3625,none,cleared,0.0
CC-3626,card_not_present_fraud,confirmed_fraud,30.89
CC-3627,account_takeover,confirmed_fraud,58.94
CC-3628,card_not_present_fraud,confirmed_fraud,175.06
CC-3629,none,cleared,0.0
CC-3630,card_not_present_fraud,confirmed_fraud,99.91
CC-3631,card_not_present_new_device,confirmed_fraud,495.13
CC-3632,card_not_present_new_device,confirmed_fraud,221.85
CC-3633,card_not_present_fraud,confirmed_fraud,109.69
CC-3634,account_takeover,confirmed_fraud,96.96
CC-3635,none,cleared,0.0
CC-3636,account_takeover,confirmed_fraud,92.02
CC-3637,card_not_present_new_device,confirmed_fraud,224.86
CC-3638,account_takeover,confirmed_fraud,1792.74
CC-3639,none,cleared,0.0
CC-3640,none,cleared,0.0
CC-3641,out_of_region_use,confirmed_fraud,117.05
CC-3642,card_not_present_fraud,confirmed_fraud,44.27
CC-3643,card_not_present_fraud,confirmed_fraud,30.72
CC-3644,card_not_present_new_device,confirmed_fraud,211.52
CC-3645,none,cleared,0.0
CC-3646,account_takeover,confirmed_fraud,34.02
CC-3647,card_not_present_new_device,confirmed_fraud,45.19
CC-3648,card_not_present_fraud,confirmed_fraud,199.94
CC-3649,account_takeover,confirmed_fraud,107.97
CC-3650,account_takeover,confirmed_fraud,3810.62
CC-3651,out_of_region_use,confirmed_fraud,445.03
CC-3652,card_not_present_fraud,confirmed_fraud,199.91
CC-3653,card_testing,confirmed_fraud,496.34
CC-3654,card_not_present_fraud,confirmed_fraud,299.97
CC-3655,account_takeover,confirmed_fraud,4141.76
CC-3656,card_not_present_fraud,confirmed_fraud,300.08
CC-3657,card_not_present_new_device,confirmed_fraud,208.64
CC-3658,card_not_present_fraud,confirmed_fraud,250.03
CC-3659,account_takeover,confirmed_fraud,225.96
CC-3660,card_not_present_fraud,confirmed_fraud,48.21
CC-3661,account_takeover,confirmed_fraud,516.94
CC-3662,card_not_present_new_device,confirmed_fraud,299.93
CC-3663,card_not_present_fraud,confirmed_fraud,199.94
CC-3664,out_of_region_use,confirmed_fraud,55.87
CC-3665,card_not_present_fraud,confirmed_fraud,150.08
CC-3666,card_not_present_fraud,confirmed_fraud,299.91
CC-3667,card_not_present_fraud,confirmed_fraud,199.94
CC-3668,account_takeover,confirmed_fraud,773.98
CC-3669,card_not_present_fraud,confirmed_fraud,13.87
CC-3670,none,cleared,0.0
CC-3671,card_not_present_fraud,confirmed_fraud,150.09
CC-3672,out_of_region_use,confirmed_fraud,116.96
CC-3673,card_not_present_fraud,confirmed_fraud,7.24
CC-3674,account_takeover,confirmed_fraud,72.91
CC-3675,out_of_region_use,confirmed_fraud,233.93
CC-3676,card_not_present_new_device,confirmed_fraud,199.94
CC-3677,card_not_present_fraud,confirmed_fraud,100.08
CC-3678,account_takeover,confirmed_fraud,151.74
CC-3679,account_takeover,confirmed_fraud,55.9
CC-3680,card_not_present_fraud,confirmed_fraud,49.54
CC-3681,card_not_present_new_device,confirmed_fraud,200.06
CC-3682,out_of_region_use,confirmed_fraud,300.51
CC-3683,card_not_present_new_device,confirmed_fraud,135.6
CC-3684,account_takeover,confirmed_fraud,215.96
CC-3685,card_not_present_fraud,confirmed_fraud,305.52
CC-3686,account_takeover,confirmed_fraud,108.95
CC-3687,card_not_present_fraud,confirmed_fraud,199.94
CC-3688,card_not_present_fraud,confirmed_fraud,400.1
CC-3689,card_not_present_fraud,confirmed_fraud,50.09
CC-3690,card_not_present_fraud,confirmed_fraud,200.05
CC-3691,card_not_present_fraud,confirmed_fraud,450.05
CC-3692,card_not_present_new_device,confirmed_fraud,273.37
CC-3693,out_of_region_use,confirmed_fraud,280.08
CC-3694,card_not_present_new_device,confirmed_fraud,51.18
CC-3695,card_not_present_new_device,confirmed_fraud,350.01
CC-3696,card_not_present_fraud,confirmed_fraud,399.96
CC-3697,card_not_present_fraud,confirmed_fraud,235.67
CC-3698,card_not_present_fraud,confirmed_fraud,200.05
CC-3699,card_not_present_new_device,confirmed_fraud,500.05
CC-3700,card_not_present_new_device,confirmed_fraud,49.93
CC-3701,account_takeover,confirmed_fraud,226.08
CC-3702,account_takeover,confirmed_fraud,60.0
CC-3703,none,cleared,0.0
CC-3704,account_takeover,confirmed_fraud,43.99
CC-3705,card_not_present_fraud,confirmed_fraud,70.01
CC-3706,card_not_present_fraud,confirmed_fraud,200.08
CC-3707,card_not_present_new_device,confirmed_fraud,550.06
CC-3708,card_not_present_fraud,confirmed_fraud,8.63
CC-3709,none,cleared,0.0
CC-3710,out_of_region_use,confirmed_fraud,145.99
CC-3711,account_takeover,confirmed_fraud,300.03
CC-3712,card_not_present_new_device,confirmed_fraud,800.0
CC-3713,card_not_present_new_device,confirmed_fraud,213.4
CC-3714,card_not_present_fraud,confirmed_fraud,119.3
CC-3715,out_of_region_use,confirmed_fraud,234.03
CC-3716,out_of_region_use,confirmed_fraud,482.06
CC-3717,card_not_present_fraud,confirmed_fraud,199.91
CC-3718,out_of_region_use,confirmed_fraud,108.08
CC-3719,card_not_present_fraud,confirmed_fraud,249.94
CC-3720,card_not_present_new_device,confirmed_fraud,12.58
CC-3721,account_takeover,confirmed_fraud,30.94
CC-3722,out_of_region_use,confirmed_fraud,993.94
CC-3723,card_not_present_new_device,confirmed_fraud,249.96
CC-3724,card_not_present_fraud,confirmed_fraud,200.07
CC-3725,card_not_present_fraud,confirmed_fraud,800.18
CC-3726,account_takeover,confirmed_fraud,57.92
CC-3727,account_takeover,confirmed_fraud,535.97
CC-3728,card_not_present_fraud,confirmed_fraud,113.95
CC-3729,card_not_present_fraud,confirmed_fraud,99.98
CC-3730,account_takeover,confirmed_fraud,372.02
CC-3731,out_of_region_use,confirmed_fraud,39.49
CC-3732,account_takeover,confirmed_fraud,177.95
CC-3733,out_of_region_use,confirmed_fraud,122.06
CC-3734,none,cleared,0.0
CC-3735,out_of_region_use,confirmed_fraud,150.95
CC-3736,card_not_present_new_device,confirmed_fraud,400.09
CC-3737,out_of_region_use,confirmed_fraud,58.98
CC-3738,account_takeover,confirmed_fraud,30.99
CC-3739,card_not_present_new_device,confirmed_fraud,250.67
CC-3740,account_takeover,confirmed_fraud,2889.93
CC-3741,card_not_present_fraud,confirmed_fraud,49.56
CC-3742,out_of_region_use,confirmed_fraud,293.05
CC-3743,out_of_region_use,confirmed_fraud,1348.08
CC-3744,out_of_region_use,confirmed_fraud,1119.89
CC-3745,card_not_present_fraud,confirmed_fraud,450.04
CC-3746,card_not_present_fraud,confirmed_fraud,130.27
CC-3747,out_of_region_use,confirmed_fraud,170.96
CC-3748,undocumented,confirmed_fraud,1905.21
CC-3749,card_not_present_new_device,confirmed_fraud,1131.09
CC-3750,out_of_region_use,confirmed_fraud,591.75
CC-3751,none,cleared,0.0
CC-3752,out_of_region_use,confirmed_fraud,78.94
CC-3753,card_not_present_fraud,confirmed_fraud,10.02
CC-3754,card_not_present_new_device,confirmed_fraud,640.13
CC-3755,account_takeover,confirmed_fraud,663.94
CC-3756,account_takeover,confirmed_fraud,2725.58
CC-3757,out_of_region_use,confirmed_fraud,1113.32
CC-3758,card_not_present_fraud,confirmed_fraud,49.43
CC-3759,card_not_present_new_device,confirmed_fraud,150.09
CC-3760,card_not_present_fraud,confirmed_fraud,98.24
CC-3761,none,cleared,0.0
CC-3762,card_not_present_new_device,confirmed_fraud,100.06
CC-3763,card_not_present_fraud,confirmed_fraud,449.99
CC-3764,card_not_present_new_device,confirmed_fraud,127.92
CC-3765,account_takeover,confirmed_fraud,6180.62
CC-3766,card_not_present_new_device,confirmed_fraud,471.14
CC-3767,card_not_present_fraud,confirmed_fraud,267.74
CC-3768,card_not_present_fraud,confirmed_fraud,195.4
CC-3769,out_of_region_use,confirmed_fraud,59.06
CC-3770,card_not_present_fraud,confirmed_fraud,17.15
CC-3771,out_of_region_use,confirmed_fraud,53.63
CC-3772,card_not_present_fraud,confirmed_fraud,249.95
CC-3773,out_of_region_use,confirmed_fraud,326.27
CC-3774,card_not_present_new_device,confirmed_fraud,33.69
CC-3775,card_not_present_new_device,confirmed_fraud,1399.93
CC-3776,account_takeover,confirmed_fraud,1650.91
CC-3777,card_not_present_fraud,confirmed_fraud,20.08
CC-3778,card_not_present_fraud,confirmed_fraud,58.42
CC-3779,card_not_present_new_device,confirmed_fraud,31.85
CC-3780,card_not_present_fraud,confirmed_fraud,200.0
CC-3781,account_takeover,confirmed_fraud,73.0
CC-3782,card_not_present_fraud,confirmed_fraud,70.08
CC-3783,card_not_present_fraud,confirmed_fraud,313.94
CC-3784,out_of_region_use,confirmed_fraud,220.05
CC-3785,card_not_present_new_device,confirmed_fraud,37.74
CC-3786,card_not_present_new_device,confirmed_fraud,100.05
CC-3787,out_of_region_use,confirmed_fraud,116.96
CC-3788,card_not_present_fraud,confirmed_fraud,47.94
CC-3789,card_not_present_fraud,confirmed_fraud,99.96
CC-3790,none,cleared,0.0
CC-3791,account_takeover,confirmed_fraud,35031.56
CC-3792,card_not_present_fraud,confirmed_fraud,448.47
CC-3793,none,cleared,0.0
CC-3794,none,cleared,0.0
CC-3795,card_not_present_fraud,confirmed_fraud,200.01
CC-3796,card_not_present_new_device,confirmed_fraud,282.86
CC-3797,card_not_present_new_device,confirmed_fraud,250.05
CC-3798,card_not_present_fraud,confirmed_fraud,44.22
CC-3799,account_takeover,confirmed_fraud,343.01
CC-3800,out_of_region_use,confirmed_fraud,56.99
CC-3801,card_not_present_new_device,confirmed_fraud,99.91
CC-3802,card_not_present_new_device,confirmed_fraud,150.0
CC-3803,card_not_present_fraud,confirmed_fraud,100.05
CC-3804,none,cleared,0.0
CC-3805,account_takeover,confirmed_fraud,434.99
CC-3806,card_not_present_new_device,confirmed_fraud,154.42
CC-3807,card_not_present_fraud,confirmed_fraud,550.05
CC-3808,card_not_present_fraud,confirmed_fraud,300.07
CC-3809,card_not_present_new_device,confirmed_fraud,144.89
CC-3810,card_not_present_fraud,confirmed_fraud,154.5
CC-3811,card_not_present_new_device,confirmed_fraud,390.01
CC-3812,account_takeover,confirmed_fraud,1165.59
CC-3813,card_not_present_fraud,confirmed_fraud,199.89
CC-3814,card_not_present_fraud,confirmed_fraud,22.1
CC-3815,out_of_region_use,confirmed_fraud,116.97
CC-3816,card_not_present_fraud,confirmed_fraud,44.16
CC-3817,card_not_present_fraud,confirmed_fraud,100.04
CC-3818,card_not_present_fraud,confirmed_fraud,100.09
CC-3819,card_not_present_fraud,confirmed_fraud,400.12
CC-3820,card_not_present_fraud,confirmed_fraud,37.7
CC-3821,out_of_region_use,confirmed_fraud,1137.05
CC-3822,card_not_present_new_device,confirmed_fraud,1199.97
CC-3823,account_takeover,confirmed_fraud,102.94
CC-3824,out_of_region_use,confirmed_fraud,117.03
CC-3825,account_takeover,confirmed_fraud,58.99
CC-3826,account_takeover,confirmed_fraud,49.08
CC-3827,card_not_present_new_device,confirmed_fraud,108.09
CC-3828,card_not_present_fraud,confirmed_fraud,400.11
CC-3829,account_takeover,confirmed_fraud,96.95
CC-3830,card_not_present_new_device,confirmed_fraud,100.04
CC-3831,account_takeover,confirmed_fraud,116.93
CC-3832,card_not_present_fraud,confirmed_fraud,49.54
CC-3833,out_of_region_use,confirmed_fraud,335.08
CC-3834,out_of_region_use,confirmed_fraud,58.03
CC-3835,card_not_present_fraud,confirmed_fraud,399.97
CC-3836,account_takeover,confirmed_fraud,3664.99
CC-3837,none,cleared,0.0
CC-3838,out_of_region_use,confirmed_fraud,825.95
CC-3839,account_takeover,confirmed_fraud,409.86
CC-3840,account_takeover,confirmed_fraud,168.01
CC-3841,undocumented,confirmed_fraud,1899.3
CC-3842,out_of_region_use,confirmed_fraud,612.46
CC-3843,out_of_region_use,confirmed_fraud,131.04
CC-3844,card_not_present_new_device,confirmed_fraud,41.04
CC-3845,card_not_present_fraud,confirmed_fraud,300.08
CC-3846,account_takeover,confirmed_fraud,68.0
CC-3847,card_not_present_new_device,confirmed_fraud,326.25
CC-3848,card_not_present_fraud,confirmed_fraud,77.27
CC-3849,card_not_present_fraud,confirmed_fraud,92.88
CC-3850,card_not_present_fraud,confirmed_fraud,70.05
CC-3851,card_not_present_fraud,confirmed_fraud,18.7
CC-3852,out_of_region_use,confirmed_fraud,206.01
CC-3853,card_not_present_new_device,confirmed_fraud,70.11
CC-3854,card_not_present_fraud,confirmed_fraud,41.65
CC-3855,card_not_present_new_device,confirmed_fraud,211.62
CC-3856,card_not_present_fraud,confirmed_fraud,24.97
CC-3857,out_of_region_use,confirmed_fraud,774.01
CC-3858,out_of_region_use,confirmed_fraud,548.96
CC-3859,card_not_present_new_device,confirmed_fraud,573.37
CC-3860,card_not_present_fraud,confirmed_fraud,42.58
CC-3861,card_not_present_new_device,confirmed_fraud,98.51
CC-3862,none,cleared,0.0
CC-3863,account_takeover,confirmed_fraud,634.93
CC-3864,card_not_present_fraud,confirmed_fraud,176.52
CC-3865,account_takeover,confirmed_fraud,89.04
CC-3866,card_not_present_fraud,confirmed_fraud,400.08
CC-3867,card_not_present_new_device,confirmed_fraud,67.06
CC-3868,account_takeover,confirmed_fraud,803.84
CC-3869,account_takeover,confirmed_fraud,451.93
CC-3870,card_not_present_fraud,confirmed_fraud,300.02
CC-3871,card_not_present_fraud,confirmed_fraud,8.56
CC-3872,out_of_region_use,confirmed_fraud,233.99
CC-3873,none,cleared,0.0
CC-3874,card_not_present_fraud,confirmed_fraud,450.09
CC-3875,account_takeover,confirmed_fraud,451.88
CC-3876,card_not_present_fraud,confirmed_fraud,44.22
CC-3877,out_of_region_use,confirmed_fraud,1151.0
CC-3878,card_not_present_new_device,confirmed_fraud,300.09
CC-3879,card_not_present_fraud,confirmed_fraud,299.94
CC-3880,card_not_present_fraud,confirmed_fraud,400.0
CC-3881,account_takeover,confirmed_fraud,160.01
CC-3882,card_not_present_new_device,confirmed_fraud,125.05
CC-3883,out_of_region_use,confirmed_fraud,890.01
CC-3884,card_not_present_new_device,confirmed_fraud,100.06
CC-3885,account_takeover,confirmed_fraud,44.03
CC-3886,card_not_present_new_device,confirmed_fraud,175.05
CC-3887,card_not_present_new_device,confirmed_fraud,600.0
CC-3888,none,cleared,0.0
CC-3889,account_takeover,confirmed_fraud,445.02
CC-3890,card_not_present_fraud,confirmed_fraud,500.03
CC-3891,card_not_present_fraud,confirmed_fraud,599.99
CC-3892,out_of_region_use,confirmed_fraud,58.92
CC-3893,card_not_present_new_device,confirmed_fraud,400.06
CC-3894,card_not_present_new_device,confirmed_fraud,99.91
CC-3895,account_takeover,confirmed_fraud,359.97
CC-3896,card_not_present_fraud,confirmed_fraud,25.06
CC-3897,card_not_present_fraud,confirmed_fraud,50.06
CC-3898,card_not_present_fraud,confirmed_fraud,20.76
CC-3899,account_takeover,confirmed_fraud,567.93
CC-3900,account_takeover,confirmed_fraud,407.96
CC-3901,none,cleared,0.0
CC-3902,card_not_present_new_device,confirmed_fraud,56.65
CC-3903,out_of_region_use,confirmed_fraud,1814.78
CC-3904,card_not_present_fraud,confirmed_fraud,49.42
CC-3905,card_not_present_new_device,confirmed_fraud,1397.53
CC-3906,card_not_present_fraud,confirmed_fraud,132.31
CC-3907,undocumented,confirmed_fraud,1922.65
CC-3908,card_not_present_new_device,confirmed_fraud,250.2
CC-3909,card_not_present_fraud,confirmed_fraud,449.98
CC-3910,out_of_region_use,confirmed_fraud,341.88
CC-3911,out_of_region_use,confirmed_fraud,155.92
CC-3912,account_takeover,confirmed_fraud,117.0
CC-3913,card_not_present_fraud,confirmed_fraud,50.04
CC-3914,out_of_region_use,confirmed_fraud,96.91
CC-3915,card_not_present_new_device,confirmed_fraud,25.07
CC-3916,card_not_present_new_device,confirmed_fraud,149.97
CC-3917,none,cleared,0.0
CC-3918,card_not_present_fraud,confirmed_fraud,450.0
CC-3919,card_not_present_fraud,confirmed_fraud,24.45
CC-3920,card_not_present_fraud,confirmed_fraud,150.3
CC-3921,card_not_present_new_device,confirmed_fraud,335.99
CC-3922,card_not_present_fraud,confirmed_fraud,44.04
CC-3923,account_takeover,confirmed_fraud,2471.94
CC-3924,card_not_present_new_device,confirmed_fraud,61.44
CC-3925,account_takeover,confirmed_fraud,157.15
CC-3926,card_not_present_fraud,confirmed_fraud,450.0
CC-3927,none,cleared,0.0
CC-3928,card_not_present_new_device,confirmed_fraud,165.82
CC-3929,card_not_present_fraud,confirmed_fraud,21.68
CC-3930,account_takeover,confirmed_fraud,589.04
CC-3931,none,cleared,0.0
CC-3932,card_not_present_fraud,confirmed_fraud,10.11
CC-3933,card_not_present_new_device,confirmed_fraud,330.04
CC-3934,card_not_present_fraud,confirmed_fraud,25.75
CC-3935,card_not_present_new_device,confirmed_fraud,10.16
CC-3936,card_not_present_fraud,confirmed_fraud,100.08
CC-3937,card_not_present_new_device,confirmed_fraud,99.91
CC-3938,account_takeover,confirmed_fraud,319.88
CC-3939,out_of_region_use,confirmed_fraud,592.13
CC-3940,card_not_present_new_device,confirmed_fraud,399.85
CC-3941,account_takeover,confirmed_fraud,49.08
CC-3942,account_takeover,confirmed_fraud,107.86
CC-3943,out_of_region_use,confirmed_fraud,117.04
CC-3944,account_takeover,confirmed_fraud,42.93
CC-3945,card_not_present_fraud,confirmed_fraud,100.08
CC-3946,account_takeover,confirmed_fraud,108.02
CC-3947,card_not_present_new_device,confirmed_fraud,99.96
CC-3948,account_takeover,confirmed_fraud,58.96
CC-3949,card_not_present_fraud,confirmed_fraud,299.98
CC-3950,out_of_region_use,confirmed_fraud,159.9
CC-3951,card_not_present_new_device,confirmed_fraud,500.16
CC-3952,card_not_present_fraud,confirmed_fraud,200.09
CC-3953,account_takeover,confirmed_fraud,5535.24
CC-3954,card_not_present_new_device,confirmed_fraud,300.07
CC-3955,card_not_present_fraud,confirmed_fraud,20.04
CC-3956,card_not_present_fraud,confirmed_fraud,4.78
CC-3957,card_not_present_fraud,confirmed_fraud,95.49
CC-3958,card_not_present_fraud,confirmed_fraud,44.11
CC-3959,card_not_present_fraud,confirmed_fraud,649.99
CC-3960,card_not_present_new_device,confirmed_fraud,44.89
CC-3961,card_not_present_new_device,confirmed_fraud,279.63
CC-3962,out_of_region_use,confirmed_fraud,1772.77
CC-3963,out_of_region_use,confirmed_fraud,279.59
CC-3964,account_takeover,confirmed_fraud,764.18
CC-3965,account_takeover,confirmed_fraud,159.9
CC-3966,none,cleared,0.0
CC-3967,card_not_present_fraud,confirmed_fraud,82.19
CC-3968,card_not_present_new_device,confirmed_fraud,504.86
CC-3969,out_of_region_use,confirmed_fraud,311.87
CC-3970,account_takeover,confirmed_fraud,143.86
CC-3971,out_of_region_use,confirmed_fraud,480.04
CC-3972,none,cleared,0.0
CC-3973,card_not_present_fraud,confirmed_fraud,299.97
CC-3974,account_takeover,confirmed_fraud,157.86
CC-3975,card_not_present_fraud,confirmed_fraud,100.03
CC-3976,out_of_region_use,confirmed_fraud,4131.05
CC-3977,card_not_present_new_device,confirmed_fraud,553.14
CC-3978,card_not_present_fraud,confirmed_fraud,99.98
CC-3979,card_not_present_new_device,confirmed_fraud,282.98
CC-3980,card_not_present_fraud,confirmed_fraud,22.28
CC-3981,out_of_region_use,confirmed_fraud,315.05
CC-3982,out_of_region_use,confirmed_fraud,757.16
CC-3983,card_not_present_new_device,confirmed_fraud,449.85
CC-3984,card_not_present_fraud,confirmed_fraud,26.65
CC-3985,out_of_region_use,confirmed_fraud,732.1
CC-3986,card_not_present_fraud,confirmed_fraud,299.95
CC-3987,card_not_present_new_device,confirmed_fraud,40.08
CC-3988,account_takeover,confirmed_fraud,1997.61
CC-3989,card_not_present_fraud,confirmed_fraud,70.08
CC-3990,card_not_present_new_device,confirmed_fraud,50.03
CC-3991,none,cleared,0.0
CC-3992,card_not_present_fraud,confirmed_fraud,99.97
CC-3993,card_not_present_fraud,confirmed_fraud,50.0
CC-3994,account_takeover,confirmed_fraud,218.0
CC-3995,card_not_present_fraud,confirmed_fraud,400.03
CC-3996,card_not_present_fraud,confirmed_fraud,100.02
CC-3997,account_takeover,confirmed_fraud,1988.14
CC-3998,out_of_region_use,confirmed_fraud,76.97
CC-3999,card_not_present_fraud,confirmed_fraud,16.04
CC-4000,none,cleared,0.0
CC-4001,out_of_region_use,confirmed_fraud,475.91
CC-4002,card_not_present_fraud,confirmed_fraud,300.03
CC-4003,out_of_region_use,confirmed_fraud,281.84
CC-4004,none,cleared,0.0
CC-4005,out_of_region_use,confirmed_fraud,141.05
CC-4006,card_not_present_fraud,confirmed_fraud,92.89
CC-4007,account_takeover,confirmed_fraud,173.89
CC-4008,card_not_present_fraud,confirmed_fraud,53.0
CC-4009,card_not_present_fraud,confirmed_fraud,20.87
CC-4010,out_of_region_use,confirmed_fraud,34.09
CC-4011,card_not_present_fraud,confirmed_fraud,16.34
CC-4012,out_of_region_use,confirmed_fraud,31.93
CC-4013,none,cleared,0.0
CC-4014,account_takeover,confirmed_fraud,607.89
CC-4015,none,cleared,0.0
CC-4016,card_not_present_new_device,confirmed_fraud,434.94
CC-4017,none,cleared,0.0
CC-4018,card_not_present_new_device,confirmed_fraud,199.86
CC-4019,account_takeover,confirmed_fraud,3221.09
CC-4020,card_not_present_fraud,confirmed_fraud,35.59
CC-4021,none,cleared,0.0
CC-4022,card_not_present_new_device,confirmed_fraud,74.94
CC-4023,account_takeover,confirmed_fraud,86.93
CC-4024,account_takeover,confirmed_fraud,49.09
CC-4025,card_not_present_fraud,confirmed_fraud,31.11
CC-4026,out_of_region_use,confirmed_fraud,934.95
CC-4027,none,cleared,0.0
CC-4028,out_of_region_use,confirmed_fraud,117.86
CC-4029,card_not_present_fraud,confirmed_fraud,91.0
CC-4030,card_not_present_fraud,confirmed_fraud,10.12
CC-4031,out_of_region_use,confirmed_fraud,342.07
CC-4032,card_not_present_new_device,confirmed_fraud,249.92
CC-4033,card_not_present_new_device,confirmed_fraud,330.05
CC-4034,card_not_present_fraud,confirmed_fraud,88.2
CC-4035,out_of_region_use,confirmed_fraud,1988.08
CC-4036,card_not_present_fraud,confirmed_fraud,10.06
CC-4037,card_not_present_new_device,confirmed_fraud,149.95
CC-4038,account_takeover,confirmed_fraud,77.87
CC-4039,account_takeover,confirmed_fraud,913.82
CC-4040,account_takeover,confirmed_fraud,445.07
CC-4041,account_takeover,confirmed_fraud,77.82
CC-4042,account_takeover,confirmed_fraud,171.03
CC-4043,account_takeover,confirmed_fraud,469.96
CC-4044,card_not_present_fraud,confirmed_fraud,176.46
CC-4045,card_not_present_new_device,confirmed_fraud,199.97
CC-4046,none,cleared,0.0
CC-4047,out_of_region_use,confirmed_fraud,630.05
CC-4048,account_takeover,confirmed_fraud,233.9
CC-4049,out_of_region_use,confirmed_fraud,116.96
CC-4050,card_not_present_fraud,confirmed_fraud,4.74
CC-4051,account_takeover,confirmed_fraud,339.85
CC-4052,out_of_region_use,confirmed_fraud,583.72
CC-4053,out_of_region_use,confirmed_fraud,814.79
CC-4054,card_not_present_fraud,confirmed_fraud,150.02
CC-4055,account_takeover,confirmed_fraud,58.93
CC-4056,card_not_present_fraud,confirmed_fraud,25.05
CC-4057,out_of_region_use,confirmed_fraud,82.48
CC-4058,card_testing,confirmed_fraud,390.38
CC-4059,account_takeover,confirmed_fraud,1307.84
CC-4060,account_takeover,confirmed_fraud,500.0
CC-4061,account_takeover,confirmed_fraud,2841.87
CC-4062,card_not_present_fraud,confirmed_fraud,16.36
CC-4063,account_takeover,confirmed_fraud,235.12
CC-4064,out_of_region_use,confirmed_fraud,343.09
CC-4065,card_not_present_new_device,confirmed_fraud,280.37
CC-4066,account_takeover,confirmed_fraud,18635.77
CC-4067,out_of_region_use,confirmed_fraud,226.07
CC-4068,account_takeover,confirmed_fraud,48.95
CC-4069,card_not_present_new_device,confirmed_fraud,250.01
CC-4070,account_takeover,confirmed_fraud,2064.03
CC-4071,card_not_present_fraud,confirmed_fraud,75.01
CC-4072,card_not_present_new_device,confirmed_fraud,556.2
CC-4073,account_takeover,confirmed_fraud,416.97
CC-4074,out_of_region_use,confirmed_fraud,67.86
CC-4075,card_not_present_fraud,confirmed_fraud,20.98
CC-4076,card_not_present_fraud,confirmed_fraud,299.91
CC-4077,out_of_region_use,confirmed_fraud,146.06
CC-4078,account_takeover,confirmed_fraud,49.03
CC-4079,card_not_present_new_device,confirmed_fraud,524.9
CC-4080,out_of_region_use,confirmed_fraud,57.91
CC-4081,card_not_present_fraud,confirmed_fraud,150.0
CC-4082,card_not_present_new_device,confirmed_fraud,25.09
CC-4083,card_not_present_fraud,confirmed_fraud,228.83
CC-4084,card_not_present_fraud,confirmed_fraud,20.82
CC-4085,card_not_present_new_device,confirmed_fraud,1499.86
CC-4086,undocumented,confirmed_fraud,1871.13
CC-4087,out_of_region_use,confirmed_fraud,610.08
CC-4088,none,cleared,0.0
CC-4089,card_not_present_new_device,confirmed_fraud,66.67
CC-4090,account_takeover,confirmed_fraud,134.93
CC-4091,out_of_region_use,confirmed_fraud,226.04
CC-4092,card_not_present_new_device,confirmed_fraud,22.36
CC-4093,account_takeover,confirmed_fraud,422.58
CC-4094,card_not_present_fraud,confirmed_fraud,149.99
CC-4095,none,cleared,0.0
CC-4096,card_not_present_fraud,confirmed_fraud,674.94
CC-4097,out_of_region_use,confirmed_fraud,593.03
CC-4098,card_not_present_new_device,confirmed_fraud,129.24
CC-4099,card_not_present_new_device,confirmed_fraud,518.12
CC-4100,card_not_present_new_device,confirmed_fraud,87.62
CC-4101,card_not_present_new_device,confirmed_fraud,64.88
CC-4102,card_not_present_fraud,confirmed_fraud,19.99
CC-4103,card_not_present_fraud,confirmed_fraud,74.8
CC-4104,out_of_region_use,confirmed_fraud,170.97
CC-4105,out_of_region_use,confirmed_fraud,1767.96
CC-4106,out_of_region_use,confirmed_fraud,362.92
CC-4107,account_takeover,confirmed_fraud,368.05
CC-4108,account_takeover,confirmed_fraud,540.84
CC-4109,card_not_present_fraud,confirmed_fraud,20.8
CC-4110,out_of_region_use,confirmed_fraud,287.03
CC-4111,account_takeover,confirmed_fraud,117.03
CC-4112,none,cleared,0.0
CC-4113,card_not_present_fraud,confirmed_fraud,67.16
CC-4114,card_not_present_fraud,confirmed_fraud,61.92
CC-4115,out_of_region_use,confirmed_fraud,463.11
CC-4116,out_of_region_use,confirmed_fraud,108.04
CC-4117,card_not_present_fraud,confirmed_fraud,38.65
CC-4118,none,cleared,0.0
CC-4119,card_not_present_fraud,confirmed_fraud,246.31
CC-4120,card_not_present_fraud,confirmed_fraud,154.35
CC-4121,account_takeover,confirmed_fraud,29.05
CC-4122,card_not_present_fraud,confirmed_fraud,24.93
CC-4123,card_not_present_fraud,confirmed_fraud,200.0
CC-4124,undocumented,confirmed_fraud,1922.37
CC-4125,card_not_present_new_device,confirmed_fraud,81.44
CC-4126,card_not_present_fraud,confirmed_fraud,67.16
CC-4127,out_of_region_use,confirmed_fraud,234.93
CC-4128,account_takeover,confirmed_fraud,112.99
CC-4129,account_takeover,confirmed_fraud,553.91
CC-4130,account_takeover,confirmed_fraud,334.94
CC-4131,account_takeover,confirmed_fraud,49.91
CC-4132,card_not_present_fraud,confirmed_fraud,150.0
CC-4133,account_takeover,confirmed_fraud,54.45
CC-4134,card_not_present_fraud,confirmed_fraud,140.61
CC-4135,account_takeover,confirmed_fraud,268.9
CC-4136,account_takeover,confirmed_fraud,9442.85
CC-4137,account_takeover,confirmed_fraud,332.0
CC-4138,account_takeover,confirmed_fraud,839.95
CC-4139,card_not_present_fraud,confirmed_fraud,123.58
CC-4140,card_not_present_new_device,confirmed_fraud,599.94
CC-4141,account_takeover,confirmed_fraud,57.87
CC-4142,card_not_present_fraud,confirmed_fraud,193.99
CC-4143,out_of_region_use,confirmed_fraud,444.99
CC-4144,out_of_region_use,confirmed_fraud,431.65
CC-4145,card_not_present_fraud,confirmed_fraud,200.03
CC-4146,out_of_region_use,confirmed_fraud,200.95
CC-4147,card_not_present_new_device,confirmed_fraud,26.96
CC-4148,none,cleared,0.0
CC-4149,card_not_present_fraud,confirmed_fraud,100.6
CC-4150,card_not_present_fraud,confirmed_fraud,246.25
CC-4151,card_not_present_fraud,confirmed_fraud,100.52
CC-4152,account_takeover,confirmed_fraud,924.0
CC-4153,account_takeover,confirmed_fraud,445.06
CC-4154,card_not_present_fraud,confirmed_fraud,38.69
CC-4155,card_not_present_fraud,confirmed_fraud,16.38
CC-4156,card_not_present_new_device,confirmed_fraud,140.21
CC-4157,account_takeover,confirmed_fraud,108.02
CC-4158,none,cleared,0.0
CC-4159,card_not_present_new_device,confirmed_fraud,4.72
CC-4160,card_not_present_fraud,confirmed_fraud,90.54
CC-4161,card_not_present_fraud,confirmed_fraud,199.91
CC-4162,card_not_present_fraud,confirmed_fraud,449.98
CC-4163,card_not_present_new_device,confirmed_fraud,582.46
CC-4164,account_takeover,confirmed_fraud,311.99
CC-4165,card_not_present_fraud,confirmed_fraud,149.96
CC-4166,card_not_present_fraud,confirmed_fraud,98.97
CC-4167,card_not_present_fraud,confirmed_fraud,34.92
CC-4168,card_not_present_new_device,confirmed_fraud,325.01
CC-4169,card_not_present_fraud,confirmed_fraud,150.08
CC-4170,account_takeover,confirmed_fraud,406.04
CC-4171,out_of_region_use,confirmed_fraud,759.98
CC-4172,out_of_region_use,confirmed_fraud,57.02
CC-4173,none,cleared,0.0
CC-4174,card_not_present_new_device,confirmed_fraud,44.1
CC-4175,card_not_present_fraud,confirmed_fraud,199.96
CC-4176,account_takeover,confirmed_fraud,1817.04
CC-4177,card_not_present_new_device,confirmed_fraud,299.71
CC-4178,out_of_region_use,confirmed_fraud,559.93
CC-4179,account_takeover,confirmed_fraud,31.03
CC-4180,none,cleared,0.0
CC-4181,card_not_present_fraud,confirmed_fraud,66.99
CC-4182,card_not_present_fraud,confirmed_fraud,20.96
CC-4183,out_of_region_use,confirmed_fraud,20.98
CC-4184,account_takeover,confirmed_fraud,299.96
CC-4185,account_takeover,confirmed_fraud,142.52
CC-4186,card_not_present_new_device,confirmed_fraud,40.37
CC-4187,out_of_region_use,confirmed_fraud,474.15
CC-4188,account_takeover,confirmed_fraud,216.96
CC-4189,card_not_present_new_device,confirmed_fraud,34.08
CC-4190,card_not_present_new_device,confirmed_fraud,500.03
CC-4191,out_of_region_use,confirmed_fraud,895.81
CC-4192,card_not_present_fraud,confirmed_fraud,82.23
CC-4193,card_not_present_fraud,confirmed_fraud,66.99
CC-4194,account_takeover,confirmed_fraud,1744.14
CC-4195,card_not_present_fraud,confirmed_fraud,178.95
CC-4196,out_of_region_use,confirmed_fraud,546.94
CC-4197,none,cleared,0.0
CC-4198,out_of_region_use,confirmed_fraud,890.75
CC-4199,none,cleared,0.0
CC-4200,card_not_present_new_device,confirmed_fraud,900.08
CC-4201,out_of_region_use,confirmed_fraud,2986.93
CC-4202,out_of_region_use,confirmed_fraud,98.45
CC-4203,account_takeover,confirmed_fraud,130.82
CC-4204,account_takeover,confirmed_fraud,238.18
CC-4205,none,cleared,0.0
CC-4206,none,cleared,0.0
CC-4207,card_not_present_new_device,confirmed_fraud,20.07
CC-4208,none,cleared,0.0
CC-4209,out_of_region_use,confirmed_fraud,184.9
CC-4210,out_of_region_use,confirmed_fraud,343.08
CC-4211,card_not_present_fraud,confirmed_fraud,9.14
CC-4212,out_of_region_use,confirmed_fraud,284.99
CC-4213,out_of_region_use,confirmed_fraud,390.08
CC-4214,out_of_region_use,confirmed_fraud,554.04
CC-4215,out_of_region_use,confirmed_fraud,6807.06
CC-4216,account_takeover,confirmed_fraud,567.91
CC-4217,none,cleared,0.0
CC-4218,card_not_present_new_device,confirmed_fraud,226.13
CC-4219,account_takeover,confirmed_fraud,107.99
CC-4220,account_takeover,confirmed_fraud,5126.08
CC-4221,out_of_region_use,confirmed_fraud,422.42
CC-4222,account_takeover,confirmed_fraud,76.97
CC-4223,card_not_present_fraud,confirmed_fraud,126.9
CC-4224,card_not_present_fraud,confirmed_fraud,325.05
CC-4225,card_testing,confirmed_fraud,352.58
CC-4226,card_not_present_new_device,confirmed_fraud,75.2
CC-4227,account_takeover,confirmed_fraud,171.0
CC-4228,card_not_present_fraud,confirmed_fraud,400.09
CC-4229,account_takeover,confirmed_fraud,744.08
CC-4230,none,cleared,0.0
CC-4231,out_of_region_use,confirmed_fraud,1867.14
CC-4232,card_not_present_new_device,confirmed_fraud,50.03
CC-4233,account_takeover,confirmed_fraud,226.01
CC-4234,account_takeover,confirmed_fraud,4578.81
CC-4235,none,cleared,0.0
CC-4236,none,cleared,0.0
CC-4237,none,cleared,0.0
CC-4238,account_takeover,confirmed_fraud,112.9
CC-4239,out_of_region_use,confirmed_fraud,97.06
CC-4240,out_of_region_use,confirmed_fraud,327.99
CC-4241,card_not_present_new_device,confirmed_fraud,149.93
CC-4242,card_not_present_fraud,confirmed_fraud,79.99
CC-4243,card_not_present_fraud,confirmed_fraud,60.07
CC-4244,account_takeover,confirmed_fraud,201.0
CC-4245,account_takeover,confirmed_fraud,107.96
CC-4246,card_not_present_fraud,confirmed_fraud,308.7
CC-4247,card_not_present_fraud,confirmed_fraud,21.9
CC-4248,out_of_region_use,confirmed_fraud,108.02
CC-4249,none,cleared,0.0
CC-4250,out_of_region_use,confirmed_fraud,311.97
CC-4251,card_not_present_fraud,confirmed_fraud,450.11
CC-4252,account_takeover,confirmed_fraud,126.02
CC-4253,card_not_present_fraud,confirmed_fraud,103.64
CC-4254,out_of_region_use,confirmed_fraud,233.97
CC-4255,card_not_present_fraud,confirmed_fraud,67.11
CC-4256,account_takeover,confirmed_fraud,170.95
CC-4257,out_of_region_use,confirmed_fraud,113.04
CC-4258,account_takeover,confirmed_fraud,87.08
CC-4259,none,cleared,0.0
CC-4260,account_takeover,confirmed_fraud,116.91
CC-4261,account_takeover,confirmed_fraud,24.5
CC-4262,out_of_region_use,confirmed_fraud,613.87
CC-4263,account_takeover,confirmed_fraud,448.1
CC-4264,card_not_present_fraud,confirmed_fraud,13.08
CC-4265,out_of_region_use,confirmed_fraud,117.05
CC-4266,account_takeover,confirmed_fraud,554.07
CC-4267,out_of_region_use,confirmed_fraud,607.89
CC-4268,card_not_present_fraud,confirmed_fraud,149.92
CC-4269,card_not_present_new_device,confirmed_fraud,19.95
CC-4270,out_of_region_use,confirmed_fraud,576.58
CC-4271,card_not_present_new_device,confirmed_fraud,199.94
CC-4272,card_not_present_new_device,confirmed_fraud,245.17
CC-4273,out_of_region_use,confirmed_fraud,243.02
CC-4274,card_not_present_new_device,confirmed_fraud,101.15
CC-4275,card_not_present_fraud,confirmed_fraud,144.92
CC-4276,card_not_present_fraud,confirmed_fraud,39.86
CC-4277,out_of_region_use,confirmed_fraud,209.86
CC-4278,account_takeover,confirmed_fraud,296.92
CC-4279,account_takeover,confirmed_fraud,108.03
CC-4280,account_takeover,confirmed_fraud,1616.16
CC-4281,card_not_present_fraud,confirmed_fraud,250.04
CC-4282,none,cleared,0.0
CC-4283,card_not_present_new_device,confirmed_fraud,205.64
CC-4284,account_takeover,confirmed_fraud,1150.5
CC-4285,card_not_present_fraud,confirmed_fraud,51.2
CC-4286,account_takeover,confirmed_fraud,77.9
CC-4287,account_takeover,confirmed_fraud,277.14
CC-4288,account_takeover,confirmed_fraud,306.0
CC-4289,out_of_region_use,confirmed_fraud,68.55
CC-4290,card_not_present_new_device,confirmed_fraud,19.37
CC-4291,account_takeover,confirmed_fraud,341.98
CC-4292,account_takeover,confirmed_fraud,292.04
CC-4293,card_not_present_fraud,confirmed_fraud,31.86
CC-4294,account_takeover,confirmed_fraud,506.01
CC-4295,card_not_present_new_device,confirmed_fraud,599.95
CC-4296,out_of_region_use,confirmed_fraud,71.92
CC-4297,out_of_region_use,confirmed_fraud,212.84
CC-4298,account_takeover,confirmed_fraud,226.05
CC-4299,out_of_region_use,confirmed_fraud,740.55
CC-4300,card_not_present_new_device,confirmed_fraud,450.1
CC-4301,card_not_present_new_device,confirmed_fraud,18.01
CC-4302,account_takeover,confirmed_fraud,221.06
CC-4303,card_not_present_fraud,confirmed_fraud,90.43
CC-4304,account_takeover,confirmed_fraud,107.86
CC-4305,card_not_present_new_device,confirmed_fraud,149.94
CC-4306,account_takeover,confirmed_fraud,627.86
CC-4307,account_takeover,confirmed_fraud,129.92
CC-4308,out_of_region_use,confirmed_fraud,279.94
CC-4309,account_takeover,confirmed_fraud,740.06
CC-4310,card_not_present_new_device,confirmed_fraud,576.61
CC-4311,card_not_present_fraud,confirmed_fraud,600.0
CC-4312,card_not_present_new_device,confirmed_fraud,1700.15
CC-4313,account_takeover,confirmed_fraud,1937.92
CC-4314,card_not_present_fraud,confirmed_fraud,52.78
CC-4315,out_of_region_use,confirmed_fraud,135.83
CC-4316,none,cleared,0.0
CC-4317,card_not_present_new_device,confirmed_fraud,125.05
CC-4318,out_of_region_use,confirmed_fraud,630.02
CC-4319,card_not_present_fraud,confirmed_fraud,126.8
CC-4320,out_of_region_use,confirmed_fraud,289.87
CC-4321,card_not_present_new_device,confirmed_fraud,74.37
CC-4322,none,cleared,0.0
CC-4323,card_not_present_fraud,confirmed_fraud,49.49
CC-4324,none,cleared,0.0
CC-4325,out_of_region_use,confirmed_fraud,117.09
CC-4326,out_of_region_use,confirmed_fraud,82.99
CC-4327,card_not_present_fraud,confirmed_fraud,39.86
CC-4328,account_takeover,confirmed_fraud,77.89
CC-4329,none,cleared,0.0
CC-4330,account_takeover,confirmed_fraud,889.96
CC-4331,out_of_region_use,confirmed_fraud,59.02
CC-4332,card_not_present_new_device,confirmed_fraud,299.94
CC-4333,card_not_present_new_device,confirmed_fraud,99.99
CC-4334,account_takeover,confirmed_fraud,210.04
CC-4335,card_not_present_new_device,confirmed_fraud,15.06
CC-4336,card_not_present_fraud,confirmed_fraud,18.04
CC-4337,card_not_present_fraud,confirmed_fraud,74.56
CC-4338,card_not_present_fraud,confirmed_fraud,9.01
CC-4339,none,cleared,0.0
CC-4340,card_not_present_fraud,confirmed_fraud,394.97
CC-4341,out_of_region_use,confirmed_fraud,4344.73
CC-4342,card_not_present_fraud,confirmed_fraud,150.02
CC-4343,card_not_present_new_device,confirmed_fraud,54.01
CC-4344,account_takeover,confirmed_fraud,226.02
CC-4345,account_takeover,confirmed_fraud,103.03
CC-4346,none,cleared,0.0
CC-4347,out_of_region_use,confirmed_fraud,215.9
CC-4348,card_not_present_fraud,confirmed_fraud,299.95
CC-4349,none,cleared,0.0
CC-4350,card_not_present_new_device,confirmed_fraud,15.06
CC-4351,card_not_present_fraud,confirmed_fraud,159.57
CC-4352,none,cleared,0.0
CC-4353,card_not_present_fraud,confirmed_fraud,268.35
CC-4354,account_takeover,confirmed_fraud,830.03
CC-4355,account_takeover,confirmed_fraud,989.91
CC-4356,out_of_region_use,confirmed_fraud,1710.82
CC-4357,out_of_region_use,confirmed_fraud,161.19
CC-4358,card_not_present_fraud,confirmed_fraud,31.44
CC-4359,account_takeover,confirmed_fraud,802.8
CC-4360,out_of_region_use,confirmed_fraud,157.64
CC-4361,card_not_present_fraud,confirmed_fraud,125.02
CC-4362,card_not_present_new_device,confirmed_fraud,450.09
CC-4363,out_of_region_use,confirmed_fraud,429.94
CC-4364,account_takeover,confirmed_fraud,107.02
CC-4365,out_of_region_use,confirmed_fraud,998.9
CC-4366,out_of_region_use,confirmed_fraud,380.53
CC-4367,account_takeover,confirmed_fraud,134.94
CC-4368,out_of_region_use,confirmed_fraud,104.96
CC-4369,card_not_present_new_device,confirmed_fraud,310.48
CC-4370,out_of_region_use,confirmed_fraud,117.04
CC-4371,card_not_present_fraud,confirmed_fraud,45.73
CC-4372,account_takeover,confirmed_fraud,117.97
CC-4373,card_not_present_fraud,confirmed_fraud,621.09
CC-4374,out_of_region_use,confirmed_fraud,1286.32
CC-4375,none,cleared,0.0
CC-4376,card_not_present_new_device,confirmed_fraud,329.41
CC-4377,account_takeover,confirmed_fraud,570.99
CC-4378,account_takeover,confirmed_fraud,171.03
CC-4379,account_takeover,confirmed_fraud,216.93
CC-4380,account_takeover,confirmed_fraud,77.95
CC-4381,none,cleared,0.0
CC-4382,card_not_present_fraud,confirmed_fraud,200.05
CC-4383,none,cleared,0.0
CC-4384,card_not_present_new_device,confirmed_fraud,308.97
CC-4385,account_takeover,confirmed_fraud,2660.99
CC-4386,card_not_present_fraud,confirmed_fraud,268.21
CC-4387,account_takeover,confirmed_fraud,5043.12
CC-4388,account_takeover,confirmed_fraud,29.08
CC-4389,none,cleared,0.0
CC-4390,account_takeover,confirmed_fraud,264.87
CC-4391,out_of_region_use,confirmed_fraud,33.88
CC-4392,account_takeover,confirmed_fraud,2172.74
CC-4393,account_takeover,confirmed_fraud,553.95
CC-4394,card_not_present_fraud,confirmed_fraud,156.42
CC-4395,none,cleared,0.0
CC-4396,card_not_present_fraud,confirmed_fraud,95.5
CC-4397,none,cleared,0.0
CC-4398,card_not_present_new_device,confirmed_fraud,999.95
CC-4399,account_takeover,confirmed_fraud,116.91
CC-4400,out_of_region_use,confirmed_fraud,116.92
CC-4401,card_not_present_fraud,confirmed_fraud,150.04
CC-4402,card_not_present_fraud,confirmed_fraud,42.43
CC-4403,card_not_present_fraud,confirmed_fraud,21.37
CC-4404,account_takeover,confirmed_fraud,593.84
CC-4405,none,cleared,0.0
CC-4406,account_takeover,confirmed_fraud,97.02
CC-4407,out_of_region_use,confirmed_fraud,107.03
CC-4408,account_takeover,confirmed_fraud,296.89
CC-4409,account_takeover,confirmed_fraud,113.05
CC-4410,card_not_present_fraud,confirmed_fraud,36.03
CC-4411,out_of_region_use,confirmed_fraud,164.97
CC-4412,out_of_region_use,confirmed_fraud,839.86
CC-4413,out_of_region_use,confirmed_fraud,234.09
CC-4414,out_of_region_use,confirmed_fraud,273.19
CC-4415,card_not_present_fraud,confirmed_fraud,41.63
CC-4416,account_takeover,confirmed_fraud,844.77
CC-4417,out_of_region_use,confirmed_fraud,545.9
CC-4418,account_takeover,confirmed_fraud,225.99
CC-4419,card_not_present_fraud,confirmed_fraud,9.15
CC-4420,account_takeover,confirmed_fraud,1303.07
CC-4421,out_of_region_use,confirmed_fraud,100.0
CC-4422,account_takeover,confirmed_fraud,159.96
CC-4423,card_not_present_fraud,confirmed_fraud,9.3
CC-4424,out_of_region_use,confirmed_fraud,250.08
CC-4425,card_not_present_fraud,confirmed_fraud,398.73
CC-4426,out_of_region_use,confirmed_fraud,310.05
CC-4427,card_not_present_new_device,confirmed_fraud,263.9
CC-4428,card_not_present_fraud,confirmed_fraud,41.59
CC-4429,out_of_region_use,confirmed_fraud,671.01
CC-4430,none,cleared,0.0
CC-4431,out_of_region_use,confirmed_fraud,159.98
CC-4432,card_not_present_new_device,confirmed_fraud,800.15
CC-4433,out_of_region_use,confirmed_fraud,225.94
CC-4434,card_not_present_fraud,confirmed_fraud,310.48
CC-4435,card_not_present_fraud,confirmed_fraud,335.31
CC-4436,out_of_region_use,confirmed_fraud,2610.53
CC-4437,none,cleared,0.0
CC-4438,card_not_present_new_device,confirmed_fraud,31.61
CC-4439,none,cleared,0.0
CC-4440,none,cleared,0.0
CC-4441,account_takeover,confirmed_fraud,29.05
CC-4442,none,cleared,0.0
CC-4443,none,cleared,0.0
CC-4444,card_not_present_new_device,confirmed_fraud,500.02
CC-4445,account_takeover,confirmed_fraud,184.11
CC-4446,card_not_present_fraud,confirmed_fraud,150.05
CC-4447,account_takeover,confirmed_fraud,2173.1
CC-4448,account_takeover,confirmed_fraud,891.9
CC-4449,out_of_region_use,confirmed_fraud,1871.75
CC-4450,card_not_present_new_device,confirmed_fraud,45.75
CC-4451,card_not_present_new_device,confirmed_fraud,914.05
CC-4452,out_of_region_use,confirmed_fraud,7343.84
CC-4453,out_of_region_use,confirmed_fraud,437.5
CC-4454,account_takeover,confirmed_fraud,581.93
CC-4455,account_takeover,confirmed_fraud,234.84
CC-4456,card_not_present_new_device,confirmed_fraud,1449.99
CC-4457,card_not_present_fraud,confirmed_fraud,61.64
CC-4458,out_of_region_use,confirmed_fraud,2388.03
CC-4459,account_takeover,confirmed_fraud,147.06
CC-4460,account_takeover,confirmed_fraud,495.95
CC-4461,account_takeover,confirmed_fraud,207.46
CC-4462,account_takeover,confirmed_fraud,171.0
CC-4463,account_takeover,confirmed_fraud,404.87
CC-4464,account_takeover,confirmed_fraud,321.91
CC-4465,account_takeover,confirmed_fraud,588.98
CC-4466,account_takeover,confirmed_fraud,50.07
CC-4467,account_takeover,confirmed_fraud,889.96
CC-4468,out_of_region_use,confirmed_fraud,171.04
CC-4469,out_of_region_use,confirmed_fraud,1013.48
CC-4470,out_of_region_use,confirmed_fraud,884.01
CC-4471,out_of_region_use,confirmed_fraud,48.97
CC-4472,card_not_present_fraud,confirmed_fraud,308.23
CC-4473,none,cleared,0.0
CC-4474,account_takeover,confirmed_fraud,1413.88
CC-4475,none,cleared,0.0
CC-4476,account_takeover,confirmed_fraud,30.87
CC-4477,out_of_region_use,confirmed_fraud,3303.83
CC-4478,card_not_present_fraud,confirmed_fraud,31.75
CC-4479,card_not_present_new_device,confirmed_fraud,796.11
CC-4480,out_of_region_use,confirmed_fraud,350.89
CC-4481,out_of_region_use,confirmed_fraud,390.0
CC-4482,out_of_region_use,confirmed_fraud,1030.42
CC-4483,card_not_present_fraud,confirmed_fraud,578.84
CC-4484,card_not_present_new_device,confirmed_fraud,1199.91
CC-4485,card_not_present_new_device,confirmed_fraud,105.12
CC-4486,card_not_present_new_device,confirmed_fraud,31.72
CC-4487,card_not_present_fraud,confirmed_fraud,200.09
CC-4488,none,cleared,0.0
CC-4489,out_of_region_use,confirmed_fraud,59.03
CC-4490,account_takeover,confirmed_fraud,25.88
CC-4491,card_not_present_new_device,confirmed_fraud,9.7
CC-4492,none,cleared,0.0
CC-4493,account_takeover,confirmed_fraud,153.96
CC-4494,out_of_region_use,confirmed_fraud,117.0
CC-4495,out_of_region_use,confirmed_fraud,1213.94
CC-4496,account_takeover,confirmed_fraud,310.07
CC-4497,card_not_present_new_device,confirmed_fraud,141.35
CC-4498,account_takeover,confirmed_fraud,176.9
CC-4499,out_of_region_use,confirmed_fraud,117.03
CC-4500,card_not_present_fraud,confirmed_fraud,39.7
CC-4501,card_testing,confirmed_fraud,1508.58
CC-4502,out_of_region_use,confirmed_fraud,49.03
CC-4503,card_not_present_fraud,confirmed_fraud,13.25
CC-4504,card_not_present_new_device,confirmed_fraud,474.94
CC-4505,none,cleared,0.0
CC-4506,card_not_present_fraud,confirmed_fraud,17.67
CC-4507,out_of_region_use,confirmed_fraud,424.91
CC-4508,card_not_present_fraud,confirmed_fraud,19.76
CC-4509,out_of_region_use,confirmed_fraud,352.89
CC-4510,card_not_present_fraud,confirmed_fraud,55.53
CC-4511,out_of_region_use,confirmed_fraud,320.95
CC-4512,out_of_region_use,confirmed_fraud,998.97
CC-4513,out_of_region_use,confirmed_fraud,197.9
CC-4514,card_not_present_fraud,confirmed_fraud,310.58
CC-4515,card_not_present_new_device,confirmed_fraud,31.15
CC-4516,out_of_region_use,confirmed_fraud,1438.97
CC-4517,account_takeover,confirmed_fraud,395.84
CC-4518,out_of_region_use,confirmed_fraud,1921.94
CC-4519,card_not_present_new_device,confirmed_fraud,944.97
CC-4520,account_takeover,confirmed_fraud,890.08
CC-4521,account_takeover,confirmed_fraud,1209.11
CC-4522,account_takeover,confirmed_fraud,474.95
CC-4523,card_not_present_new_device,confirmed_fraud,49.93
CC-4524,card_not_present_fraud,confirmed_fraud,44.16
CC-4525,card_not_present_fraud,confirmed_fraud,350.22
CC-4526,account_takeover,confirmed_fraud,682.07
CC-4527,account_takeover,confirmed_fraud,610.93
CC-4528,card_not_present_fraud,confirmed_fraud,120.12
CC-4529,none,cleared,0.0
CC-4530,card_not_present_fraud,confirmed_fraud,95.11
CC-4531,card_not_present_new_device,confirmed_fraud,150.07
CC-4532,account_takeover,confirmed_fraud,171.09
CC-4533,card_not_present_new_device,confirmed_fraud,285.25
CC-4534,out_of_region_use,confirmed_fraud,318.87
CC-4535,account_takeover,confirmed_fraud,106.01
CC-4536,card_not_present_new_device,confirmed_fraud,199.93
CC-4537,card_not_present_fraud,confirmed_fraud,4.69
CC-4538,none,cleared,0.0
CC-4539,card_not_present_new_device,confirmed_fraud,14.91
CC-4540,out_of_region_use,confirmed_fraud,200.92
CC-4541,account_takeover,confirmed_fraud,9010.69
CC-4542,card_not_present_new_device,confirmed_fraud,150.05
CC-4543,out_of_region_use,confirmed_fraud,2672.0
CC-4544,out_of_region_use,confirmed_fraud,55.95
CC-4545,card_not_present_new_device,confirmed_fraud,450.01
CC-4546,card_not_present_new_device,confirmed_fraud,82.76
CC-4547,card_not_present_new_device,confirmed_fraud,52.6
CC-4548,card_not_present_new_device,confirmed_fraud,1010.11
CC-4549,account_takeover,confirmed_fraud,92.94
CC-4550,account_takeover,confirmed_fraud,170.96
CC-4551,card_not_present_fraud,confirmed_fraud,64.92
CC-4552,out_of_region_use,confirmed_fraud,121.82
CC-4553,none,cleared,0.0
CC-4554,account_takeover,confirmed_fraud,445.08
CC-4555,card_not_present_new_device,confirmed_fraud,276.13
CC-4556,card_not_present_new_device,confirmed_fraud,53.0
CC-4557,card_not_present_fraud,confirmed_fraud,31.74
CC-4558,account_takeover,confirmed_fraud,117.05
CC-4559,card_not_present_fraud,confirmed_fraud,125.05
CC-4560,out_of_region_use,confirmed_fraud,107.86
CC-4561,account_takeover,confirmed_fraud,452.03
CC-4562,account_takeover,confirmed_fraud,966.96
CC-4563,card_not_present_new_device,confirmed_fraud,449.97
CC-4564,out_of_region_use,confirmed_fraud,73.94
CC-4565,out_of_region_use,confirmed_fraud,1463.91
CC-4566,none,cleared,0.0
CC-4567,account_takeover,confirmed_fraud,897.09
CC-4568,out_of_region_use,confirmed_fraud,101.93
CC-4569,out_of_region_use,confirmed_fraud,137.05
CC-4570,none,cleared,0.0
CC-4571,card_not_present_fraud,confirmed_fraud,19.92
CC-4572,account_takeover,confirmed_fraud,456.84
CC-4573,card_not_present_new_device,confirmed_fraud,67.08
CC-4574,out_of_region_use,confirmed_fraud,25.99
CC-4575,out_of_region_use,confirmed_fraud,335.08
CC-4576,out_of_region_use,confirmed_fraud,965.0
CC-4577,none,cleared,0.0
CC-4578,account_takeover,confirmed_fraud,160.0
CC-4579,account_takeover,confirmed_fraud,59.03
CC-4580,out_of_region_use,confirmed_fraud,108.42
CC-4581,out_of_region_use,confirmed_fraud,924.98
CC-4582,card_not_present_new_device,confirmed_fraud,24.14
CC-4583,out_of_region_use,confirmed_fraud,554.04
CC-4584,account_takeover,confirmed_fraud,512.9
CC-4585,out_of_region_use,confirmed_fraud,30.88
CC-4586,out_of_region_use,confirmed_fraud,294.95
CC-4587,out_of_region_use,confirmed_fraud,1122.38
CC-4588,card_not_present_fraud,confirmed_fraud,150.08
CC-4589,none,cleared,0.0
CC-4590,none,cleared,0.0
CC-4591,none,cleared,0.0
CC-4592,none,cleared,0.0
CC-4593,account_takeover,confirmed_fraud,58.01
CC-4594,card_not_present_fraud,confirmed_fraud,67.03
CC-4595,card_not_present_fraud,confirmed_fraud,299.98
CC-4596,none,cleared,0.0
CC-4597,account_takeover,confirmed_fraud,68.91
CC-4598,card_not_present_fraud,confirmed_fraud,27.82
CC-4599,card_not_present_fraud,confirmed_fraud,152.19
CC-4600,out_of_region_use,confirmed_fraud,102.08
CC-4601,out_of_region_use,confirmed_fraud,107.93
CC-4602,account_takeover,confirmed_fraud,896.07
CC-4603,account_takeover,confirmed_fraud,5744.14
CC-4604,out_of_region_use,confirmed_fraud,563.15
CC-4605,card_not_present_fraud,confirmed_fraud,57.97
CC-4606,card_not_present_new_device,confirmed_fraud,475.02
CC-4607,out_of_region_use,confirmed_fraud,1439.16
CC-4608,card_not_present_fraud,confirmed_fraud,78.31
CC-4609,out_of_region_use,confirmed_fraud,295.03
CC-4610,card_not_present_fraud,confirmed_fraud,33.51
CC-4611,account_takeover,confirmed_fraud,657.98
CC-4612,card_not_present_fraud,confirmed_fraud,299.95
CC-4613,card_not_present_new_device,confirmed_fraud,199.99
CC-4614,account_takeover,confirmed_fraud,59.05
CC-4615,account_takeover,confirmed_fraud,25.98
CC-4616,card_not_present_fraud,confirmed_fraud,84.02
CC-4617,card_not_present_fraud,confirmed_fraud,350.08
CC-4618,account_takeover,confirmed_fraud,420.09
CC-4619,card_not_present_new_device,confirmed_fraud,600.01
CC-4620,card_not_present_fraud,confirmed_fraud,108.43
CC-4621,card_not_present_new_device,confirmed_fraud,104.19
CC-4622,account_takeover,confirmed_fraud,51.02
CC-4623,account_takeover,confirmed_fraud,372.03
CC-4624,card_not_present_fraud,confirmed_fraud,296.6
CC-4625,out_of_region_use,confirmed_fraud,48.96
CC-4626,out_of_region_use,confirmed_fraud,39.07
CC-4627,card_not_present_fraud,confirmed_fraud,20.99
CC-4628,card_not_present_new_device,confirmed_fraud,180.03
CC-4629,out_of_region_use,confirmed_fraud,998.86
CC-4630,out_of_region_use,confirmed_fraud,1122.05
CC-4631,card_not_present_new_device,confirmed_fraud,449.91
CC-4632,card_not_present_fraud,confirmed_fraud,145.65
CC-4633,card_not_present_fraud,confirmed_fraud,149.99
CC-4634,account_takeover,confirmed_fraud,67.91
CC-4635,out_of_region_use,confirmed_fraud,323.02
CC-4636,account_takeover,confirmed_fraud,732.17
CC-4637,none,cleared,0.0
CC-4638,out_of_region_use,confirmed_fraud,117.06
CC-4639,card_not_present_fraud,confirmed_fraud,67.13
CC-4640,account_takeover,confirmed_fraud,1106.75
CC-4641,card_not_present_fraud,confirmed_fraud,200.05
CC-4642,none,cleared,0.0
CC-4643,none,cleared,0.0
CC-4644,account_takeover,confirmed_fraud,960.0
CC-4645,card_not_present_fraud,confirmed_fraud,499.93
CC-4646,out_of_region_use,confirmed_fraud,58.94
CC-4647,out_of_region_use,confirmed_fraud,1104.0
CC-4648,account_takeover,confirmed_fraud,153.93
CC-4649,account_takeover,confirmed_fraud,107.97
CC-4650,account_takeover,confirmed_fraud,111.97
CC-4651,out_of_region_use,confirmed_fraud,48.96
CC-4652,card_not_present_fraud,confirmed_fraud,200.0
CC-4653,card_not_present_new_device,confirmed_fraud,150.08
CC-4654,card_not_present_new_device,confirmed_fraud,300.07
CC-4655,account_takeover,confirmed_fraud,171.09
CC-4656,card_not_present_fraud,confirmed_fraud,79.93
CC-4657,card_not_present_new_device,confirmed_fraud,102.75
CC-4658,card_not_present_new_device,confirmed_fraud,12.67
CC-4659,card_not_present_new_device,confirmed_fraud,399.92
CC-4660,out_of_region_use,confirmed_fraud,563.5
CC-4661,card_not_present_fraud,confirmed_fraud,27.79
CC-4662,card_not_present_fraud,confirmed_fraud,53.08
CC-4663,account_takeover,confirmed_fraud,3187.72
CC-4664,account_takeover,confirmed_fraud,117.08
CC-4665,account_takeover,confirmed_fraud,108.41
CC-4666,card_not_present_new_device,confirmed_fraud,39.92
CC-4667,card_not_present_fraud,confirmed_fraud,300.07
CC-4668,account_takeover,confirmed_fraud,554.03
CC-4669,card_not_present_fraud,confirmed_fraud,16.87
CC-4670,out_of_region_use,confirmed_fraud,480.01
CC-4671,account_takeover,confirmed_fraud,28.95
CC-4672,out_of_region_use,confirmed_fraud,859.9
CC-4673,account_takeover,confirmed_fraud,225.93
CC-4674,card_not_present_new_device,confirmed_fraud,200.01
CC-4675,card_not_present_new_device,confirmed_fraud,600.05
CC-4676,account_takeover,confirmed_fraud,786.82
CC-4677,card_not_present_fraud,confirmed_fraud,40.26
CC-4678,card_not_present_new_device,confirmed_fraud,59.95
CC-4679,card_not_present_new_device,confirmed_fraud,499.95
CC-4680,account_takeover,confirmed_fraud,116.98
CC-4681,none,cleared,0.0
CC-4682,account_takeover,confirmed_fraud,170.99
CC-4683,account_takeover,confirmed_fraud,350.98
CC-4684,card_not_present_new_device,confirmed_fraud,400.0
CC-4685,none,cleared,0.0
CC-4686,out_of_region_use,confirmed_fraud,840.07
CC-4687,card_not_present_fraud,confirmed_fraud,62.35
CC-4688,account_takeover,confirmed_fraud,77.04
CC-4689,card_not_present_fraud,confirmed_fraud,212.15
CC-4690,account_takeover,confirmed_fraud,209.97
CC-4691,none,cleared,0.0
CC-4692,card_not_present_fraud,confirmed_fraud,53.09
CC-4693,card_not_present_new_device,confirmed_fraud,540.96
CC-4694,out_of_region_use,confirmed_fraud,292.12
CC-4695,out_of_region_use,confirmed_fraud,117.08
CC-4696,out_of_region_use,confirmed_fraud,284.04
CC-4697,none,cleared,0.0
CC-4698,account_takeover,confirmed_fraud,37.02
CC-4699,card_not_present_new_device,confirmed_fraud,49.99
CC-4700,card_not_present_fraud,confirmed_fraud,21.56
CC-4701,out_of_region_use,confirmed_fraud,107.91
CC-4702,account_takeover,confirmed_fraud,312.04
CC-4703,out_of_region_use,confirmed_fraud,553.98
CC-4704,out_of_region_use,confirmed_fraud,81.98
CC-4705,out_of_region_use,confirmed_fraud,342.51
CC-4706,card_not_present_fraud,confirmed_fraud,13.71
CC-4707,card_not_present_new_device,confirmed_fraud,123.89
CC-4708,none,cleared,0.0
CC-4709,account_takeover,confirmed_fraud,160.94
CC-4710,card_not_present_new_device,confirmed_fraud,441.53
CC-4711,account_takeover,confirmed_fraud,226.08
CC-4712,card_not_present_new_device,confirmed_fraud,300.0
CC-4713,account_takeover,confirmed_fraud,417.94
CC-4714,card_not_present_new_device,confirmed_fraud,299.95
CC-4715,account_takeover,confirmed_fraud,349.87
CC-4716,card_not_present_fraud,confirmed_fraud,1600.12
CC-4717,card_not_present_new_device,confirmed_fraud,485.25
CC-4718,card_not_present_fraud,confirmed_fraud,31.75
CC-4719,out_of_region_use,confirmed_fraud,480.01
CC-4720,account_takeover,confirmed_fraud,339.77
CC-4721,out_of_region_use,confirmed_fraud,1386.57
CC-4722,out_of_region_use,confirmed_fraud,706.06
CC-4723,out_of_region_use,confirmed_fraud,140.0
CC-4724,card_not_present_new_device,confirmed_fraud,35.36
CC-4725,card_not_present_fraud,confirmed_fraud,82.02
CC-4726,out_of_region_use,confirmed_fraud,48.92
CC-4727,card_not_present_fraud,confirmed_fraud,300.04
CC-4728,account_takeover,confirmed_fraud,669.97
CC-4729,account_takeover,confirmed_fraud,116.96
CC-4730,none,cleared,0.0
CC-4731,card_not_present_fraud,confirmed_fraud,40.24
CC-4732,account_takeover,confirmed_fraud,2395.63
CC-4733,card_not_present_new_device,confirmed_fraud,74.58
CC-4734,none,cleared,0.0
CC-4735,none,cleared,0.0
CC-4736,card_not_present_fraud,confirmed_fraud,500.01
CC-4737,out_of_region_use,confirmed_fraud,59.07
CC-4738,account_takeover,confirmed_fraud,87.99
CC-4739,account_takeover,confirmed_fraud,563.83
CC-4740,card_not_present_fraud,confirmed_fraud,149.91
CC-4741,card_not_present_new_device,confirmed_fraud,2449.72
CC-4742,out_of_region_use,confirmed_fraud,39.02
CC-4743,none,cleared,0.0
CC-4744,out_of_region_use,confirmed_fraud,44.43
CC-4745,card_not_present_fraud,confirmed_fraud,106.21
CC-4746,card_not_present_new_device,confirmed_fraud,199.8
CC-4747,out_of_region_use,confirmed_fraud,325.58
CC-4748,card_not_present_fraud,confirmed_fraud,300.09
CC-4749,card_not_present_fraud,confirmed_fraud,86.93
CC-4750,card_not_present_new_device,confirmed_fraud,200.11
CC-4751,out_of_region_use,confirmed_fraud,141.09
CC-4752,account_takeover,confirmed_fraud,699.06
CC-4753,none,cleared,0.0
CC-4754,out_of_region_use,confirmed_fraud,1107.97
CC-4755,out_of_region_use,confirmed_fraud,56.91
CC-4756,account_takeover,confirmed_fraud,201.06
CC-4757,account_takeover,confirmed_fraud,3709.93
CC-4758,out_of_region_use,confirmed_fraud,1153.57
CC-4759,account_takeover,confirmed_fraud,1819.95
CC-4760,account_takeover,confirmed_fraud,48.04
CC-4761,card_not_present_fraud,confirmed_fraud,117.3
CC-4762,out_of_region_use,confirmed_fraud,59.0
CC-4763,account_takeover,confirmed_fraud,3337.7
CC-4764,out_of_region_use,confirmed_fraud,391.82
CC-4765,card_not_present_fraud,confirmed_fraud,72.29
CC-4766,card_not_present_new_device,confirmed_fraud,102.69
CC-4767,card_not_present_fraud,confirmed_fraud,51.68
CC-4768,card_not_present_fraud,confirmed_fraud,17.82
CC-4769,card_not_present_new_device,confirmed_fraud,24.98
CC-4770,account_takeover,confirmed_fraud,638.93
CC-4771,card_not_present_fraud,confirmed_fraud,150.03
CC-4772,card_not_present_new_device,confirmed_fraud,121.61
CC-4773,account_takeover,confirmed_fraud,631.27
CC-4774,card_not_present_fraud,confirmed_fraud,136.75
CC-4775,out_of_region_use,confirmed_fraud,106.92
CC-4776,out_of_region_use,confirmed_fraud,1888.12
CC-4777,card_not_present_fraud,confirmed_fraud,190.67
CC-4778,none,cleared,0.0
CC-4779,out_of_region_use,confirmed_fraud,44.02
CC-4780,card_not_present_new_device,confirmed_fraud,64.92
CC-4781,out_of_region_use,confirmed_fraud,2913.0
CC-4782,account_takeover,confirmed_fraud,280.04
CC-4783,none,cleared,0.0
CC-4784,card_not_present_fraud,confirmed_fraud,11.29
CC-4785,card_not_present_new_device,confirmed_fraud,250.15
CC-4786,out_of_region_use,confirmed_fraud,451.9
CC-4787,account_takeover,confirmed_fraud,804.14
CC-4788,card_not_present_new_device,confirmed_fraud,14.2
CC-4789,card_not_present_fraud,confirmed_fraud,40.33
CC-4790,out_of_region_use,confirmed_fraud,171.03
CC-4791,account_takeover,confirmed_fraud,116.94
CC-4792,out_of_region_use,confirmed_fraud,792.04
CC-4793,card_not_present_fraud,confirmed_fraud,51.27
CC-4794,account_takeover,confirmed_fraud,1226.03
CC-4795,account_takeover,confirmed_fraud,1879.53
CC-4796,out_of_region_use,confirmed_fraud,635.09
CC-4797,account_takeover,confirmed_fraud,342.39
CC-4798,card_not_present_fraud,confirmed_fraud,200.07
CC-4799,card_not_present_fraud,confirmed_fraud,102.66
CC-4800,card_not_present_new_device,confirmed_fraud,1165.16
CC-4801,card_not_present_fraud,confirmed_fraud,16.48
CC-4802,card_not_present_fraud,confirmed_fraud,33.48
CC-4803,account_takeover,confirmed_fraud,1102.51
CC-4804,account_takeover,confirmed_fraud,234.34
CC-4805,card_not_present_fraud,confirmed_fraud,52.95
CC-4806,account_takeover,confirmed_fraud,58.01
CC-4807,card_not_present_new_device,confirmed_fraud,29.96
CC-4808,out_of_region_use,confirmed_fraud,280.02
CC-4809,account_takeover,confirmed_fraud,526.97
CC-4810,card_not_present_fraud,confirmed_fraud,225.06
CC-4811,card_not_present_new_device,confirmed_fraud,84.86
CC-4812,card_not_present_fraud,confirmed_fraud,16.09
CC-4813,none,cleared,0.0
CC-4814,card_not_present_new_device,confirmed_fraud,100.01
CC-4815,card_not_present_fraud,confirmed_fraud,28.93
CC-4816,none,cleared,0.0
CC-4817,out_of_region_use,confirmed_fraud,390.1
CC-4818,card_not_present_new_device,confirmed_fraud,99.99
CC-4819,none,cleared,0.0
CC-4820,account_takeover,confirmed_fraud,2141.26
CC-4821,card_not_present_new_device,confirmed_fraud,299.87
CC-4822,card_not_present_fraud,confirmed_fraud,43.41
CC-4823,card_not_present_fraud,confirmed_fraud,25.7
CC-4824,account_takeover,confirmed_fraud,82.94
CC-4825,card_not_present_fraud,confirmed_fraud,81.08
CC-4826,account_takeover,confirmed_fraud,2209.42
CC-4827,out_of_region_use,confirmed_fraud,445.01
CC-4828,account_takeover,confirmed_fraud,445.07
CC-4829,card_not_present_new_device,confirmed_fraud,75.39
CC-4830,card_not_present_fraud,confirmed_fraud,149.95
CC-4831,card_not_present_fraud,confirmed_fraud,9.18
CC-4832,card_not_present_fraud,confirmed_fraud,77.94
CC-4833,account_takeover,confirmed_fraud,234.1
CC-4834,none,cleared,0.0
CC-4835,out_of_region_use,confirmed_fraud,63.91
CC-4836,out_of_region_use,confirmed_fraud,445.09
CC-4837,card_not_present_fraud,confirmed_fraud,39.3
CC-4838,account_takeover,confirmed_fraud,840.13
CC-4839,account_takeover,confirmed_fraud,2160.97
CC-4840,card_not_present_new_device,confirmed_fraud,53.95
CC-4841,card_not_present_fraud,confirmed_fraud,117.28
CC-4842,account_takeover,confirmed_fraud,349.14
CC-4843,account_takeover,confirmed_fraud,384.12
CC-4844,none,cleared,0.0
CC-4845,card_not_present_new_device,confirmed_fraud,56.67
CC-4846,card_not_present_fraud,confirmed_fraud,13.29
CC-4847,out_of_region_use,confirmed_fraud,774.01
CC-4848,card_not_present_fraud,confirmed_fraud,1399.92
CC-4849,card_not_present_fraud,confirmed_fraud,76.7
CC-4850,card_not_present_new_device,confirmed_fraud,39.33
CC-4851,account_takeover,confirmed_fraud,434.93
CC-4852,card_not_present_new_device,confirmed_fraud,399.92
CC-4853,account_takeover,confirmed_fraud,171.07
CC-4854,out_of_region_use,confirmed_fraud,84.01
CC-4855,card_not_present_new_device,confirmed_fraud,206.05
CC-4856,card_not_present_fraud,confirmed_fraud,26.11
CC-4857,card_not_present_new_device,confirmed_fraud,16.22
CC-4858,card_not_present_fraud,confirmed_fraud,300.07
CC-4859,card_not_present_fraud,confirmed_fraud,67.14
CC-4860,account_takeover,confirmed_fraud,57.97
CC-4861,account_takeover,confirmed_fraud,248.11
CC-4862,card_not_present_fraud,confirmed_fraud,199.96
CC-4863,card_not_present_new_device,confirmed_fraud,300.09
CC-4864,out_of_region_use,confirmed_fraud,390.1
CC-4865,card_not_present_new_device,confirmed_fraud,52.66
CC-4866,card_not_present_new_device,confirmed_fraud,49.94
CC-4867,out_of_region_use,confirmed_fraud,117.09
CC-4868,card_not_present_new_device,confirmed_fraud,200.05
CC-4869,out_of_region_use,confirmed_fraud,334.95
CC-4870,out_of_region_use,confirmed_fraud,914.01
CC-4871,card_not_present_fraud,confirmed_fraud,28.95
CC-4872,out_of_region_use,confirmed_fraud,226.05
CC-4873,card_not_present_fraud,confirmed_fraud,399.92
CC-4874,out_of_region_use,confirmed_fraud,511.17
CC-4875,out_of_region_use,confirmed_fraud,445.02
CC-4876,account_takeover,confirmed_fraud,1483.88
CC-4877,account_takeover,confirmed_fraud,774.57
CC-4878,out_of_region_use,confirmed_fraud,2770.12
CC-4879,card_not_present_new_device,confirmed_fraud,1014.86
CC-4880,card_not_present_fraud,confirmed_fraud,47.71
CC-4881,card_not_present_fraud,confirmed_fraud,300.03
CC-4882,none,cleared,0.0
CC-4883,account_takeover,confirmed_fraud,97.99
CC-4884,account_takeover,confirmed_fraud,279.94
CC-4885,none,cleared,0.0
CC-4886,card_not_present_new_device,confirmed_fraud,58.24
CC-4887,out_of_region_use,confirmed_fraud,108.03
CC-4888,out_of_region_use,confirmed_fraud,967.04
CC-4889,account_takeover,confirmed_fraud,369.82
CC-4890,card_not_present_fraud,confirmed_fraud,800.03
CC-4891,card_not_present_new_device,confirmed_fraud,100.13
CC-4892,account_takeover,confirmed_fraud,29.07
CC-4893,out_of_region_use,confirmed_fraud,214.97
CC-4894,card_not_present_new_device,confirmed_fraud,149.91
CC-4895,account_takeover,confirmed_fraud,571.96
CC-4896,card_not_present_new_device,confirmed_fraud,149.99
CC-4897,card_not_present_fraud,confirmed_fraud,99.99
CC-4898,none,cleared,0.0
CC-4899,none,cleared,0.0
CC-4900,card_not_present_fraud,confirmed_fraud,149.92
CC-4901,account_takeover,confirmed_fraud,494.06
CC-4902,out_of_region_use,confirmed_fraud,48.97
CC-4903,card_not_present_new_device,confirmed_fraud,350.03
CC-4904,account_takeover,confirmed_fraud,3020.93
CC-4905,card_not_present_new_device,confirmed_fraud,20.57
CC-4906,out_of_region_use,confirmed_fraud,276.01
CC-4907,card_not_present_fraud,confirmed_fraud,27.1
CC-4908,card_not_present_new_device,confirmed_fraud,159.92
CC-4909,out_of_region_use,confirmed_fraud,2595.21
CC-4910,card_not_present_new_device,confirmed_fraud,30.72
CC-4911,card_not_present_new_device,confirmed_fraud,349.99
CC-4912,card_not_present_fraud,confirmed_fraud,199.92
CC-4913,card_not_present_fraud,confirmed_fraud,240.5
CC-4914,out_of_region_use,confirmed_fraud,31.02
CC-4915,card_not_present_fraud,confirmed_fraud,350.05
CC-4916,none,cleared,0.0
CC-4917,card_not_present_fraud,confirmed_fraud,58.12
CC-4918,card_not_present_new_device,confirmed_fraud,150.14
CC-4919,card_not_present_fraud,confirmed_fraud,43.42
CC-4920,out_of_region_use,confirmed_fraud,744.92
CC-4921,account_takeover,confirmed_fraud,107.97
CC-4922,card_not_present_fraud,confirmed_fraud,60.81
CC-4923,card_not_present_new_device,confirmed_fraud,265.33
CC-4924,account_takeover,confirmed_fraud,665.17
CC-4925,card_not_present_fraud,confirmed_fraud,150.04
CC-4926,card_not_present_fraud,confirmed_fraud,374.92
CC-4927,account_takeover,confirmed_fraud,603.83
CC-4928,out_of_region_use,confirmed_fraud,140.05
CC-4929,card_not_present_fraud,confirmed_fraud,15.99
CC-4930,card_not_present_new_device,confirmed_fraud,375.04
CC-4931,none,cleared,0.0
CC-4932,none,cleared,0.0
CC-4933,account_takeover,confirmed_fraud,1318.23
CC-4934,out_of_region_use,confirmed_fraud,54.02
CC-4935,account_takeover,confirmed_fraud,1164.09
CC-4936,card_not_present_new_device,confirmed_fraud,193.48
CC-4937,card_not_present_fraud,confirmed_fraud,135.6
CC-4938,out_of_region_use,confirmed_fraud,34.97
CC-4939,card_not_present_fraud,confirmed_fraud,225.02
CC-4940,card_testing,confirmed_fraud,109.88
CC-4941,card_not_present_new_device,confirmed_fraud,28.22
CC-4942,out_of_region_use,confirmed_fraud,1094.94
CC-4943,card_not_present_new_device,confirmed_fraud,54.32
CC-4944,card_not_present_new_device,confirmed_fraud,85.04
CC-4945,account_takeover,confirmed_fraud,87.0
CC-4946,card_not_present_fraud,confirmed_fraud,31.78
CC-4947,card_not_present_fraud,confirmed_fraud,300.07
CC-4948,account_takeover,confirmed_fraud,58.92
CC-4949,account_takeover,confirmed_fraud,2700.54
CC-4950,card_not_present_fraud,confirmed_fraud,86.14
CC-4951,card_not_present_fraud,confirmed_fraud,71.6
CC-4952,out_of_region_use,confirmed_fraud,409.93
CC-4953,card_not_present_fraud,confirmed_fraud,102.72
CC-4954,account_takeover,confirmed_fraud,170.93
CC-4955,none,cleared,0.0
CC-4956,card_not_present_fraud,confirmed_fraud,59.2
CC-4957,out_of_region_use,confirmed_fraud,48.02
CC-4958,card_not_present_new_device,confirmed_fraud,45.3
CC-4959,account_takeover,confirmed_fraud,677.92
CC-4960,card_not_present_fraud,confirmed_fraud,350.06
CC-4961,account_takeover,confirmed_fraud,247.88
CC-4962,account_takeover,confirmed_fraud,29.06
CC-4963,account_takeover,confirmed_fraud,3234.9
CC-4964,account_takeover,confirmed_fraud,5486.38
CC-4965,none,cleared,0.0
CC-4966,out_of_region_use,confirmed_fraud,210.42
CC-4967,card_not_present_fraud,confirmed_fraud,349.91
CC-4968,none,cleared,0.0
CC-4969,card_not_present_fraud,confirmed_fraud,81.94
CC-4970,card_not_present_new_device,confirmed_fraud,299.93
CC-4971,none,cleared,0.0
CC-4972,card_not_present_new_device,confirmed_fraud,334.56
CC-4973,none,cleared,0.0
CC-4974,none,cleared,0.0
CC-4975,account_takeover,confirmed_fraud,29.0
CC-4976,out_of_region_use,confirmed_fraud,521.89
CC-4977,card_not_present_new_device,confirmed_fraud,16.78
CC-4978,card_not_present_fraud,confirmed_fraud,614.89
CC-4979,card_not_present_new_device,confirmed_fraud,114.61
CC-4980,card_not_present_new_device,confirmed_fraud,16.29
CC-4981,card_not_present_fraud,confirmed_fraud,32.03
CC-4982,card_not_present_new_device,confirmed_fraud,895.46
CC-4983,card_not_present_fraud,confirmed_fraud,16.02
CC-4984,card_not_present_fraud,confirmed_fraud,116.23
CC-4985,card_not_present_fraud,confirmed_fraud,101.33
CC-4986,card_not_present_fraud,confirmed_fraud,27.12
CC-4987,card_not_present_new_device,confirmed_fraud,17.43
CC-4988,none,cleared,0.0
CC-4989,account_takeover,confirmed_fraud,884.05
CC-4990,account_takeover,confirmed_fraud,116.13
CC-4991,card_not_present_fraud,confirmed_fraud,58.06
CC-4992,card_not_present_new_device,confirmed_fraud,549.47
CC-4993,card_not_present_fraud,confirmed_fraud,399.99
CC-4994,card_not_present_fraud,confirmed_fraud,22.2
CC-4995,out_of_region_use,confirmed_fraud,116.99
CC-4996,out_of_region_use,confirmed_fraud,1394.09
CC-4997,out_of_region_use,confirmed_fraud,48.94
CC-4998,out_of_region_use,confirmed_fraud,640.86
CC-4999,account_takeover,confirmed_fraud,277.0
CC-5000,account_takeover,confirmed_fraud,729.94
CC-5001,none,cleared,0.0
CC-5002,account_takeover,confirmed_fraud,112.94
CC-5003,card_not_present_fraud,confirmed_fraud,300.02
CC-5004,out_of_region_use,confirmed_fraud,136.12
CC-5005,card_not_present_new_device,confirmed_fraud,8.2
CC-5006,none,cleared,0.0
CC-5007,account_takeover,confirmed_fraud,1443.01
CC-5008,none,cleared,0.0
CC-5009,account_takeover,confirmed_fraud,1459.93
CC-5010,card_not_present_new_device,confirmed_fraud,629.26
CC-5011,none,cleared,0.0
CC-5012,card_not_present_fraud,confirmed_fraud,30.94
CC-5013,account_takeover,confirmed_fraud,170.93
CC-5014,none,cleared,0.0
CC-5015,card_not_present_new_device,confirmed_fraud,131.19
CC-5016,card_not_present_fraud,confirmed_fraud,255.28
CC-5017,out_of_region_use,confirmed_fraud,146.01
CC-5018,none,cleared,0.0
CC-5019,out_of_region_use,confirmed_fraud,156.09
CC-5020,out_of_region_use,confirmed_fraud,424.93
CC-5021,card_not_present_fraud,confirmed_fraud,2499.98
CC-5022,card_not_present_fraud,confirmed_fraud,375.04
CC-5023,account_takeover,confirmed_fraud,350.77
CC-5024,account_takeover,confirmed_fraud,663.99
CC-5025,card_not_present_new_device,confirmed_fraud,450.1
CC-5026,out_of_region_use,confirmed_fraud,309.86
CC-5027,card_not_present_fraud,confirmed_fraud,42.26
CC-5028,out_of_region_use,confirmed_fraud,374.93
CC-5029,card_not_present_new_device,confirmed_fraud,407.71
CC-5030,account_takeover,confirmed_fraud,440.94
CC-5031,card_not_present_fraud,confirmed_fraud,31.71
CC-5032,out_of_region_use,confirmed_fraud,459.2
CC-5033,card_not_present_fraud,confirmed_fraud,31.86
CC-5034,account_takeover,confirmed_fraud,25.9
CC-5035,none,cleared,0.0
CC-5036,card_not_present_fraud,confirmed_fraud,400.04
CC-5037,card_not_present_new_device,confirmed_fraud,149.91
CC-5038,card_not_present_fraud,confirmed_fraud,16.06
CC-5039,account_takeover,confirmed_fraud,225.97
CC-5040,card_not_present_fraud,confirmed_fraud,110.12
CC-5041,account_takeover,confirmed_fraud,279.95
CC-5042,card_not_present_fraud,confirmed_fraud,11.21
CC-5043,none,cleared,0.0
CC-5044,card_not_present_fraud,confirmed_fraud,270.12
CC-5045,card_not_present_fraud,confirmed_fraud,31.74
CC-5046,out_of_region_use,confirmed_fraud,4622.99
CC-5047,none,cleared,0.0
CC-5048,card_not_present_fraud,confirmed_fraud,1000.04
CC-5049,account_takeover,confirmed_fraud,1835.06
CC-5050,card_not_present_new_device,confirmed_fraud,287.88
CC-5051,out_of_region_use,confirmed_fraud,44.5
CC-5052,out_of_region_use,confirmed_fraud,96.98
CC-5053,card_not_present_fraud,confirmed_fraud,424.86
CC-5054,account_takeover,confirmed_fraud,3604.93
CC-5055,out_of_region_use,confirmed_fraud,553.98
CC-5056,out_of_region_use,confirmed_fraud,311.88
CC-5057,card_not_present_new_device,confirmed_fraud,156.55
CC-5058,card_not_present_fraud,confirmed_fraud,349.93
CC-5059,out_of_region_use,confirmed_fraud,669.93
CC-5060,account_takeover,confirmed_fraud,3043.92
CC-5061,out_of_region_use,confirmed_fraud,3775.96
CC-5062,none,cleared,0.0
CC-5063,out_of_region_use,confirmed_fraud,171.01
CC-5064,card_not_present_new_device,confirmed_fraud,41.03
CC-5065,card_not_present_fraud,confirmed_fraud,299.98
CC-5066,account_takeover,confirmed_fraud,171.08
CC-5067,account_takeover,confirmed_fraud,286.98
CC-5068,card_not_present_fraud,confirmed_fraud,600.08
CC-5069,account_takeover,confirmed_fraud,209.87
CC-5070,card_not_present_fraud,confirmed_fraud,199.85
CC-5071,account_takeover,confirmed_fraud,349.02
CC-5072,out_of_region_use,confirmed_fraud,117.09
CC-5073,card_not_present_fraud,confirmed_fraud,31.8
CC-5074,out_of_region_use,confirmed_fraud,59.0
CC-5075,card_not_present_new_device,confirmed_fraud,71.89
CC-5076,out_of_region_use,confirmed_fraud,117.06
CC-5077,none,cleared,0.0
CC-5078,none,cleared,0.0
CC-5079,card_not_present_fraud,confirmed_fraud,120.49
CC-5080,card_not_present_fraud,confirmed_fraud,27.22
CC-5081,card_not_present_new_device,confirmed_fraud,50.01
CC-5082,out_of_region_use,confirmed_fraud,4420.11
CC-5083,out_of_region_use,confirmed_fraud,570.07
CC-5084,card_not_present_fraud,confirmed_fraud,599.91
CC-5085,card_not_present_new_device,confirmed_fraud,243.84
CC-5086,account_takeover,confirmed_fraud,193.93
CC-5087,out_of_region_use,confirmed_fraud,171.01
CC-5088,card_not_present_fraud,confirmed_fraud,106.51
CC-5089,account_takeover,confirmed_fraud,83.01
CC-5090,out_of_region_use,confirmed_fraud,155.25
CC-5091,out_of_region_use,confirmed_fraud,445.07
CC-5092,out_of_region_use,confirmed_fraud,215.07
CC-5093,card_not_present_fraud,confirmed_fraud,136.94
CC-5094,card_not_present_new_device,confirmed_fraud,767.91
CC-5095,none,cleared,0.0
CC-5096,card_not_present_fraud,confirmed_fraud,50.08
CC-5097,account_takeover,confirmed_fraud,159.9
CC-5098,card_not_present_fraud,confirmed_fraud,500.04
CC-5099,card_not_present_fraud,confirmed_fraud,106.55
CC-5100,out_of_region_use,confirmed_fraud,213.46
CC-5101,out_of_region_use,confirmed_fraud,226.01
CC-5102,card_not_present_new_device,confirmed_fraud,34.39
CC-5103,out_of_region_use,confirmed_fraud,226.02
CC-5104,card_not_present_fraud,confirmed_fraud,1.36
CC-5105,card_not_present_new_device,confirmed_fraud,35.06
CC-5106,card_not_present_new_device,confirmed_fraud,35.95
CC-5107,account_takeover,confirmed_fraud,267.79
CC-5108,out_of_region_use,confirmed_fraud,116.97
CC-5109,card_not_present_new_device,confirmed_fraud,188.29
CC-5110,card_not_present_new_device,confirmed_fraud,37.82
CC-5111,card_not_present_new_device,confirmed_fraud,49.92
CC-5112,account_takeover,confirmed_fraud,1770.07
CC-5113,account_takeover,confirmed_fraud,97.04
CC-5114,none,cleared,0.0
CC-5115,account_takeover,confirmed_fraud,1247.23
CC-5116,card_not_present_new_device,confirmed_fraud,1109.93
CC-5117,card_not_present_fraud,confirmed_fraud,99.94
CC-5118,card_not_present_new_device,confirmed_fraud,170.04
CC-5119,out_of_region_use,confirmed_fraud,3331.75
CC-5120,account_takeover,confirmed_fraud,2650.82
CC-5121,card_not_present_new_device,confirmed_fraud,615.33
CC-5122,card_not_present_new_device,confirmed_fraud,321.36
CC-5123,card_not_present_fraud,confirmed_fraud,132.04
CC-5124,card_not_present_new_device,confirmed_fraud,1974.91
CC-5125,card_not_present_fraud,confirmed_fraud,8.48
CC-5126,out_of_region_use,confirmed_fraud,91.99
CC-5127,out_of_region_use,confirmed_fraud,33.89
CC-5128,card_not_present_new_device,confirmed_fraud,115.15
CC-5129,none,cleared,0.0
CC-5130,card_not_present_fraud,confirmed_fraud,85.07
CC-5131,account_takeover,confirmed_fraud,29.02
CC-5132,none,cleared,0.0
CC-5133,out_of_region_use,confirmed_fraud,57.88
CC-5134,none,cleared,0.0
CC-5135,account_takeover,confirmed_fraud,284.17
CC-5136,account_takeover,confirmed_fraud,4445.98
CC-5137,none,cleared,0.0
CC-5138,account_takeover,confirmed_fraud,485.07
CC-5139,out_of_region_use,confirmed_fraud,3096.07
CC-5140,card_not_present_new_device,confirmed_fraud,385.8
CC-5141,account_takeover,confirmed_fraud,724.93
CC-5142,none,cleared,0.0
CC-5143,card_not_present_fraud,confirmed_fraud,110.26
CC-5144,card_not_present_new_device,confirmed_fraud,98.06
CC-5145,out_of_region_use,confirmed_fraud,7410.04
CC-5146,card_not_present_new_device,confirmed_fraud,34.63
CC-5147,card_not_present_fraud,confirmed_fraud,999.91
CC-5148,out_of_region_use,confirmed_fraud,53.96
CC-5149,out_of_region_use,confirmed_fraud,225.95
CC-5150,out_of_region_use,confirmed_fraud,425.04
CC-5151,account_takeover,confirmed_fraud,20.92
CC-5152,out_of_region_use,confirmed_fraud,82.91
CC-5153,out_of_region_use,confirmed_fraud,141.04
CC-5154,out_of_region_use,confirmed_fraud,950.86
CC-5155,account_takeover,confirmed_fraud,3003.98
CC-5156,account_takeover,confirmed_fraud,321.97
CC-5157,card_not_present_fraud,confirmed_fraud,367.29
CC-5158,account_takeover,confirmed_fraud,2224.92
CC-5159,out_of_region_use,confirmed_fraud,34.03
CC-5160,out_of_region_use,confirmed_fraud,1165.09
CC-5161,card_not_present_new_device,confirmed_fraud,300.03
CC-5162,none,cleared,0.0
CC-5163,account_takeover,confirmed_fraud,189.88
CC-5164,none,cleared,0.0
CC-5165,card_not_present_fraud,confirmed_fraud,100.03
CC-5166,card_not_present_fraud,confirmed_fraud,200.0
CC-5167,none,cleared,0.0
CC-5168,card_not_present_fraud,confirmed_fraud,170.09
CC-5169,account_takeover,confirmed_fraud,785.91
CC-5170,account_takeover,confirmed_fraud,884.02
CC-5171,card_not_present_fraud,confirmed_fraud,33.42
CC-5172,card_not_present_fraud,confirmed_fraud,250.01
CC-5173,out_of_region_use,confirmed_fraud,1434.08
CC-5174,card_not_present_fraud,confirmed_fraud,199.91
CC-5175,none,cleared,0.0
CC-5176,card_not_present_fraud,confirmed_fraud,64.03
CC-5177,out_of_region_use,confirmed_fraud,2205.93
CC-5178,account_takeover,confirmed_fraud,57.98
CC-5179,card_not_present_fraud,confirmed_fraud,10.47
CC-5180,out_of_region_use,confirmed_fraud,35.98
CC-5181,card_not_present_new_device,confirmed_fraud,100.0
CC-5182,card_not_present_new_device,confirmed_fraud,36.63
CC-5183,account_takeover,confirmed_fraud,102.95
CC-5184,out_of_region_use,confirmed_fraud,425.0
CC-5185,card_not_present_new_device,confirmed_fraud,354.71
CC-5186,card_not_present_new_device,confirmed_fraud,14.91
CC-5187,card_testing,confirmed_fraud,846.62
CC-5188,card_not_present_fraud,confirmed_fraud,110.28
CC-5189,card_not_present_new_device,confirmed_fraud,150.02
CC-5190,out_of_region_use,confirmed_fraud,1534.04
CC-5191,card_not_present_new_device,confirmed_fraud,199.93
CC-5192,out_of_region_use,confirmed_fraud,1482.88
CC-5193,none,cleared,0.0
CC-5194,card_not_present_new_device,confirmed_fraud,300.04
CC-5195,out_of_region_use,confirmed_fraud,811.92
CC-5196,card_not_present_fraud,confirmed_fraud,110.25
CC-5197,card_not_present_new_device,confirmed_fraud,67.19
CC-5198,card_not_present_fraud,confirmed_fraud,32.83
CC-5199,out_of_region_use,confirmed_fraud,423.79
CC-5200,none,cleared,0.0
CC-5201,account_takeover,confirmed_fraud,108.02
CC-5202,card_not_present_fraud,confirmed_fraud,292.48
CC-5203,none,cleared,0.0
CC-5204,account_takeover,confirmed_fraud,452.17
CC-5205,out_of_region_use,confirmed_fraud,54.53
CC-5206,account_takeover,confirmed_fraud,475.07
CC-5207,account_takeover,confirmed_fraud,1072.11
CC-5208,card_not_present_fraud,confirmed_fraud,13.57
CC-5209,card_not_present_fraud,confirmed_fraud,266.13
CC-5210,card_not_present_fraud,confirmed_fraud,77.19
CC-5211,out_of_region_use,confirmed_fraud,445.01
CC-5212,out_of_region_use,confirmed_fraud,260.05
CC-5213,out_of_region_use,confirmed_fraud,130.94
CC-5214,card_not_present_fraud,confirmed_fraud,99.95
CC-5215,card_not_present_fraud,confirmed_fraud,115.65
CC-5216,account_takeover,confirmed_fraud,185.53
CC-5217,card_not_present_new_device,confirmed_fraud,450.14
CC-5218,account_takeover,confirmed_fraud,2532.86
CC-5219,card_not_present_new_device,confirmed_fraud,300.17
CC-5220,out_of_region_use,confirmed_fraud,76.99
CC-5221,card_not_present_new_device,confirmed_fraud,150.05
CC-5222,out_of_region_use,confirmed_fraud,19692.61
CC-5223,account_takeover,confirmed_fraud,1662.81
CC-5224,none,cleared,0.0
CC-5225,account_takeover,confirmed_fraud,107.9
CC-5226,card_not_present_new_device,confirmed_fraud,214.42
CC-5227,none,cleared,0.0
CC-5228,card_not_present_fraud,confirmed_fraud,199.92
CC-5229,card_not_present_fraud,confirmed_fraud,199.93
CC-5230,account_takeover,confirmed_fraud,252.4
CC-5231,card_not_present_new_device,confirmed_fraud,199.94
CC-5232,none,cleared,0.0
CC-5233,account_takeover,confirmed_fraud,5234.98
CC-5234,none,cleared,0.0
CC-5235,card_not_present_new_device,confirmed_fraud,15.66
CC-5236,none,cleared,0.0
CC-5237,card_not_present_fraud,confirmed_fraud,33.44
CC-5238,card_not_present_fraud,confirmed_fraud,54.99
CC-5239,card_not_present_new_device,confirmed_fraud,137.08
CC-5240,card_not_present_new_device,confirmed_fraud,199.96
CC-5241,account_takeover,confirmed_fraud,236.19
CC-5242,card_not_present_fraud,confirmed_fraud,127.73
CC-5243,account_takeover,confirmed_fraud,57.96
CC-5244,account_takeover,confirmed_fraud,318.11
CC-5245,account_takeover,confirmed_fraud,97.02
CC-5246,out_of_region_use,confirmed_fraud,1428.42
CC-5247,out_of_region_use,confirmed_fraud,98.15
CC-5248,account_takeover,confirmed_fraud,1771.09
CC-5249,none,cleared,0.0
CC-5250,account_takeover,confirmed_fraud,267.51
CC-5251,card_not_present_fraud,confirmed_fraud,10.33
CC-5252,none,cleared,0.0
CC-5253,out_of_region_use,confirmed_fraud,211.99
CC-5254,none,cleared,0.0
CC-5255,card_not_present_fraud,confirmed_fraud,8.44
CC-5256,account_takeover,confirmed_fraud,226.06
CC-5257,account_takeover,confirmed_fraud,21.04
CC-5258,out_of_region_use,confirmed_fraud,554.07
CC-5259,none,cleared,0.0
CC-5260,out_of_region_use,confirmed_fraud,48.93
CC-5261,account_takeover,confirmed_fraud,84.94
CC-5262,none,cleared,0.0
CC-5263,card_not_present_new_device,confirmed_fraud,75.0
CC-5264,card_not_present_new_device,confirmed_fraud,50.08
CC-5265,card_not_present_fraud,confirmed_fraud,10.92
CC-5266,card_not_present_new_device,confirmed_fraud,312.54
CC-5267,card_not_present_new_device,confirmed_fraud,32.14
CC-5268,card_not_present_fraud,confirmed_fraud,150.07
CC-5269,out_of_region_use,confirmed_fraud,836.99
CC-5270,account_takeover,confirmed_fraud,161.09
CC-5271,account_takeover,confirmed_fraud,91.98
CC-5272,card_not_present_fraud,confirmed_fraud,172.11
CC-5273,card_not_present_fraud,confirmed_fraud,138.22
CC-5274,card_not_present_fraud,confirmed_fraud,48.33
CC-5275,card_not_present_fraud,confirmed_fraud,134.97
CC-5276,card_not_present_fraud,confirmed_fraud,25.68
CC-5277,card_not_present_new_device,confirmed_fraud,57.09
CC-5278,card_not_present_fraud,confirmed_fraud,20.82
CC-5279,account_takeover,confirmed_fraud,75.92
CC-5280,account_takeover,confirmed_fraud,313.06
CC-5281,out_of_region_use,confirmed_fraud,141.02
CC-5282,card_not_present_fraud,confirmed_fraud,179.86
CC-5283,account_takeover,confirmed_fraud,169.91
CC-5284,account_takeover,confirmed_fraud,108.57
CC-5285,card_not_present_new_device,confirmed_fraud,321.69
CC-5286,card_not_present_fraud,confirmed_fraud,109.41
CC-5287,out_of_region_use,confirmed_fraud,1103.92
CC-5288,card_not_present_new_device,confirmed_fraud,25.96
CC-5289,none,cleared,0.0
CC-5290,none,cleared,0.0
CC-5291,out_of_region_use,confirmed_fraud,15930.81
CC-5292,none,cleared,0.0
CC-5293,account_takeover,confirmed_fraud,110.97
CC-5294,card_not_present_new_device,confirmed_fraud,51.55
CC-5295,card_not_present_fraud,confirmed_fraud,174.9
CC-5296,none,cleared,0.0
CC-5297,account_takeover,confirmed_fraud,146.99
CC-5298,account_takeover,confirmed_fraud,225.97
CC-5299,none,cleared,0.0
CC-5300,card_not_present_new_device,confirmed_fraud,275.87
CC-5301,account_takeover,confirmed_fraud,1974.85
CC-5302,card_not_present_fraud,confirmed_fraud,41.68
CC-5303,account_takeover,confirmed_fraud,57.97
CC-5304,card_not_present_new_device,confirmed_fraud,98.14
CC-5305,out_of_region_use,confirmed_fraud,833.92
CC-5306,card_not_present_fraud,confirmed_fraud,44.09
CC-5307,card_not_present_fraud,confirmed_fraud,16.92
CC-5308,none,cleared,0.0
CC-5309,card_not_present_fraud,confirmed_fraud,149.96
CC-5310,card_not_present_new_device,confirmed_fraud,79.19
CC-5311,card_not_present_new_device,confirmed_fraud,978.72
CC-5312,card_not_present_fraud,confirmed_fraud,50.04
CC-5313,account_takeover,confirmed_fraud,468.03
CC-5314,account_takeover,confirmed_fraud,309.97
CC-5315,card_not_present_fraud,confirmed_fraud,99.99
CC-5316,out_of_region_use,confirmed_fraud,17.91
CC-5317,account_takeover,confirmed_fraud,184.06
CC-5318,card_not_present_fraud,confirmed_fraud,130.59
CC-5319,account_takeover,confirmed_fraud,30.97
CC-5320,account_takeover,confirmed_fraud,97.91
CC-5321,card_not_present_new_device,confirmed_fraud,73.62
CC-5322,card_not_present_new_device,confirmed_fraud,22.37
CC-5323,out_of_region_use,confirmed_fraud,178.92
CC-5324,none,cleared,0.0
CC-5325,card_not_present_fraud,confirmed_fraud,150.06
CC-5326,out_of_region_use,confirmed_fraud,33.92
CC-5327,card_not_present_new_device,confirmed_fraud,250.0
CC-5328,card_not_present_new_device,confirmed_fraud,203.2
CC-5329,card_not_present_fraud,confirmed_fraud,149.95
CC-5330,account_takeover,confirmed_fraud,342.97
CC-5331,none,cleared,0.0
CC-5332,card_not_present_fraud,confirmed_fraud,16.44
CC-5333,card_not_present_new_device,confirmed_fraud,729.92
CC-5334,out_of_region_use,confirmed_fraud,554.06
CC-5335,out_of_region_use,confirmed_fraud,3467.07
CC-5336,card_not_present_fraud,confirmed_fraud,75.08
CC-5337,card_not_present_fraud,confirmed_fraud,149.94
CC-5338,out_of_region_use,confirmed_fraud,160.46
CC-5339,card_not_present_new_device,confirmed_fraud,3047.13
CC-5340,card_not_present_fraud,confirmed_fraud,133.3
CC-5341,card_not_present_fraud,confirmed_fraud,160.42
CC-5342,account_takeover,confirmed_fraud,209.87
CC-5343,account_takeover,confirmed_fraud,918.57
CC-5344,card_not_present_fraud,confirmed_fraud,200.05
CC-5345,card_not_present_new_device,confirmed_fraud,474.99
CC-5346,account_takeover,confirmed_fraud,376.92
CC-5347,card_not_present_fraud,confirmed_fraud,158.56
CC-5348,out_of_region_use,confirmed_fraud,4802.9
CC-5349,account_takeover,confirmed_fraud,25.92
CC-5350,card_not_present_fraud,confirmed_fraud,10.93
CC-5351,out_of_region_use,confirmed_fraud,9283.34
CC-5352,card_not_present_new_device,confirmed_fraud,139.06
CC-5353,out_of_region_use,confirmed_fraud,276.94
CC-5354,account_takeover,confirmed_fraud,1700.92
CC-5355,out_of_region_use,confirmed_fraud,280.02
CC-5356,account_takeover,confirmed_fraud,100.06
CC-5357,card_not_present_fraud,confirmed_fraud,108.69
CC-5358,card_not_present_fraud,confirmed_fraud,225.14
CC-5359,card_not_present_fraud,confirmed_fraud,156.76
CC-5360,out_of_region_use,confirmed_fraud,113.92
CC-5361,out_of_region_use,confirmed_fraud,2121.07
CC-5362,account_takeover,confirmed_fraud,22.86
CC-5363,account_takeover,confirmed_fraud,2775.62
CC-5364,out_of_region_use,confirmed_fraud,226.03
CC-5365,card_not_present_fraud,confirmed_fraud,199.92
CC-5366,card_not_present_fraud,confirmed_fraud,110.2
CC-5367,out_of_region_use,confirmed_fraud,117.02
CC-5368,none,cleared,0.0
CC-5369,card_not_present_fraud,confirmed_fraud,451.31
CC-5370,card_not_present_new_device,confirmed_fraud,838.19
CC-5371,none,cleared,0.0
CC-5372,card_not_present_fraud,confirmed_fraud,250.05
CC-5373,account_takeover,confirmed_fraud,488.06
CC-5374,card_not_present_fraud,confirmed_fraud,108.75
CC-5375,card_not_present_fraud,confirmed_fraud,108.83
CC-5376,none,cleared,0.0
CC-5377,card_not_present_new_device,confirmed_fraud,199.99
CC-5378,card_not_present_new_device,confirmed_fraud,37.52
CC-5379,out_of_region_use,confirmed_fraud,205.92
CC-5380,card_not_present_new_device,confirmed_fraud,54.31
CC-5381,card_not_present_fraud,confirmed_fraud,14.97
CC-5382,card_not_present_fraud,confirmed_fraud,265.11
CC-5383,out_of_region_use,confirmed_fraud,445.03
CC-5384,account_takeover,confirmed_fraud,427.99
CC-5385,card_not_present_fraud,confirmed_fraud,399.07
CC-5386,account_takeover,confirmed_fraud,345.02
CC-5387,out_of_region_use,confirmed_fraud,261.17
CC-5388,card_not_present_new_device,confirmed_fraud,921.14
CC-5389,out_of_region_use,confirmed_fraud,59.05
CC-5390,out_of_region_use,confirmed_fraud,1103.99
CC-5391,account_takeover,confirmed_fraud,302.14
CC-5392,account_takeover,confirmed_fraud,92.06
CC-5393,card_not_present_fraud,confirmed_fraud,12.24
CC-5394,card_not_present_fraud,confirmed_fraud,150.08
CC-5395,card_not_present_new_device,confirmed_fraud,200.08
CC-5396,account_takeover,confirmed_fraud,661.7
CC-5397,account_takeover,confirmed_fraud,884.05
CC-5398,out_of_region_use,confirmed_fraud,993.96
CC-5399,card_not_present_fraud,confirmed_fraud,42.29
CC-5400,card_not_present_fraud,confirmed_fraud,169.59
CC-5401,none,cleared,0.0
CC-5402,out_of_region_use,confirmed_fraud,170.02
CC-5403,card_not_present_fraud,confirmed_fraud,84.77
CC-5404,card_not_present_new_device,confirmed_fraud,63.25
CC-5405,card_not_present_new_device,confirmed_fraud,674.86
CC-5406,card_not_present_fraud,confirmed_fraud,15.75
CC-5407,account_takeover,confirmed_fraud,53.96
CC-5408,card_not_present_fraud,confirmed_fraud,149.93
CC-5409,card_not_present_new_device,confirmed_fraud,25.02
CC-5410,card_not_present_new_device,confirmed_fraud,1300.04
CC-5411,none,cleared,0.0
CC-5412,out_of_region_use,confirmed_fraud,444.94
CC-5413,none,cleared,0.0
CC-5414,card_not_present_fraud,confirmed_fraud,109.92
CC-5415,card_not_present_fraud,confirmed_fraud,69.51
CC-5416,card_not_present_new_device,confirmed_fraud,17.21
CC-5417,card_not_present_fraud,confirmed_fraud,126.18
CC-5418,out_of_region_use,confirmed_fraud,664.91
CC-5419,card_not_present_new_device,confirmed_fraud,600.04
CC-5420,account_takeover,confirmed_fraud,59.0
CC-5421,card_not_present_fraud,confirmed_fraud,381.22
CC-5422,card_not_present_fraud,confirmed_fraud,13.2
CC-5423,account_takeover,confirmed_fraud,1323.41
CC-5424,out_of_region_use,confirmed_fraud,24.0
CC-5425,out_of_region_use,confirmed_fraud,32.0
CC-5426,account_takeover,confirmed_fraud,193.98
CC-5427,out_of_region_use,confirmed_fraud,48.99
CC-5428,card_not_present_new_device,confirmed_fraud,150.05
CC-5429,out_of_region_use,confirmed_fraud,390.05
CC-5430,account_takeover,confirmed_fraud,1090.33
CC-5431,account_takeover,confirmed_fraud,4436.92
CC-5432,card_not_present_fraud,confirmed_fraud,76.81
CC-5433,account_takeover,confirmed_fraud,116.91
CC-5434,card_not_present_new_device,confirmed_fraud,677.57
CC-5435,out_of_region_use,confirmed_fraud,58.99
CC-5436,out_of_region_use,confirmed_fraud,226.04
CC-5437,out_of_region_use,confirmed_fraud,334.94
CC-5438,out_of_region_use,confirmed_fraud,24.98
CC-5439,card_not_present_fraud,confirmed_fraud,139.17
CC-5440,card_not_present_fraud,confirmed_fraud,74.98
CC-5441,out_of_region_use,confirmed_fraud,2698.02
CC-5442,out_of_region_use,confirmed_fraud,1269.02
CC-5443,out_of_region_use,confirmed_fraud,326.98
CC-5444,card_not_present_fraud,confirmed_fraud,75.53
CC-5445,account_takeover,confirmed_fraud,520.9
CC-5446,card_not_present_new_device,confirmed_fraud,299.95
CC-5447,card_not_present_new_device,confirmed_fraud,141.43
CC-5448,none,cleared,0.0
CC-5449,card_not_present_new_device,confirmed_fraud,249.93
CC-5450,out_of_region_use,confirmed_fraud,605.83
CC-5451,card_not_present_fraud,confirmed_fraud,34.7
CC-5452,card_not_present_fraud,confirmed_fraud,127.13
CC-5453,out_of_region_use,confirmed_fraud,2541.84
CC-5454,account_takeover,confirmed_fraud,160.02
CC-5455,card_not_present_new_device,confirmed_fraud,100.14
CC-5456,card_not_present_fraud,confirmed_fraud,13.21
CC-5457,card_not_present_fraud,confirmed_fraud,55.38
CC-5458,none,cleared,0.0
CC-5459,none,cleared,0.0
CC-5460,card_not_present_new_device,confirmed_fraud,249.91
CC-5461,card_not_present_fraud,confirmed_fraud,356.32
CC-5462,none,cleared,0.0
CC-5463,none,cleared,0.0
CC-5464,card_not_present_new_device,confirmed_fraud,400.03
CC-5465,out_of_region_use,confirmed_fraud,108.99
CC-5466,out_of_region_use,confirmed_fraud,695.0
CC-5467,account_takeover,confirmed_fraud,106.97
CC-5468,none,cleared,0.0
CC-5469,account_takeover,confirmed_fraud,449.07
CC-5470,card_not_present_fraud,confirmed_fraud,349.92
CC-5471,card_not_present_fraud,confirmed_fraud,84.85
CC-5472,account_takeover,confirmed_fraud,469.86
CC-5473,out_of_region_use,confirmed_fraud,184.86
CC-5474,card_not_present_fraud,confirmed_fraud,140.32
CC-5475,account_takeover,confirmed_fraud,2228.01
CC-5476,account_takeover,confirmed_fraud,834.95
CC-5477,out_of_region_use,confirmed_fraud,116.03
CC-5478,out_of_region_use,confirmed_fraud,447.03
CC-5479,out_of_region_use,confirmed_fraud,97.01
CC-5480,card_not_present_fraud,confirmed_fraud,499.98
CC-5481,card_not_present_new_device,confirmed_fraud,549.81
CC-5482,card_not_present_new_device,confirmed_fraud,73.71
CC-5483,out_of_region_use,confirmed_fraud,76.97
CC-5484,card_not_present_fraud,confirmed_fraud,292.94
CC-5485,card_not_present_new_device,confirmed_fraud,199.94
CC-5486,out_of_region_use,confirmed_fraud,170.95
CC-5487,card_not_present_fraud,confirmed_fraud,127.25
CC-5488,out_of_region_use,confirmed_fraud,48.94
CC-5489,out_of_region_use,confirmed_fraud,468.91
CC-5490,out_of_region_use,confirmed_fraud,4583.49
CC-5491,card_not_present_fraud,confirmed_fraud,42.25
CC-5492,none,cleared,0.0
CC-5493,card_not_present_fraud,confirmed_fraud,102.77
CC-5494,account_takeover,confirmed_fraud,38.95
CC-5495,account_takeover,confirmed_fraud,317.83
CC-5496,account_takeover,confirmed_fraud,553.93
CC-5497,card_not_present_fraud,confirmed_fraud,84.76
CC-5498,out_of_region_use,confirmed_fraud,201.05
CC-5499,card_not_present_fraud,confirmed_fraud,127.09
CC-5500,account_takeover,confirmed_fraud,107.89
CC-5501,card_not_present_fraud,confirmed_fraud,8.25
CC-5502,out_of_region_use,confirmed_fraud,1489.05
CC-5503,out_of_region_use,confirmed_fraud,146.09
CC-5504,none,cleared,0.0
CC-5505,account_takeover,confirmed_fraud,1165.61
CC-5506,card_not_present_fraud,confirmed_fraud,49.95
CC-5507,account_takeover,confirmed_fraud,116.91
CC-5508,card_not_present_new_device,confirmed_fraud,109.99
CC-5509,account_takeover,confirmed_fraud,262.03
CC-5510,out_of_region_use,confirmed_fraud,227.07
CC-5511,card_not_present_fraud,confirmed_fraud,128.4
CC-5512,card_not_present_fraud,confirmed_fraud,100.01
CC-5513,card_not_present_fraud,confirmed_fraud,56.07
CC-5514,account_takeover,confirmed_fraud,97.09
CC-5515,card_not_present_new_device,confirmed_fraud,135.58
CC-5516,out_of_region_use,confirmed_fraud,141.95
CC-5517,card_not_present_fraud,confirmed_fraud,139.83
CC-5518,card_not_present_new_device,confirmed_fraud,99.97
CC-5519,card_not_present_fraud,confirmed_fraud,107.39
CC-5520,card_not_present_new_device,confirmed_fraud,11.75
CC-5521,account_takeover,confirmed_fraud,730.52
CC-5522,account_takeover,confirmed_fraud,108.53
CC-5523,out_of_region_use,confirmed_fraud,161.01
CC-5524,card_not_present_fraud,confirmed_fraud,84.76
CC-5525,none,cleared,0.0
CC-5526,card_not_present_fraud,confirmed_fraud,127.59
CC-5527,card_not_present_new_device,confirmed_fraud,150.05
CC-5528,card_not_present_new_device,confirmed_fraud,60.08
CC-5529,card_not_present_fraud,confirmed_fraud,160.71
CC-5530,account_takeover,confirmed_fraud,359.99
CC-5531,card_not_present_fraud,confirmed_fraud,17.11
CC-5532,out_of_region_use,confirmed_fraud,445.0
CC-5533,card_not_present_fraud,confirmed_fraud,149.99
CC-5534,out_of_region_use,confirmed_fraud,323.49
CC-5535,card_not_present_fraud,confirmed_fraud,16.83
CC-5536,card_not_present_fraud,confirmed_fraud,109.39
CC-5537,none,cleared,0.0
CC-5538,card_not_present_new_device,confirmed_fraud,174.92
CC-5539,card_not_present_new_device,confirmed_fraud,747.49
CC-5540,card_not_present_fraud,confirmed_fraud,84.85
CC-5541,card_not_present_new_device,confirmed_fraud,583.76
CC-5542,card_not_present_fraud,confirmed_fraud,73.98
CC-5543,out_of_region_use,confirmed_fraud,167.97
CC-5544,out_of_region_use,confirmed_fraud,1104.05
CC-5545,out_of_region_use,confirmed_fraud,2214.01
CC-5546,card_not_present_fraud,confirmed_fraud,16.95
CC-5547,out_of_region_use,confirmed_fraud,431.84
CC-5548,card_not_present_fraud,confirmed_fraud,150.08
CC-5549,card_not_present_fraud,confirmed_fraud,40.45
CC-5550,card_not_present_fraud,confirmed_fraud,349.97
CC-5551,card_not_present_fraud,confirmed_fraud,127.16
CC-5552,card_not_present_fraud,confirmed_fraud,94.78
CC-5553,card_not_present_fraud,confirmed_fraud,191.94
CC-5554,account_takeover,confirmed_fraud,33.95
CC-5555,out_of_region_use,confirmed_fraud,445.09
CC-5556,card_not_present_new_device,confirmed_fraud,400.03
CC-5557,card_not_present_fraud,confirmed_fraud,300.08
CC-5558,card_not_present_fraud,confirmed_fraud,8.2
CC-5559,account_takeover,confirmed_fraud,384.86
CC-5560,out_of_region_use,confirmed_fraud,3727.1
CC-5561,out_of_region_use,confirmed_fraud,170.95
CC-5562,account_takeover,confirmed_fraud,2961.98
CC-5563,account_takeover,confirmed_fraud,1219.33
CC-5564,card_not_present_new_device,confirmed_fraud,16.69
CC-5565,out_of_region_use,confirmed_fraud,350.56
