id,profile
DEV-0005e6825b10,LG-X230 Build/MRA58K | chrome generic for android
DEV-000891f7fbc7,Hisense L675 Build/MRA58K | chrome 59.0 for android
DEV-00111bb0c6ac,iOS Device | iOS 11.3.0 | mobile safari generic | 2001x1125
DEV-00272083526d,Linux x86_64 | firefox
DEV-005e542ed071,SM-G570M Build/MMB29K | chrome 64.0 for android
DEV-00617008b69c,SM-N950U Build/NMF26X | chrome 65.0 for android
DEV-008723448370,STUDIO_G_HD | chrome 52.0 for android
DEV-009bcaf52a6b,HUAWEI TAG-L13 Build/HUAWEITAG-L13 | chrome 65.0 for android
DEV-00a299d9b9ce,LG-H840 Build/MMB29M | chrome 64.0 for android
DEV-00f344b1a257,MacOS | Mac OS X 10_11_5 | safari generic | 1920x1080
DEV-00f51892f2ac,SM-G530H Build/LRX22G | chrome
DEV-01142e81a5f7,F80 PIABELLA Build/MRA58K | chrome 63.0 for android
DEV-01410b9be56a,HUAWEI VNS-L53 Build/HUAWEIVNS-L53 | other
DEV-014b3c3e3eb1,NX16A8116KP | Android 7.1.1 | chrome 64.0 for android | 1280x800
DEV-016688d9e66f,SM-G925I Build/NRD90M | chrome generic for android
DEV-0193b3d84521,WAS-LX3 Build/HUAWEIWAS-LX3 | chrome generic for android
DEV-01c4d493e978,Windows | chrome 64.0
DEV-01dcba30dd23,Moto G (4) Build/NPJS25.93-14-15 | chrome 66.0 for android
DEV-01e48697a377,Moto G (4) Build/NPJS25.93-14-18 | chrome 66.0 for android
DEV-022938e1d18e,Trident/7.0 | Windows 8.1 | ie 11.0 for desktop | 1920x1080
DEV-022b3b2d7f90,MacOS | Mac OS X 10_12_6 | chrome 64.0 | 2560x1600
DEV-02306ebb4045,iOS Device | iOS 10.3.3 | mobile safari 10.0 | 1136x640
DEV-02311e27a080,LG-H870 Build/NRD90U | chrome 62.0 for android
DEV-0259f63bfdd1,GT-I9060M Build/KTU84P | chrome 59.0 for android
DEV-027ae7bd7f19,BLADE V8 Build/NRD90M | chrome 55.0 for android
DEV-02864b8dc41a,LG-H542 Build/MRA58K | chrome 63.0 for android
DEV-02c0130809d2,SAMSUNG SM-A310F Build/NRD90M | samsung browser 6.4
DEV-02c548b6c0dc,Windows | Windows 10 | chrome 63.0 | 1920x1080
DEV-02e3477921cf,Moto G (5) Build/NPP25.137-33 | chrome 66.0 for android
DEV-02e3c65bd581,iOS Device | iOS 11.2.2 | mobile safari generic | 2208x1242
DEV-02fcde859164,SM-J700M Build/LMY48B | chrome 63.0 for android
DEV-031b8e3e3b9d,Windows | edge 16.0
DEV-03ca70c43c1a,SM-G930T Build/NRD90M | android webview 4.0
DEV-0408b7884fa6,iOS Device | iOS 11.1.1 | mobile safari 11.0 | 1334x750
DEV-04091620d601,MotoG3-TE Build/MPDS24.65-33-1-30 | chrome 63.0 for android
DEV-042e20eddd99,rv:48.0 | Mac | firefox 48.0 | 1440x900
DEV-043321586900,rv:54.0 | firefox
DEV-043ac41b55e6,ALE-L23 Build/HuaweiALE-L23 | chrome 66.0 for android
DEV-04444c8bd89e,safari 11.0
DEV-04bd7ff6c42d,SM-J320M Build/LMY47V | chrome 59.0 for android
DEV-04c1e7f15d7c,WAS-LX3 Build/HUAWEIWAS-LX3 | chrome 65.0 for android
DEV-04c8faa85c23,LG-K580 Build/MRA58K | chrome 62.0 for android
DEV-04ca58dee3ef,SAMSUNG-SM-G890A Build/MMB29K | chrome 66.0 for android
DEV-054a1805ed17,SM-A530F Build/NMF26X | chrome generic for android
DEV-054ee040668e,Windows | Windows 10 | chrome 64.0 | 1600x900
DEV-05529bb1990a,Windows | Windows 10 | chrome 65.0 | 1366x768
DEV-05537e20e628,Moto E (4) Plus Build/NMA26.42-142 | chrome 66.0 for android
DEV-0555e2f98f35,XT1053 Build/LPAS23.12-21.7-1 | chrome 65.0 for android
DEV-0558ba47cd78,iOS Device | iOS 10.2.1 | mobile safari 10.0 | 2208x1242
DEV-05592ba981b2,SAMSUNG SM-G532M Build/MMB29T | samsung browser 6.2
DEV-05a8355beff5,SM-G530H Build/KTU84P | chrome generic
DEV-05cf81f74484,Mi A1 Build/N2G47H | chrome 63.0 for android
DEV-05d0b66e10a6,iOS Device | iOS 11.1.2 | mobile safari generic | 2208x1242
DEV-05e78768ed01,ALP-L09 Build/HUAWEIALP-L09 | chrome 65.0 for android
DEV-05ff62071b4f,MacOS | Mac | chrome 62.0 | 1920x1080
DEV-061d04f27019,SM-J105B Build/LMY47V | chrome 50.0 for android
DEV-06386f4a16d2,Moto G (5) Build/NPPS25.137-93-4 | chrome 65.0 for android
DEV-063ceea1ea37,iOS Device | iOS 11.0.2 | mobile safari generic | 1136x640
DEV-06485149d68b,SAMSUNG SM-J700M Build/MMB29K | samsung browser generic
DEV-064f0e03f4ca,Ilium X510 Build/MRA58K | chrome 65.0 for android
DEV-0667de43abd8,XT1063 Build/MPB24.65-34 | chrome 65.0 for android
DEV-06854cfdac40,CAM-L03 Build/HUAWEICAM-L03 | chrome 62.0 for android
DEV-06ca2cb4132d,SM-A500M Build/KTU84P | chrome 63.0 for android
DEV-06dbf5d943e0,LG-TP260 Build/NRD90U | Android 7.0 | chrome 61.0 for android | 1280x720
DEV-06e184aadd3b,Moto Z2 Play Build/NPSS26.118-19-14 | chrome 65.0 for android
DEV-06e814b14f63,rv:58.0 | firefox 58.0
DEV-06efc88addf1,Hisense F23 Build/NRD90M | chrome 62.0 for android
DEV-07913f3656c0,rv:57.0 | Mac OS X 10.10 | firefox 57.0 | 1280x800
DEV-0791799c85db,Windows | Windows 7 | chrome 63.0 | 1440x900
DEV-07a2bf7f9944,SM-G610M Build/MMB29K | chrome 64.0 for android
DEV-07c9ead0b22b,edge 15.0
DEV-07f6af06a1f1,MacOS | Mac OS X 10_13_2 | safari generic | 2560x1600
DEV-083513a073b7,SM-J700M Build/LMY48B | other
DEV-08394823f586,MacOS | Mac OS X 10_6_8 | chrome 49.0 | 1920x1080
DEV-08408478caac,MacOS | Mac OS X 10_13_1 | chrome 63.0 | 2880x1800
DEV-08428237c442,Windows | Windows 10 | chrome 63.0 | 1680x1050
DEV-085bd2985ab9,Linux x86_64 | firefox 58.0
DEV-08739864e6a0,SM-G900M Build/LRX21T | chrome 66.0 for android
DEV-08b8503a4c03,Linux | chrome 63.0
DEV-093a10a0edb5,SM-T820 Build/NRD90M | chrome 66.0 for android
DEV-0967230cfc13,SM-T560 Build/KTU84P | chrome 63.0 for android
DEV-0999988b7210,SM-A520F Build/NRD90M | chrome 62.0 for android
DEV-099d1915f2ea,HUAWEI CUN-L03 Build/HUAWEICUN-L03 | chrome 64.0 for android
DEV-09cb0310001f,SM-A520F Build/MMB29K | chrome 56.0 for android
DEV-09d25114cc9e,SM-G935F Build/NRD90M | chrome 65.0 for android
DEV-0a1f814f4913,Blade V6 Build/LRX22G | chrome 63.0 for android
DEV-0a7dc9278a19,SAMSUNG SM-T810 Build/NRD90M | samsung browser generic
DEV-0a933060e394,Lenovo PB1-750M Build/S100 | chrome 65.0 for android
DEV-0b35eeab6f66,Ilium L910 Build/MRA58K | chrome generic for android
DEV-0b631f82a59c,Linux | chrome 63.0 | 2560x1440
DEV-0b631fb6eb16,HTC One M9 Build/NRD90M | chrome 61.0 for android
DEV-0b7cbd0f7407,Moto C Plus Build/NRD90M.05.034 | chrome 58.0 for android
DEV-0b7ef47d5b4a,iOS Device | iOS 11.1.0 | mobile safari generic | 2208x1242
DEV-0b94252f187e,SM-J700M Build/MMB29K | chrome 60.0 for android
DEV-0be917a5f406,SM-T330NU Build/LMY47X | chrome 63.0 for android
DEV-0beec196c683,BLU STUDIO C 5+5 Build/LRX21M | chrome 64.0 for android
DEV-0bf10d4d0f67,SAMSUNG-SGH-I337 | chrome 63.0 for android
DEV-0bfbca1e3de5,SM-A310M Build/LMY47X | chrome 64.0 for android
DEV-0c02c86b558d,SM-G800M Build/KOT49H | chrome 63.0 for android
DEV-0c1ec7fd3825,SM-A720F Build/NRD90M | chrome 65.0 for android
DEV-0c2b4220cdd0,Windows | Windows 10 | chrome 64.0 | 1366x768
DEV-0c2f5f1830f4,Trident/7.0 | Windows 8.1 | ie 11.0 for desktop
DEV-0c5e5600074e,M4 SS4450 Build/MRA58K | chrome 52.0 for android
DEV-0ce87487b195,SM-J120H Build/LMY47V | chrome 59.0 for android
DEV-0cee16936ad0,LG-D693n Build/LRX22G | chrome 65.0 for android
DEV-0d038e9ad2b2,5054S Build/LMY47V | chrome 62.0 for android
DEV-0d0f5da3e8c6,Moto C Build/NRD90M.063 | chrome 62.0 for android
DEV-0d5b32ff6b7b,LG-K410 Build/LRX22G | chrome 63.0 for android
DEV-0d645ea588fc,4047G Build/NRD90M | chrome 64.0 for android
DEV-0d71b0e4c3e6,SAMSUNG SM-G920P Build/NRD90M | Android 7.0 | samsung browser 6.2 | 2560x1440
DEV-0d76ad4772af,BLADE V8 Build/NRD90M | chrome 58.0 for android
DEV-0d7cc7c8983d,SM-P550 Build/NMF26X | chrome 63.0 for android
DEV-0d93e6a9b4aa,CHC-U03 Build/HuaweiCHC-U03 | chrome 59.0 for android
DEV-0da84f240edd,F3313 Build/37.0.A.2.108 | chrome 63.0 for android
DEV-0ddb1d326547,SM-G928G Build/NRD90M | chrome 65.0 for android
DEV-0de11c46d9d6,moto x4 Build/NPW26.83-42 | chrome 63.0 for android
DEV-0e008b69a1d9,5010G Build/MRA58K | chrome 65.0 for android
DEV-0e0fc4f82636,LG-D693n Build/LRX22G | chrome 63.0 for android
DEV-0e268b8496c5,GRACE | chrome 65.0 for android
DEV-0e26a228faf3,Windows | chrome 55.0
DEV-0eb9bc1d264b,TA-1039 Build/NMF26F | chrome 63.0 for android
DEV-0ec59a67ecd3,firefox 57.0
DEV-0f1a332e9ebb,MacOS | Mac OS X 10_13_2 | chrome 63.0 | 2880x1800
DEV-0f1a702e7592,5012G Build/MRA58K | chrome 63.0 for android
DEV-0f412a5fb572,SM-G930F Build/NRD90M | chrome 62.0 for android
DEV-0f4f9ad8c069,VKY-L09 Build/HUAWEIVKY-L09 | chrome 63.0 for android
DEV-0f614d8ccd3c,SM-G935F Build/NRD90M | chrome 63.0 for android
DEV-0f6ee6f894b1,XT1635-02 Build/NPN26.118-22-2 | chrome 57.0 for android
DEV-0fb29f8fb1ac,iris702 | chrome 63.0 for android
DEV-0fd1b2e25d86,Ilium X520 Build/NRD90M | chrome 64.0 for android
DEV-0fde65dfcbe4,E5506 | chrome 65.0 for android
DEV-0ff1e86536c3,SM-T230 Build/KOT49H | chrome 64.0 for android
DEV-0ff347c4a5bf,Hisense | chrome 63.0 for android
DEV-0ff58805a623,MDDRJS | Windows 7 | ie 11.0 for desktop | 1024x768
DEV-10192bbefb16,Ilium L910 Build/MRA58K | chrome 65.0 for android
DEV-101fee004097,SM-G955F Build/R16NW | chrome generic for android
DEV-104a48796563,Windows | Windows 7 | chrome 65.0 | 1280x1024
DEV-105cda43b934,SLA-L03 Build/HUAWEISLA-L03 | chrome 65.0 for android
DEV-1070791e61e8,LG-M700 Build/NMF26X | chrome 58.0 for android
DEV-108afbed533c,Windows | Windows 10 | edge 16.0
DEV-10af9ad30fc2,iOS Device | iOS 10.3.3 | mobile safari 10.0 | 2208x1242
DEV-10fd4558f793,5025G Build/LMY47I | chrome 43.0 for android
DEV-110510c75488,LG-H871 | Android 7.0 | firefox | 2672x1440
DEV-110ac1aee3d2,G25524K | chrome generic for android
DEV-111a20176b88,Windows | Windows 10 | chrome 63.0 | 1400x1050
DEV-112838b30615,Redmi | chrome 65.0 for android
DEV-1187396a4c2c,iOS Device | iOS 10.3.3 | mobile safari generic | 1334x750
DEV-1195fa9ac491,SM-J500M Build/LMY48B | chrome 61.0 for android
DEV-119ca6572bed,SM-A520F Build/NRD90M | chrome 64.0 for android
DEV-11c28d019534,SAMSUNG SM-J700M Build/MMB29K | samsung browser 4.0
DEV-11c3dd03f3e1,F3313 Build/37.0.A.2.248 | chrome generic for android
DEV-11ce6bb7a1f9,SM-J120H Build/LMY47V | chrome generic
DEV-11cfad81fe75,LG-X180g Build/LMY47I | chrome 63.0 for android
DEV-123a3c8d396b,es-us | android webview 4.0
DEV-126857d29ae4,Linux | chrome 66.0 | 2560x1440
DEV-126edcdbc396,SM-G950F Build/R16NW | chrome generic for android
DEV-126fb93bc067,SM-G930U Build/NRD90M | chrome generic for android
DEV-129743d83015,iOS Device | iOS 10.0.2 | mobile safari 10.0 | 1136x640
DEV-12a2e97da490,Lenovo K33b36 Build/MMB29M | chrome 63.0 for android
DEV-12a8ceea3c31,Grand2c | android webview 4.0
DEV-12b1b0fd639b,AX920 | chrome 63.0 for android
DEV-12ccb385f6ad,BV8000Pro | chrome 65.0 for android
DEV-12d069dcea99,SM-J111M Build/LMY47V | chrome 65.0 for android
DEV-12da8678041d,BLADE V8 SE Build/NRD90M | chrome 66.0 for android
DEV-13242a0742e3,SM-G900M Build/LRX21T | chrome generic
DEV-132f1f83c152,SM-J700M Build/LMY48B | chrome 66.0 for android
DEV-1347635b9ff6,SM-J510MN Build/MMB29M | chrome 63.0 for android
DEV-134916b44892,5012G Build/MRA58K | chrome 66.0 for android
DEV-13895f9bdaeb,Hisense F23 Build/NRD90M | chrome 66.0 for android
DEV-143bafbaeae6,Windows | Windows 10 | chrome 63.0 | 4500x3000
DEV-14663bdb121d,LG-M320 Build/NRD90U | chrome 65.0 for android
DEV-1482399132c5,XT1572 Build/NPHS25.200-15-8 | chrome 64.0 for android
DEV-14951d0cd2d7,LG-H650 Build/MRA58K | chrome 61.0 for android
DEV-149ae2ec013e,rv:57.0 | Mac OS X 10.12 | firefox 57.0 | 2560x1600
DEV-14a24a7f6ff9,chrome 64.0 for ios
DEV-14b10590daa2,Windows | Windows 7 | chrome 62.0 | 1280x1024
DEV-14b2d11e9513,HTC One_M8 Build/MRA58K | chrome 63.0 for android
DEV-14bc4c35e6ec,iOS Device | iOS 9.3.5 | mobile safari 9.0 | 2048x1536
DEV-14bc9850db7c,Z981 Build/MMB29M | Android 6.0.1 | chrome 63.0 for android | 1920x1080
DEV-14d9bb3cd5f8,rv:58.0 | firefox
DEV-14e995f6d71f,SM-J320M Build/LMY47V | chrome 57.0 for android
DEV-14f0adec79a3,Hisense U963 Build/MRA58K | chrome 65.0 for android
DEV-15240abbeb3c,S70V | chrome generic
DEV-15257535af91,XT1032 | chrome 65.0 for android
DEV-154c6c2ef36d,SAMSUNG-SM-J320AZ | chrome 64.0 for android
DEV-155939f63929,Windows | Windows 10 | chrome 61.0 | 1366x768
DEV-15b5611ca494,XT1064 | chrome 63.0 for android
DEV-15baead6b642,SM-T800 Build/MMB29K | chrome 63.0 for android
DEV-15bf6b37ad28,iOS Device | iOS 11.2.2 | mobile safari generic | 1334x750
DEV-160437320382,MacOS | Mac OS X 10_13_2 | safari generic | 1440x900
DEV-164b2c334b3b,Ilium LT520 Build/NRD90M | chrome 56.0 for android
DEV-1670d72bcc1b,SM-N910C Build/MMB29K | chrome 55.0 for android
DEV-16a14d93a210,Lenovo K33b36 Build/MMB29M | chrome 55.0 for android
DEV-16ab6de1342d,Moto G Play Build/MPIS24.241-15.3-7 | chrome 63.0 for android
DEV-16b92d66d6b4,WAS-LX3 Build/HUAWEIWAS-LX3 | chrome 64.0 for android
DEV-16d4367d3f16,M4 SS4456 Build/LMY47V | chrome 65.0 for android
DEV-16dadf88cba4,HUAWEI CUN-L03 Build/HUAWEICUN-L03 | chrome 62.0 for android
DEV-1712e54e8616,LG-K220 Build/MXB48T | chrome 58.0 for android
DEV-1713b24443f4,SM-A320Y Build/NRD90M | chrome 63.0 for android
DEV-175240b4b29f,moto x4 Build/NPW26.83-18-2-0-4 | chrome 63.0 for android
DEV-17557181335b,SM-N900W8 Build/LRX21V | chrome generic
DEV-175f99639631,GT-I8190L Build/JZO54K | chrome 59.0 for android
DEV-177544221a16,XT1032 Build/KXB21.14-L1.40 | chrome 60.0 for android
DEV-17770094f6b2,SM-G955U1 Build/NRD90M | chrome generic for android
DEV-177e867157dc,SM-T113 Build/KTU84P | chrome 63.0 for android
DEV-1784842f5153,SM-A320Y | chrome 64.0 for android
DEV-17aff6f4cebe,Windows | Windows 10 | firefox 57.0
DEV-17b12db01e86,Windows | firefox 56.0
DEV-180b98fd1533,LG-D320 Build/KOT49I.V10a | chrome generic
DEV-1816e7734697,moto x4 Build/NPW26.83-18-2-0-4 | chrome 58.0 for android
DEV-181f2aee70b6,iOS Device | iOS 11.0.3 | mobile safari generic | 1334x750
DEV-185c1a0a46a8,5051A Build/MMB29M | chrome 65.0 for android
DEV-18655b99432a,0PM92 | chrome 64.0 for android
DEV-1886f7471ff7,Windows | Windows 10 | edge 15.0 | 1280x1024
DEV-188e4877e144,SM-J700M Build/MMB29K | chrome 65.0 for android
DEV-191e1352fda2,Moto Z (2 | chrome generic
DEV-192444c69b33,HTC Desire 530 Build/MMB29M | chrome generic for android
DEV-192d23a19244,SM-G610M Build/MMB29K | chrome 66.0 for android
DEV-194c07e3410e,MacOS | Mac OS X 10_11_6 | chrome 62.0 | 1280x800
DEV-196dd833623f,iOS Device | iOS 11.2.2 | mobile safari uiwebview | 1334x750
DEV-19741fe30492,Blade V580 Build/LMY47D | chrome generic
DEV-19b7d1f37a13,Windows | Windows 10 | firefox 57.0 | 1920x1080
DEV-19c1009e714b,HUAWEI RIO-L03 Build/HUAWEIRIO-L03 | chrome 63.0 for android
DEV-19cd5478258e,Windows | Windows 10 | chrome 62.0 | 1920x1080
DEV-19d41b065cc8,Windows | Windows 10 | chrome 64.0 | 1440x900
DEV-1a02e95015b1,SM-T820 Build/NRD90M | chrome 63.0 for android
DEV-1a03500198c3,iOS Device | iOS 11.2.5 | mobile safari generic | 1136x640
DEV-1a17cafe7012,PRA-LX3 Build/HUAWEIPRA-LX3 | chrome 64.0 for android
DEV-1a2a33dd82f2,iOS Device | iOS 10.2.1 | mobile safari 10.0 | 1136x640
DEV-1a47fbf2fc03,Moto E (4) Build/NMA26.42-19 | chrome 66.0 for android
DEV-1a8759184658,Z813 Build/LMY47O | chrome 65.0 for android
DEV-1a93a9a58181,F5121 | chrome 63.0 for android
DEV-1ad3dac5c882,SAMSUNG SM-G925I Build/NRD90M | samsung browser 6.4
DEV-1ad5607fcfbb,SM-G950U Build/NRD90M | Android 7.0 | chrome 62.0 for android | 2220x1080
DEV-1af7b7245309,Windows | Windows 10 | chrome generic | 1280x1024
DEV-1b28acd39181,iOS Device | iOS 11.1.2 | mobile safari 11.0 | 1136x640
DEV-1b4ff13ab28f,2PYB2 | chrome 63.0 for android
DEV-1b7eddaa043e,E6853 | chrome 62.0 for android
DEV-1b81f3c2fafe,Windows | Windows 7 | chrome 65.0 | 1920x1200
DEV-1bb6b3479b19,LG-M320 Build/NRD90U | chrome 64.0 for android
DEV-1bb94bf83676,M4 SS4456 Build/LMY47V | M4Tel/M4
DEV-1bd45a972a78,SAMSUNG SM-G965U1 Build/R16NW | samsung browser 7.0
DEV-1bef36e0daae,Windows | Windows 8.1 | chrome 64.0 | 1366x768
DEV-1bfb4d0f03ff,HTC Desire 626s Build/LMY47O | chrome 59.0 for android
DEV-1c3e0bbff3a8,Moto Z2 Play Build/NPSS26.118-19-14 | chrome generic for android
DEV-1c5ef9083e9f,SM-J105B Build/LMY47V | chrome 63.0 for android
DEV-1c6ef4dc3ca2,LG-M700 Build/NMF26X | chrome 56.0 for android
DEV-1c80c3eaf609,MacOS | Mac OS X 10_10_5 | chrome 65.0 | 1280x800
DEV-1caf7a5e640b,M4 SS4456 Build/LMY47V | chrome 46.0 for android
DEV-1cb576fba5f3,MotoG3 Build/MPIS24.65-33.1-2-16 | chrome 61.0 for android
DEV-1d5088fdf9ff,Moto G (4) Build/NPJS25.93-14-13 | chrome generic
DEV-1d9acbcb1d3e,SM-A310M Build/NRD90M | chrome 63.0 for android
DEV-1dadab45a078,LG-K373 | chrome 61.0 for android
DEV-1db1a8f119f8,Ilium X510 Build/MRA58K | chrome 63.0 for android
DEV-1dcf36fae0df,SAMSUNG SM-J710MN Build/MMB29K | samsung browser 6.2
DEV-1df5384ae736,HUAWEI VNS-L53 Build/HUAWEIVNS-L53 | chrome 65.0 for android
DEV-1df83e0dfe86,HUAWEI NXT-L09 Build/HUAWEINXT-L09 | chrome 63.0 for android
DEV-1e03127e8650,chrome 65.0 for ios
DEV-1e407b274c6f,Lenovo | chrome 64.0 for android
DEV-1e50e407fc5e,LG-H650 Build/MRA58K | chrome 64.0 for android
DEV-1e73f6798217,safari generic
DEV-1ea94d316547,SAMSUNG-SM-G925A Build/MMB29K | chrome 65.0 for android
DEV-1eed3e402af1,Windows | Windows 7 | chrome 63.0 | 1680x1050
DEV-1f1a84ec9f44,SM-J110M Build/LMY48B | chrome 49.0 for android
DEV-1f308fe2a919,MacOS | Mac OS X 10_10_5 | safari 10.0 | 2560x1600
DEV-1f30fb54eff7,iOS Device | iOS 10.3.2 | mobile safari generic | 2048x1536
DEV-1f399be69b55,LG-D693n | chrome 62.0 for android
DEV-1f4925d4e517,G3223 | chrome 65.0 for android
DEV-1f82495f4acb,Windows | Windows 7 | chrome 66.0 | 1920x1080
DEV-1fad95e48be6,Windows | Windows 10 | chrome 64.0 | 1680x1050
DEV-1fb4afc096ed,Trident/7.0 | Windows 10 | ie 11.0 for desktop | 1680x1050
DEV-1fc9d391847e,HUAWEI RIO-L03 Build/HUAWEIRIO-L03 | chrome 65.0 for android
DEV-1fcd22d86a73,SM-J120H Build/LMY47V | chrome 53.0 for android
DEV-1fe76451cac2,SM-G530H Build/KTU84P | chrome 62.0 for android
DEV-1feeb0f64867,7055A Build/KVT49L | chrome 62.0 for android
DEV-200735326534,MacOS | Mac OS X 10_13_4 | chrome 66.0 | 2880x1800
DEV-2032ffc05f7b,Moto Z2 Play Build/NPS26.74-16-1 | chrome 63.0 for android
DEV-20452de747bb,MacOS | Mac OS X 10_12_6 | safari generic | 1920x1080
DEV-2047bdc87465,M4 SS4453 Build/MMB29M | chrome generic for android
DEV-2063efca3fc4,XT1635-02 Build/NPN26.118-22-2 | chrome 66.0 for android
DEV-2066dc1ee3fe,Blade L5 Build/LMY47I | chrome generic
DEV-206b021bc278,BLADE V8 SE Build/NRD90M | chrome 62.0 for android
DEV-2085494ae275,LG-X230 Build/MRA58K | chrome 65.0 for android
DEV-20af66cb7168,MacOS | Mac OS X 10_11_6 | safari generic | 2560x1600
DEV-20c503e7fac6,iOS Device | iOS 11.2.5 | mobile safari 11.0 | 1334x750
DEV-20cc66929bff,chrome generic
DEV-20d74d51c53a,HTC Desire 530 Build/MMB29M | chrome 63.0 for android
DEV-212076d23e7a,XT1635-02 Build/NPN26.118-22-2 | chrome 65.0 for android
DEV-213368eb1cbe,Moto G Play Build/MPIS24.241-15.3-26 | chrome 62.0 for android
DEV-213f566e0166,iOS Device | iOS 9.3.5 | mobile safari 9.0 | 1024x768
DEV-21794a406228,comodo
DEV-21b305bfbb1b,SM-N920P Build/NRD90M | Android 7.0 | chrome 62.0 for android
DEV-21b681adc85e,rv:38.0 | firefox
DEV-21e367fc9dab,SAMSUNG-SM-G891A Build/NRD90M | Android 7.0 | chrome 62.0 for android | 1920x1080
DEV-22069b34ab7b,SM-G950F Build/R16NW | chrome 66.0 for android
DEV-221d2af98e65,iOS Device | iOS 10.3.1 | mobile safari 10.0 | 1334x750
DEV-222502a6c4ce,SM-T800 | chrome 59.0 for android
DEV-2234c7c8bb91,Dash | chrome 61.0 for android
DEV-224d74695818,Lenovo A6020l37 Build/LMY47V | chrome 65.0 for android
DEV-224e314be4e7,rv:59.0 | Mac OS X 10.12 | firefox 59.0 | 2560x1440
DEV-225a818d490a,Windows | chrome
DEV-228295165173,LG-H500 Build/LRX21Y | chrome 55.0 for android
DEV-22b39dab8bd9,rv:57.0 | Windows 7 | firefox 57.0 | 1920x1080
DEV-22c50f87aa13,SM-J500M Build/LMY48B | chrome 64.0 for android
DEV-22e67eb95489,Trident/7.0 | Windows 8.1 | ie 11.0 for desktop | 1680x1050
DEV-22f8d1fe464e,SM-J700H Build/MMB29K | chrome 63.0 for android
DEV-23ed3d32dfa2,Android 5.1 | android browser 4.0
DEV-23f966264adc,Moto | chrome 62.0 for android
DEV-2445f2b04c6e,MacOS | Mac OS X 10_12_6 | chrome 65.0 | 2880x1800
DEV-247705d7bccf,LG-H870 Build/NRD90U | chrome 65.0 for android
DEV-24a4b5bcc36c,SM-T380 | chrome 65.0 for android
DEV-24c720ceb770,SM-A720F Build/MMB29K | chrome 62.0 for android
DEV-24e5d6270630,firefox 58.0
DEV-2531e05c9e6e,MacOS | Mac | chrome 63.0 | 1920x1080
DEV-254bc281a296,SM-S902L | Android 4.4.2 | chrome 63.0 for android | 1920x1080
DEV-257bc7e24df7,iOS Device | iOS 10.2.0 | mobile safari 10.0 | 1334x750
DEV-25ccdcb4e850,LG-K200 Build/MXB48T | chrome 63.0 for android
DEV-25e450802b29,Windows | Windows 7 | chrome 51.0 | 1366x768
DEV-2610c96afcab,LG-H870 Build/NRD90U | chrome 64.0 for android
DEV-264c62782454,XT1040 | chrome 58.0 for android
DEV-2653905d082d,F5321 | chrome 65.0 for android
DEV-265a76755878,SM-A710M Build/LMY47X | chrome 57.0 for android
DEV-268e54145c48,E2104 | chrome 63.0 for android
DEV-26af8a954655,LG-D693n Build/LRX22G | chrome 56.0 for android
DEV-271a705df7b0,F5121 Build/34.3.A.0.238 | chrome 64.0 for android
DEV-27380d71d0ac,LG-M400 Build/NRD90U | chrome 64.0 for android
DEV-275439498e4d,SGH-I337M Build/LRX22C | chrome 65.0 for android
DEV-275f61702139,A9 | android webview 4.0
DEV-27648388241b,SM-G610M Build/MMB29K | other
DEV-2764b7775b4b,chrome 66.0
DEV-27875889e3b5,Windows | Windows 10 | chrome 62.0 | 3200x1800
DEV-279059e96e3a,ZA509 | android browser 4.0
DEV-27a27bdae651,SM-J111M Build/LMY47V | chrome 63.0 for android
DEV-27c62677cbec,Windows | Windows 10 | chrome 64.0 | 1280x1025
DEV-27c6b8a94704,iOS Device | iOS 11.2.1 | mobile safari 11.0 | 2208x1242
DEV-281559026d33,MYA-L13 Build/HUAWEIMYA-L13 | chrome 64.0 for android
DEV-2830f541c3e8,TRT-L53 Build/HUAWEITRT-L53 | chrome generic for android
DEV-28340ddedd6a,Hisense U963 Build/MRA58K | other
DEV-283d2be464f8,HTC Desire 626s Build/LMY47O | chrome 63.0 for android
DEV-28475adf0495,HUAWEI | chrome 65.0 for android
DEV-28690413d732,HTC Desire 650 Build/MMB29M | chrome 66.0 for android
DEV-2876346124bc,SLA-L03 Build/HUAWEISLA-L03 | chrome 59.0 for android
DEV-287a7dd31dfb,LG-H542 Build/LRX22G | chrome 61.0 for android
DEV-288926871490,MacOS | Mac OS X 10_12_6 | chrome 61.0 | 2880x1800
DEV-28b5dba39d70,SM-G531H Build/LMY48B | chrome 58.0 for android
DEV-28eae9c6300f,F8331 Build/41.2.A.7.76 | chrome 65.0 for android
DEV-29602d63506b,LT30p | chrome 50.0 for android
DEV-2963df04fafd,Touch | ie 11.0 for tablet
DEV-29cd1f52001c,MacOS | Mac OS X 10_13_2 | safari generic | 2560x1440
DEV-2a190e908272,CAM-L03 Build/HUAWEICAM-L03 | chrome 63.0 for android
DEV-2a268181bfc9,LG-X210 Build/LMY47I | chrome 50.0 for android
DEV-2a348f201ba6,Windows | other | chrome 61.0 | 1280x720
DEV-2a407af4cf96,iPhone | chrome 63.0 for android
DEV-2a72a95cdc5c,M4 SS4456 Build/LMY47V | chrome 62.0 for android
DEV-2a850816ede8,SM-A500FU Build/MMB29M | chrome 64.0 for android
DEV-2abc1054a8ce,Hisense F23 Build/NRD90M | chrome generic for android
DEV-2ac6ccf19d1c,Windows | Windows 10 | chrome 64.0 | 1920x1080
DEV-2b3cdecec012,MacOS | Mac | chrome 61.0 | 1440x900
DEV-2b7d60f6b873,SAMSUNG SM-J700M Build/MMB29K | samsung browser 6.2
DEV-2bd3666399dd,SM-J710MN Build/MMB29K | chrome 56.0 for android
DEV-2bfdc203e56d,TA-1038 Build/NMF26O | chrome 64.0 for android
DEV-2c0b161d78b0,5015A Build/LMY47I | chrome 63.0 for android
DEV-2c15b5db1929,SM-G531H Build/LMY48B | chrome 60.0 for android
DEV-2c3f45a55a91,Windows | Windows 10 | edge 17.0 | 1680x1050
DEV-2c3f58d1c259,CHC-U03 Build/HuaweiCHC-U03 | chrome 64.0 for android
DEV-2c543dc76102,SM-J320M Build/LMY47V | chrome 64.0 for android
DEV-2c6ecd14cbc8,HTC Desire 650 Build/MMB29M | chrome 60.0 for android
DEV-2ca38e7c1a7c,SAMSUNG SM-G928G Build/NRD90M | samsung browser 6.2
DEV-2ccb0086cee6,LG-D693n Build/LRX22G | chrome generic
DEV-2cceddd6743a,LG-D693n Build/LRX22G | chrome 60.0 for android
DEV-2cdc97865f85,TA-1038 Build/NMF26O | chrome 65.0 for android
DEV-2cdef2f4febb,SAMSUNG SM-N910A Build/MMB29M | samsung browser 6.2
DEV-2d03544cf9b4,AX921 Build/MRA58K | chrome 66.0 for android
DEV-2d0c2c728804,SM-J510MN Build/MMB29M | chrome 62.0 for android
DEV-2d134e7d3497,chrome 63.0 for ios
DEV-2d3b6db81918,iOS Device | iOS 11.3.0 | mobile safari generic | 2208x1242
DEV-2d41dd028610,chrome 57.0
DEV-2d63d2d176ad,SM-J730G Build/NRD90M | chrome 65.0 for android
DEV-2d6bc2d39376,LG-K500 Build/MMB29M | chrome 63.0 for android
DEV-2d9018922af3,iOS Device | iOS 11.2.1 | mobile safari generic | 2436x1125
DEV-2d92ea3a89a9,Ilium L910 Build/MRA58K | chrome 63.0 for android
DEV-2dbb94f65e40,SAMSUNG SM-J320M Build/LMY47V | chrome generic
DEV-2ddf3919c3fe,X78 | chrome 66.0 for android
DEV-2def09f2eb04,M4 SS4456 Build/LMY47V | chrome 66.0 for android
DEV-2def68b99156,iOS Device | iOS 11.3.0 | mobile safari 11.0 | 2436x1125
DEV-2df068d09a1d,Lenovo TB-X103F Build/LenovoTB-X103F | chrome generic for android
DEV-2e678726b2fd,SM-G928T Build/NRD90M | chrome 58.0 for android
DEV-2e9d5f5f7a69,G3313 | chrome 55.0 for android
DEV-2ec1709eca69,Trident/7.0 | ie 11.0 for desktop
DEV-2ec1a45f676b,Windows | Windows 10 | chrome 63.0 | 2560x1080
DEV-2ede78636da5,chrome 60.0
DEV-2f057fdac12b,SM-A500M Build/LRX22G | chrome 52.0 for android
DEV-2f1a3fbaaaec,rv:50.0 | firefox
DEV-2f3f1dfb8bc7,HUAWEI CUN-L03 Build/HUAWEICUN-L03 | chrome 63.0 for android
DEV-2f6232dd4a66,SM-G610M Build/MMB29K | chrome 50.0 for android
DEV-2f68dcd3d04b,VTR-L09 Build/HUAWEIVTR-L09 | chrome 63.0 for android
DEV-2f89c1c5b420,F5121 Build/34.3.A.0.252 | chrome 61.0 for android
DEV-2fbe49b10001,MacOS | Mac OS X 10_12_6 | chrome 63.0 | 1440x900
DEV-2ff4fc8475d9,Windows | opera 52.0
DEV-300f8ed56ec0,CAM-L03 Build/HUAWEICAM-L03 | chrome 54.0 for android
DEV-303580954460,SAMSUNG SM-J730GM Build/NRD90M | samsung browser 6.4
DEV-3039bda7f7ab,LG-D213 | chrome 61.0 for android
DEV-305b6f04b5e2,LG-H500 Build/LRX21Y | chrome 64.0 for android
DEV-307ce11647e5,LG-H840 Build/NRD90U | chrome 58.0 for android
DEV-30b43470de67,Trident/7.0 | Windows 10 | ie 11.0 for desktop | 1366x768
DEV-30ba9aebef7f,TA-1039 Build/NMF26F | chrome 64.0 for android
DEV-30f594eee604,BAC-L03 Build/HUAWEIBAC-L03 | chrome 63.0 for android
DEV-318fd6d31dab,SM-G950U Build/NRD90M | Android 7.0 | chrome 63.0 for android | 2220x1080
DEV-31983c440ad3,Moto G (4) Build/NPJS25.93-14-10 | chrome 66.0 for android
DEV-319e0ffaac2d,F5321 Build/34.3.A.0.238 | chrome 61.0 for android
DEV-31a0a17a492f,LG-X210 Build/LMY47I | chrome 63.0 for android
DEV-31cbdf095456,SM-G531H Build/LMY48B | chrome 65.0 for android
DEV-31d616332e6f,LG-X230 Build/MRA58K | chrome 64.0 for android
DEV-31dc07cbb712,SM-G610M Build/MMB29K | chrome 63.0 for android
DEV-31dd801a93a8,Turbo C5 Build/LMY47I | chrome 59.0 for android
DEV-3206d61576fa,SM-G930P Build/NRD90M | Android 7.0 | chrome 63.0 for android | 1920x1080
DEV-3220a974b75b,LG-X180g Build/LMY47I | chrome 51.0 for android
DEV-3242bbb82bd6,Y635-L03 Build/HuaweiY635-L03 | chrome 65.0 for android
DEV-32573bc65daf,LG-D693n Build/LRX22G | chrome 57.0 for android
DEV-325f5c74eae7,HTC One M9 Build/NRD90M | chrome 62.0 for android
DEV-3262e27c07f5,Lenovo A6020l37 Build/LMY47V | chrome 63.0 for android
DEV-32af51d425d4,SAMSUNG SM-G955U Build/NRD90M | samsung browser 6.2
DEV-32b0b6fecc87,SAMSUNG SM-G532M Build/MMB29T | samsung browser 5.4
DEV-32dd2a9218f8,SM-G570M Build/NRD90M | chrome 63.0 for android
DEV-33224c858568,Hisense F20 Build/MMB29M | chrome 62.0 for android
DEV-3322e77222a3,MacOS | Mac OS X 10_10_5 | chrome 63.0 | 1366x768
DEV-334537b79506,rv:56.0 | firefox
DEV-33581d605923,MotoG3 Build/MPIS24.65-33.1-2-16 | chrome 62.0 for android
DEV-33935d7f5b96,SM-J500M Build/LMY48B | chrome 63.0 for android
DEV-339eefa4ed4a,XT1563 Build/MPD24.107-52 | chrome 63.0 for android
DEV-33c1dbbc0f72,SM-J200M Build/LMY47X | chrome 62.0 for android
DEV-33fa1fed5841,SM-G950F Build/NRD90M | chrome generic for android
DEV-33fbdd9530ad,SAMSUNG SM-J120H Build/LMY47V | other
DEV-343d00c4042f,Tmovi Build/Vision | chrome generic
DEV-3453310db6e7,Hisense F20 Build/MMB29M | chrome 46.0 for android
DEV-345a765edb1d,5010G Build/MRA58K | chrome 66.0 for android
DEV-3474b83f0e9e,SM-G928T Build/NRD90M | chrome 64.0 for android
DEV-34d894cc8c03,KYOCERA-C6742A Build/LMY47V | Android 5.1.1 | chrome generic | 960x540
DEV-34ecf755fdb3,TA-1028 Build/NMF26O | chrome generic for android
DEV-352995858eff,rv:52.0 | Windows 7 | firefox 52.0 | 1920x1080
DEV-3531de68419f,Blade V6 Build/LRX22G | chrome 65.0 for android
DEV-3567b312cfbf,SM-J120H Build/LMY47V | chrome 61.0 for android
DEV-357ea9806b2c,MYA-L13 Build/HUAWEIMYA-L13 | chrome generic for android
DEV-3586a4ae6f10,Windows | Windows 10 | edge 16.0 | 1920x1080
DEV-35f875b32fd3,SM-A720F Build/MMB29K | chrome 63.0 for android
DEV-369ba66d84d0,Hisense F23 Build/NRD90M | chrome 64.0 for android
DEV-36ab1502e0e3,SAMSUNG SM-G930F Build/NRD90M | samsung browser generic
DEV-36e04f597100,SM-P580 Build/NRD90M | chrome 56.0 for android
DEV-36f91d9f3be5,SAMSUNG SM-G955F Build/NRD90M | samsung browser 6.4
DEV-371ae0b2d7d5,iOS Device | iOS 11.1.1 | mobile safari 11.0 | 2208x1242
DEV-3729b055ba8e,SAMSUNG-SM-G930A Build/NRD90M | Android 7.0 | android webview 4.0 | 1280x720
DEV-3744062b2fac,Moto G (5) Plus Build/NPNS25.137-92-8 | chrome 66.0 for android
DEV-37ad2924a3bf,LG-M250 Build/NRD90U | chrome 64.0 for android
DEV-37b2d691b689,rv:59.0 | Generic/Android
DEV-37dc223bffe5,Windows | Windows 7 | chrome 63.0 | 1360x768
DEV-37e776c5363a,Energy X 2 Build/E050L | chrome 50.0 for android
DEV-37f27a2d738a,iOS Device | iOS 11.2.5 | mobile safari generic | 1334x750
DEV-37fab78032bf,Windows | Windows 10 | edge 15.0 | 1366x768
DEV-3805b4eff0c2,Windows | Windows 10 | edge 15.0 | 1680x1050
DEV-383fe67b610b,SM-J701M Build/NRD90M | chrome 63.0 for android
DEV-385cd8edfa05,Windows | chrome generic
DEV-386471dcf9bf,SM-N920C Build/NRD90M | chrome 64.0 for android
DEV-3883051d8742,SM-A720F Build/NRD90M | chrome 58.0 for android
DEV-38b17950244c,iOS Device | iOS 11.2.1 | mobile safari 11.0 | 2224x1668
DEV-394cd230db61,iOS Device | iOS 11.3.0 | mobile safari 11.0 | 1334x750
DEV-396a229c01c8,SM-J500M Build/LMY48B | chrome 56.0 for android
DEV-3984c4a3949e,E6833 | chrome 65.0 for android
DEV-39ad982bc5c6,SM-J700T Build/NMF26X | chrome 66.0 for android
DEV-39b5198572e9,SM-G532M Build/MMB29T | chrome 65.0 for android
DEV-39b7d2c7ec78,SM-T113NU Build/KTU84P | chrome 65.0 for android
DEV-39b98b935398,Ilium LT510 Build/MRA58K | chrome 59.0 for android
DEV-39c8aafad274,SM-G930F Build/NRD90M | chrome 63.0 for android
DEV-39e380e44199,SAMSUNG SM-G965U Build/R16NW | Android 8.0.0 | samsung browser 7.0 | 2220x1081
DEV-39f16fb21a36,E6603 | chrome 63.0 for android
DEV-39f5ff3a0c2b,iOS Device | iOS 10.3.3 | mobile safari generic | 1136x640
DEV-39fbbbb7b958,chrome 58.0
DEV-3a237ab8345c,iOS Device | iOS 10.2.1 | mobile safari generic | 1334x750
DEV-3a29982f71a7,MacOS | Mac OS X 10_13_2 | chrome 63.0 | 2560x1600
DEV-3a3d581ec63e,Moto G (5) Plus Build/NPN25.137-82 | chrome generic
DEV-3a553503f941,SM-J710MN Build/MMB29K | chrome generic for android
DEV-3a885c64a17b,Windows | Windows 10 | firefox 59.0 | 1920x1080
DEV-3a9dc34e0a48,SM-J701M Build/NRD90M | chrome generic for android
DEV-3aa4c56b97d5,Z813 Build/LMY47O | chrome generic
DEV-3afe443e7c2b,Moto Z2 Play Build/NPSS26.118-19-14 | chrome 66.0 for android
DEV-3b0b05086378,LG-H320 Build/LRX21Y | other
DEV-3b1307bc3784,Blade L2 Plus Build/KOT49H | chrome 63.0 for android
DEV-3b36787e0bd0,SM-G955U Build/NRD90M | Android 7.0 | chrome 63.0 for android | 2961x1442
DEV-3b705d158d06,Windows | Windows 7 | chrome 64.0 | 1920x1080
DEV-3b829f37b152,Windows | chrome 66.0
DEV-3b9a52f81efe,SM-G930F Build/NRD90M | chrome 58.0 for android
DEV-3bbc88ce3f32,SAMSUNG SM-G570M Build/NRD90M | samsung
DEV-3bd400299889,F3113 Build/33.3.A.1.97 | chrome 63.0 for android
DEV-3bd5c54f9930,LG-H650 Build/MRA58K | chrome 66.0 for android
DEV-3c4f58e7d777,D5803 Build/23.5.A.1.291 | chrome 62.0 for android
DEV-3c58562d256b,MotoG3 Build/MPIS24.65-33.1-2-16 | chrome 66.0 for android
DEV-3c8d13a09643,Windows | Windows 10 | firefox 57.0 | 1680x1050
DEV-3cc6a53679b1,C1904 | chrome 60.0 for android
DEV-3ce432a47bac,LG-X180g Build/LMY47I | android browser 4.0
DEV-3d12a67f6b06,SAMSUNG SM-N950F Build/NMF26X | samsung browser 6.4
DEV-3d227f634e98,Blade V6 Build/LRX22G | chrome 62.0 for android
DEV-3d328f67c756,Lenovo PB2-650Y Build/MRA58K | chrome 52.0 for android
DEV-3d6c416ee11f,Android 4.4.2 | android browser 4.0
DEV-3daca2e946f7,M4 | chrome
DEV-3dc0bea69e79,Blade V6 Plus Build/MRA58K | chrome 63.0 for android
DEV-3de2f0a7ea75,Moto X Play Build/NPD26.48-24-1 | chrome 64.0 for android
DEV-3dfcb6c5a438,SAMSUNG SM-A520F Build/NRD90M | samsung browser 6.2
DEV-3e8938542d1f,LG-H542 Build/MRA58K | chrome 64.0 for android
DEV-3ed4518c858a,SM-G900T Build/MMB29M | chrome 64.0 for android
DEV-3ee3ce40123f,Moto C Build/NRD90M.063 | chrome 63.0 for android
DEV-3f155d413ceb,LG-K220 Build/MXB48T | chrome 63.0 for android
DEV-3f1e7f312f16,SM-G920P Build/NRD90M | chrome generic for android
DEV-3f4cb66559f5,SM-G900P Build/MMB29M | Android 6.0.1 | chrome 62.0 for android | 1920x1080
DEV-3f562012ee5d,Moto G (4) Build/NPJ25.93-14 | chrome generic
DEV-3f6478a6e07c,Windows | Windows 10 | chrome 60.0 | 1920x1200
DEV-3f7541670931,SM-T810 Build/NRD90M | chrome 63.0 for android
DEV-3f836ddd0fd8,Blade V580 Build/LMY47D | chrome 64.0 for android
DEV-3f9158265a7e,Hisense F23 Build/NRD90M | chrome 54.0 for android
DEV-3fb51b599430,LG-H320 Build/LRX21Y | chrome 64.0 for android
DEV-3fce82591a36,5085B Build/MRA58K | chrome 55.0 for android
DEV-3fd661d5d69b,SM-A720F Build/MMB29K | android webview 4.0
DEV-4004a42b3606,MacOS | Mac OS X 10_11_6 | chrome 62.0 | 2560x1600
DEV-4009615665a7,Moto Z2 Play Build/NPS26.74-16-1 | chrome 64.0 for android
DEV-400f7ebae9dd,F3213 Build/36.1.A.1.86 | chrome 63.0 for android
DEV-401986b86269,Windows | Windows 7 | chrome 63.0 | 1920x1080
DEV-40663b0c73a2,LG-K220 Build/MXB48T | chrome 62.0 for android
DEV-4068d81969b9,EVA-L09 Build/HUAWEIEVA-L09 | chrome 65.0 for android
DEV-40affa9c0402,5054N | chrome 61.0 for android
DEV-40cf22a9e0c0,LG-K500 Build/MMB29M | chrome 54.0 for android
DEV-413ae6caf34c,moto x4 Build/OPW27.57-40 | chrome 66.0 for android
DEV-415331c2d77c,PLE-701L | chrome 62.0 for android
DEV-4173bf080c80,Mi A1 Build/OPR1.170623.026 | opera
DEV-4181f933771a,SM-G935F Build/NRD90M | chrome generic for android
DEV-41945acd4eb0,M4 SS4457 Build/MRA58K | chrome 62.0 for android
DEV-41a99099411e,SM-E700M | chrome 66.0 for android
DEV-41c23da3df7b,MacOS | Mac OS X 10_12_6 | chrome 62.0 | 1440x900
DEV-41f2f4516b3e,SM-J500M Build/MMB29M | chrome 61.0 for android
DEV-42161bb1cecd,Windows | Windows 10 | chrome 66.0 | 1366x768
DEV-421e5cc7bda1,Ilium X510 Build/MRA58K | chrome 49.0 for android
DEV-4277e9c06855,Linux | chromium
DEV-429edc4140b6,Ilium L1120 Build/NRD90M | chrome 66.0 for android
DEV-42ae0b06d172,SM-G950U Build/R16NW | chrome 66.0 for android
DEV-42ae1c4e4208,5015A Build/LMY47I | chrome 55.0 for android
DEV-42c218e3f34e,XT1650 Build/NPLS26.118-20-5-11 | chrome 65.0 for android
DEV-42cbd1e7f403,LG-H650 Build/MRA58K | chrome 62.0 for android
DEV-42da433e9643,F3113 Build/33.3.A.1.97 | chrome 65.0 for android
DEV-4310e4ea563f,SM-G920I Build/NRD90M | chrome 65.0 for android
DEV-432ccb458d4d,Blade A510 Build/MRA58K | chrome 61.0 for android
DEV-43b773e48656,iOS Device | iOS 11.3.0 | mobile safari 11.0 | 2208x1242
DEV-43ea556ca60b,SM-J120H Build/LMY47V | chrome 64.0 for android
DEV-4420a0e6caae,Redmi | chrome generic for android
DEV-4442df4695a4,SM-G610M Build/MMB29K | chrome 62.0 for android
DEV-445b3c04119d,XT1635-02 | chrome 65.0 for android
DEV-449c9acd2a93,chrome 62.0
DEV-44a8a14f4a28,HUAWEI TAG-L13 Build/HUAWEITAG-L13 | chrome 63.0 for android
DEV-44d0f5257737,Moto G Play Build/MPIS24.241-15.3-7 | chrome 62.0 for android
DEV-44f536b9fd14,SAMSUNG SM-G920I Build/NRD90M | samsung browser 6.2
DEV-451e3077fcef,SM-A500M Build/LRX22G | chrome 63.0 for android
DEV-454c398bd149,Moto G Play Build/MPIS24.241-15.3-26 | chrome 63.0 for android
DEV-458d95ee049f,HUAWEI VNS-L23 Build/HUAWEIVNS-L23 | chrome 63.0 for android
DEV-45ac24ea076b,Windows | Windows 10 | chrome 63.0 | 1600x900
DEV-45e891567a06,MacOS | Mac OS X 10_12_4 | safari generic | 3360x2100
DEV-45f295098d3c,iOS Device | iOS 10.3.3 | mobile safari 10.0 | 1334x750
DEV-45f3617fabc5,SM-T560 Build/KTU84P | chrome 65.0 for android
DEV-46092270ef55,E5506 Build/29.1.A.0.101 | chrome 64.0 for android
DEV-460b0103bf95,MacOS | Mac OS X 10_13_4 | chrome 65.0 | 2560x1600
DEV-460c271dd537,orbis | chrome 64.0 for android
DEV-4614da9fb374,5080A Build/MRA58K | chrome 64.0 for android
DEV-4658b8a4d554,SM-G950F Build/R16NW | chrome 67.0 for android
DEV-4670ee5676d0,MacOS | Mac OS X 10_11_6 | chrome 61.0 | 2560x1600
DEV-467aa632e822,MacOS | Mac OS X 10_12_2 | safari generic | 1280x800
DEV-467b0e67d423,SM-T810 Build/NRD90M | chrome generic for android
DEV-46b29c681de8,SAMSUNG SM-A730F Build/NMF26X | samsung browser generic
DEV-46bb74b635dc,SM-G935V Build/NRD90M | chrome 65.0 for android
DEV-4706354a34ff,E5306 Build/27.3.A.0.129 | chrome 65.0 for android
DEV-4719233f83f1,SM-J510MN Build/MMB29M | chrome 66.0 for android
DEV-472637af999d,MacOS | Mac OS X 10_13_3 | safari generic | 3840x2160
DEV-4765da0ac787,REVVLPLUS | Android 7.1.1 | chrome 64.0 for android | 1920x1080
DEV-47669c6004f3,Hisense U963 Build/MRA58K | android webview 4.0
DEV-477238d7bd89,SM-J105B Build/LMY47V | chrome 66.0 for android
DEV-47a0acb3caed,Hisense L675 Build/MRA58K | chrome 64.0 for android
DEV-47ca1c44af4e,Windows | Windows 10 | chrome 62.0 | 1600x900
DEV-47e10ae5a6e5,SM-N920A Build/MMB29K | chrome 61.0 for android
DEV-47e37da9e664,SM-J320M Build/LMY47V | chrome 61.0 for android
DEV-47e4de2e1b36,moto x4 Build/OPWS27.57-40-14 | chrome generic for android
DEV-47ed9876030e,SM-J701M Build/NRD90M | chrome 65.0 for android
DEV-4807faf2b191,Windows | Windows 10 | chrome generic | 1920x1080
DEV-4814a2926c42,SM-J730GM Build/NRD90M | chrome 64.0 for android
DEV-485a1c32d799,SM-A300H Build/LRX22G | chrome 66.0 for android
DEV-48670ed9a663,SM-J700M Build/LMY48B | chrome 43.0 for android
DEV-4867c48d1e17,Lenovo | other
DEV-488ef87785c1,SAMSUNG SM-G531H Build/LMY48B | Samsung/SM-G531H
DEV-4894888e5738,Windows | Windows 7 | firefox 58.0 | 1600x900
DEV-489e049fbdb3,6045I Build/LRX22G | chrome 58.0 for android
DEV-48bb1a3fdb15,LG-M250 Build/NRD90U | chrome 66.0 for android
DEV-48cc0b68def3,HP | chrome 63.0 for android
DEV-48cd100100ba,PRA-LX3 Build/HUAWEIPRA-LX3 | chrome 66.0 for android
DEV-4914f7abd466,LG-X165g Build/LRX21M | chrome 56.0 for android
DEV-496cd42ceb3f,SM-N920C Build/NRD90M | chrome 65.0 for android
DEV-49746ffe4bb6,LG-TP450 Build/NRD90U | Android 7.0 | chrome 66.0 for android | 1920x1080
DEV-49862ec4688e,LG-H500 Build/LRX21Y | chrome 61.0 for android
DEV-49f416a6c16e,func | chrome 58.0 | 1280x1024
DEV-49f41791942e,Windows | opera 49.0
DEV-4a17328375f1,SM-A300H Build/LRX22G | chrome 64.0 for android
DEV-4a8607a5e970,XT1032 Build/LPBS23.13-56-2 | chrome 64.0 for android
DEV-4a92fe9399e3,SM-A320Y Build/NRD90M | chrome 62.0 for android
DEV-4aabaae19821,HTC One A9s Build/MRA58K | chrome generic for android
DEV-4acef2150270,iOS Device | iOS 11.2.6 | mobile safari generic | 2001x1125
DEV-4b30a1e9fa76,Redmi Note 4 Build/NRD90M | chrome 61.0 for android
DEV-4b3eabe8767f,LG-D693n Build/LRX22G | chrome 55.0 for android
DEV-4b4b456b110c,Blade V6 Max Build/MRA58K | chrome 58.0 for android
DEV-4ba47ead992a,SAMSUNG SM-G570M Build/MMB29K | samsung browser 6.4
DEV-4bb20114e746,ALP-L09 Build/HUAWEIALP-L09S | chrome 66.0 for android
DEV-4befc732e2bf,MOT-A6020l37 Build/LMY47V | chrome 43.0 for android
DEV-4bfaf22f509d,Windows | chrome 62.0
DEV-4c2f8270dff4,SM-G530H Build/LRX22G | chrome 60.0 for android
DEV-4c944faf1e22,PRA-LX3 Build/HUAWEIPRA-LX3 | chrome 63.0 for android
DEV-4cbdedb28415,SM-G610M Build/NRD90M | chrome 64.0 for android
DEV-4cdbebb21748,iOS Device | iOS 11.3.0 | mobile safari generic | 2048x1536
DEV-4ce6a33339b2,Windows | chrome 56.0
DEV-4ce9210d85fc,Z981 Build/MMB29M | Android 6.0.1 | chrome 62.0 for android | 1920x1080
DEV-4d1711abc3dd,BLADE L7 Build/MRA58K | chrome 53.0 for android
DEV-4d2466aa14d5,rv:59.0 | Generic/Android 7.0
DEV-4d66c10cf88d,LG-H650 Build/MRA58K | chrome 63.0 for android
DEV-4da45ca0f9cd,SM-A320Y | chrome 61.0 for android
DEV-4decee108312,F80 PIABELLA Build/MRA58K | chrome generic for android
DEV-4e0405a45b04,iOS Device | iOS 10.0.2 | mobile safari 10.0 | 1334x750
DEV-4e3007faefc7,SM-J700M Build/LMY48B | chrome 62.0 for android
DEV-4e32601a1832,M4 | chrome 65.0 for android
DEV-4e623cc86486,Mi | chrome 64.0 for android
DEV-4e7ae1208fd3,LG-D320 Build/KOT49I.V10a | chrome
DEV-4e83ea2707a8,SM-G360T1 Build/LMY47X | chrome 57.0 for android
DEV-4eba8be3d61b,moto | chrome 58.0 for android
DEV-4ecf2ec95b27,SM-J110M Build/LMY48B | chrome 62.0 for android
DEV-4eef126772fe,SM-J730GM Build/NRD90M | chrome 65.0 for android
DEV-4f2b1af8dbbc,mobile safari 8.0
DEV-4f60dc59b688,SM-N950F Build/NMF26X | chrome 66.0 for android
DEV-4fd7adf37547,Windows | Windows 7 | chrome 63.0 | 1920x1200
DEV-5027a4234753,Moto G (5) Plus Build/NPN25.137-72 | android webview 4.0
DEV-504c615b556c,rv:57.0 | Generic/Android 7.0
DEV-5069a5abeec4,iOS Device | iOS 10.2.1 | mobile safari generic | 2208x1242
DEV-50745cb4f4a3,mobile safari 10.0
DEV-50bb18f3b515,Windows | Windows 10 | firefox 60.0 | 1920x1080
DEV-50c66ad2616d,LGMS550 Build/MXB48T | chrome 58.0 for android
DEV-50ebf7784be0,Windows | Windows 7 | firefox 58.0 | 1366x768
DEV-512cecdf65a9,LG-D855 Build/LRX21R | chrome 65.0 for android
DEV-514d9f05f32c,chrome 55.0
DEV-516e0a5b2c79,MacOS | Mac OS X 10_11_6 | chrome 62.0 | 1440x900
DEV-517a51b5641f,SAMSUNG-SM-G935A Build/NRD90M | Android 7.0 | chrome 63.0 for android | 1920x1080
DEV-517ea5270623,ZEIA8 | chrome 62.0 for android
DEV-519994025db9,Hisense U963 Build/MRA58K | chrome 62.0 for android
DEV-51a73d94227f,SM-T710 Build/NRD90M | chrome 63.0 for android
DEV-51aa7c1e9aa4,5054S Build/LMY47V | chrome 63.0 for android
DEV-51b953edda13,rv:59.0 | firefox
DEV-51bb4f24971f,LG-K430 Build/MRA58K | chrome 65.0 for android
DEV-5204d02bc2d6,SAMSUNG SM-G9600 Build/R16NW | other
DEV-5208d760cbae,Blade V6 Plus Build/MRA58K | chrome 66.0 for android
DEV-520a188337c3,Moto E (4) Build/NDQS26.69-23-2-3 | chrome generic
DEV-520a6bf5a3e2,F3213 Build/36.1.A.1.86 | chrome 62.0 for android
DEV-5210ea0d6f96,MYA-L13 Build/HUAWEIMYA-L13 | chrome 66.0 for android
DEV-5212ad79aa32,5054S Build/LMY47V | chrome 61.0 for android
DEV-52138fe04dca,LG-K530 Build/MMB29M | chrome 64.0 for android
DEV-5238d60e9876,Moto G (5) Plus Build/NPN25.137-92 | chrome generic
DEV-523d45da2ea1,iOS Device | iOS 9.3.5 | mobile safari 9.0 | 1136x640
DEV-524a79471a9f,SM-G532M Build/MMB29T | chrome 57.0 for android
DEV-5264301c010f,LG-D680 Build/KOT49I | chrome 64.0 for android
DEV-5281463b2d63,G3313 Build/43.0.A.5.79 | chrome 63.0 for android
DEV-528a4838a017,iOS Device | iOS 11.2.6 | mobile safari generic | 2048x1536
DEV-52bfe751eaf9,Trident/7.0 | Windows 8.1 | ie 11.0 for desktop | 1366x768
DEV-53142e2ffb1d,rv:57.0 | firefox 57.0
DEV-5369967a3d50,SM-G355M Build/KOT49H | chrome generic
DEV-53c8f2bc0e77,iOS Device | iOS 11.1.2 | mobile safari 11.0 | 2208x1242
DEV-53d06f9eb59f,LG-X180g Build/LMY47I | chrome 66.0 for android
DEV-53ff1b740507,Lenovo K33b36 Build/NRD90N | chrome 65.0 for android
DEV-5420b7c66d86,TA-1039 Build/N2G47H | chrome 64.0 for android
DEV-545c6c130a62,rv:48.0 | Mac | firefox 48.0 | 1920x1080
DEV-54775e323839,Nexus 6 Build/N6F27M | chrome 65.0 for android
DEV-547c0cc6544f,SAMSUNG SM-G925F Build/NRD90M | samsung browser 6.2
DEV-548b27249795,D5306 Build/19.4.A.0.182 | chrome 62.0 for android
DEV-54eaaa3d05da,F5121 Build/34.3.A.0.252 | chrome 63.0 for android
DEV-54fbfe1add8f,LG-X240 Build/MRA58K | chrome 66.0 for android
DEV-5559fecd5bb1,LG-X210 Build/LMY47I | chrome 65.0 for android
DEV-55775ad3b912,SAMSUNG SM-G950F Build/R16NW | samsung browser 6.4
DEV-557da1da432c,Mi A1 Build/N2G47H | opera
DEV-557f7980206b,E5803 Build/32.4.A.1.54 | chrome 63.0 for android
DEV-55b61733d0a2,ZTE Blade L5 Build/LMY47I | chrome 60.0 for android
DEV-55b95b18fa13,SM-G935F Build/NRD90M | chrome 62.0 for android
DEV-55c5ede9c59d,SM-N950U Build/NMF26X | Android 7.1.1 | chrome 63.0 for android
DEV-562da2ab79d4,SM-N910V Build/MMB29M | chrome 63.0 for android
DEV-56457cb07503,Moto G Play Build/NPIS26.48-36-5 | chrome 65.0 for android
DEV-564cdc56f60d,SM-J700M Build/MMB29K | chrome 63.0 for android
DEV-56af3d1c99cb,ALE-L23 Build/HuaweiALE-L23 | chrome 43.0 for android
DEV-56ba968bf7d6,Trident/7.0 | Windows 7 | ie 11.0 for desktop
DEV-56c9923d3234,SM-T530 Build/LRX22G | chrome 66.0 for android
DEV-56d8e6a39faa,iOS Device | iOS 10.3.3 | mobile safari generic | 2048x1536
DEV-56ee5b3cbde8,Windows NT 6.1 | ie
DEV-56ef57628fbc,Moto Z2 Play Build/NPSS26.118-19-14 | chrome 63.0 for android
DEV-56f384cb472e,rv:57.0 | Windows 10 | firefox | 1366x768
DEV-5711556d082b,Nexus 6 Build/MOB30M | chrome 65.0 for android
DEV-57127c9e2e01,iOS Device | iOS 11.1.0 | mobile safari 11.0 | 1334x750
DEV-57406ec94bb7,Windows | Windows 7 | chrome 64.0 | 1600x900
DEV-57509585983a,SM-P355M Build/MMB29M | chrome 65.0 for android
DEV-57a8fe9209c6,iOS Device | iOS 11.3.0 | mobile safari generic | 1334x750
DEV-57b70a641c4a,4034G | chrome 64.0 for android
DEV-57f4e293c647,SM-T813 Build/NRD90M | chrome 63.0 for android
DEV-5891524ee0c8,LG-X210 Build/LMY47I | chrome generic
DEV-5898f6114bf4,SM-G928G Build/NRD90M | chrome 63.0 for android
DEV-58b66ae0376b,E5606 Build/30.2.A.1.21 | chrome 64.0 for android
DEV-58b6ee7039da,SM-G925I Build/NRD90M | chrome 65.0 for android
DEV-58c2b645b301,SM-P550 | chrome 66.0 for android
DEV-58d50b8f349a,F3113 Build/33.3.A.1.97 | chrome 62.0 for android
DEV-58ec7833ace4,SM-J701M Build/NRD90M | chrome 60.0 for android
DEV-58f35c012c26,SM-J730GM Build/NRD90M | chrome 58.0 for android
DEV-59233af9c2b0,Windows | Windows 7 | chrome 63.0 | 1366x768
DEV-592a75b17176,SM-A310M Build/LMY47X | chrome 63.0 for android
DEV-593162d1c4fd,Moto E (4) Build/NMA26.42-69 | chrome generic
DEV-5933828a70f2,es-us | android browser 4.0
DEV-59411ae74825,Lenovo K33b36 Build/NRD90N | chrome 63.0 for android
DEV-595158aa98ce,Windows | Windows 10 | chrome 65.0 | 1440x900
DEV-5958b5177373,Windows | Windows 7 | ie 11.0 for desktop | 1440x900
DEV-5973d8faf65a,E6683 | chrome 65.0 for android
DEV-59744f1829eb,MacOS | Mac OS X 10_11_6 | safari generic | 1920x1200
DEV-5985d72d220a,SAMSUNG | Android 6.0.1 | samsung browser 6.2 | 2560x1440
DEV-59cfff5aec7d,HUAWEI RIO-L03 Build/HUAWEIRIO-L03 | chrome 64.0 for android
DEV-5a1c771aca1c,SM-J700M Build/MMB29K | chrome 64.0 for android
DEV-5a2f7ab3e550,SM-G610M Build/MMB29K | chrome 65.0 for android
DEV-5a3806f327ed,SM-G610M Build/NRD90M | chrome 66.0 for android
DEV-5a42a10e11a2,SM-J200H | chrome 63.0 for android
DEV-5a5ca4407d8e,HUAWEI VNS-L23 Build/HUAWEIVNS-L23 | chrome 66.0 for android
DEV-5a803add59b1,LG-K500 Build/MMB29M | chrome 65.0 for android
DEV-5a87828f7a66,HUAWEI VNS-L23 Build/HUAWEIVNS-L23 | chrome generic for android
DEV-5a962fb20f1b,LG-H815 Build/MRA58K | chrome 65.0 for android
DEV-5ab624520bc4,Redmi Note 3 Build/MMB29M | chrome 65.0 for android
DEV-5ae229e9108f,SAMSUNG SM-G610M Build/NRD90M | samsung browser generic
DEV-5ae34efba0af,Hisense F102 Build/NRD90M | chrome 54.0 for android
DEV-5b0025b264ad,Ilium LT520 Build/NRD90M | chrome 64.0 for android
DEV-5b4b13ab986a,XT1058 Build/LPAS23.12-21.7-1 | chrome generic
DEV-5b4cb15f6cba,rv:52.0 | firefox 52.0
DEV-5b6d42505c2a,ALE-L23 Build/HuaweiALE-L23 | chrome 65.0 for android
DEV-5b771c4d3295,Hisense F8 MINI Build/NRD90M | chrome 66.0 for android
DEV-5ba7d5290694,SM-G950F Build/NRD90M | chrome 64.0 for android
DEV-5bbcf199469d,HUAWEI NXT-L09 Build/HUAWEINXT-L09 | chrome generic for android
DEV-5bcad2fcca6b,Windows | Windows 10 | edge 15.0 | 1920x1080
DEV-5bcd3fed970a,Windows | Windows 7 | chrome 63.0 | 1280x800
DEV-5bdc47aadc7d,Moto G (5) Build/NPPS25.137-93-4 | chrome generic
DEV-5c1c1b80edba,MacOS | Mac OS X 10_13_2 | chrome 63.0 | 1920x1080
DEV-5c38cac4cab3,edge 16.0
DEV-5c53cfac2177,6039A Build/LRX22G | chrome 66.0 for android
DEV-5c5e75ec960b,LG-H320 Build/LRX21Y | chrome
DEV-5c6d0857bc0b,iOS Device | iOS 10.3.3 | mobile safari 10.0 | 2048x1536
DEV-5cabf27a9f8f,MHA-L09 Build/HUAWEIMHA-L09 | chrome 64.0 for android
DEV-5cccb63b8436,M4 SS4456 Build/LMY47V | chrome 63.0 for android
DEV-5d2d46a00be0,LG-H500 Build/LRX21Y | chrome 59.0 for android
DEV-5d306ac54f43,TA-1044 Build/OPR1.170623.026
DEV-5d59b9e7440c,rv:55.0 | Windows 7 | firefox 55.0 | 1366x768
DEV-5d8115c68b3f,SM-J700M Build/MMB29K | chrome generic for android
DEV-5d8f3ce35c20,iOS Device | iOS 11.0.0 | mobile safari 11.0 | 1136x640
DEV-5d8fd48da1c9,Windows | Windows Vista | firefox 52.0 | 1152x864
DEV-5ddfe66cd099,SM-A520F Build/NRD90M | chrome 63.0 for android
DEV-5dec71175061,Moto G (4) Build/NPJS25.93-14-13 | chrome 63.0 for android
DEV-5e06b4d52c6b,HTC_One_M8/4.28.502.2
DEV-5e2c194bb2d5,SAMSUNG SM-G531H Build/LMY48B | samsung browser 3.3
DEV-5e369f69a053,TA-1027 Build/OPR1.170623.026 | chrome 66.0 for android
DEV-5e5a8d46793f,google search application 48.0
DEV-5e6720ffef11,LG-K240 Build/MXB48T | chrome 65.0 for android
DEV-5ea55cb59303,Android 4.4.2 | chrome generic
DEV-5f037120b717,BLADE L7 Build/MRA58K | chrome 63.0 for android
DEV-5f348d841487,Blade V580 Build/LMY47D | chrome 65.0 for android
DEV-5f64f32ca9f9,LG-H542 Build/LRX22G | other
DEV-5f76920712f0,SM-J700M Build/LMY48B | chrome 65.0 for android
DEV-5f8d62ec5c34,SM-J327T1 Build/NRD90M | chrome 66.0 for android
DEV-5fb21683e127,MOT-A6020l37 Build/LMY47V | other
DEV-5fc1a9c2eafc,MacOS | Mac OS X 10_12_3 | chrome 62.0 | 1440x900
DEV-5fd8876d6e2e,XT1635-02 Build/NPN26.118-22-2 | chrome generic for android
DEV-602d81ea933f,F3213 Build/36.1.A.1.86 | chrome 65.0 for android
DEV-603b115b285a,SAMSUNG SM-G950F Build/NRD90M | samsung browser generic
DEV-6060ae5a1956,SM-G955U Build/NRD90M | chrome 65.0 for android
DEV-60a349cf565f,Windows | Windows 10 | firefox 57.0 | 1600x900
DEV-60aed487b0bb,5051A Build/MMB29M | chrome 62.0 for android
DEV-60ba253c77e1,LG-K530 Build/NRD90U | chrome 65.0 for android
DEV-60c16feec129,chrome 49.0
DEV-60cafb68d8a6,SGP511 | chrome generic
DEV-6106135f5229,LG-X230 Build/MRA58K | chrome 61.0 for android
DEV-610b6e14721e,XT1650 Build/NPLS26.118-20-5-11 | chrome 64.0 for android
DEV-612c3c050755,SM-G928G | chrome 65.0 for android
DEV-617c01df2be3,Redmi Note 3 Build/MMB29M | chrome 54.0 for android
DEV-619563824fbd,ALCATEL | chrome 62.0 for android
DEV-6198ff9307ef,ALCATEL ONE TOUCH 7042A Build/JDQ39 | chrome 64.0 for android
DEV-619c571df0da,HTC Desire 10 lifestyle Build/MMB29M | chrome 63.0 for android
DEV-61c2a2a8707d,Windows | Windows 10 | chrome 62.0 | 1280x768
DEV-61e08abb8984,MacOS | Mac OS X 10_12_5 | safari generic | 2560x1440
DEV-6243a47c0231,LG-D373 | chrome 64.0 for android
DEV-6264d7bb8019,Redmi 4X Build/N2G47H | chrome 65.0 for android
DEV-628ee8acf832,F5321 Build/34.3.A.0.238 | chrome 65.0 for android
DEV-62bf4ca4513c,Moto G (5) Build/NPP25.137-72 | chrome generic
DEV-62cdbc43e0ef,iOS Device | iOS 11.2.1 | mobile safari 11.0 | 2732x2048
DEV-62f5a2124473,MacOS | Mac OS X 10_11_6 | safari generic | 1366x768
DEV-62f9eb2e4d42,LG-D331 Build/LRX22G | chrome 60.0 for android
DEV-63681b4ed2f4,Moto G Play Build/MPIS24.241-15.3-26 | chrome 64.0 for android
DEV-637ce2e6acc2,Mi A1 Build/N2G47H | chrome 64.0 for android
DEV-63de5e045017,MacOS | Mac OS X 10_13_4 | safari generic | 1440x900
DEV-6452f353b905,SAMSUNG SM-G610M Build/MMB29K | samsung browser 4.0
DEV-648900dca7c1,TA-1025 Build/OPR1.170623.026 | chrome 66.0 for android
DEV-648a3448a6df,GT-I9060M Build/KTU84P | chrome 61.0 for android
DEV-64a9617c0432,SAMSUNG-SM-G935A Build/NRD90M | Android 7.0 | chrome 62.0 for android | 1920x1080
DEV-64a9efef5b15,VerykoolS5030 | chrome 61.0 for android
DEV-64b67d76a9ca,rv:46.0 | Windows 7 | firefox | 1920x1080
DEV-6522e7265cef,iOS Device | iOS 10.2.1 | mobile safari 10.0 | 2048x1536
DEV-652db688b859,BLL-L23 Build/HUAWEIBLL-L23 | other
DEV-6552ac9f4f4a,MacOS | Mac OS X 10_13_1 | chrome 65.0 | 2880x1800
DEV-656fa8a1805f,Windows | Windows 10 | chrome 62.0 | 2736x1824
DEV-658fcb548b5c,LGMS428 | chrome 65.0 for android
DEV-65a6dd562568,Moto G (5) Plus Build/NPN25.137-72 | chrome generic
DEV-65b2a542fcee,HUAWEI VNS-L53 Build/HUAWEIVNS-L53 | chrome 63.0 for android
DEV-65b68269d339,iOS Device | iOS 11.2.1 | mobile safari generic | 1136x640
DEV-65e6d6707c7e,E6553 | chrome 66.0 for android
DEV-66920ea2ca07,Blade A465 Build/LMY47D | chrome 66.0 for android
DEV-669582ce9936,hi6210sft Build/MRA58K | chrome 65.0 for android
DEV-66b7e7f3eb47,Ilium L1120 Build/NRD90M | chrome 65.0 for android
DEV-66d2db6b1905,SM-G955F Build/NRD90M | chrome 66.0 for android
DEV-66dd3ce644cd,SM-J700M Build/LMY48B | chrome 51.0 for android
DEV-66e6904f84e3,SM-G930P Build/NRD90M | chrome 65.0 for android
DEV-66fc723139f9,BLADE A520 Build/NRD90M | chrome 55.0 for android
DEV-6713b1867459,Joy | android webview 4.0
DEV-6724bb911f29,MotoE2(4G-LTE | chrome 66.0 for android
DEV-672dab38eb05,rv:11.0 | ie 11.0 for desktop
DEV-67328b86385b,F3313 Build/37.0.A.2.108 | chrome 61.0 for android
DEV-6761da3e243e,LG-K580 Build/MRA58K | chrome 61.0 for android
DEV-6776bd03bcac,Ilium LT510 Build/MRA58K | chrome 57.0 for android
DEV-67a028669559,TA-1038 | chrome 63.0 for android
DEV-67d0429fb673,MYA-L13 Build/HUAWEIMYA-L13 | chrome 63.0 for android
DEV-67d16297c532,BLADE A520 Build/NRD90M | chrome 62.0 for android
DEV-67f897b75eb7,LG-D693n Build/LRX22G | chrome 64.0 for android
DEV-683b600c471e,LG-H872 Build/NRD90U | Android 7.0 | chrome generic for android | 2672x1440
DEV-683ba6127720,XT1032 Build/KXB21.14-L1.40 | chrome generic
DEV-684c9187e21f,rv:11.0 | Windows 7 | ie 11.0 for desktop
DEV-68864c6e1378,LG-X240 Build/MRA58K | chrome generic for android
DEV-68c868072fa0,RCT6223W87 | chrome generic for android
DEV-68cea5d8b7b1,CRO-L03 Build/HUAWEICRO-L03 | chrome 66.0 for android
DEV-68d2c48fa6d3,SAMSUNG SM-J701M Build/NRD90M | samsung browser 6.2
DEV-6904e8c2dc44,Trident/7.0 | Windows 10 | ie 11.0 for desktop | 1600x900
DEV-691d6064838e,SM-G318ML | chrome generic
DEV-691e087a904c,safari generic | 2048x1536
DEV-695e389a15fb,LG-K410 Build/LRX22G | chrome 64.0 for android
DEV-6963f03a5fdf,LG-D680 Build/KOT49I | chrome 66.0 for android
DEV-69bf4c5f112d,E5506 Build/29.1.A.0.101 | chrome 49.0 for android
DEV-6a881cd69b13,Windows | firefox 58.0
DEV-6aaf430f8ebc,SM-G935F Build/NRD90M | chrome 66.0 for android
DEV-6b04eb235382,LG-M710 Build/NRD90U | chrome 64.0 for android
DEV-6b1b0c8ade88,M4 SS4453 Build/MMB29M | chrome 62.0 for android
DEV-6b245885642f,Windows | firefox 57.0
DEV-6b24b201b4da,LG-K530 Build/MMB29M | chrome 63.0 for android
DEV-6b58650d1c38,iOS Device | iOS 11.3.0 | mobile safari generic | 2436x1125
DEV-6b5b8fbe3f46,SM-A510M Build/NRD90M | chrome 62.0 for android
DEV-6b5e8b009718,MacOS | Mac OS X 10_13_1 | safari generic | 5120x2880
DEV-6b6e8509e990,S57 Build/KTU84P | chrome generic
DEV-6b7b059bfe5e,E2306 Build/26.1.A.3.111 | chrome 64.0 for android
DEV-6baa56ee8153,firefox 59.0
DEV-6bb1e12b25c9,BLADE V8 SE Build/NRD90M | chrome 64.0 for android
DEV-6bd5a3a82103,RCT6773W22B | chrome 63.0 for android
DEV-6becaec9b979,SM-G570M Build/NRD90M | chrome 66.0 for android
DEV-6c017ee78b2a,LG-TP450 Build/NRD90U | chrome 63.0 for android
DEV-6c199d1ee120,SAMSUNG SM-G935F Build/NRD90M | samsung browser 6.4
DEV-6c22c8a54237,Hisense F20 Build/MMB29M | chrome 58.0 for android
DEV-6c6c9fcc2144,LG-F400K | chrome generic
DEV-6c6f3891f647,SM-G900M Build/LRX21T | chrome 65.0 for android
DEV-6c77da358007,iOS Device | iOS 10.2.1 | mobile safari 10.0 | 2001x1125
DEV-6c8b680f3f0d,Windows | Windows 7 | chrome 62.0 | 1366x768
DEV-6c8daca494e0,BLL-L23 Build/HUAWEIBLL-L23 | chrome 62.0 for android
DEV-6cc91bf8179a,SM-A710M Build/NRD90M | chrome generic for android
DEV-6ce7d86f4ce4,Windows | chrome 65.0
DEV-6cf5fb10ff5f,ALUMINI | chrome 43.0 for android
DEV-6d02a590c742,SM-J510MN Build/MMB29M | chrome 56.0 for android
DEV-6d0bcec04939,Linux | chrome 65.0 | 1366x768
DEV-6d1893c4b654,XT1021 Build/KXC21.5-40 | chrome 62.0 for android
DEV-6d1d6c549d8d,rv:11.0 | Windows 7 | ie 11.0 for desktop | 3440x1440
DEV-6d239d21d3e4,HUAWEI VNS-L53 Build/HUAWEIVNS-L53 | chrome 60.0 for android
DEV-6d35bf607996,Windows | Windows 10 | chrome 66.0 | 1920x1080
DEV-6d417deb6871,Trident/7.0 | Windows 10 | ie 11.0 for desktop
DEV-6d473a2b8a0b,Lenovo A2016b30 Build/MRA58K | chrome 62.0 for android
DEV-6d4fbb22d1cf,LG-X240 Build/MRA58K | chrome 63.0 for android
DEV-6d7e5ab7e858,HTC Desire 10 lifestyle Build/MMB29M | chrome 60.0 for android
DEV-6dc1bb92ffe8,MacOS | Mac OS X 10_12_6 | safari generic | 2560x1600
DEV-6dc2e0c7df49,HUAWEI Y625-U13 Build/HUAWEIY625-U13 | chrome 56.0 for android
DEV-6df23896d48d,MacOS | Mac OS X 10_10_5 | safari generic | 1440x900
DEV-6e0942460dbf,rv:51.0 | Windows 8.1 | firefox | 1920x1080
DEV-6e19fc6e8ec8,SAMSUNG | samsung browser 4.0
DEV-6e1db9a3949f,M4 SS4456 Build/LMY47V | chrome generic
DEV-6e4460c13fd3,SAMSUNG SM-G900M Build/LRX21T | chrome generic
DEV-6e9377b7c777,Lenovo K33b36 Build/NRD90N | chrome generic for android
DEV-6ed3b16f6660,Moto E (4) Build/NMA26.42-69 | chrome 66.0 for android
DEV-6eed1f3a9c1a,LDN-LX3 Build/HUAWEILDN-LX3 | chrome 66.0 for android
DEV-6f154eb71bba,G3223 Build/42.0.A.4.101 | chrome 64.0 for android
DEV-6f18dcd54246,SAMSUNG SM-A720F Build/NRD90M | samsung browser 6.2
DEV-6f201319974a,SM-J700M Build/MMB29K | chrome 61.0 for android
DEV-6f8ed9a6eae1,Windows | Windows 7 | ie 11.0 for desktop | 1680x1050
DEV-6fad088eac84,LG-M700 Build/NMF26X | chrome 63.0 for android
DEV-6fb9c2c2e4e9,BAC-L03 Build/HUAWEIBAC-L03 | chrome generic for android
DEV-6fbbf17d9fb8,SM-A320Y Build/NRD90M | chrome generic for android
DEV-6fc5655a6cb4,BLL-L23 Build/HUAWEIBLL-L23 | chrome generic for android
DEV-6fe569f4dd5a,Linux i686 | firefox 47.0
DEV-6fe7fd168ac5,SAMSUNG SM-G950U Build/NRD90M | Android 7.0 | samsung browser 6.4 | 2220x1080
DEV-6feda84dcc26,opera
DEV-70031a124803,BLU ENERGY X PLUS Build/LRX21M | chrome 66.0 for android
DEV-7042ebc46859,Blade A510 Build/MRA58K | chrome 49.0 for android
DEV-705a12fe0e1f,8050G Build/LMY47I | chrome 56.0 for android
DEV-70612a0b4154,SAMSUNG SM-J710MN Build/MMB29K | samsung browser 6.4
DEV-706fcf3a7f43,GT-S7275B | chrome 64.0 for android
DEV-7080b4d1be5c,SAMSUNG | chrome generic
DEV-708bf1ad6b4c,LG-M700 Build/NMF26X | chrome 65.0 for android
DEV-709674def290,Trident/7.0 | Windows 10 | ie 11.0 for desktop | 1440x900
DEV-70af8e35d948,LG-D693n Build/LRX22G | chrome 58.0 for android
DEV-70d6a516dbb2,SM-P350 Build/MMB29M | chrome 65.0 for android
DEV-70f00a913ee7,G3313 Build/43.0.A.7.25 | chrome 65.0 for android
DEV-70fe437d1b73,SLA-L03 Build/HUAWEISLA-L03 | chrome 63.0 for android
DEV-711835bdb344,TRT-L53 Build/HUAWEITRT-L53 | chrome 66.0 for android
DEV-7148d722fb3b,B3-A40 | chrome 64.0 for android
DEV-71a753c629ee,4013M Build/KOT49H | chrome
DEV-71b134e8bbf9,F5321 Build/34.3.A.0.238 | chrome 63.0 for android
DEV-71b90f464285,Build/OPR6.170623.013
DEV-71c1c333d0f1,SM-J320M Build/LMY47V | chrome 62.0 for android
DEV-71c86b2aa7e7,E5606 | chrome 62.0 for android
DEV-71cdbd6dd93d,XT1032 Build/LPBS23.13-56-2 | chrome 66.0 for android
DEV-71d582eb70eb,HUAWEI VNS-L53 Build/HUAWEIVNS-L53 | chrome 61.0 for android
DEV-71dae678752d,Hisense F23 Build/NRD90M | chrome 63.0 for android
DEV-71ed1124b404,chrome 65.0
DEV-71edee8b67e8,TA-1039 Build/N2G47H | chrome generic for android
DEV-71effe6fd24f,SM-S727VL Build/MMB29M | chrome 64.0 for android
DEV-72038ac6b84a,SM-G610M Build/MMB29K | chrome generic for android
DEV-721fd3a309a4,Moto G Play Build/MPIS24.241-15.3-7 | chrome 50.0 for android
DEV-7221aa5396c2,Ilium LT510 Build/MRA58K | chrome 61.0 for android
DEV-724d8e66c382,M4 SS4457 Build/MRA58K | chrome 65.0 for android
DEV-725a4373dcfb,M4 SS4452 Build/LMY47V | other
DEV-72b76c66b635,Ilium L610 Build/MRA58K | chrome 63.0 for android
DEV-72f915f4b6b1,iOS Device | iOS 10.3.1 | mobile safari 10.0 | 2208x1242
DEV-72fe528495f9,XT1032 Build/LPBS23.13-56-2 | chrome 62.0 for android
DEV-730d288e48ba,Windows | Windows 10 | firefox 59.0 | 1600x900
DEV-731ddc767f94,E2306 Build/26.3.A.1.33 | chrome 57.0 for android
DEV-739aa4a9ac62,SAMSUNG SM-A520F Build/NRD90M | samsung browser 5.2
DEV-739b172d4422,iOS Device | iOS 11.1.2 | mobile safari generic | 2048x1536
DEV-739fbd614ee5,Mi A1 Build/OPR1.170623.026
DEV-73a106cd57a9,MacOS | Mac OS X 10_11_6 | chrome 66.0 | 2880x1800
DEV-73a60baa49cc,safari 9.0
DEV-73db330d2e22,F3213 Build/36.1.A.1.86 | chrome 66.0 for android
DEV-73dbe696f91a,Moto G (5) Plus Build/NPN25.137-92 | android webview 4.0
DEV-73e721af1e8a,LG-K500 Build/MMB29M | chrome 64.0 for android
DEV-74063e286cf8,iOS Device | iOS 11.2.1 | mobile safari 11.0 | 2001x1125
DEV-740fb9a2e12a,Windows | Windows 8.1 | chrome 62.0 | 1366x768
DEV-742a784530e7,XT1580 | chrome 56.0 for android
DEV-747af5ebba1f,E5306 Build/27.3.A.0.165 | chrome 64.0 for android
DEV-74b504b10953,5080A Build/MRA58K | chrome 63.0 for android
DEV-753c2ec04308,5080A Build/MRA58K | chrome 65.0 for android
DEV-754e6a2fc723,SM-J700M Build/LMY48B | chrome 60.0 for android
DEV-7578648e5345,Ilium L1120 Build/NRD90M | chrome 60.0 for android
DEV-759791a02333,GT-I9060M Build/KTU84P | chrome
DEV-75b315e020e5,SM-A300H Build/LRX22G | chrome 63.0 for android
DEV-75d9597ab930,LG-X210 Build/LMY47I | chrome 62.0 for android
DEV-75eead743a13,Lenovo | chrome 62.0 for android
DEV-760007dbf4ea,TRT-L53 Build/HUAWEITRT-L53 | chrome 63.0 for android
DEV-7607cbdc82a6,LG-H542 Build/MRA58K | chrome 54.0 for android
DEV-7665dab23c6e,Mi A1 Build/OPR1.170623.026 | chrome 66.0 for android
DEV-7675697f42db,LGMS550 Build/NRD90U | chrome 66.0 for android
DEV-76b49b26e291,Kylin | chrome 65.0 for android
DEV-76edf229e1d4,F8331 Build/41.2.A.7.76 | chrome 63.0 for android
DEV-76fefe21a75e,Hisense U963 Build/MRA58K | chrome 66.0 for android
DEV-77038823b885,SAMSUNG SM-G950F Build/R16NW | samsung browser 7.0
DEV-773587c0071b,SAMSUNG SM-G610M Build/MMB29K | samsung browser generic
DEV-773e5e23135d,SM-A500M Build/KTU84P | chrome 66.0 for android
DEV-776664b0f65f,MacOS | Mac OS X 10_10_5 | chrome generic | 1366x768
DEV-776df0f89e8b,HTC Desire 530 Build/MMB29M | chrome 66.0 for android
DEV-77798c392dd9,7_Plus | android webview 4.0
DEV-77aab10dc18c,Windows | chrome 58.0
DEV-77aec2227afd,Windows | Windows 7 | chrome 63.0 | 1600x900
DEV-77b400517676,SM-J100VPP Build/LMY48B | Android 5.1.1 | chrome 63.0 for android | 801x480
DEV-77c868f63f96,iOS Device | iOS 10.2.1 | mobile safari 10.0 | 1334x750
DEV-7835143cde8a,SM-G950F Build/NRD90M | chrome 63.0 for android
DEV-78359dfc9613,Lenovo-A6020l36 Build/LMY47V | other
DEV-783727a9495b,BLADE V8 SE Build/NRD90M | chrome 63.0 for android
DEV-785145cedac2,MacOS | Mac OS X 10_10_5 | safari generic | 1280x800
DEV-785b0ffa3bec,LG-H840 Build/NRD90U | chrome generic for android
DEV-786142ff1ea7,Windows | chrome 60.0
DEV-789041dd9052,F3313 Build/37.0.A.2.108 | chrome 62.0 for android
DEV-78ac083833f0,MacOS | Mac OS X 10_12_6 | chrome 63.0 | 1920x1080
DEV-78c0373c029c,LG-X240 Build/MRA58K | chrome 64.0 for android
DEV-78e30af81c94,iOS Device | iOS 10.3.1 | mobile safari 10.0 | 2048x1536
DEV-794073bebbc9,SM-A310M Build/LMY47X | chrome 65.0 for android
DEV-79462b5d80d8,Moto E (4) Plus Build/NMA26.42-69 | chrome generic
DEV-79c34e71307e,rv:35.0 | firefox
DEV-79fb7dd5ec84,RNE-L03 Build/HUAWEIRNE-L03 | chrome generic for android
DEV-79ff4e0cfdb2,Moto G (5) Build/NPPS25.137-15-11 | chrome generic
DEV-7a143ab6b216,iOS Device | iOS 11.2.1 | mobile safari 11.0 | 2048x1536
DEV-7a368e002eb6,TRT-L53 Build/HUAWEITRT-L53 | chrome 64.0 for android
DEV-7a416f8a6782,Blade A460 Build/LMY47O | chrome 64.0 for android
DEV-7a9ea9734f2b,SAMSUNG-SGH-I337 Build/KOT49H | chrome 62.0 for android
DEV-7abbd8604530,Windows | Windows 7 | chrome 66.0 | 1366x768
DEV-7ad706662059,HTC U11 Build/NMF26X | chrome 62.0 for android
DEV-7ad92cd9a03e,Z835 Build/NMF26V | Android 7.1.1 | chrome 56.0 for android | 855x480
DEV-7b03c9b8d668,SM-G530H Build/LRX22G | chrome 62.0 for android
DEV-7b0dd5979117,MacOS | Mac OS X 10_10_5 | safari 10.0 | 1920x1080
DEV-7b144c644c38,HUAWEI | chrome 62.0 for android
DEV-7b1c619b00a0,LG-H542 Build/MRA58K | chrome 61.0 for android
DEV-7b338467d2b7,Windows | Windows 10 | edge 16.0 | 1366x767
DEV-7b44fb791c77,AX1060 | chrome 65.0 for android
DEV-7b517a8dce20,MacOS | Mac OS X 10_11_6 | chrome 63.0 | 1600x900
DEV-7b6f8c0e771e,HUAWEI TAG-L13 Build/HUAWEITAG-L13 | chrome 62.0 for android
DEV-7b7166a58cbc,CHC-U03 Build/HuaweiCHC-U03 | chrome 63.0 for android
DEV-7b7505845a23,Moto G (5S | chrome generic
DEV-7b7e1330fe83,XT1063 Build/MPB24.65-34 | chrome 64.0 for android
DEV-7b90b816fec7,HUAWEI Y520-U03 Build/HUAWEIY520-U03 | chrome 63.0 for android
DEV-7baaf078b90c,SM-G950U Build/R16NW | Android 8.0.0 | chrome generic for android | 2220x1080
DEV-7bd508804d74,TA-1028 Build/O00623 | chrome 66.0 for android
DEV-7c19aa9717bf,AX1070 | chrome 63.0 for android
DEV-7c26edf6997a,Pixel 2 Build/OPM1.171019.011 | Android 8.1.0 | chrome 63.0 for android
DEV-7c314f74b06d,MHA-L09 Build/HUAWEIMHA-L09 | chrome generic for android
DEV-7c4770b08a2f,Max | android webview 4.0
DEV-7c4b26887ced,iOS Device | iOS 11.1.2 | mobile safari 11.0 | 2048x1536
DEV-7c64ca1fa769,Moto G (4) Build/NPJS25.93-14-10 | chrome generic
DEV-7c72a9bbadd4,SM-J730G Build/NRD90M | chrome 64.0 for android
DEV-7c76f42c571e,Windows | Windows 10 | chrome 66.0 | 1680x1050
DEV-7caf8edcc094,LG-H840 Build/NRD90U | chrome 63.0 for android
DEV-7cb60f489069,Moto G (5) Build/NPP25.137-93 | chrome generic
DEV-7cc890dd8e85,HTC Desire 10 lifestyle Build/MMB29M | chrome generic for android
DEV-7cdc7c9bdf23,C6906 | chrome 65.0 for android
DEV-7ced8d8d85cd,LG-X180g Build/LMY47I | chrome 65.0 for android
DEV-7d1e1f5a152b,Ilium L910 Build/MRA58K | chrome 62.0 for android
DEV-7d83288628d6,MacOS | Mac OS X 10_12_6 | safari generic | 1280x800
DEV-7da46aaf203b,Windows | chrome 67.0
DEV-7dd25a5c738a,SM-G610M Build/NRD90M | chrome 65.0 for android
DEV-7ded8d2049c8,Tab2A7-10F | chrome 63.0 for android
DEV-7e1d781f045d,iOS Device | iOS 11.2.6 | mobile safari generic | 1334x750
DEV-7e60b01a90ea,EVA-L09 Build/HUAWEIEVA-L09 | chrome 64.0 for android
DEV-7e70a176a807,LG-K410 Build/LRX22G | chrome 65.0 for android
DEV-7e8b9d42734e,LG-K200 Build/MXB48T | chrome 65.0 for android
DEV-7eebe4b0e854,CRO-L03 Build/HUAWEICRO-L03 | chrome 62.0 for android
DEV-7ef9e20fc3c4,Moto | chrome generic
DEV-7efe2a375e54,SAMSUNG SM-G610M Build/MMB29K | samsung browser 6.2
DEV-7f573b1360c2,Linux | chrome 65.0 | 2560x1440
DEV-7fa13eae66ec,5056A Build/MMB29M | chrome 64.0 for android
DEV-7fbaca3876a3,SM-J701M Build/NRD90M | chrome 66.0 for android
DEV-7fc9d702c6e1,HUAWEI RIO-L03 Build/HUAWEIRIO-L03 | chrome 62.0 for android
DEV-7fd67f824d0e,SAMSUNG | samsung browser generic
DEV-7fdaedf604a6,MotoE2(4G-LTE | chrome generic
DEV-7fedff9d1e7d,F3113 Build/33.3.A.1.97 | chrome 64.0 for android
DEV-8003bbe074c4,LG-H990 Build/NRD90M | chrome 64.0 for android
DEV-8010f6569b63,Hisense L675 Build/MRA58K | chrome 55.0 for android
DEV-8018d19b3765,Windows | Windows 7 | chrome 63.0 | 1280x720
DEV-801fb650c95a,Blade A510 Build/MRA58K | chrome 63.0 for android
DEV-80219e279f62,ILIUM | chrome 57.0 for android
DEV-8029c6895e3f,Trident/7.0 | Windows 7 | ie 11.0 for desktop | 1920x1080
DEV-80649f34a171,SM-J510MN Build/MMB29M | chrome 61.0 for android
DEV-806b4251f82b,Windows | Windows 7 | chrome 63.0 | 2048x1152
DEV-808716bebccb,SM-G925I Build/NRD90M | chrome 63.0 for android
DEV-809c54784842,Lenovo K33b36 Build/MMB29M | chrome 62.0 for android
DEV-809cf85b97a6,verykools5004 | chrome
DEV-80a3efedab95,Windows | Windows 10 | edge 15.0 | 1600x900
DEV-80b4cd6eec94,Windows | ie 11.0 for desktop
DEV-80c0e7f54ba1,SM-G900V | chrome 62.0 for android
DEV-80ccf587da01,ALCATEL ONE TOUCH 7047A Build/JDQ39 | chrome 51.0 for android
DEV-80f6c1b33239,LG-M700 Build/NMF26X | chrome 64.0 for android
DEV-80f74655c580,MacOS | Mac OS X 10_13_1 | chrome 62.0 | 1920x1080
DEV-811d88093646,XT1635-02 Build/NPN26.118-22-2 | chrome 63.0 for android
DEV-814674078ac4,MacOS | Mac OS X 10_11_6 | chrome 66.0 | 1920x1080
DEV-8165f2bebc4a,SM-G532M Build/MMB29T | chrome 64.0 for android
DEV-81cc2863129c,SM-N950F Build/NMF26X | chrome 64.0 for android
DEV-81d6fff366e3,HUAWEI VNS-L23 Build/HUAWEIVNS-L23 | chrome 65.0 for android
DEV-820fdfcfda81,RNE-L03 Build/HUAWEIRNE-L03 | chrome 66.0 for android
DEV-82357693f902,G630-U251 | chrome
DEV-8256edbea9c3,Blade L5 Build/LMY47I | chrome 61.0 for android
DEV-825b97aefbf9,HTCD160LVWPP | chrome 65.0 for android
DEV-8298d8757284,SM-J730GM Build/NRD90M | chrome 63.0 for android
DEV-831c725c6af5,SM-J701M Build/NRD90M | chrome 64.0 for android
DEV-83229aa9e220,D5306 | chrome generic
DEV-8343a6c74241,Linux x86_64 | firefox 47.0
DEV-835f70858bd0,chrome 64.0
DEV-838fbc35b11e,HUAWEI Y520-U03 Build/HUAWEIY520-U03 | chrome 65.0 for android
DEV-83afe3d4660d,F5121 Build/34.3.A.0.238 | chrome generic for android
DEV-83b7e344b83f,SM-G570M Build/MMB29K | chrome 66.0 for android
DEV-83d6311e87d4,mobile
DEV-8401996c6a56,Android 6.0 | android webview 4.0
DEV-8409c779dada,LG-H840 Build/NRD90U | chrome 65.0 for android
DEV-8426c95ac577,SAMSUNG SM-G925P Build/MMB29K | samsung browser 6.2
DEV-8438f9532e6d,SAMSUNG SM-G928G Build/NRD90M | samsung browser 6.4
DEV-843cf9e9843e,rv:60.0 | Mac OS X 10.11 | firefox 60.0 | 1366x768
DEV-844f701c865a,Linux x86_64 | firefox 59.0
DEV-8457d431b2c4,SM-A720F Build/NRD90M | chrome 64.0 for android
DEV-846c0fba3638,Ilium X520 Build/NRD90M | Lanix/Ilium
DEV-847cda64d060,SM-T825 Build/NRD90M | chrome 63.0 for android
DEV-84836722cadd,Windows | firefox generic
DEV-848edc2bc56e,SM-G720AX | chrome 63.0 for android
DEV-8499a625427a,SM-G570M Build/MMB29K | chrome 65.0 for android
DEV-84a16d49b2ef,Windows | Windows 7 | 1440x900
DEV-84a46e4ab63c,LG-X180g Build/LMY47I | chrome generic
DEV-84adea10f0e8,LG-H542 Build/MRA58K | chrome 62.0 for android
DEV-84af79d8e7e0,Linux x86_64 | firefox 60.0
DEV-84c447a9f6f3,RNE-L03 Build/HUAWEIRNE-L03 | chrome 65.0 for android
DEV-84de9782caec,SM-G610M Build/NRD90M | chrome generic for android
DEV-84ef09c0e00e,LG-P714 | chrome 59.0 for android
DEV-850156bd3f1f,Techpad | chrome 66.0 for android
DEV-8538a9d73070,LGMS550 Build/MXB48T | chrome 55.0 for android
DEV-853e3e023a47,BLU ENERGY X PLUS Build/LRX21M | chrome 64.0 for android
DEV-855165849742,Windows | Windows 7 | chrome 61.0 | 1366x768
DEV-8555ead3b319,SM-G925I Build/MMB29K | chrome 65.0 for android
DEV-855c0399bf8e,rv:11.0 | Windows 7 | ie 11.0 for desktop | 1920x1080
DEV-8586c478a6d5,BAC-L03 Build/HUAWEIBAC-L03 | chrome 64.0 for android
DEV-859178e780bc,ASUS_Z00AD Build/LRX21V | chrome 63.0 for android
DEV-85e5f14b45c9,MYA-L13 Build/HUAWEIMYA-L13 | other
DEV-86104a562bd8,MacOS | Mac OS X 10_13_1 | chrome 62.0 | 1440x900
DEV-861c8acece2d,HTC Desire 650 Build/MMB29M | chrome 56.0 for android
DEV-862676bfacb6,SM-N9005 Build/LRX21V | chrome 61.0 for android
DEV-86524c6e9880,Ilium L620 Build/NRD90M | chrome 63.0 for android
DEV-867d2348b28e,rv:59.0 | Mac OS X 10.13 | firefox 59.0 | 2880x1800
DEV-870eb54a8860,ILIUM | chrome
DEV-87130c7ab836,SAMSUNG SM-N950U Build/NMF26X | Android 7.1.1 | samsung browser 6.2
DEV-87134352a6ee,5054S Build/LMY47V | chrome 56.0 for android
DEV-8760b5fd8cc2,SAMSUNG SM-J500M Build/MMB29M | samsung browser 6.4
DEV-8779dee56a44,SM-G955F Build/NRD90M | chrome 64.0 for android
DEV-878761f6899e,AX820 Build/MRA58K | chrome 54.0 for android
DEV-87d5eb526d12,Moto G (5) Plus Build/NPNS25.137-92-4 | chrome generic
DEV-87e9dc47fa69,E2306 Build/26.1.A.3.111 | chrome 66.0 for android
DEV-884becea9af1,chrome 63.0
DEV-8855f2646994,5012G Build/MRA58K | chrome 62.0 for android
DEV-88d204477efd,XT1053 Build/LPAS23.12-21.7-1 | chrome 64.0 for android
DEV-8921c168c47f,LG-X180g Build/LMY47I | chrome 46.0 for android
DEV-892c7c81f09b,Lenovo PB2-650Y Build/MRA58K | chrome 63.0 for android
DEV-893707f291bc,XT1032 Build/LPBS23.13-56-2 | chrome 63.0 for android
DEV-893c17a9e418,5085B Build/MRA58K | chrome 63.0 for android
DEV-893fdf6d1055,Windows | Windows 8.1 | chrome 62.0 | 1600x900
DEV-89464c811203,SAMSUNG SM-P580 Build/NRD90M | samsung browser 6.4
DEV-8946e84317ba,P5026A | chrome generic for android
DEV-894ca482312e,LG-H500 Build/LRX21Y | chrome 62.0 for android
DEV-896d917590d4,M4 SS4458 Build/MMB29M | chrome 65.0 for android
DEV-8974e99de2e8,SM-J105B Build/LMY47V | chrome 65.0 for android
DEV-8994be66f7cd,Blade V6 Plus Build/MRA58K | chrome generic for android
DEV-89add5e68917,LG-H500 Build/LRX21Y | chrome 65.0 for android
DEV-89d6031f5810,rv:58.0 | Generic/Android 7.0
DEV-89fc7c72b45a,BLADE A520 Build/NRD90M | chrome 63.0 for android
DEV-8a2fb46cd6a0,SM-G570M Build/MMB29K | chrome 56.0 for android
DEV-8ab1779448ef,SAMSUNG-SM-J320A Build/MMB29K | chrome 66.0 for android
DEV-8ad1a2da0ee4,5011A Build/NRD90M | chrome 65.0 for android
DEV-8ae0e65b00c6,iOS Device | iOS 11.2.6 | mobile safari generic | 2436x1125
DEV-8b0bb2e928d4,SM-G955U Build/NRD90M | Android 7.0 | chrome 62.0 for android
DEV-8b6125af349c,XT1064 Build/MPB24.65-34-3 | chrome 65.0 for android
DEV-8b8b9e8385cd,EGO | chrome 63.0 for android
DEV-8baa8e1840de,TRT-L53 Build/HUAWEITRT-L53 | samsung browser 6.2
DEV-8bc6aec3f4d9,HTC Desire 626s Build/LMY47O | chrome 61.0 for android
DEV-8bd9e7489fd8,WAS-LX3 Build/HUAWEIWAS-LX3 | chrome 66.0 for android
DEV-8c06db0acf03,SAMSUNG | samsung browser 6.4
DEV-8c1392f1f672,5012G Build/MRA58K | chrome 64.0 for android
DEV-8c1e0ff5b3f2,Moto G Play Build/MPIS24.241-15.3-7 | chrome 64.0 for android
DEV-8c1f64f6607d,Minion_Tab | Inco/Minion
DEV-8c4424e4d5bb,HTC Desire 650 Build/MMB29M | chrome 65.0 for android
DEV-8c5df5acf082,Moto C Plus Build/NRD90M.05.034 | chrome 64.0 for android
DEV-8c96a69cd283,SAMSUNG SM-G610M Build/NRD90M | samsung browser 5.4
DEV-8c9caa34c7c9,MacOS | Mac OS X 10_12_3 | safari generic | 1440x900
DEV-8d1e3f9c6c83,SAMSUNG SM-J510MN Build/MMB29M | samsung browser 5.4
DEV-8d2424658429,SM-A510M Build/MMB29K | chrome 58.0 for android
DEV-8d3c633f330e,Techpad | chrome 64.0 for android
DEV-8d5075d97e7c,SM-J510MN Build/MMB29M | chrome 65.0 for android
DEV-8d63964cc5bb,SM-G925I Build/NRD90M | chrome 64.0 for android
DEV-8db30da8f06d,E6603 Build/32.4.A.1.54 | chrome 63.0 for android
DEV-8dca85d9cff1,Moto G (4) Build/NPJ25.93-14.7 | chrome 66.0 for android
DEV-8dcf18dc1663,Joy | chrome 64.0 for android
DEV-8dcfee085201,HTC Desire 10 lifestyle Build/MMB29M | chrome 51.0 for android
DEV-8ddd6b3be76f,MacOS | Mac | chrome 63.0 | 1440x900
DEV-8e0955e81b80,SM-E500M Build/KTU84P | chrome 63.0 for android
DEV-8e39383c1466,Moto E (4) Build/NMA26.42-11-3 | chrome generic
DEV-8f0591bcc2c4,Trident/7.0 | Windows 7 | ie 11.0 for desktop | 1680x1050
DEV-8f1c9994ca1e,Windows | Windows 10 | chrome 58.0 | 1280x1024
DEV-8f28584cc1a9,SM-J710MN Build/MMB29K | chrome 63.0 for android
DEV-8f2bbfd9ae8e,Windows | Windows 10 | edge 14.0
DEV-8f2de1a23769,SM-J320M Build/LMY47V | chrome 55.0 for android
DEV-8f95c5228566,Lenovo K33b36 Build/NRD90N | chrome 64.0 for android
DEV-8f9e4ec932b1,SLA-L03 Build/HUAWEISLA-L03 | chrome 64.0 for android
DEV-8fa19bcc2b7d,F3213 Build/36.1.A.1.86 | chrome 64.0 for android
DEV-8ff490a13c6e,Lenovo K33b36 Build/MMB29M | chrome 65.0 for android
DEV-8ff875ef2f50,Windows | firefox 52.0
DEV-9003a1e70f84,MacOS | Mac OS X 10_9_5 | chrome 63.0 | 1280x800
DEV-901edff82ee9,SM-J730GM Build/NRD90M | chrome 62.0 for android
DEV-902efed8cfc5,Ilium X510 Build/MRA58K | chrome 55.0 for android
DEV-90440362ff9d,SAMSUNG SM-G610M Build/MMB29K | samsung browser 6.4
DEV-90c4ec4cfe57,MacOS | Mac OS X 10_11_6 | chrome 64.0 | 1440x900
DEV-90ef0a3a13fc,SM-J320M Build/LMY47V | chrome 63.0 for android
DEV-90f192cef495,H1711 Build/HUAWEIH1711 | chrome 64.0 for android
DEV-90f755cc9801,5056A Build/MMB29M | chrome 63.0 for android
DEV-90fbb093ced0,PLAYTAB | chrome 55.0 for android
DEV-914d3768bf58,Z955A | chrome 66.0 for android
DEV-91626c67e83a,F3213 Build/36.1.A.1.86 | chrome 58.0 for android
DEV-916b2c91f83a,HTC | chrome 61.0 for android
DEV-917e524fdfe4,Windows | Windows Vista | chrome 49.0 | 1440x900
DEV-91930da21569,LG-K530 Build/MMB29M | chrome generic for android
DEV-919deff57338,CAM-L03 Build/HUAWEICAM-L03 | chrome 66.0 for android
DEV-91b8f5cefc06,Android | chrome 61.0 | 1366x768
DEV-91c4aa44850d,M4 SS4453 Build/MMB29M | chrome 57.0 for android
DEV-91f2429930c0,Windows | Windows 10 | chrome 66.0 | 1600x900
DEV-92079d93e8c7,F3113 Build/33.2.A.3.81 | chrome 62.0 for android
DEV-920edfcdbba1,SM-T710 Build/NRD90M | chrome 62.0 for android
DEV-9255e53bb659,SM-A300H Build/LRX22G | chrome generic
DEV-9256dec161f5,MacOS | Mac OS X 10_10_5 | safari generic | 2560x1440
DEV-927222e59183,SM-J700H Build/MMB29K | chrome 65.0 for android
DEV-9288b935640f,Y635-L03 Build/HuaweiY635-L03 | chrome 62.0 for android
DEV-9293a1cddf04,Moto G (5) Build/NPP25.137-15 | chrome generic
DEV-92b472967383,ZTE BLADE A6 Build/NMF26F | chrome 65.0 for android
DEV-930880be16e1,gxq6580_weg_l Build/LMY47I | chrome 59.0 for android
DEV-930f7fda5b5c,Moto E (4) Plus Build/NMA26.42-69 | chrome 66.0 for android
DEV-935fd932147d,F3213 Build/36.1.A.1.86 | chrome generic for android
DEV-93e32e985720,Lenovo TB3-710I Build/LMY47I | chrome 62.0 for android
DEV-93e5ae7f22b3,Windows | Windows 10 | chrome 65.0 | 1680x1050
DEV-93ee818a8ee5,MacOS | Mac OS X 10_13_3 | chrome 64.0 | 2560x1600
DEV-940323222a84,SM-G955U Build/R16NW | Android 8.0.0 | chrome generic for android | 2220x1081
DEV-940a286ffd9a,Windows | edge 14.0
DEV-94288cea9dd2,MacOS | Mac OS X 10_13_3 | chrome 66.0 | 1600x900
DEV-944d58eb2c32,M4 SS4458 Build/MMB29M | chrome 50.0 for android
DEV-9474d4f1f10b,SM-G900M Build/MMB29M | chrome 49.0 for android
DEV-9475f214e587,SM-G532M Build/MMB29T | chrome 55.0 for android
DEV-949fc4f9c278,Moto C Plus Build/NRD90M.05.034 | chrome 63.0 for android
DEV-94a63eb38ffb,SM-N910H | chrome 62.0 for android
DEV-94c3adbfdf27,Trident/7.0 | Windows 10 | ie 11.0 for desktop | 1920x1080
DEV-95219ab61469,Ilium LT510 Build/MRA58K | chrome 62.0 for android
DEV-959904d11329,SM-G900M Build/LRX21T | chrome 64.0 for android
DEV-95c233b89c9a,rv:57.0 | Mac OS X 10.9 | firefox 57.0 | 1920x1080
DEV-95ebb0ce7b52,SM-G610F Build/NRD90M | chrome 66.0 for android
DEV-962d505dc619,ASTRO | chrome 63.0 for android
DEV-964d3b3f33c4,SM-A510M Build/NRD90M | chrome 63.0 for android
DEV-9667c70fe23e,iOS Device | iOS 11.3.0 | chrome 65.0 for ios | 2048x1536
DEV-966a22d41712,Trident/7.0 | Windows 7 | ie 11.0 for desktop | 1600x900
DEV-966b5ce84882,SM-J530GM Build/NRD90M | chrome 66.0 for android
DEV-9692e02014ed,SM-T560NU Build/MMB29M | Android 6.0.1 | chrome 59.0 for android | 1280x800
DEV-9695f4153f72,XT1563 Build/MPDS24.107-52-5 | chrome 63.0 for android
DEV-96b43459a707,Windows | Windows 8.1 | ie 11.0 for desktop | 1366x768
DEV-96d0b4360550,chrome 56.0
DEV-96d68ea39bb7,MYA-L03 Build/HUAWEIMYA-L03 | chrome 52.0 for android
DEV-96dc28299cde,SM-G900M Build/MMB29M | chrome generic for android
DEV-96e113a2cd75,SAMSUNG SM-G935A Build/NRD90M | samsung browser 6.2
DEV-96f3beeb9c0c,SM-A730F Build/NMF26X | chrome 61.0 for android
DEV-9701f5e0a542,M4 SS4451 Build/LMY47D | android browser 4.0
DEV-973ddf71a6bd,M4 SS4451 Build/LMY47D | chrome 61.0 for android
DEV-976176c8289d,Android | chrome 63.0 | 801x480
DEV-976c74bf8583,E6553 | chrome 64.0 for android
DEV-9775db9d6020,SM-G955U Build/NRD90M | Android 7.0 | chrome 66.0 for android | 2220x1081
DEV-97a9117b55a3,iOS Device | iOS 11.2.2 | mobile safari 11.0 | 1334x750
DEV-97c1ccf07d7c,Hisense | chrome 61.0 for android
DEV-97cf0f7163c3,MacOS | Mac OS X 10_10_5 | chrome 62.0 | 1280x800
DEV-97d8786dacf7,5095I Build/MRA58K | chrome 63.0 for android
DEV-97ddea9d010d,Windows | Windows 7 | chrome 65.0 | 1920x1080
DEV-9813badd3f9f,Windows | Windows 10 | ie 11.0 for desktop | 1680x1050
DEV-98318eb5ea95,SAMSUNG SM-T810 Build/NRD90M | samsung browser 6.2
DEV-9851ce94785c,SM-A520F Build/NRD90M | chrome generic for android
DEV-9854ddc87eb0,mobile safari generic | 2208x1242
DEV-987ef70deaff,CAM-L03 Build/HUAWEICAM-L03 | chrome generic for android
DEV-989eaf6df306,SAMSUNG-SM-G920A Build/NRD90M | Android 7.0 | chrome 63.0 for android | 2560x1440
DEV-98ebcc3a5bff,XT1635-02 | chrome 63.0 for android
DEV-99340a3cb510,SAMSUNG-SM-G930A Build/NRD90M | Android 7.0 | chrome 63.0 for android | 1920x1080
DEV-99aaa6d675e0,LG-M250 Build/NRD90U | chrome 62.0 for android
DEV-99b2c2dcb3d9,LG-K500 Build/MMB29M | chrome generic for android
DEV-99be438c5c48,HTC One A9s Build/MRA58K | chrome 66.0 for android
DEV-9a027ba2df22,Z9 PLUS Build/NRD90M | chrome 63.0 for android
DEV-9a035a1e0970,SM-N900T Build/LRX21V | chrome 64.0 for android
DEV-9a1de41ec332,Linux i686 | firefox 57.0
DEV-9a2e63388d51,HUAWEI CUN-L03 Build/HUAWEICUN-L03 | chrome 50.0 for android
DEV-9a35c2024960,SM-T110 Build/JDQ39 | chrome 64.0 for android
DEV-9a3cd7ef010b,rv:55.0 | firefox 55.0
DEV-9a88e6d14d9a,F5121 | chrome 65.0 for android
DEV-9ab35520f104,SM-G9600 Build/R16NW | chrome generic for android
DEV-9abb9ca95b73,SAMSUNG | samsung browser 6.2
DEV-9abe04a81552,LG-H500 Build/LRX21Y | chrome 63.0 for android
DEV-9aff9ee72bcd,SM-G955U1 Build/R16NW | chrome 66.0 for android
DEV-9b0b760526ac,SM-G950F Build/NRD90M | chrome 65.0 for android
DEV-9b29b0cb308d,SM-A510M Build/NRD90M | chrome 65.0 for android
DEV-9b951b0398b7,SM-J327VPP Build/NRD90M | chrome 64.0 for android
DEV-9bbd79c33c8d,LG-M700 Build/NMF26X | chrome 66.0 for android
DEV-9bc978f5a871,SM-G570M Build/MMB29K | chrome 62.0 for android
DEV-9be300ea5374,Blade A510 Build/MRA58K | chrome 64.0 for android
DEV-9be71c774e8b,Trident/7.0 | Microsoft/Windows
DEV-9c288155fa2f,chrome 61.0
DEV-9c2aa2ad13b2,MYA-L13 Build/HUAWEIMYA-L13 | chrome 62.0 for android
DEV-9c4742736c0a,HTC Desire 650 Build/MMB29M | chrome 64.0 for android
DEV-9c589fd34598,MotoG3 Build/MPI24.65-25 | chrome 52.0 for android
DEV-9c5eeac6daaa,Windows | Windows 10 | chrome 63.0 | 1366x768
DEV-9c7de86947bd,iris50 | chrome 66.0 for android
DEV-9cb430b0b9dc,Moto Z2 Play Build/NPSS26.118-19-4 | chrome 57.0 for android
DEV-9cd5dee8d86b,rv:58.0 | Mac OS X 10.12 | firefox 58.0 | 1440x900
DEV-9cf93135075a,G3313 | chrome 63.0 for android
DEV-9d1c9d15d9a3,SM-G355M Build/KOT49H | chrome 65.0 for android
DEV-9d25813c6ddf,8050G Build/LMY47I | chrome 65.0 for android
DEV-9d2747d986d2,SM-J500M Build/MMB29M | chrome 65.0 for android
DEV-9d3ac00dec18,Ilium LT510 Build/MRA58K | chrome 63.0 for android
DEV-9d497f35bdaa,SM-G950F Build/NRD90M | chrome 61.0 for android
DEV-9d50e3ddb9a2,SAMSUNG-SM-G900A Build/LRX21T | Android 5.0 | chrome 63.0 for android | 1920x1080
DEV-9d5ed3b8a1b9,Windows | edge
DEV-9d847a4c9809,SAMSUNG SM-J710MN Build/MMB29K | samsung browser 4.0
DEV-9d94788a0b6b,es-us | chrome generic
DEV-9db4beb7ca1e,MotoG3 Build/MPIS24.65-33.1-2-16 | chrome 64.0 for android
DEV-9dcd4a5e60af,HUAWEI VNS-L53 Build/HUAWEIVNS-L53 | chrome 59.0 for android
DEV-9df49db0b28b,E6553 | chrome 65.0 for android
DEV-9e1d1488a870,rv:11.0 | Windows 7 | ie 11.0 for desktop | 1920x1200
DEV-9e268679cfe0,HUAWEI CUN-L03 Build/HUAWEICUN-L03 | chrome 65.0 for android
DEV-9e4851df2310,MDDRJS | Windows 7 | ie 11.0 for desktop | 1440x900
DEV-9e573d52d300,LG-M250 Build/NRD90U | chrome 63.0 for android
DEV-9e5b31550c7b,iOS Device | iOS 11.3.0 | mobile safari 11.0 | 1136x640
DEV-9e60f6768985,SM-G955U Build/NRD90M | chrome generic for android
DEV-9e880d02728e,Ilium LT500 Build/LMY47O | chrome 60.0 for android
DEV-9eb2f99b33ba,Moto C Plus Build/NRD90M.05.034 | chrome 66.0 for android
DEV-9f364d1e1865,B1-790 | chrome 65.0 for android
DEV-9f693350d880,LG-H500 Build/LRX21Y | chrome 66.0 for android
DEV-9f6dced50caa,SM-J100MU | chrome 61.0 for android
DEV-9fd78210c2c3,SAMSUNG SM-G935T Build/NRD90M | Android 7.0 | samsung browser 6.4 | 1920x1080
DEV-9feeaea8b5da,LG-D331 Build/LRX22G | chrome generic
DEV-9ffeffec1c5d,SM-J710MN Build/MMB29K | chrome 65.0 for android
DEV-a00543817994,SM-T800 | chrome 64.0 for android
DEV-a0078d432467,iOS Device | iOS 11.2.0 | mobile safari 11.0 | 2208x1242
DEV-a044d9c6da53,SM-G530H Build/LRX22G | chrome 63.0 for android
DEV-a087081a0f51,SM-G955U Build/R16NW | Android 8.0.0 | chrome 65.0 for android | 2961x1442
DEV-a08b471f4090,SAMSUNG SM-G532M Build/MMB29T | Samsung/SM-G532M
DEV-a093e45499a3,LGLS770 | chrome 60.0 for android
DEV-a0afa4e85b2c,Moto X Play Build/NPD26.48-24-1 | chrome generic for android
DEV-a0fba164c48c,GT-I9060M Build/KTU84P | chrome 60.0 for android
DEV-a13e55881c4a,MotoG3 Build/MPI24.65-33.1-2 | chrome 62.0 for android
DEV-a1dbf0e31c13,M4 SS4457 Build/MRA58K | chrome 66.0 for android
DEV-a1ec59d720c0,iOS Device | iOS 11.2.1 | mobile safari 11.0 | 1334x750
DEV-a1ecc098527a,HUAWEI VNS-L53 Build/HUAWEIVNS-L53 | chrome generic for android
DEV-a1f5c082031c,LG-K200 Build/MXB48T | chrome 58.0 for android
DEV-a2000936e3a4,Trident/7.0 | Windows 7 | ie 11.0 for desktop | 1920x1200
DEV-a225e541ed54,GT-I8190L Build/JZO54K | chrome generic
DEV-a229f9e1af57,SM-A510M Build/MMB29K | chrome 64.0 for android
DEV-a233e2513415,LG-K530 Build/MMB29M | chrome 65.0 for android
DEV-a253f39393e6,SM-J111M Build/LMY47V | chrome 64.0 for android
DEV-a2856a722047,Energy X 2 Build/E050L | chrome 64.0 for android
DEV-a2da9ef48310,Windows | Windows 7 | chrome 62.0 | 1920x1080
DEV-a2f06f9ea56e,SM-J700M Build/MMB29K | chrome 62.0 for android
DEV-a321321fb29b,MacOS | Mac OS X 10_12_6 | chrome 66.0 | 2880x1800
DEV-a3512dcbe526,SM-G930U Build/NRD90M | chrome 66.0 for android
DEV-a38f07dd699a,Lenovo PB2-650Y Build/MRA58K | chrome 65.0 for android
DEV-a3af5d8362c3,Moto G Play Build/NPIS26.48-36-2 | chrome 64.0 for android
DEV-a40d42fed3ef,Pixel XL Build/OPM1.171019.011 | Android 8.1.0 | chrome 63.0 for android | 2562x1442
DEV-a4162942b25f,LG-H870 Build/NRD90U | chrome 61.0 for android
DEV-a41eca97183f,LG-M210 Build/NRD90U | Android 7.0 | chrome 65.0 for android | 1280x720
DEV-a42a8cb3422a,LG-X230 Build/MRA58K | chrome 62.0 for android
DEV-a45b698d1b64,SAMSUNG SM-A520F Build/NRD90M | samsung browser 6.4
DEV-a46595321940,Ilium LT500 Build/LMY47O | chrome 62.0 for android
DEV-a489865ba68e,rv:42.0 | firefox
DEV-a4a804d257b3,MacOS | Mac OS X 10_13_3 | safari generic | 1280x800
DEV-a4c016b7f491,Blade L2 Plus Build/KOT49H | chrome 65.0 for android
DEV-a4cd5be1dbee,SM-G530H Build/LRX22G | chrome 64.0 for android
DEV-a4dfbf382d6d,iOS Device | iOS 11.1.0 | mobile safari 11.0 | 2048x1536
DEV-a4e452d4945f,SM-G531H Build/LMY48B | chrome 59.0 for android
DEV-a5300ddc990e,Moto G Play Build/MPIS24.241-15.3-7 | chrome 66.0 for android
DEV-a540d35d4163,8050G Build/LMY47I | chrome 59.0 for android
DEV-a5460411eca2,iOS Device | iOS 11.1.0 | mobile safari 11.0 | 2208x1242
DEV-a55445cc2827,SM-J700M Build/MMB29K | chrome 54.0 for android
DEV-a554ae95452c,XT1032 Build/LPBS23.13-56-2 | chrome 61.0 for android
DEV-a57964300274,LG-D855 | chrome 65.0 for android
DEV-a59408251d20,F3213 Build/36.0.A.2.146 | chrome 62.0 for android
DEV-a59c90b744fb,chrome 62.0 for ios
DEV-a5d62d89ff01,LG-H500 Build/LRX21Y | chrome 56.0 for android
DEV-a5d77a07c912,LG-K410 Build/LRX22G | chrome 60.0 for android
DEV-a61be1e4772d,F5121 Build/34.3.A.0.238 | chrome 63.0 for android
DEV-a61cc0f78391,SM-G955F Build/NRD90M | chrome generic for android
DEV-a627ca631bf9,6039A Build/LRX22G | chrome 63.0 for android
DEV-a64c4bec43a3,Windows | Windows 10 | firefox 60.0 | 1600x900
DEV-a67342e50a29,LG-K580 Build/MRA58K | chrome 65.0 for android
DEV-a67c5d4e4640,Microsoft | edge
DEV-a68d72784b34,Windows | Windows 10 | edge 14.0 | 1920x1080
DEV-a693ac09e658,SM-G532M Build/MMB29T | chrome 52.0 for android
DEV-a6a07e17b21d,opera 49.0
DEV-a6d73c704a35,mobile safari generic
DEV-a7022f3c444f,SM-G530H Build/LRX22G | chrome 46.0 for android
DEV-a70bd9fa4a78,SM-G955U Build/NRD90M | Android 7.0 | chrome 64.0 for android
DEV-a71ee7d4521c,Trident/7.0 | Windows 7 | ie 11.0 for desktop | 1280x1024
DEV-a73189bb22ca,LG-K200 Build/MXB48T | chrome 64.0 for android
DEV-a7498d80a00c,SM-A720F Build/NRD90M | chrome 63.0 for android
DEV-a759be4269f1,SP7731G | other
DEV-a7650794307d,Redmi 4A Build/MMB29M | chrome generic for android
DEV-a7bcae1d00b2,MacOS | Mac OS X 10_9_5 | chrome 61.0 | 1920x1200
DEV-a7d9dbcc33b3,MacOS | Mac OS X 10_12_5 | chrome 64.0 | 1440x900
DEV-a7e60809572a,SM-G900M Build/LRX21T | chrome 63.0 for android
DEV-a7fe165431d7,SM-G935F Build/NRD90M | chrome 64.0 for android
DEV-a8111868ea34,iOS Device | iOS 11.2.2 | mobile safari 11.0 | 2436x1125
DEV-a82270aa3a81,SM-N950U Build/NMF26X | chrome 64.0 for android
DEV-a828a672ef20,MacOS | Mac OS X 10_9_5 | chrome 63.0 | 2560x1600
DEV-a84b7c00e49a,ALE-L23 Build/HuaweiALE-L23 | chrome 57.0 for android
DEV-a84b863da962,MacOS | Mac OS X 10_13_1 | chrome 63.0 | 1440x900
DEV-a858a6a71180,ALE-L23 Build/HuaweiALE-L23 | chrome generic
DEV-a8747e0fb0ff,rv:51.0 | firefox
DEV-a8cc47814353,SM-G955U Build/NRD90M | Android 7.0 | chrome 63.0 for android
DEV-a915c1db4be0,SM-G955U Build/NRD90M | chrome 63.0 for android
DEV-a916ac3daa13,Lenovo | chrome generic
DEV-a9259ba93c43,PRA-LX3 Build/HUAWEIPRA-LX3 | chrome generic for android
DEV-a9285ecd1ca4,4047G Build/NRD90M | chrome 56.0 for android
DEV-a93b9fa58bcc,SAMSUNG-SM-T377A Build/MMB29K | chrome 63.0 for android
DEV-a965131a96bb,Ilium X210 Build/LMY47I | chrome 63.0 for android
DEV-a970df323725,SM-G935F Build/NRD90M | chrome 61.0 for android
DEV-a973d5240fe3,chrome 51.0
DEV-a9880bc10f12,Turbo C5 Build/LMY47I | chrome 64.0 for android
DEV-a9bd488dee89,Lenovo K33b36 Build/MMB29M | chrome 64.0 for android
DEV-aa0f8c7f9e55,SM-T530 | chrome 63.0 for android
DEV-aa1058d3bccd,Windows | opera 51.0
DEV-aa417b92a867,ALE-L23 Build/HuaweiALE-L23 | chrome 60.0 for android
DEV-aa4b0483d8fc,LG-K410 Build/LRX22G | chrome 66.0 for android
DEV-aa4b3bb29a1f,TA-1028 Build/NMF26O | chrome 64.0 for android
DEV-aa82589598ea,SM-P600 Build/LMY47X | chrome 64.0 for android
DEV-aad3fce2b737,LG-D693n Build/LRX22G | chrome 59.0 for android
DEV-ab0b92a8fcdd,5080A Build/MRA58K | chrome 60.0 for android
DEV-ab5c344a0521,HUAWEI Y560-L03 Build/HUAWEIY560-L03 | chrome 43.0 for android
DEV-ab8e5afd8386,M4 SS4458 Build/MMB29M | chrome generic for android
DEV-ab99c0dc00fd,HTC Desire 626s Build/LMY47O | chrome 58.0 for android
DEV-abb12cd98121,iOS Device | iOS 11.2.1 | mobile safari generic | 1334x750
DEV-abb1360086fc,MotoG3-TE Build/MPDS24.65-33-1-30 | chrome 64.0 for android
DEV-ac11ab366562,CAM-L03 Build/HUAWEICAM-L03 | chrome 65.0 for android
DEV-ac12ec472178,SM-J730GM Build/NRD90M | chrome 66.0 for android
DEV-ac143f93dd82,SGH-M919V | chrome 64.0 for android
DEV-ac269febae18,Lenovo TB-7703X Build/S100 | chrome 63.0 for android
DEV-ac3906c67c82,Trident/7.0 | Windows 7 | ie 11.0 for desktop | 1366x768
DEV-ac539cf19d50,LG-M400 Build/NRD90U | chrome generic for android
DEV-ac62410b7920,iOS Device | iOS 11.2.5 | mobile safari 11.0 | 2208x1242
DEV-ac8e21a410f2,Android 5.1 | chrome 43.0 for android
DEV-ac8e29ebc155,MacOS | Mac OS X 10_11_6 | safari generic | 1440x900
DEV-aca56332174d,ALE-L23 Build/HuaweiALE-L23 | chrome 64.0 for android
DEV-acabea3d7c11,LG-K580 Build/MRA58K | chrome 64.0 for android
DEV-acb943ac7d07,firefox
DEV-ad90b2e8c68c,mobile safari 9.0
DEV-ad9938ba4880,SM-J710MN Build/MMB29K | chrome 66.0 for android
DEV-adcb7e34d907,SAMSUNG SM-N910A Build/MMB29M | Android 6.0.1 | samsung browser 6.2 | 2560x1440
DEV-adcce964666f,SM-P600 | chrome 65.0 for android
DEV-ae014ebc0c73,LG-H870 Build/NRD90U | chrome 63.0 for android
DEV-ae1f4cd769d6,SM-T110 Build/JDQ39 | Android | chrome 63.0 for android | 1024x600
DEV-ae3605f20e8b,5010S Build/MRA58K | chrome 64.0 for android
DEV-ae536e2cac63,F3313 Build/37.0.A.2.108 | chrome 65.0 for android
DEV-ae86fe600d67,SM-G930U Build/NRD90M | chrome 62.0 for android
DEV-aee377678ef6,ZTE BLADE A6 Build/NMF26F | chrome generic for android
DEV-aef209d9565a,rv:52.0 | firefox
DEV-aef21a9022a9,Moto G (5) Build/NPP25.137-82 | chrome generic
DEV-aef22e9a6c5a,HTC Desire 626s Build/LMY47O | chrome 65.0 for android
DEV-af0503d7956b,Moto G (5) Build/NPP25.137-38 | chrome generic
DEV-afc038c430e0,rv:60.0 | firefox 60.0
DEV-afdda5d66cb3,SAMSUNG SM-A510M Build/NRD90M | samsung browser generic
DEV-afeaaccca24f,ALE-L23 Build/HuaweiALE-L23 | chrome 62.0 for android
DEV-b02f505de220,LG-D693n Build/LRX22G | chrome 61.0 for android
DEV-b05d69ccbd62,MacOS | Mac OS X 10_11_6 | chrome 63.0 | 2880x1800
DEV-b07272960958,Blade V6 Plus Build/MRA58K | chrome 62.0 for android
DEV-b08d3055b1e4,Moto G (4) Build/NPJS25.93-14-8.1-4 | chrome generic
DEV-b0abfe5bb6ba,SM-N950F Build/R16NW | chrome 66.0 for android
DEV-b0bebf320f2a,SM-G570M Build/MMB29K | chrome 63.0 for android
DEV-b0fc0661cb3c,iOS Device | iOS 11.2.1 | mobile safari 11.0 | 1136x640
DEV-b14b23ee39a7,SM-J710MN Build/MMB29K | chrome 64.0 for android
DEV-b150c05aa8ae,Windows | Windows 7 | chrome 63.0 | 1280x1025
DEV-b15533efa04c,HUAWEI | chrome 61.0 for android
DEV-b15d351e5862,rv:59.0 | Mac OS X 10.13 | firefox 59.0 | 2560x1600
DEV-b163d6b32782,SM-G355M Build/KOT49H | chrome 60.0 for android
DEV-b175fbd84141,SM-G531H Build/LMY48B | chrome 54.0 for android
DEV-b178ef792c2c,rv:53.0 | firefox
DEV-b1c5b864b5a4,ALE-L23 Build/HuaweiALE-L23 | chrome 63.0 for android
DEV-b1d648c5384c,SM-G532M Build/MMB29T | chrome 62.0 for android
DEV-b1e913daff8e,ZTE Blade A511 Build/MRA58K | chrome 63.0 for android
DEV-b263a0c0693a,SM-G531H Build/LMY48B | chrome 66.0 for android
DEV-b2c18650892b,rv:52.0 | Windows 10 | firefox | 1920x1080
DEV-b2eb66f5fd7a,Windows | Windows 8.1 | chrome 63.0 | 3840x1080
DEV-b309c8e885ff,LG-X180g Build/LMY47I | chrome 64.0 for android
DEV-b3290b3107a3,LG-K240 Build/MXB48T | chrome 63.0 for android
DEV-b32b1152aeea,MacOS | Mac OS X 10_12_5 | safari generic | 2880x1800
DEV-b341d5ce3f43,SM-A520F Build/NRD90M | chrome 65.0 for android
DEV-b3480c8fd940,SM-J730GM Build/NRD90M | chrome generic for android
DEV-b3c409e7b8e0,Redmi Note 4 Build/NRD90M | chrome 58.0 for android
DEV-b3cb14dcef35,5010G Build/MRA58K | chrome 52.0 for android
DEV-b3e3f4c86b3b,ALP-L09 Build/HUAWEIALP-L09S | samsung browser 6.4
DEV-b403b4b3d020,Windows | Windows 10 | chrome 64.0 | 3840x2160
DEV-b41a26b4ac6f,SM-E500M Build/KTU84P | chrome 62.0 for android
DEV-b4319577f92e,SAMSUNG SM-A310M Build/LMY47X | chrome generic
DEV-b46cace604d5,LG-K580 Build/MRA58K | chrome 63.0 for android
DEV-b476a3938b0c,Moto G (5) Plus Build/NPN25.137-92 | chrome 66.0 for android
DEV-b4a93a2aa0b5,MacOS | Mac OS X 10_11_4 | safari generic | 1280x800
DEV-b4cc2f8cf33c,HUAWEI VNS-L31 Build/HUAWEIVNS-L31 | chrome 66.0 for android
DEV-b4fd5b441cb9,MacOS | Mac OS X 10_11_6 | safari generic | 1920x1080
DEV-b57049b7a180,5010G Build/MRA58K | chrome 63.0 for android
DEV-b59889f0a826,LG-K580 Build/MRA58K | chrome 66.0 for android
DEV-b5b8b1339a23,Ilium X710 Build/MRA58K | chrome 62.0 for android
DEV-b5d6d8b79e64,Tmovi Build/Vision | chrome 65.0 for android
DEV-b5d791807db2,Blade V6 Plus Build/MRA58K | chrome 56.0 for android
DEV-b5d9825e64e1,SM-J700M Build/MMB29K | chrome 55.0 for android
DEV-b5da191ec22d,Moto G (5) Plus Build/NPNS25.137-15-11 | chrome generic
DEV-b600ac8c18e5,SM-T560 Build/KTU84P | chrome generic
DEV-b635ef58f595,Moto X Play Build/NPD26.48-24-1 | chrome 57.0 for android
DEV-b663a6dc30b4,CAM-L03 Build/HUAWEICAM-L03 | chrome 60.0 for android
DEV-b6694264335d,TA-1039 Build/NMF26F | other
DEV-b6b730488f15,SM-J111M Build/LMY47V | chrome 56.0 for android
DEV-b6db351a4feb,XT1032 Build/LPBS23.13-56-2 | chrome generic
DEV-b7a8e3e5f5d6,MacOS | Mac OS X 10_11_6 | chrome 65.0 | 1440x900
DEV-b7dc73c0cdee,SM-G900M Build/LRX21T | chrome 61.0 for android
DEV-b7efa4edd8da,Moto X Play Build/NPD26.48-24-1 | chrome 65.0 for android
DEV-b7faa35a5734,Blade A510 Build/MRA58K | chrome 62.0 for android
DEV-b856f50953fa,BLL-L23 Build/HUAWEIBLL-L23 | chrome 64.0 for android
DEV-b868948be255,iOS Device | iOS 11.2.6 | mobile safari generic | 2208x1242
DEV-b8c418f8a9b8,SM-A530F Build/NMF26X | chrome 64.0 for android
DEV-b8c5bdc7c5cf,Windows | Windows 10 | chrome 63.0
DEV-b8e7abad6355,S.N.O.W.4 | ie 11.0 for desktop
DEV-b90d94578d1a,chrome
DEV-b9165846d5e3,MHA-L09 Build/HUAWEIMHA-L09 | chrome 62.0 for android
DEV-b934a7c5db37,SM-P350 Build/MMB29M | chrome 62.0 for android
DEV-b941cdde235f,XT1003 | chrome 63.0 for android
DEV-b9490fbee9f6,GT-I9060M Build/KTU84P | chrome 62.0 for android
DEV-b985134740fe,iOS Device | iOS 11.0.3 | mobile safari generic | 2208x1242
DEV-b985d8047735,Redmi | chrome 66.0 for android
DEV-b99249ef19a9,HUAWEI TAG-L13 Build/HUAWEITAG-L13 | chrome 61.0 for android
DEV-b9d749d7d2b1,TR10CS1 Build/JDQ39 | chrome generic
DEV-b9eaaa8ad940,rv:45.0 | firefox
DEV-ba192cb7d368,MacOS | Mac OS X 10_13_1 | safari generic | 2880x1800
DEV-ba245d4822be,Windows | Windows 10 | chrome 63.0 | 1440x900
DEV-ba490e450bdf,4047G Build/NRD90M | chrome 65.0 for android
DEV-ba7215b3d344,XT1609 Build/MPIS24.241-2.35-1-17 | chrome 65.0 for android
DEV-ba81e3ac1214,Trident/7.0 | ie 11.0 for tablet
DEV-ba83b7419eee,E5306 Build/27.3.A.0.129 | chrome generic for android
DEV-ba86ad106b3e,GT-N8010 | chrome 65.0 for android
DEV-bab9580bd0fd,SM-G935V Build/NRD90M | chrome 66.0 for android
DEV-bac526d2d837,LG-D680 Build/KOT49I | chrome 62.0 for android
DEV-bac6fdd07648,MotoG3 Build/MPI24.65-33.1-2 | chrome 63.0 for android
DEV-bac7af412b1f,HTC Desire 10 lifestyle Build/MMB29M | chrome 65.0 for android
DEV-bac997c74fd5,BLADE A602 Build/MRA58K | chrome 63.0 for android
DEV-bacf6ec6e0d6,SM-G935F Build/MMB29K | chrome 64.0 for android
DEV-baf0d4d28110,gxq6580_weg_l Build/LMY47I | android browser 4.0
DEV-bb732b0cce4c,F5121 Build/34.4.A.2.19 | chrome 66.0 for android
DEV-bb743220525a,SM-J250M Build/NMF26X | chrome 66.0 for android
DEV-bb7c0032d963,SM-G9600 Build/R16NW | chrome 66.0 for android
DEV-bba880791d5f,SM-T713 Build/NRD90M | chrome 62.0 for android
DEV-bbb51e22e698,Windows | Windows 10 | chrome 60.0 | 1600x900
DEV-bbeae0409ccf,LG-H631 | chrome 64.0 for android
DEV-bc077364fb27,SM-G531H Build/LMY48B | chrome 64.0 for android
DEV-bc3e0211b29b,Android 7.0 | android webview 4.0
DEV-bc7599de63dd,MacOS | Mac OS X 10_10_5 | safari generic | 1920x1080
DEV-bcbb832b84c8,XT1032 Build/LPBS23.13-56-2 | chrome
DEV-bcd44fde2d8a,LG-X240 Build/MRA58K | chrome 65.0 for android
DEV-bd0810b250de,iOS Device | iOS 10.2.0 | mobile safari 10.0 | 2208x1242
DEV-bd0e6b7c4fcc,SM-G935F Build/NRD90M | Android 7.0 | chrome 62.0 for android | 1920x1080
DEV-bd18450f3756,5011A Build/NRD90M | chrome generic for android
DEV-bd4a7287828c,LG-D331 | chrome 65.0 for android
DEV-bda17e4c84ca,MacOS | Mac OS X 10_11_6 | chrome 63.0 | 1440x900
DEV-bdbc632e028d,XT1580 Build/NPKS25.200-17-8 | chrome 65.0 for android
DEV-bdc2252aefa5,HUAWEI VNS-L53 Build/HUAWEIVNS-L53 | chrome 66.0 for android
DEV-bde2b821918b,LGMS428 | chrome 64.0 for android
DEV-bde7c0ac5a6b,MacOS | Mac OS X 10_10_5 | chrome 62.0 | 1440x900
DEV-be0281df004d,Windows | Windows 10 | chrome 62.0 | 1366x768
DEV-be3f332d82d1,SM-G530H Build/KTU84P | chrome 63.0 for android
DEV-be4fcfdfdf1d,M4 SS4450 Build/MRA58K | chrome 55.0 for android
DEV-be5eb2e38636,SAMSUNG SM-S727VL Build/MMB29M | Android 6.0.1 | samsung browser 6.2 | 1280x720
DEV-be67a6cc3818,5054S Build/LMY47V | chrome 43.0 for android
DEV-be734857f179,Trident/7.0 | Windows 8.1 | ie 11.0 for desktop | 1280x1024
DEV-bee5d693bf59,iOS Device | iOS 10.2.0 | mobile safari 10.0 | 1136x640
DEV-bf06f31782e2,LG-X230 Build/MRA58K | chrome 56.0 for android
DEV-bf194349e4e0,HUAWEI TAG-L13 Build/HUAWEITAG-L13 | chrome 66.0 for android
DEV-bf1dfe505164,SM-G531H Build/LMY48B | chrome 61.0 for android
DEV-bf2227435e40,SM-J700M Build/MMB29K | chrome 56.0 for android
DEV-bf2f7f43a21a,LG-M154 | chrome 63.0 for android
DEV-bf37e7f721f1,MacOS | Mac OS X 10_10_5 | safari generic | 2880x1800
DEV-bf6a36eb838b,D5803 Build/23.5.A.1.291 | chrome 63.0 for android
DEV-bf7d8e9b05cf,M4 SS4453 Build/MMB29M | chrome 64.0 for android
DEV-bf7e9b56604d,SM-G530H Build/LRX22G | chrome 58.0 for android
DEV-bf8360f0e11e,Moto G (5) Build/NPP25.137-93 | chrome 63.0 for android
DEV-bf8d973f5110,LG-H840 Build/NRD90U | chrome 64.0 for android
DEV-bf9f478b0607,chrome 66.0 for ios
DEV-bfa4e8abae62,SM-J327V Build/NRD90M | Android 7.0 | chrome 63.0 for android | 1280x720
DEV-bfd067777d6c,Blade V6 Plus Build/MRA58K | chrome 65.0 for android
DEV-c0013567be8e,SAMSUNG SM-G610M Build/NRD90M | samsung browser 6.4
DEV-c01bf446fc92,iOS Device | iOS 11.1.2 | mobile safari 11.0 | 1334x750
DEV-c02c16109555,Windows | Windows 7 | firefox 57.0 | 1680x1050
DEV-c0686a82449d,5080A Build/MRA58K | chrome generic for android
DEV-c0773e1e424e,Windows | Windows 7 | chrome 64.0 | 1440x900
DEV-c077aeea9dde,HUAWEI | chrome 64.0 for android
DEV-c0b01004fe15,SM-A510M Build/NRD90M | chrome generic for android
DEV-c0b2c0b205eb,PRA-LX3 Build/HUAWEIPRA-LX3 | chrome 62.0 for android
DEV-c0c5cd7bca50,Y635-L03 Build/HuaweiY635-L03 | chrome 63.0 for android
DEV-c0e7e29453bc,SM-G550T1 Build/MMB29K | Android 6.0.1 | chrome 62.0 for android | 1280x720
DEV-c104297a85e8,rv:43.0 | firefox
DEV-c1ab66b44e1b,iOS Device | iOS 11.1.2 | mobile safari generic | 1136x640
DEV-c1c14cc5db63,SM-G955F Build/NRD90M | chrome 63.0 for android
DEV-c1e5fc5c5b6f,Linux | chrome 66.0 | 1280x720
DEV-c218c7567c94,SM-J700M Build/LMY48B | chrome generic
DEV-c287b7d27c96,HTC | chrome 60.0 for android
DEV-c2970ab41308,F8331 | chrome 65.0 for android
DEV-c2a2549fc556,SAMSUNG-SM-G925A Build/NRD90M | Android 7.0 | chrome 63.0 for android | 2560x1440
DEV-c2a94a0d8b4b,Moto E (4) Build/NMA26.42-69 | android webview 4.0
DEV-c2ca7b8c0d51,Windows | Windows 7 | chrome 65.0 | 1600x900
DEV-c2f306738bd4,Linux x86_64 | firefox 57.0
DEV-c2f3c142fcdf,M4 SS4453 Build/MMB29M | chrome 65.0 for android
DEV-c30c72fe6e7a,SGH-I337M Build/LRX22C | chrome 63.0 for android
DEV-c3584f39593b,SM-G900T1 | chrome 63.0 for android
DEV-c37e17c1fb92,SM-A730F Build/NMF26X | chrome 66.0 for android
DEV-c39948a556dd,Moto G Play Build/MPIS24.241-15.3-7 | chrome 65.0 for android
DEV-c3c2ef1434d1,HTC Desire 530 Build/MMB29M | chrome 62.0 for android
DEV-c4210bdd8953,SM-A520F Build/NRD90M | chrome 66.0 for android
DEV-c43a8228d2d3,SM-A710M Build/LMY47X | chrome 63.0 for android
DEV-c444ddcbf813,Moto E (4) Build/NMA26.42-19 | chrome generic
DEV-c475db0c0a66,rv:39.0 | firefox
DEV-c48c6ccd3cd1,iOS Device | iOS 11.2.1 | mobile safari 11.0 | 2436x1125
DEV-c499e242bb32,Linux | chrome 62.0 | 1366x768
DEV-c4a924370873,Blade L2 Plus Build/KOT49H | chrome 62.0 for android
DEV-c4babc34dcd0,Windows | edge 13.0
DEV-c4cb75204797,SM-T530 Build/LRX22G | chrome 64.0 for android
DEV-c5218db8b759,rv:11.0 | Windows 7 | ie 11.0 for desktop | 1680x1050
DEV-c532787add18,iOS Device | iOS 10.1.1 | mobile safari 10.0 | 1334x750
DEV-c556138859ed,SAMSUNG SM-N950U1 Build/NMF26X | Android 7.1.1 | samsung browser 6.2
DEV-c57bf43019f7,SM-J200M Build/LMY47X | chrome 63.0 for android
DEV-c585af7fd246,XT1650 Build/NPLS26.118-20-5-3 | chrome 66.0 for android
DEV-c5a7f5531c1e,SAMSUNG SM-J730GM Build/NRD90M | samsung browser 6.2
DEV-c5ba18f47622,HTC Desire 10 lifestyle Build/MMB29M | chrome 66.0 for android
DEV-c5c29328bb01,HUAWEI TAG-L13 Build/HUAWEITAG-L13 | chrome 64.0 for android
DEV-c5ee684c7bcf,HUAWEI GRA-L09 Build/HUAWEIGRA-L09 | chrome 63.0 for android
DEV-c5f9e08aeb75,MacOS | Mac OS X 10_9_5 | safari generic | 2560x1600
DEV-c61ccdbc73c8,Trident/7.0 | Windows 7 | ie 11.0 for desktop | 1440x900
DEV-c627a0098998,Blade V6 Max Build/MRA58K | chrome 62.0 for android
DEV-c633ea93f470,LG-D693n | chrome 64.0 for android
DEV-c64e7b25149a,Windows | Windows 10 | firefox 57.0 | 1366x768
DEV-c657a5f9609f,SM-G350M | chrome 63.0 for android
DEV-c6b619f09908,SM-J700M Build/MMB29K | chrome 59.0 for android
DEV-c6b702055073,SM-N950U Build/R16NW | chrome 66.0 for android
DEV-c6b8430e6119,SM-T710 Build/NRD90M | chrome 65.0 for android
DEV-c6bb775b5702,MYA-L13 Build/HUAWEIMYA-L13 | chrome 52.0 for android
DEV-c70439bc3d41,SM-N900W8 Build/LRX21V | chrome 65.0 for android
DEV-c708f39a2b68,Trident/7.0 | Windows 10 | ie 11.0 for tablet
DEV-c7378b56ddbc,Moto X Play Build/NPD26.48-24-1 | chrome 63.0 for android
DEV-c75af9b77f1e,M4 SS4451 Build/LMY47D | chrome 62.0 for android
DEV-c77d704d2036,SM-J500M Build/MMB29M | chrome 62.0 for android
DEV-c7bec5dc1903,HTC Desire 10 lifestyle Build/MMB29M | chrome 61.0 for android
DEV-c7e9b35056ae,8050G Build/LMY47I | chrome 50.0 for android
DEV-c807f436e080,iOS Device | iOS 11.2.6 | mobile safari 11.0 | 2732x2048
DEV-c8320e379382,Moto Z2 Play Build/NPSS26.118-19-6 | chrome 63.0 for android
DEV-c87c761b49db,GT-I9060M Build/KTU84P | chrome 64.0 for android
DEV-c87f3c7987aa,XT1225 | chrome generic for android
DEV-c8882593672e,SM-G925I Build/NRD90M | chrome 59.0 for android
DEV-c8a029f34cb4,Moto C Plus Build/NRD90M.05.034 | chrome 59.0 for android
DEV-c8a0fa12c879,Vivo | chrome 64.0 for android
DEV-c8f53889e07a,KYOCERA-C6742A Build/LMY47V | Android 5.1.1 | chrome 62.0 for android | 960x540
DEV-c8fa7775efe8,5010G Build/MRA58K | chrome 59.0 for android
DEV-c9090b3d6e34,4027A Build/KOT49H | chrome 54.0 for android
DEV-c9127496faab,iOS Device | iOS | mobile safari 9.0 | 1024x768
DEV-c9345bc79929,iOS Device | iOS 11.0.3 | mobile safari generic | 1136x640
DEV-c95b10d75d07,Moto G (4) Build/NPJ25.93-14.7 | chrome generic
DEV-c9e4fe317a5b,Shift Build/LMY47I | chrome 46.0 for android
DEV-ca0734c2ec7c,Windows | edge 15.0
DEV-ca0c3a9990f0,TA-1027 Build/N2G47H | chrome 63.0 for android
DEV-ca44d47e803e,Ilium X220 Build/MRA58K | chrome 64.0 for android
DEV-ca57e143e682,MacOS | Mac OS X 10_11_6 | chrome 63.0 | 2560x1440
DEV-ca5aeb0e93e5,LG-H542 Build/LRX22G | chrome 64.0 for android
DEV-ca67ceee266a,SAMSUNG SM-J700M Build/MMB29K | samsung browser 6.4
DEV-ca7143e6e63a,BLL-L23 Build/HUAWEIBLL-L23 | chrome 66.0 for android
DEV-ca7f2f90c370,Moto C Plus Build/NRD90M.05.034 | chrome 62.0 for android
DEV-cadbad5e51e3,SAMSUNG SM-G965F Build/R16NW | Android 8.0.0 | samsung browser 7.0 | 2220x1081
DEV-caf8508d25cc,Windows | Windows 10 | chrome 65.0 | 1920x1080
DEV-cb1a961e67ae,CAM-L03 Build/HUAWEICAM-L03 | chrome 61.0 for android
DEV-cb41ae40c9dd,Moto C Build/NRD90M.046 | chrome 62.0 for android
DEV-cb54eddf964c,SAMSUNG SM-G530H Build/LRX22G | other
DEV-cb769d30d49e,HTCD160LVWPP | chrome 64.0 for android
DEV-cb804213df2c,iOS Device | iOS 10.3.3 | chrome 63.0 for ios | 2048x1536
DEV-cbbaf24b77e9,SM-G925I Build/NRD90M | chrome 66.0 for android
DEV-cbc95d12a109,SM-G955F Build/NRD90M | chrome 65.0 for android
DEV-cc19240a92e5,VS987 Build/NRD90U | Android 7.0 | chrome 63.0 for android | 2560x1440
DEV-cc1bfebed055,Robin | chrome 63.0 for android
DEV-cc2c4c4ab8eb,SM-A720F Build/MMB29K | chrome 61.0 for android
DEV-cc48125b4d2e,S57 Build/KTU84P | chrome 60.0 for android
DEV-cc66f4de3b7d,MotoG3 Build/MPIS24.107-55-2-17 | chrome 58.0 for android
DEV-cc94cc7b2d93,Windows | Windows 10 | edge 16.0 | 1366x768
DEV-ccf4e326db0d,SM-N900W8 Build/LRX21V | chrome 63.0 for android
DEV-cd17a154506b,MacOS | Mac OS X 10_12_3 | safari generic | 1366x768
DEV-cd690d67b12b,T1 | chrome 64.0 for android
DEV-cdcca2966b91,SM-T710 Build/NRD90M | chrome 64.0 for android
DEV-ce33d5a2492b,LT30p | chrome 56.0 for android
DEV-ce3417ea7b47,PSPC550 Build/LMY47D | chrome 63.0 for android
DEV-ce57a8d0ab8b,Windows | Windows 10 | edge 16.0 | 1280x1024
DEV-ce627de79e43,iOS Device | iOS 11.1.0 | mobile safari generic | 1334x750
DEV-ce638f834515,SGP621 Build/23.5.A.1.291 | chrome 63.0 for android
DEV-ce7e113dd914,Windows | Windows 7 | chrome generic | 1680x1050
DEV-ce897dd16b44,AX920 | chrome 62.0 for android
DEV-ceca9b0ce19b,SM-G935F Build/MMB29K | chrome 63.0 for android
DEV-ced1439eeedf,SM-G532M Build/MMB29T | chrome 63.0 for android
DEV-cee8db7551ae,F3113 Build/33.2.A.4.70 | chrome 63.0 for android
DEV-cf0a523ee132,SM-G610M Build/MMB29K | chrome 56.0 for android
DEV-cf2ca0e4620d,LG-M710 Build/NRD90U | chrome 65.0 for android
DEV-cf518d27f786,Moto C Build/NRD90M.063 | chrome 65.0 for android
DEV-cf6a7a55dc92,M4 SS4457 Build/MRA58K | chrome 63.0 for android
DEV-cf74639bc9d5,SM-G960U Build/R16NW | Android 8.0.0 | chrome 66.0 for android | 2960x1440
DEV-cf87b3d029d9,SM-G532M Build/MMB29T | chrome 50.0 for android
DEV-cf8b1f770725,SAMSUNG | Android 7.0 | samsung browser 6.2 | 2560x1440
DEV-cfa17aea2b29,BLU STUDIO C 5+5 Build/LRX21M | chrome 63.0 for android
DEV-cfa8da355ae8,SAMSUNG SM-G920I Build/NRD90M | samsung browser 6.4
DEV-cfbc8ecac313,SAMSUNG SM-G950F Build/NRD90M | samsung browser 6.4
DEV-cfda2fe3d802,opera 53.0
DEV-d021998de58a,Moto G (4) Build/NPJS25.93-14-13 | chrome 66.0 for android
DEV-d02fe9caca0b,iOS Device | iOS 10.1.1 | mobile safari generic | 2208x1242
DEV-d03257a58576,HTC One M9 Build/NRD90M | chrome 63.0 for android
DEV-d08ed99c8f8d,Windows | Windows 10 | chrome 63.0 | 2560x1440
DEV-d08fc3be737f,MacOS | Mac OS X 10_13_2 | safari generic | 2880x1800
DEV-d0941e68da8f,other
DEV-d0954eb62122,LG-K240 Build/MXB48T | chrome generic for android
DEV-d0a0505f47d9,XT1064 Build/MPB24.65-34-3 | chrome 64.0 for android
DEV-d0be9ba7c8ca,Redmi Note 4 Build/NRD90M | chrome 62.0 for android
DEV-d0bf602e9d4f,LG-D373 Build/KOT49I.V10a | chrome 64.0 for android
DEV-d1162b6867f0,BAC-L03 Build/HUAWEIBAC-L03 | chrome 65.0 for android
DEV-d12c039e3d48,G3313 Build/43.0.A.5.79 | chrome 65.0 for android
DEV-d1bce39104fe,CHC-U03 Build/HuaweiCHC-U03 | other
DEV-d206f60a7041,SM-J320M Build/LMY47V | chrome 66.0 for android
DEV-d2226340e8b7,LG-M250 Build/NRD90U | chrome 65.0 for android
DEV-d2620b37ddac,Moto C Build/NRD90M.046 | chrome 56.0 for android
DEV-d2657b802d49,ALE-L23 Build/HuaweiALE-L23 | chrome 46.0 for android
DEV-d2810b499d7d,RNE-L03 Build/HUAWEIRNE-L03 | chrome 64.0 for android
DEV-d2ba59e47f76,SGH-I337M | chrome 64.0 for android
DEV-d2cad835fe94,KFGIWI Build/LVY48F | chrome generic
DEV-d2dc28fdb372,SM-G920I | chrome 65.0 for android
DEV-d34dc56b37f1,MacOS | Mac OS X 10_13_3 | safari generic | 2560x1600
DEV-d38ee7cdadb1,LG-K220 Build/MXB48T | chrome generic for android
DEV-d38f21f48bc2,LG-K430 Build/MRA58K | chrome 64.0 for android
DEV-d3b8e8d0fbc9,SM-A300H Build/LRX22G | chrome 61.0 for android
DEV-d3cd1a2b93f3,SM-J510FN | chrome 62.0 for android
DEV-d3cf7d90fd05,CHC-U03 Build/HuaweiCHC-U03 | chrome generic
DEV-d3e441d677df,ONE | chrome 63.0 for android
DEV-d3e9b8b96ddf,iOS Device | iOS 11.1.1 | mobile safari 11.0 | 2436x1125
DEV-d3f802c4d762,LG-K220 Build/MXB48T | chrome 64.0 for android
DEV-d42a7dc35619,HTC Desire 650 Build/MMB29M | chrome 63.0 for android
DEV-d42ae25bb1e3,iOS Device | iOS 11.0.1 | mobile safari 11.0 | 2732x2048
DEV-d42c6c2f1536,iOS Device | iOS 11.0.3 | mobile safari 11.0 | 2208x1242
DEV-d4736efba9bf,LG-X220 Build/LMY47I | chrome 50.0 for android
DEV-d4b65ed6c3e7,SM-N950F Build/NMF26X | chrome 65.0 for android
DEV-d4bb83443ea1,LG-H840 Build/MMB29M | chrome 65.0 for android
DEV-d4e10577f45f,MacOS | Mac OS X 10_10_5 | chrome 63.0 | 1280x800
DEV-d50440dec58c,LG-K450 Build/MXB48T | Android 6.0.1 | chrome 63.0 for android | 1280x720
DEV-d534b9c60101,SM-J500M Build/LMY48B | chrome 65.0 for android
DEV-d550786ee1eb,SM-T113NU Build/KTU84P | chrome generic
DEV-d56ff2230508,BLADE V8 SE Build/NRD90M | chrome 65.0 for android
DEV-d59e5fd22288,Moto C Build/NRD90M.063 | chrome 64.0 for android
DEV-d5e87d9514f5,safari 10.0
DEV-d6016e196720,SM-J510MN Build/MMB29M | chrome 59.0 for android
DEV-d612a91e714e,MotoG3 Build/MPI24.65-33.1-2 | chrome 61.0 for android
DEV-d625de0f1fcb,Lenovo YT3-850F Build/MMB29M | chrome 66.0 for android
DEV-d6520974fc19,5080A Build/MRA58K | chrome 52.0 for android
DEV-d66141afff85,HTC One_M8 Build/MRA58K | chrome 65.0 for android
DEV-d688ca7ed007,MacOS | Mac OS X 10_9_5 | safari generic | 1440x900
DEV-d69c8071787d,SM-G531H Build/LMY48B | chrome 55.0 for android
DEV-d6b1a62ee0d4,TA-1038 Build/NMF26O | chrome 63.0 for android
DEV-d6b5ab3c2309,SAMSUNG SM-G900F Build/MMB29M | samsung browser 6.2
DEV-d6ec5dda8407,Windows | Windows 10 | chrome 65.0 | 2736x1824
DEV-d71e6b2a27b0,Windows | firefox 55.0
DEV-d7b7f0d8504b,Blade V6 Plus Build/MRA58K | chrome 64.0 for android
DEV-d7f4f76a6759,AERIAL | chrome 64.0 for android
DEV-d8036e976b94,SAMSUNG SM-J710MN Build/MMB29K | samsung browser generic
DEV-d84312a7b451,Windows | chrome 61.0
DEV-d859db114f9d,8050G Build/LMY47I | chrome 63.0 for android
DEV-d88c972c0536,Moto E (4) Plus Build/NMA26.42-142 | chrome generic
DEV-d89f04f08187,ALP-L09 Build/HUAWEIALP-L09S | chrome 65.0 for android
DEV-d8a9c8e53f6e,Windows | Windows 10 | firefox 59.0 | 2560x1080
DEV-d8c74b133753,Ilium X710 Build/MRA58K | chrome 64.0 for android
DEV-d8d310c2a51a,LIMIT | chrome generic for android
DEV-d8fa18fdfd1a,WAS-LX3 Build/HUAWEIWAS-LX3 | chrome 63.0 for android
DEV-d91b91378999,SM-P350 Build/MMB29M | chrome 64.0 for android
DEV-d93db6031878,SM-A710M Build/LMY47X | chrome 62.0 for android
DEV-d94aab5302a2,Moto Z2 Play Build/NPSS26.118-19-14 | chrome 64.0 for android
DEV-d97423b6ab69,Y635-L03 Build/HuaweiY635-L03 | chrome 61.0 for android
DEV-d99ccbbcd7ac,HUAWEI TAG-L13 Build/HUAWEITAG-L13 | chrome 60.0 for android
DEV-d9f2be0fc3eb,SM-G531H Build/LMY48B | chrome 62.0 for android
DEV-da0b442e21b6,SM-G955U Build/R16NW | chrome 65.0 for android
DEV-da1c4fa5f0d2,LG-D625 | chrome 62.0 for android
DEV-da2fcf0f9a9d,SM-G531H Build/LMY48B | chrome 50.0 for android
DEV-da5277d94b91,firefox 52.0
DEV-da8dbec3e1ec,ALCATEL ONE TOUCH 5036A Build/JDQ39 | chrome 58.0 for android
DEV-daa8d7550f5c,VS980 4G Build/LRX22G | Android 5.0.2 | chrome 63.0 for android | 1920x1080
DEV-daccbcb29f89,CAM-L03 Build/HUAWEICAM-L03 | chrome 64.0 for android
DEV-daf406225084,Windows | Windows 7 | chrome 55.0 | 1920x1080
DEV-db16631466d7,Dream | chrome 65.0 for android
DEV-db20c853aa5e,firefox 47.0
DEV-db2a9f67fe51,SGH-I337M Build/LRX22C | chrome 50.0 for android
DEV-db65d2f28b7a,SAMSUNG SM-G950U Build/NRD90M | samsung browser 6.2
DEV-db83a52e4874,SM-T230 Build/KOT49H | chrome 63.0 for android
DEV-db9d42f0fa90,HTC Desire 626s Build/LMY47O | chrome 66.0 for android
DEV-dbb6a32fac56,SM-J510MN Build/MMB29M | chrome 64.0 for android
DEV-dbb96c457017,LG-K200 Build/MXB48T | chrome generic for android
DEV-dbc808aa9f9e,Windows | Windows 7 | firefox 59.0 | 1366x768
DEV-dc05cf28a92e,firefox 60.0
DEV-dc075bbc82f8,SM-N950F Build/NMF26X | chrome 63.0 for android
DEV-dc67a85bb368,XT1225 | chrome 65.0 for android
DEV-dc7404945454,SAMSUNG SM-G950U Build/NRD90M | Android 7.0 | samsung browser 6.2 | 2220x1080
DEV-dc79e03ae4a7,Y635-L03 Build/HuaweiY635-L03 | chrome 50.0 for android
DEV-dc7eda0a4ca0,google search application 49.0
DEV-dc91b5c52852,SM-J120H Build/LMY47V | chrome 56.0 for android
DEV-dcab9c428e6e,Moto Z2 Play Build/NPSS26.118-19-4 | chrome 65.0 for android
DEV-dce539d57bdc,rv:48.0 | firefox 48.0
DEV-dd2a63d34c9e,LG-K410 Build/LRX22G | chrome 62.0 for android
DEV-dd345843b82e,Pixel 2 XL Build/OPM1.171019.011 | Android 8.1.0 | chrome 63.0 for android
DEV-dd5f8ed516ce,SM-G950F Build/NRD90M | chrome 62.0 for android
DEV-dd65756d61c8,Moto C Build/NRD90M.057 | chrome 65.0 for android
DEV-dd6c01a019c9,SM-J700T1 | chrome 65.0 for android
DEV-dd8008269957,SAMSUNG SM-G950F Build/NRD90M | samsung browser 6.2
DEV-dd8bbdba961f,LG-LS997 Build/NRD90M | Android 7.0 | chrome 63.0 for android | 2560x1440
DEV-ddc9c9b56b4f,SM-A720F Build/NRD90M | chrome 66.0 for android
DEV-ddfa9a156797,SAMSUNG SM-N950F Build/NMF26X | samsung browser generic
DEV-de12fddc3a73,SM-G550T1 Build/MMB29K | chrome 64.0 for android
DEV-de39f37ab497,BLL-L23 Build/HUAWEIBLL-L23 | chrome 63.0 for android
DEV-de512701bd0a,BLADE V8Q Build/N2G47H | chrome 58.0 for android
DEV-de6bab810dbf,Ilium X520 Build/NRD90M | chrome 62.0 for android
DEV-de9ecf8dbf38,Android 5.1 | other
DEV-deba3fdb5eb3,rv:57.0 | Mac OS X 10.12 | firefox 57.0 | 1440x900
DEV-dec6096bf406,Blade V6 Build/LRX22G | chrome 64.0 for android
DEV-deca18ead275,SM-A530F Build/NMF26X | chrome 65.0 for android
DEV-def1f1171d1b,SM-A520F Build/MMB29K | chrome 63.0 for android
DEV-df007e547c2d,G3223 Build/42.0.A.4.101 | chrome 63.0 for android
DEV-df36176fafc8,SGH-M919 Build/KTU84P | chrome 65.0 for android
DEV-df4c41c7148c,Z831 | Android 6.0.1 | chrome 59.0 for android | 855x480
DEV-df6c1673bf76,ALE-L23 Build/HuaweiALE-L23 | chrome 61.0 for android
DEV-df702cfc0225,Windows | Windows 10 | edge 16.0 | 1600x900
DEV-dfac6f22534e,SM-G920F Build/NRD90M | chrome 63.0 for android
DEV-dfd4a43bb584,Windows | Windows 7 | firefox 57.0 | 1920x1080
DEV-dfee7f2cdb36,CHC-U03 Build/HuaweiCHC-U03 | chrome 65.0 for android
DEV-dff9645d4003,HUAWEI | chrome 66.0 for android
DEV-dffe85bebe35,G3313 Build/43.0.A.7.25 | chrome 66.0 for android
DEV-e01f683e8d58,Redmi 4X Build/N2G47H | chrome 62.0 for android
DEV-e0515b7b9023,F3313 Build/37.0.A.2.248 | chrome 65.0 for android
DEV-e05b396db693,SAMSUNG SM-T710 Build/NRD90M | samsung browser generic
DEV-e062c512e7dd,8050G Build/LMY47I | chrome 55.0 for android
DEV-e0bfb5200603,GT-I9500 | chrome 63.0 for android
DEV-e0ca27a5727d,XT1254 Build/MCG24.251-5-5 | Android 6.0.1 | chrome generic for android | 2560x1440
DEV-e10afffdf97f,F3313 Build/37.0.A.2.248 | chrome 56.0 for android
DEV-e1392e9b78e5,LG-M700 Build/NMF26X | chrome generic for android
DEV-e144a20f56f0,SM-J200M Build/LMY47X | chrome 55.0 for android
DEV-e15e00e7572c,mobile safari uiwebview
DEV-e169da207124,Windows | firefox 60.0
DEV-e197c0f3e254,Ilium LT510 Build/MRA58K | chrome 50.0 for android
DEV-e1cbb47b4d79,M4 SS4458 Build/MMB29M | chrome 63.0 for android
DEV-e1ff6515f0a8,CRO-L03 Build/HUAWEICRO-L03 | chrome 52.0 for android
DEV-e206b00276c0,SM-G925I | chrome 51.0 for android
DEV-e23d03eacb64,Windows | Windows 10 | edge 16.0 | 2736x1824
DEV-e23d9d7637e7,GT-I9060L Build/JDQ39 | chrome 59.0 for android
DEV-e24c65c7f557,MacOS | Mac OS X 10_11_6 | safari 11.0 | 1280x800
DEV-e2624ff7867c,iOS Device | iOS 11.2.2 | mobile safari 11.0 | 2208x1242
DEV-e2966e56405c,rv:57.0 | firefox
DEV-e29739de1b65,Windows | Windows 7 | chrome 60.0 | 1440x900
DEV-e2a4d7b4d78b,iOS Device | iOS 11.2.0 | mobile safari 11.0 | 1334x750
DEV-e2d16867c19b,LG-H542 Build/MRA58K | other
DEV-e2de83f5faf4,LG-M700 Build/NMF26X | chrome 61.0 for android
DEV-e2e8874ebd2e,Lenovo K33b36 Build/MMB29M | chrome generic for android
DEV-e3529a2fa146,ALP-L09 Build/HUAWEIALP-L09 | samsung browser 6.2
DEV-e3722aa64950,BLL-L23 Build/HUAWEIBLL-L23 | chrome 65.0 for android
DEV-e3b2b437ee71,HUAWEI VNS-L53 Build/HUAWEIVNS-L53 | chrome 64.0 for android
DEV-e3b407051283,iOS Device | iOS 11.1.2 | mobile safari generic | 2436x1125
DEV-e3c5641d6381,SAMSUNG SM-G935F Build/NRD90M | samsung browser 6.2
DEV-e3d349570eea,Hisense L675 Build/MRA58K | chrome 60.0 for android
DEV-e403c09cbc22,SM-G935T Build/NRD90M | Android 7.0 | chrome 62.0 for android | 1920x1080
DEV-e40aa9a3eab4,Windows | Windows 7 | firefox 57.0 | 1600x900
DEV-e44f8c0e104f,iOS Device | iOS 11.0.1 | mobile safari 11.0 | 2208x1242
DEV-e4806704bc62,SAMSUNG SM-J120H Build/LMY47V | chrome generic
DEV-e4c3a955760b,es-mx | chrome generic
DEV-e4c72a2e86c1,E5506 | chrome generic for android
DEV-e4db0314398e,AOC_U706G | chrome 64.0 for android
DEV-e4f954619821,Hisense F102 Build/NRD90M | chrome 64.0 for android
DEV-e4fa46ec1ec1,iOS Device | iOS 11.0.3 | mobile safari generic | 2048x1536
DEV-e5205dc04e50,SAMSUNG SM-G935T Build/NRD90M | samsung browser 6.2
DEV-e5221a6fd91b,Windows | Windows 8 | chrome 62.0
DEV-e534344ab0ad,LG-K530 Build/NRD90U | chrome 53.0 for android
DEV-e53a9f3e54f7,SAMSUNG SM-G955F Build/NRD90M | samsung browser generic
DEV-e55aebdf5010,iOS Device | iOS 11.2.5 | mobile safari generic | 2436x1125
DEV-e591db8ab1c9,E6553 | chrome 63.0 for android
DEV-e595e3527d17,SM-G930F Build/NRD90M | chrome 65.0 for android
DEV-e59c8b24d60e,iOS Device | iOS 11.0.2 | mobile safari 11.0 | 1334x750
DEV-e5cbf996da72,Moto G Play Build/MPIS24.241-15.3-7 | android webview 4.0
DEV-e5cf67e68163,Windows | firefox
DEV-e5ee69ea1765,VTR-L09 Build/HUAWEIVTR-L09 | chrome 64.0 for android
DEV-e600bd2f9a59,Moto | chrome 65.0 for android
DEV-e63849f9f66a,VS5012 Build/NRD90M | chrome 64.0 for android
DEV-e64eac0ae0ff,LG-M400 Build/NRD90U | chrome 63.0 for android
DEV-e6618a964a1e,LG-M400 Build/NRD90U | chrome 60.0 for android
DEV-e669d5350190,iOS Device | iOS 11.0.3 | mobile safari 11.0 | 1334x750
DEV-e67c1e5c9690,iOS Device | iOS 11.1.2 | mobile safari 11.0 | 2436x1125
DEV-e6a65e0343ab,Windows | Windows 10 | chrome 62.0 | 1280x1024
DEV-e6e59d546b80,SAMSUNG-SM-G530AZ Build/LMY48B | chrome 65.0 for android
DEV-e6eb6d8d1852,Lenovo A2016b30 Build/MRA58K | chrome 50.0 for android
DEV-e6f330904733,Blade V580 Build/LMY47D | chrome 66.0 for android
DEV-e6f8cfe5aa61,Moto G (5) Build/NPP25.137-93 | chrome 66.0 for android
DEV-e7344f7d9478,Lenovo | chrome 63.0 for android
DEV-e78ea93d835f,HUAWEI G7-L03 Build/HuaweiG7-L03 | chrome 62.0 for android
DEV-e78f0c3e9100,iOS Device | iOS 11.2.5 | mobile safari generic | 2208x1242
DEV-e7a0568c40fb,SAMSUNG SM-J111M Build/LMY47V | chrome generic
DEV-e7e36c691053,5011A Build/NRD90M | chrome 56.0 for android
DEV-e803505f4271,iOS Device | iOS 11.1.2 | mobile safari generic | 1334x750
DEV-e809f1aeb86c,iOS Device | iOS 11.2.1 | mobile safari generic | 2208x1242
DEV-e8137861d97d,XT1635-02 Build/NPN26.118-22-2 | chrome 62.0 for android
DEV-e83e6b58d2b9,MacOS | Mac OS X 10_13_3 | chrome 64.0 | 2880x1800
DEV-e891cedcf5f2,SM-G928G Build/NRD90M | chrome 66.0 for android
DEV-e899596dbe24,rv:47.0 | Windows XP | firefox 47.0 | 1600x900
DEV-e89b3416e923,Moto G (4) Build/NPJS25.93-14-15 | chrome generic
DEV-e89ca309d661,Moto Z (2 | chrome 66.0 for android
DEV-e8a2409d429c,Tmovi Build/Vision | chrome 64.0 for android
DEV-e8ac6209ab99,iOS Device | iOS | mobile safari 10.0 | 1334x750
DEV-e8ceb9ac1e17,MacOS | Mac OS X 10_12_6 | safari generic | 2880x1800
DEV-e8cf1cf9ebbd,verykools5035 | chrome 63.0 for android
DEV-e8da541e0a24,BLU ENERGY X PLUS Build/LRX21M | chrome 65.0 for android
DEV-e92aafe27513,SM-N920V | chrome 65.0 for android
DEV-e92befc24c29,5011A Build/NRD90M | chrome 64.0 for android
DEV-e9873ec2129c,Windows | Windows 10 | chrome generic | 1366x768
DEV-e9a242e18142,LG-D680 Build/KOT49I | chrome 65.0 for android
DEV-e9c19e5e217b,F3113 Build/33.2.A.3.81 | chrome 63.0 for android
DEV-ea10e6e71441,Windows | Windows 7 | chrome 63.0 | 1280x1024
DEV-ea1b81b3a7da,SM-J700M Build/MMB29K | chrome 66.0 for android
DEV-ea3be6d8deb6,SM-G920T1 | chrome 56.0 for android
DEV-ea468730f69f,SM-J320FN Build/LMY47V | chrome 66.0 for android
DEV-ea820c9ba6bc,Ilium X510 Build/MRA58K | chrome 66.0 for android
DEV-eab6aa84aa90,chrome 59.0
DEV-eac6df8c80f4,TRT-L53 Build/HUAWEITRT-L53 | chrome 65.0 for android
DEV-eaca8ed982a5,Windows | Windows 10 | chrome generic | 1680x1050
DEV-ead571bf1bdc,SM-G355M Build/KOT49H | chrome 63.0 for android
DEV-eb1d16a050fa,Ilium X210 Build/LMY47I | chrome 49.0 for android
DEV-ebb58706364f,SM-G531H Build/LMY48B | chrome 63.0 for android
DEV-ebd388d6ce94,G3123 | chrome 66.0 for android
DEV-ec2787dcda73,SM-G920P Build/NRD90M | chrome 65.0 for android
DEV-ec66f9a4c01c,Studio | chrome 63.0 for android
DEV-ed2a47ffe8b3,rv:59.0 | firefox 59.0
DEV-edc3128f869f,5011A Build/NRD90M | chrome 66.0 for android
DEV-edefc81c1a4f,Windows | Windows 10 | chrome 63.0 | 3440x1440
DEV-ee583b655ace,Moto G (4) Build/NPJ25.93-14.7 | samsung browser generic
DEV-ee81922bf7a9,9203A Build/MRA58K | chrome 49.0 for android
DEV-ee9f979320be,SM-A510M Build/LMY47X | chrome 65.0 for android
DEV-eec6ad85b163,Windows | chrome 57.0
DEV-eee22e9c7d15,LG-K500 Build/MMB29M | chrome 62.0 for android
DEV-ef1474872537,SM-G532M Build/MMB29T | Samsung/SM-G532M
DEV-ef158374a72e,SM-G955F Build/R16NW | chrome 66.0 for android
DEV-ef1a190042f9,iOS Device | iOS 11.2.2 | mobile safari 11.0 | 1136x640
DEV-ef87426c9610,iOS Device | iOS 11.1.1 | mobile safari 11.0 | 2001x1125
DEV-ef8b5e7f0ba5,SAMSUNG SM-G955U Build/R16NW | samsung browser 7.0
DEV-ef9fa59b2533,SM-G950F Build/NRD90M | chrome 66.0 for android
DEV-efbdc4307db5,Redmi 4X Build/N2G47H | chrome 63.0 for android
DEV-efd122d86975,moto x4 Build/OPWS27.57-40-6 | chrome 65.0 for android
DEV-efdb309714bf,HUAWEI G7-L03 Build/HuaweiG7-L03 | chrome 65.0 for android
DEV-f00f632ef1fa,SAMSUNG SM-G532M Build/MMB29T | samsung browser 4.2
DEV-f0403df8650e,MotoG3-TE Build/MPDS24.65-33-1-3 | chrome 61.0 for android
DEV-f06e53038749,XT1635-01 Build/NDNS26.118-23-12-3 | Android 7.1.1 | chrome 63.0 for android | 1920x1080
DEV-f0c3b3cba090,SAMSUNG SM-G955U Build/NRD90M | Android 7.0 | samsung browser 6.2
DEV-f0cbfed5ec74,F8331 Build/41.2.A.7.76 | chrome 62.0 for android
DEV-f0e8c8823bcf,Windows | Windows 7 | chrome 62.0 | 1680x1050
DEV-f0f1324bcb3f,Windows | Windows 7 | chrome 63.0 | 1600x1200
DEV-f108a3cdbeb6,SM-A500M Build/KTU84P | chrome 62.0 for android
DEV-f13af5add1ed,MacOS | Mac OS X 10_12_6 | chrome 63.0 | 2560x1600
DEV-f148ea785486,SM-G800M Build/KOT49H | chrome 65.0 for android
DEV-f14fdf77a322,LG-D693n Build/LRX22G | chrome
DEV-f179b09e1c1b,SM-E500M Build/KTU84P | chrome 66.0 for android
DEV-f1a69400f499,MacOS | Mac OS X 10_13_1 | safari generic | 1440x900
DEV-f1f11ab81980,MacOS | Mac OS X 10_12_6 | safari generic | 1440x900
DEV-f21787b2084a,LG-K410 Build/LRX22G | chrome 61.0 for android
DEV-f2272b1a9588,HUAWEI VNS-L23 Build/HUAWEIVNS-L23 | chrome 64.0 for android
DEV-f22acfa88138,SM-G955U Build/NRD90M | Android 7.0 | chrome 63.0 for android | 2220x1080
DEV-f27107b26c7c,XT1053 Build/LPAS23.12-21.7-1 | chrome 66.0 for android
DEV-f271ce63b9d3,Windows | chrome 63.0
DEV-f27c88ef6c6e,XT1032 Build/LPBS23.13-56-2 | chrome 65.0 for android
DEV-f28e7bdccd32,V502015 | Cherry
DEV-f2caa93ee8e2,SAMSUNG SM-J500M Build/LMY48B | other
DEV-f3032f583d4c,Windows | Windows 10 | chrome 61.0 | 1920x1080
DEV-f310d363acd9,Android | chrome 66.0 | 1280x720
DEV-f3290f77c737,SM-J500M Build/MMB29M | chrome 63.0 for android
DEV-f3966d7867ee,LG-D331 | chrome 60.0 for android
DEV-f3a4c37364c5,MacOS | Mac OS X 10_13_1 | safari generic | 1280x800
DEV-f3a936241bdd,SAMSUNG SM-A320Y Build/NRD90M | samsung browser generic
DEV-f3afb0d84b94,SAMSUNG-SM-G935A | chrome 65.0 for android
DEV-f3bfa8bf7e5c,HUAWEI TAG-L13 Build/HUAWEITAG-L13 | chrome generic
DEV-f3ed26a61ac5,mobile safari 11.0
DEV-f458fa18f593,MacOS | Mac OS X 10_13_4 | safari 11.0 | 2880x1800
DEV-f46a63aa0e36,Blade V580 Build/LMY47D | chrome 58.0 for android
DEV-f4c1c846e12e,LG-K410 Build/LRX22G | chrome generic
DEV-f4c2f71cc837,rv:47.0 | firefox 47.0
DEV-f4e74b5d50ff,SM-N920C Build/NRD90M | chrome 63.0 for android
DEV-f4f5b0da9bf9,Windows | Windows 10 | chrome 63.0 | 1805x1015
DEV-f50bbf55e778,rv:58.0 | Mac OS X 10.10 | firefox 58.0 | 1280x800
DEV-f51a41015b05,HTC Desire 526G Build/KOT49H | chrome 63.0 for android
DEV-f57cc552e822,Android 4.4.2 | android
DEV-f5b45f2b2aeb,5010G Build/MRA58K | chrome 61.0 for android
DEV-f5b548132276,SM-G531H Build/LMY48B | chrome 46.0 for android
DEV-f5e2b51e7b3c,XT1635-02 Build/NPN26.118-22-2 | chrome 64.0 for android
DEV-f631b7828fd8,XT1063 Build/MPB24.65-34-3 | chrome 63.0 for android
DEV-f656a8f5240a,Windows | firefox 59.0
DEV-f679ad486564,XT1008 Build/LPBS23.13-56-2 | chrome 64.0 for android
DEV-f6b543cb6fd1,Windows | Windows 10 | chrome 63.0 | 1280x1024
DEV-f6cfabac6dbc,MacOS | Mac OS X 10_10_5 | chrome 63.0 | 1440x900
DEV-f6dc013f3464,MotoG3 Build/MPIS24.65-33.1-2-16 | chrome 63.0 for android
DEV-f70158d658df,LG-K530 Build/MMB29M | chrome 66.0 for android
DEV-f7167e858f02,SM-A530F Build/NMF26X | chrome 66.0 for android
DEV-f74a262dadac,SAMSUNG SM-G950U Build/NRD90M | Android 7.0 | samsung browser generic | 2220x1080
DEV-f74d51b76e46,SM-G930U Build/NRD90M | chrome 63.0 for android
DEV-f76662be7313,SAMSUNG SM-J701M Build/NRD90M | samsung browser 6.4
DEV-f79dfca4846c,Ilium L620 Build/NRD90M | chrome 64.0 for android
DEV-f7c32b451cf3,Android | chrome 63.0 | 1280x720
DEV-f7f4ce68665f,Windows | Windows 10 | chrome 62.0 | 1024x768
DEV-f80ba84ae489,Windows | Windows 10 | edge 15.0
DEV-f81eb34e1e4e,MacOS | Mac OS X 10_12_6 | chrome 63.0 | 2880x1800
DEV-f823c1d3d163,TRT-L53 Build/HUAWEITRT-L53 | chrome 62.0 for android
DEV-f8591344b201,Moto G (4) Build/NPJ25.93-14.7 | samsung browser 6.2
DEV-f8c287571fb7,M4 SS4453 Build/MMB29M | chrome 63.0 for android
DEV-f8ee3fe0817d,LG-X220 Build/LMY47I | chrome 66.0 for android
DEV-f91d0c4ff262,SM-G900H Build/MMB29K | chrome 65.0 for android
DEV-f92dacf92725,Windows | Windows 10 | edge 16.0 | 1920x1200
DEV-f93644634359,LG-H542 Build/MRA58K | chrome 50.0 for android
DEV-f941f33dd413,XT1064 Build/MPB24.65-34-3 | chrome 61.0 for android
DEV-f942c7dbab7f,SM-G550T1 Build/MMB29K | chrome 62.0 for android
DEV-f94d5f8ec107,SM-P580 Build/NRD90M | chrome 63.0 for android
DEV-f952a9038788,SM-A500M Build/LRX22G | chrome 62.0 for android
DEV-f954d1f6fd76,M4 | other
DEV-f969c1ed5cf3,rv:52.0 | Windows 10 | firefox | 1600x900
DEV-f970e2832ac1,F3113 Build/33.2.A.3.81 | chrome 51.0 for android
DEV-f9a647d719ba,LG-X180g Build/LMY47I | chrome 61.0 for android
DEV-f9dc6476907a,LG-H420 Build/LRX21Y | other
DEV-f9e08e514f44,Moto G (5) Build/NPPS25.137-15-11 | chrome 66.0 for android
DEV-f9f79bfb88f3,SM-G530H Build/LRX22G | chrome 61.0 for android
DEV-fa06e6c5ad88,SAMSUNG SM-G532M Build/MMB29T | samsung browser 6.4
DEV-fa2d12b10c8e,iOS Device | iOS 11.2.5 | mobile safari generic | 2048x1536
DEV-fa321fab17d8,SM-A520F Build/NRD90M | chrome 58.0 for android
DEV-fa64a0ba365e,SM-A310M Build/LMY47X | chrome generic
DEV-fa654874f49b,TA-1044 Build/OPR1.170623.026 | chrome 64.0 for android
DEV-faadb9f72f15,SM-G930T Build/NRD90M | chrome 63.0 for android
DEV-fb0549063e6d,Moto X Play Build/NPD26.48-24-1 | chrome 66.0 for android
DEV-fb8e9709cc80,HTC One_M8 Build/MRA58K | chrome 64.0 for android
DEV-fbc103fd9fb8,HUAWEI VNS-L23 Build/HUAWEIVNS-L23 | chrome 62.0 for android
DEV-fc21ea4404c6,MacOS | Mac OS X 10_11_6 | chrome 63.0 | 2560x1600
DEV-fc67202e0cd0,iOS Device | iOS 11.2.0 | mobile safari 11.0 | 2436x1125
DEV-fc7e669bc373,SM-G900P Build/MMB29M | Android 6.0.1 | chrome generic for android | 1920x1080
DEV-fca071aeee0f,SM-G928V Build/MMB29K | chrome 64.0 for android
DEV-fcb0d28576eb,SM-G610F | chrome 63.0 for android
DEV-fcc39a2c9486,SM-P355M | chrome 60.0 for android
DEV-fccfbfbbb0fc,SAMSUNG SM-A320Y Build/NRD90M | samsung browser 6.2
DEV-fcd6417301d6,SM-A300H Build/LRX22G | chrome 65.0 for android
DEV-fcddc8924c07,E6833 | chrome 62.0 for android
DEV-fd1726603f18,5010G Build/MRA58K | chrome 64.0 for android
DEV-fd67e7d62a9c,SAMSUNG SM-G925I Build/NRD90M | samsung browser 6.2
DEV-fd986e767bc6,Moto G (4) Build/NPJ25.93-14.5 | chrome generic
DEV-fda1b8b91dd4,Moto E (4) Plus Build/NMA26.42-11-3 | chrome generic
DEV-fe3825ca4280,Windows | Windows 10 | firefox generic | 1680x1050
DEV-fe5827fe27b1,G3123 Build/40.0.A.6.175 | chrome generic for android
DEV-fe774a0a3ab6,PRA-LX3 Build/HUAWEIPRA-LX3 | chrome 65.0 for android
DEV-fe9dc231170e,BLADE V8 SE Build/NRD90M | chrome 55.0 for android
DEV-ff0ae330cedd,Hisense F20 Build/MMB29M | chrome 63.0 for android
DEV-ff2e423f2623,M4 | chrome 63.0 for android
DEV-ff3511993dad,E5506 Build/29.2.A.0.166 | chrome 63.0 for android
DEV-ff3c2b7b81ae,D6603 Build/23.5.A.1.291 | chrome 66.0 for android
DEV-ff5a2c869490,5056A Build/MMB29M | chrome 52.0 for android
DEV-ff8dd18f3159,ALE-L23 Build/HuaweiALE-L23 | chrome 56.0 for android
DEV-ffd0860e8c9a,8050G Build/LMY47I | chrome 46.0 for android
