from,to
3000008,EMAIL-526472e87484
3000016,EMAIL-7db8006395b7
3000020,EMAIL-7db8006395b7
3000041,EMAIL-526472e87484
3000053,EMAIL-7db8006395b7
3000057,EMAIL-7db8006395b7
3000061,EMAIL-526472e87484
3000078,EMAIL-7db8006395b7
3000079,EMAIL-7db8006395b7
3000093,EMAIL-7db8006395b7
3000110,EMAIL-526472e87484
3000113,EMAIL-7db8006395b7
3000114,EMAIL-7db8006395b7
3000123,EMAIL-7db8006395b7
3000127,EMAIL-526472e87484
3000164,EMAIL-7db8006395b7
3000172,EMAIL-526472e87484
3000190,EMAIL-526472e87484
3000197,EMAIL-526472e87484
3000204,EMAIL-526472e87484
3000217,EMAIL-526472e87484
3000232,EMAIL-7db8006395b7
3000242,EMAIL-7db8006395b7
3000260,EMAIL-7db8006395b7
3000274,EMAIL-7db8006395b7
3000280,EMAIL-7db8006395b7
3000305,EMAIL-526472e87484
3000314,EMAIL-7db8006395b7
3000321,EMAIL-7db8006395b7
3000322,EMAIL-526472e87484
3000381,EMAIL-7db8006395b7
3000429,EMAIL-526472e87484
3000487,EMAIL-05c3ae107b3d
3000519,EMAIL-a45016f2e246
3000523,EMAIL-7db8006395b7
3000529,EMAIL-526472e87484
3000601,EMAIL-526472e87484
3000607,EMAIL-526472e87484
3000623,EMAIL-526472e87484
3000664,EMAIL-526472e87484
3000667,EMAIL-526472e87484
3000670,EMAIL-526472e87484
3000704,EMAIL-dfe6a9c7c1a5
3000706,EMAIL-7db8006395b7
3000736,EMAIL-dfe6a9c7c1a5
3000742,EMAIL-b71ecbccbf34
3000751,EMAIL-05c3ae107b3d
3000760,EMAIL-526472e87484
3000770,EMAIL-05c3ae107b3d
3000798,EMAIL-05c3ae107b3d
3000805,EMAIL-526472e87484
3000814,EMAIL-601679140412
3000815,EMAIL-526472e87484
3000902,EMAIL-526472e87484
3000932,EMAIL-526472e87484
3000943,EMAIL-7db8006395b7
3000945,EMAIL-a45016f2e246
3000960,EMAIL-526472e87484
3000962,EMAIL-526472e87484
3001000,EMAIL-7db8006395b7
3001027,EMAIL-526472e87484
3001089,EMAIL-05c3ae107b3d
3001098,EMAIL-5cac1ed1c3bd
3001102,EMAIL-7db8006395b7
3001111,EMAIL-b71ecbccbf34
3001172,EMAIL-05c3ae107b3d
3001176,EMAIL-05c3ae107b3d
3001211,EMAIL-526472e87484
3001265,EMAIL-526472e87484
3001283,EMAIL-601679140412
3001294,EMAIL-526472e87484
3001307,EMAIL-7db8006395b7
3001309,EMAIL-601679140412
3001318,EMAIL-d1684fe68050
3001344,EMAIL-526472e87484
3001346,EMAIL-526472e87484
3001360,EMAIL-526472e87484
3001386,EMAIL-7db8006395b7
3001393,EMAIL-526472e87484
3001433,EMAIL-7db8006395b7
3001502,EMAIL-601679140412
3001522,EMAIL-7db8006395b7
3001528,EMAIL-05c3ae107b3d
3001546,EMAIL-7db8006395b7
3001567,EMAIL-526472e87484
3001651,EMAIL-662b3791aebd
3001662,EMAIL-526472e87484
3001667,EMAIL-526472e87484
3001672,EMAIL-7db8006395b7
3001689,EMAIL-7db8006395b7
3001693,EMAIL-05c3ae107b3d
3001712,EMAIL-526472e87484
3001718,EMAIL-526472e87484
3001738,EMAIL-526472e87484
3001775,EMAIL-601679140412
3001790,EMAIL-01cc9250b615
3001793,EMAIL-526472e87484
3001820,EMAIL-7db8006395b7
3001823,EMAIL-526472e87484
3001879,EMAIL-7db8006395b7
3001887,EMAIL-601679140412
3001935,EMAIL-05c3ae107b3d
3001973,EMAIL-2c6b2b02a48e
3002076,EMAIL-1221ee4a23d4
3002087,EMAIL-7db8006395b7
3002120,EMAIL-a45016f2e246
3002124,EMAIL-05c3ae107b3d
3002140,EMAIL-7db8006395b7
3002149,EMAIL-526472e87484
3002162,EMAIL-601679140412
3002167,EMAIL-526472e87484
3002173,EMAIL-526472e87484
3002179,EMAIL-526472e87484
3002188,EMAIL-601679140412
3002197,EMAIL-601679140412
3002221,EMAIL-0df48815e896
3002225,EMAIL-601679140412
3002228,EMAIL-601679140412
3002231,EMAIL-05c3ae107b3d
3002234,EMAIL-526472e87484
3002248,EMAIL-05c3ae107b3d
3002290,EMAIL-2c6b2b02a48e
3002295,EMAIL-7db8006395b7
3002300,EMAIL-05c3ae107b3d
3002337,EMAIL-526472e87484
3002393,EMAIL-526472e87484
3002451,EMAIL-7db8006395b7
3002455,EMAIL-526472e87484
3002461,EMAIL-526472e87484
3002493,EMAIL-526472e87484
3002503,EMAIL-7db8006395b7
3002532,EMAIL-7db8006395b7
3002541,EMAIL-526472e87484
3002561,EMAIL-526472e87484
3002562,EMAIL-7db8006395b7
3002577,EMAIL-662b3791aebd
3002634,EMAIL-526472e87484
3002661,EMAIL-601679140412
3002669,EMAIL-71011165e6f4
3002693,EMAIL-526472e87484
3002694,EMAIL-dfe6a9c7c1a5
3002696,EMAIL-526472e87484
3002697,EMAIL-7db8006395b7
3002704,EMAIL-526472e87484
3002732,EMAIL-526472e87484
3002741,EMAIL-526472e87484
3002742,EMAIL-7db8006395b7
3002775,EMAIL-601679140412
3002805,EMAIL-526472e87484
3002808,EMAIL-a45016f2e246
3002819,EMAIL-05c3ae107b3d
3002825,EMAIL-601679140412
3002829,EMAIL-a45016f2e246
3002831,EMAIL-526472e87484
3002866,EMAIL-05c3ae107b3d
3002874,EMAIL-7db8006395b7
3002875,EMAIL-7db8006395b7
3002876,EMAIL-7db8006395b7
3002885,EMAIL-7db8006395b7
3002887,EMAIL-7db8006395b7
3002890,EMAIL-601679140412
3002898,EMAIL-526472e87484
3002901,EMAIL-7db8006395b7
3002916,EMAIL-2c6b2b02a48e
3002922,EMAIL-7db8006395b7
3002925,EMAIL-601679140412
3002928,EMAIL-01cc9250b615
3002932,EMAIL-526472e87484
3002940,EMAIL-05c3ae107b3d
3002948,EMAIL-7db8006395b7
3002949,EMAIL-7db8006395b7
3002957,EMAIL-526472e87484
3002965,EMAIL-7db8006395b7
3002969,EMAIL-526472e87484
3002976,EMAIL-526472e87484
3002983,EMAIL-05c3ae107b3d
3003003,EMAIL-526472e87484
3003004,EMAIL-05c3ae107b3d
3003026,EMAIL-526472e87484
3003073,EMAIL-526472e87484
3003079,EMAIL-05c3ae107b3d
3003128,EMAIL-71011165e6f4
3003253,EMAIL-b71ecbccbf34
3003254,EMAIL-526472e87484
3003287,EMAIL-601679140412
3003290,EMAIL-601679140412
3003299,EMAIL-526472e87484
3003301,EMAIL-b71ecbccbf34
3003348,EMAIL-526472e87484
3003358,EMAIL-526472e87484
3003423,EMAIL-83e81c0f7766
3003437,EMAIL-7db8006395b7
3003439,EMAIL-601679140412
3003483,EMAIL-526472e87484
3003485,EMAIL-526472e87484
3003509,EMAIL-526472e87484
3003513,EMAIL-526472e87484
3003521,EMAIL-7db8006395b7
3003535,EMAIL-526472e87484
3003547,EMAIL-526472e87484
3003570,EMAIL-526472e87484
3003623,EMAIL-7db8006395b7
3003637,EMAIL-526472e87484
3003696,EMAIL-526472e87484
3003771,EMAIL-7db8006395b7
3003779,EMAIL-526472e87484
3003805,EMAIL-526472e87484
3003820,EMAIL-601679140412
3003834,EMAIL-05c3ae107b3d
3003839,EMAIL-526472e87484
3003860,EMAIL-526472e87484
3003880,EMAIL-05c3ae107b3d
3003881,EMAIL-526472e87484
3003882,EMAIL-05c3ae107b3d
3003904,EMAIL-526472e87484
3003924,EMAIL-05c3ae107b3d
3003932,EMAIL-7db8006395b7
3003968,EMAIL-7db8006395b7
3003979,EMAIL-526472e87484
3003998,EMAIL-526472e87484
3004017,EMAIL-7db8006395b7
3004026,EMAIL-526472e87484
3004040,EMAIL-7db8006395b7
3004047,EMAIL-7db8006395b7
3004050,EMAIL-7db8006395b7
3004104,EMAIL-7db8006395b7
3004115,EMAIL-526472e87484
3004117,EMAIL-7db8006395b7
3004122,EMAIL-05c3ae107b3d
3004184,EMAIL-b71ecbccbf34
3004229,EMAIL-601679140412
3004235,EMAIL-526472e87484
3004284,EMAIL-526472e87484
3004294,EMAIL-526472e87484
3004347,EMAIL-526472e87484
3004371,EMAIL-601679140412
3004451,EMAIL-7db8006395b7
3004458,EMAIL-7db8006395b7
3004479,EMAIL-526472e87484
3004493,EMAIL-526472e87484
3004524,EMAIL-7db8006395b7
3004547,EMAIL-b71ecbccbf34
3004563,EMAIL-526472e87484
3004573,EMAIL-8b942685451d
3004588,EMAIL-7db8006395b7
3004653,EMAIL-05c3ae107b3d
3004655,EMAIL-601679140412
3004660,EMAIL-b71ecbccbf34
3004663,EMAIL-526472e87484
3004683,EMAIL-7db8006395b7
3004694,EMAIL-b71ecbccbf34
3004785,EMAIL-05c3ae107b3d
3004816,EMAIL-526472e87484
3004819,EMAIL-526472e87484
3004842,EMAIL-a45016f2e246
3004844,EMAIL-526472e87484
3004954,EMAIL-601679140412
3004972,EMAIL-526472e87484
3004977,EMAIL-526472e87484
3005005,EMAIL-7db8006395b7
3005017,EMAIL-7db8006395b7
3005024,EMAIL-7db8006395b7
3005035,EMAIL-7db8006395b7
3005038,EMAIL-d1684fe68050
3005052,EMAIL-7db8006395b7
3005059,EMAIL-526472e87484
3005073,EMAIL-526472e87484
3005101,EMAIL-7db8006395b7
3005111,EMAIL-526472e87484
3005123,EMAIL-7db8006395b7
3005130,EMAIL-b71ecbccbf34
3005142,EMAIL-526472e87484
3005143,EMAIL-526472e87484
3005145,EMAIL-7db8006395b7
3005147,EMAIL-526472e87484
3005174,EMAIL-526472e87484
3005194,EMAIL-01cc9250b615
3005208,EMAIL-05c3ae107b3d
3005214,EMAIL-526472e87484
3005222,EMAIL-7db8006395b7
3005260,EMAIL-526472e87484
3005291,EMAIL-526472e87484
3005312,EMAIL-7db8006395b7
3005331,EMAIL-526472e87484
3005363,EMAIL-601679140412
3005394,EMAIL-7db8006395b7
3005450,EMAIL-601679140412
3005483,EMAIL-601679140412
3005491,EMAIL-05c3ae107b3d
3005506,EMAIL-7db8006395b7
3005514,EMAIL-601679140412
3005516,EMAIL-7db8006395b7
3005518,EMAIL-7db8006395b7
3005520,EMAIL-7db8006395b7
3005530,EMAIL-601679140412
3005533,EMAIL-526472e87484
3005562,EMAIL-7db8006395b7
3005565,EMAIL-7db8006395b7
3005593,EMAIL-83e81c0f7766
3005598,EMAIL-601679140412
3005612,EMAIL-7db8006395b7
3005614,EMAIL-7db8006395b7
3005621,EMAIL-05c3ae107b3d
3005720,EMAIL-526472e87484
3005721,EMAIL-526472e87484
3005777,EMAIL-05c3ae107b3d
3005783,EMAIL-05c3ae107b3d
3005800,EMAIL-526472e87484
3005863,EMAIL-526472e87484
3005909,EMAIL-7db8006395b7
3005938,EMAIL-526472e87484
3005964,EMAIL-526472e87484
3005971,EMAIL-7db8006395b7
3005986,EMAIL-526472e87484
3006033,EMAIL-01cc9250b615
3006050,EMAIL-526472e87484
3006080,EMAIL-7db8006395b7
3006114,EMAIL-526472e87484
3006117,EMAIL-526472e87484
3006150,EMAIL-05c3ae107b3d
3006154,EMAIL-526472e87484
3006178,EMAIL-7db8006395b7
3006179,EMAIL-71011165e6f4
3006222,EMAIL-f757a40fae92
3006227,EMAIL-526472e87484
3006255,EMAIL-526472e87484
3006256,EMAIL-7db8006395b7
3006257,EMAIL-f757a40fae92
3006277,EMAIL-f757a40fae92
3006284,EMAIL-526472e87484
3006290,EMAIL-7db8006395b7
3006316,EMAIL-7db8006395b7
3006346,EMAIL-526472e87484
3006372,EMAIL-526472e87484
3006418,EMAIL-7db8006395b7
3006423,EMAIL-5a343157d535
3006444,EMAIL-526472e87484
3006468,EMAIL-526472e87484
3006493,EMAIL-526472e87484
3006526,EMAIL-526472e87484
3006552,EMAIL-526472e87484
3006575,EMAIL-601679140412
3006583,EMAIL-7db8006395b7
3006597,EMAIL-7db8006395b7
3006617,EMAIL-7db8006395b7
3006630,EMAIL-7db8006395b7
3006634,EMAIL-05c3ae107b3d
3006647,EMAIL-526472e87484
3006650,EMAIL-2c6b2b02a48e
3006667,EMAIL-7db8006395b7
3006694,EMAIL-526472e87484
3006942,EMAIL-05c3ae107b3d
3006980,EMAIL-526472e87484
3006999,EMAIL-b71ecbccbf34
3007055,EMAIL-526472e87484
3007130,EMAIL-3a8e7c5c8069
3007137,EMAIL-7db8006395b7
3007242,EMAIL-b71ecbccbf34
3007244,EMAIL-526472e87484
3007324,EMAIL-05c3ae107b3d
3007348,EMAIL-05c3ae107b3d
3007351,EMAIL-05c3ae107b3d
3007409,EMAIL-05c3ae107b3d
3007416,EMAIL-7db8006395b7
3007628,EMAIL-05c3ae107b3d
3007721,EMAIL-526472e87484
3007729,EMAIL-05c3ae107b3d
3007759,EMAIL-05c3ae107b3d
3007762,EMAIL-a45016f2e246
3007767,EMAIL-526472e87484
3007780,EMAIL-526472e87484
3007932,EMAIL-05c3ae107b3d
3008101,EMAIL-05c3ae107b3d
3008120,EMAIL-526472e87484
3008138,EMAIL-526472e87484
3008215,EMAIL-7db8006395b7
3008257,EMAIL-526472e87484
3008331,EMAIL-05c3ae107b3d
3008497,EMAIL-b71ecbccbf34
3008529,EMAIL-526472e87484
3008530,EMAIL-05c3ae107b3d
3008552,EMAIL-05c3ae107b3d
3008585,EMAIL-7db8006395b7
3008594,EMAIL-601679140412
3008596,EMAIL-601679140412
3008652,EMAIL-526472e87484
3008662,EMAIL-526472e87484
3008689,EMAIL-526472e87484
3008710,EMAIL-526472e87484
3008715,EMAIL-7db8006395b7
3008720,EMAIL-7db8006395b7
3008727,EMAIL-601679140412
3008768,EMAIL-05c3ae107b3d
3008807,EMAIL-526472e87484
3008815,EMAIL-526472e87484
3008848,EMAIL-526472e87484
3008877,EMAIL-05c3ae107b3d
3008879,EMAIL-526472e87484
3008911,EMAIL-526472e87484
3008959,EMAIL-b71ecbccbf34
3008961,EMAIL-526472e87484
3008971,EMAIL-526472e87484
3008977,EMAIL-7db8006395b7
3009040,EMAIL-601679140412
3009055,EMAIL-601679140412
3009060,EMAIL-601679140412
3009109,EMAIL-05c3ae107b3d
3009117,EMAIL-dfe6a9c7c1a5
3009148,EMAIL-a45016f2e246
3009169,EMAIL-b2683a414714
3009172,EMAIL-05c3ae107b3d
3009239,EMAIL-05c3ae107b3d
3009312,EMAIL-7db8006395b7
3009364,EMAIL-2c6b2b02a48e
3009374,EMAIL-526472e87484
3009444,EMAIL-526472e87484
3009505,EMAIL-7db8006395b7
3009508,EMAIL-526472e87484
3009511,EMAIL-7db8006395b7
3009542,EMAIL-b71ecbccbf34
3009590,EMAIL-7db8006395b7
3009623,EMAIL-05c3ae107b3d
3009631,EMAIL-601679140412
3009644,EMAIL-7db8006395b7
3009652,EMAIL-7db8006395b7
3009669,EMAIL-05c3ae107b3d
3009697,EMAIL-05c3ae107b3d
3009705,EMAIL-7db8006395b7
3009714,EMAIL-7db8006395b7
3009728,EMAIL-7db8006395b7
3009755,EMAIL-601679140412
3009764,EMAIL-7db8006395b7
3009766,EMAIL-526472e87484
3009787,EMAIL-7db8006395b7
3009789,EMAIL-526472e87484
3009803,EMAIL-526472e87484
3009810,EMAIL-7db8006395b7
3009826,EMAIL-526472e87484
3009828,EMAIL-7db8006395b7
3009847,EMAIL-526472e87484
3009868,EMAIL-526472e87484
3009883,EMAIL-526472e87484
3009898,EMAIL-7db8006395b7
3009947,EMAIL-b71ecbccbf34
3009967,EMAIL-d1684fe68050
3009973,EMAIL-526472e87484
3009981,EMAIL-dfe6a9c7c1a5
3010026,EMAIL-526472e87484
3010052,EMAIL-7db8006395b7
3010059,EMAIL-05c3ae107b3d
3010068,EMAIL-05c3ae107b3d
3010071,EMAIL-526472e87484
3010072,EMAIL-526472e87484
3010075,EMAIL-526472e87484
3010090,EMAIL-b71ecbccbf34
3010107,EMAIL-526472e87484
3010126,EMAIL-526472e87484
3010250,EMAIL-05c3ae107b3d
3010259,EMAIL-05c3ae107b3d
3010307,EMAIL-526472e87484
3010334,EMAIL-05c3ae107b3d
3010426,EMAIL-526472e87484
3010535,EMAIL-7db8006395b7
3010547,EMAIL-526472e87484
3010566,EMAIL-b71ecbccbf34
3010585,EMAIL-601679140412
3010598,EMAIL-7db8006395b7
3010620,EMAIL-7db8006395b7
3010646,EMAIL-01cc9250b615
3010652,EMAIL-7db8006395b7
3010666,EMAIL-601679140412
3010700,EMAIL-526472e87484
3010733,EMAIL-526472e87484
3010757,EMAIL-b71ecbccbf34
3010767,EMAIL-526472e87484
3010786,EMAIL-601679140412
3010803,EMAIL-601679140412
3010873,EMAIL-7db8006395b7
3010918,EMAIL-7db8006395b7
3010923,EMAIL-601679140412
3011034,EMAIL-526472e87484
3011042,EMAIL-7db8006395b7
3011085,EMAIL-526472e87484
3011088,EMAIL-526472e87484
3011134,EMAIL-05c3ae107b3d
3011212,EMAIL-7db8006395b7
3011289,EMAIL-7db8006395b7
3011354,EMAIL-b71ecbccbf34
3011408,EMAIL-7db8006395b7
3011445,EMAIL-526472e87484
3011614,EMAIL-526472e87484
3011673,EMAIL-526472e87484
3011702,EMAIL-601679140412
3011729,EMAIL-526472e87484
3011731,EMAIL-526472e87484
3011786,EMAIL-7db8006395b7
3011795,EMAIL-601679140412
3011812,EMAIL-526472e87484
3011856,EMAIL-01cc9250b615
3011881,EMAIL-7db8006395b7
3011938,EMAIL-05c3ae107b3d
3012051,EMAIL-05c3ae107b3d
3012114,EMAIL-7db8006395b7
3012144,EMAIL-662b3791aebd
3012151,EMAIL-601679140412
3012183,EMAIL-526472e87484
3012237,EMAIL-05c3ae107b3d
3012249,EMAIL-526472e87484
3012300,EMAIL-526472e87484
3012356,EMAIL-05c3ae107b3d
3012379,EMAIL-526472e87484
3012388,EMAIL-b71ecbccbf34
3012459,EMAIL-7db8006395b7
3012511,EMAIL-05c3ae107b3d
3012518,EMAIL-7db8006395b7
3012533,EMAIL-526472e87484
3012591,EMAIL-7db8006395b7
3012613,EMAIL-526472e87484
3012674,EMAIL-526472e87484
3012743,EMAIL-526472e87484
3012761,EMAIL-526472e87484
3012788,EMAIL-526472e87484
3012789,EMAIL-526472e87484
3012791,EMAIL-526472e87484
3012792,EMAIL-7db8006395b7
3012821,EMAIL-526472e87484
3012829,EMAIL-526472e87484
3012840,EMAIL-7db8006395b7
3012843,EMAIL-7db8006395b7
3012915,EMAIL-526472e87484
3012922,EMAIL-526472e87484
3012958,EMAIL-7db8006395b7
3013010,EMAIL-8b942685451d
3013206,EMAIL-7db8006395b7
3013237,EMAIL-05c3ae107b3d
3013246,EMAIL-526472e87484
3013308,EMAIL-526472e87484
3013324,EMAIL-526472e87484
3013334,EMAIL-0df48815e896
3013337,EMAIL-526472e87484
3013461,EMAIL-05c3ae107b3d
3013500,EMAIL-7db8006395b7
3013529,EMAIL-05c3ae107b3d
3013543,EMAIL-526472e87484
3013569,EMAIL-0df48815e896
3013599,EMAIL-0df48815e896
3013672,EMAIL-7db8006395b7
3013736,EMAIL-526472e87484
3013744,EMAIL-526472e87484
3013776,EMAIL-526472e87484
3013823,EMAIL-526472e87484
3013944,EMAIL-7db8006395b7
3013960,EMAIL-05c3ae107b3d
3013990,EMAIL-526472e87484
3014011,EMAIL-05c3ae107b3d
3014038,EMAIL-526472e87484
3014105,EMAIL-526472e87484
3014112,EMAIL-526472e87484
3014164,EMAIL-526472e87484
3014213,EMAIL-526472e87484
3014236,EMAIL-526472e87484
3014260,EMAIL-526472e87484
3014269,EMAIL-7db8006395b7
3014293,EMAIL-526472e87484
3014333,EMAIL-526472e87484
3014354,EMAIL-05c3ae107b3d
3014392,EMAIL-601679140412
3014415,EMAIL-05c3ae107b3d
3014441,EMAIL-526472e87484
3014484,EMAIL-05c3ae107b3d
3014559,EMAIL-526472e87484
3014568,EMAIL-526472e87484
3014604,EMAIL-7db8006395b7
3014607,EMAIL-601679140412
3014631,EMAIL-601679140412
3014744,EMAIL-05c3ae107b3d
3014791,EMAIL-b71ecbccbf34
3014814,EMAIL-601679140412
3014903,EMAIL-01cc9250b615
3014962,EMAIL-05c3ae107b3d
3014994,EMAIL-526472e87484
3015139,EMAIL-526472e87484
3015182,EMAIL-526472e87484
3015183,EMAIL-05c3ae107b3d
3015247,EMAIL-526472e87484
3015310,EMAIL-7db8006395b7
3015373,EMAIL-7db8006395b7
3015408,EMAIL-526472e87484
3015420,EMAIL-526472e87484
3015422,EMAIL-526472e87484
3015423,EMAIL-526472e87484
3015456,EMAIL-01cc9250b615
3015505,EMAIL-7db8006395b7
3015519,EMAIL-526472e87484
3015570,EMAIL-b71ecbccbf34
3015589,EMAIL-526472e87484
3015644,EMAIL-526472e87484
3015721,EMAIL-526472e87484
3015762,EMAIL-526472e87484
3015764,EMAIL-7db8006395b7
3015779,EMAIL-526472e87484
3015809,EMAIL-526472e87484
3015830,EMAIL-05c3ae107b3d
3015900,EMAIL-05c3ae107b3d
3015953,EMAIL-05c3ae107b3d
3015958,EMAIL-526472e87484
3015971,EMAIL-526472e87484
3015995,EMAIL-526472e87484
3016018,EMAIL-7db8006395b7
3016097,EMAIL-05c3ae107b3d
3016152,EMAIL-526472e87484
3016195,EMAIL-526472e87484
3016197,EMAIL-05c3ae107b3d
3016209,EMAIL-d1684fe68050
3016259,EMAIL-526472e87484
3016362,EMAIL-a45016f2e246
3016364,EMAIL-05c3ae107b3d
3016377,EMAIL-526472e87484
3016473,EMAIL-b71ecbccbf34
3016515,EMAIL-526472e87484
3016517,EMAIL-05c3ae107b3d
3016545,EMAIL-b71ecbccbf34
3016562,EMAIL-05c3ae107b3d
3016578,EMAIL-a45016f2e246
3016582,EMAIL-526472e87484
3016606,EMAIL-601679140412
3016626,EMAIL-526472e87484
3016630,EMAIL-7db8006395b7
3016654,EMAIL-7db8006395b7
3016657,EMAIL-526472e87484
3016738,EMAIL-7db8006395b7
3016782,EMAIL-526472e87484
3016795,EMAIL-7eeee5f261e7
3016798,EMAIL-526472e87484
3016813,EMAIL-526472e87484
3016818,EMAIL-7db8006395b7
3016829,EMAIL-7db8006395b7
3016845,EMAIL-05c3ae107b3d
3016937,EMAIL-7db8006395b7
3016946,EMAIL-7db8006395b7
3017004,EMAIL-526472e87484
3017005,EMAIL-05c3ae107b3d
3017054,EMAIL-7db8006395b7
3017067,EMAIL-05c3ae107b3d
3017081,EMAIL-05c3ae107b3d
3017145,EMAIL-05c3ae107b3d
3017150,EMAIL-526472e87484
3017169,EMAIL-7db8006395b7
3017194,EMAIL-7db8006395b7
3017209,EMAIL-526472e87484
3017252,EMAIL-7db8006395b7
3017254,EMAIL-526472e87484
3017329,EMAIL-7db8006395b7
3017356,EMAIL-05c3ae107b3d
3017365,EMAIL-05c3ae107b3d
3017366,EMAIL-05c3ae107b3d
3017375,EMAIL-526472e87484
3017394,EMAIL-526472e87484
3017443,EMAIL-05c3ae107b3d
3017461,EMAIL-526472e87484
3017466,EMAIL-b71ecbccbf34
3017511,EMAIL-5a343157d535
3017522,EMAIL-dfe6a9c7c1a5
3017526,EMAIL-526472e87484
3017590,EMAIL-526472e87484
3017596,EMAIL-526472e87484
3017672,EMAIL-b71ecbccbf34
3017681,EMAIL-7db8006395b7
3017748,EMAIL-05c3ae107b3d
3017811,EMAIL-526472e87484
3017822,EMAIL-5cac1ed1c3bd
3017824,EMAIL-526472e87484
3017829,EMAIL-7db8006395b7
3017846,EMAIL-05c3ae107b3d
3017870,EMAIL-01cc9250b615
3017904,EMAIL-526472e87484
3017907,EMAIL-662b3791aebd
3017957,EMAIL-526472e87484
3018046,EMAIL-05c3ae107b3d
3018063,EMAIL-526472e87484
3018075,EMAIL-b71ecbccbf34
3018095,EMAIL-b71ecbccbf34
3018165,EMAIL-526472e87484
3018166,EMAIL-05c3ae107b3d
3018245,EMAIL-7db8006395b7
3018260,EMAIL-7db8006395b7
3018271,EMAIL-526472e87484
3018304,EMAIL-05c3ae107b3d
3018319,EMAIL-a45016f2e246
3018330,EMAIL-601679140412
3018396,EMAIL-526472e87484
3018405,EMAIL-526472e87484
3018410,EMAIL-601679140412
3018431,EMAIL-526472e87484
3018455,EMAIL-526472e87484
3018456,EMAIL-526472e87484
3018463,EMAIL-05c3ae107b3d
3018504,EMAIL-023f08585708
3018564,EMAIL-3a8e7c5c8069
3018572,EMAIL-526472e87484
3018581,EMAIL-526472e87484
3018594,EMAIL-7db8006395b7
3018598,EMAIL-05c3ae107b3d
3018610,EMAIL-526472e87484
3018657,EMAIL-526472e87484
3018665,EMAIL-601679140412
3018667,EMAIL-05c3ae107b3d
3018676,EMAIL-526472e87484
3018705,EMAIL-05c3ae107b3d
3018737,EMAIL-526472e87484
3018762,EMAIL-526472e87484
3018765,EMAIL-2c6b2b02a48e
3018790,EMAIL-2c6b2b02a48e
3018804,EMAIL-526472e87484
3018810,EMAIL-526472e87484
3018985,EMAIL-526472e87484
3019093,EMAIL-526472e87484
3019154,EMAIL-526472e87484
3019161,EMAIL-601679140412
3019179,EMAIL-526472e87484
3019260,EMAIL-7db8006395b7
3019337,EMAIL-05c3ae107b3d
3019462,EMAIL-526472e87484
3019497,EMAIL-526472e87484
3019529,EMAIL-b71ecbccbf34
3019537,EMAIL-05c3ae107b3d
3019614,EMAIL-1221ee4a23d4
3019702,EMAIL-b71ecbccbf34
3019720,EMAIL-7eeee5f261e7
3019770,EMAIL-05c3ae107b3d
3019880,EMAIL-526472e87484
3019995,EMAIL-05c3ae107b3d
3020055,EMAIL-526472e87484
3020058,EMAIL-7db8006395b7
3020094,EMAIL-526472e87484
3020123,EMAIL-526472e87484
3020158,EMAIL-7db8006395b7
3020286,EMAIL-7db8006395b7
3020394,EMAIL-526472e87484
3020418,EMAIL-05c3ae107b3d
3020440,EMAIL-601679140412
3020446,EMAIL-7db8006395b7
3020468,EMAIL-7db8006395b7
3020489,EMAIL-05c3ae107b3d
3020501,EMAIL-526472e87484
3020535,EMAIL-05c3ae107b3d
3020594,EMAIL-526472e87484
3020600,EMAIL-526472e87484
3020620,EMAIL-7db8006395b7
3020642,EMAIL-7db8006395b7
3020671,EMAIL-526472e87484
3020683,EMAIL-526472e87484
3020699,EMAIL-7db8006395b7
3020761,EMAIL-526472e87484
3020799,EMAIL-d1684fe68050
3020820,EMAIL-7db8006395b7
3020831,EMAIL-d1684fe68050
3020834,EMAIL-05c3ae107b3d
3020847,EMAIL-526472e87484
3020864,EMAIL-7db8006395b7
3020872,EMAIL-526472e87484
3020878,EMAIL-601679140412
3020881,EMAIL-526472e87484
3020888,EMAIL-7db8006395b7
3020895,EMAIL-526472e87484
3020898,EMAIL-7db8006395b7
3020991,EMAIL-7db8006395b7
3021030,EMAIL-526472e87484
3021041,EMAIL-7db8006395b7
3021063,EMAIL-526472e87484
3021067,EMAIL-05c3ae107b3d
3021075,EMAIL-526472e87484
3021090,EMAIL-7db8006395b7
3021109,EMAIL-7db8006395b7
3021127,EMAIL-7db8006395b7
3021167,EMAIL-7db8006395b7
3021171,EMAIL-7db8006395b7
3021190,EMAIL-7db8006395b7
3021294,EMAIL-526472e87484
3021302,EMAIL-05c3ae107b3d
3021349,EMAIL-b71ecbccbf34
3021411,EMAIL-526472e87484
3021430,EMAIL-6d8c8eb6c5c8
3021434,EMAIL-05c3ae107b3d
3021454,EMAIL-601679140412
3021507,EMAIL-a45016f2e246
3021591,EMAIL-7db8006395b7
3021621,EMAIL-7db8006395b7
3021737,EMAIL-7db8006395b7
3021788,EMAIL-05c3ae107b3d
3021800,EMAIL-05c3ae107b3d
3021821,EMAIL-526472e87484
3021837,EMAIL-05c3ae107b3d
3021844,EMAIL-526472e87484
3021855,EMAIL-662b3791aebd
3021953,EMAIL-7db8006395b7
3021986,EMAIL-526472e87484
3022041,EMAIL-662b3791aebd
3022043,EMAIL-526472e87484
3022086,EMAIL-7db8006395b7
3022106,EMAIL-2c6b2b02a48e
3022135,EMAIL-526472e87484
3022152,EMAIL-601679140412
3022203,EMAIL-05c3ae107b3d
3022218,EMAIL-526472e87484
3022223,EMAIL-526472e87484
3022253,EMAIL-05c3ae107b3d
3022258,EMAIL-526472e87484
3022259,EMAIL-526472e87484
3022263,EMAIL-526472e87484
3022270,EMAIL-526472e87484
3022271,EMAIL-7db8006395b7
3022307,EMAIL-601679140412
3022310,EMAIL-05c3ae107b3d
3022313,EMAIL-7db8006395b7
3022314,EMAIL-526472e87484
3022316,EMAIL-b71ecbccbf34
3022324,EMAIL-601679140412
3022338,EMAIL-526472e87484
3022349,EMAIL-601679140412
3022375,EMAIL-526472e87484
3022402,EMAIL-526472e87484
3022445,EMAIL-526472e87484
3022456,EMAIL-7db8006395b7
3022491,EMAIL-05c3ae107b3d
3022500,EMAIL-526472e87484
3022528,EMAIL-526472e87484
3022545,EMAIL-526472e87484
3022594,EMAIL-526472e87484
3022602,EMAIL-601679140412
3022623,EMAIL-f757a40fae92
3022628,EMAIL-05c3ae107b3d
3022731,EMAIL-526472e87484
3022783,EMAIL-526472e87484
3022819,EMAIL-526472e87484
3022865,EMAIL-601679140412
3022930,EMAIL-526472e87484
3022934,EMAIL-b71ecbccbf34
3022936,EMAIL-5a343157d535
3022953,EMAIL-a45016f2e246
3022978,EMAIL-0df48815e896
3023034,EMAIL-526472e87484
3023137,EMAIL-b71ecbccbf34
3023140,EMAIL-526472e87484
3023206,EMAIL-7db8006395b7
3023219,EMAIL-601679140412
3023270,EMAIL-7db8006395b7
3023323,EMAIL-7db8006395b7
3023384,EMAIL-526472e87484
3023392,EMAIL-526472e87484
3023401,EMAIL-05c3ae107b3d
3023417,EMAIL-526472e87484
3023468,EMAIL-526472e87484
3023469,EMAIL-7db8006395b7
3023492,EMAIL-7db8006395b7
3023497,EMAIL-601679140412
3023499,EMAIL-526472e87484
3023513,EMAIL-05c3ae107b3d
3023536,EMAIL-7db8006395b7
3023539,EMAIL-526472e87484
3023541,EMAIL-7db8006395b7
3023553,EMAIL-601679140412
3023585,EMAIL-526472e87484
3023593,EMAIL-526472e87484
3023607,EMAIL-526472e87484
3023611,EMAIL-7db8006395b7
3023622,EMAIL-526472e87484
3023668,EMAIL-526472e87484
3023687,EMAIL-526472e87484
3023706,EMAIL-7db8006395b7
3023734,EMAIL-7db8006395b7
3023763,EMAIL-526472e87484
3023766,EMAIL-05c3ae107b3d
3023767,EMAIL-526472e87484
3023780,EMAIL-7db8006395b7
3023787,EMAIL-526472e87484
3023794,EMAIL-526472e87484
3023804,EMAIL-526472e87484
3023826,EMAIL-526472e87484
3023836,EMAIL-526472e87484
3023845,EMAIL-7db8006395b7
3023869,EMAIL-05c3ae107b3d
3023872,EMAIL-7db8006395b7
3023880,EMAIL-526472e87484
3023891,EMAIL-526472e87484
3023895,EMAIL-01cc9250b615
3023906,EMAIL-5a343157d535
3023933,EMAIL-526472e87484
3023960,EMAIL-526472e87484
3024018,EMAIL-526472e87484
3024049,EMAIL-526472e87484
3024069,EMAIL-526472e87484
3024076,EMAIL-526472e87484
3024096,EMAIL-05c3ae107b3d
3024136,EMAIL-526472e87484
3024142,EMAIL-526472e87484
3024144,EMAIL-05c3ae107b3d
3024148,EMAIL-05c3ae107b3d
3024167,EMAIL-05c3ae107b3d
3024168,EMAIL-05c3ae107b3d
3024194,EMAIL-5a7e696acd63
3024195,EMAIL-dfe6a9c7c1a5
3024201,EMAIL-05c3ae107b3d
3024219,EMAIL-526472e87484
3024234,EMAIL-526472e87484
3024252,EMAIL-526472e87484
3024254,EMAIL-5cac1ed1c3bd
3024270,EMAIL-526472e87484
3024272,EMAIL-526472e87484
3024284,EMAIL-526472e87484
3024361,EMAIL-526472e87484
3024376,EMAIL-05c3ae107b3d
3024390,EMAIL-526472e87484
3024391,EMAIL-526472e87484
3024405,EMAIL-526472e87484
3024444,EMAIL-7db8006395b7
3024495,EMAIL-526472e87484
3024527,EMAIL-05c3ae107b3d
3024530,EMAIL-7db8006395b7
3024541,EMAIL-526472e87484
3024556,EMAIL-7db8006395b7
3024575,EMAIL-526472e87484
3024579,EMAIL-a45016f2e246
3024598,EMAIL-b71ecbccbf34
3024653,EMAIL-601679140412
3024666,EMAIL-601679140412
3024680,EMAIL-05c3ae107b3d
3024694,EMAIL-601679140412
3024732,EMAIL-601679140412
3024743,EMAIL-526472e87484
3024812,EMAIL-b71ecbccbf34
3024915,EMAIL-526472e87484
3024917,EMAIL-526472e87484
3024936,EMAIL-a45016f2e246
3024961,EMAIL-dfe6a9c7c1a5
3024996,EMAIL-7db8006395b7
3024998,EMAIL-526472e87484
3025057,EMAIL-01cc9250b615
3025080,EMAIL-601679140412
3025105,EMAIL-526472e87484
3025135,EMAIL-526472e87484
3025167,EMAIL-601679140412
3025207,EMAIL-7db8006395b7
3025328,EMAIL-05c3ae107b3d
3025338,EMAIL-7db8006395b7
3025346,EMAIL-05c3ae107b3d
3025499,EMAIL-526472e87484
3025508,EMAIL-526472e87484
3025536,EMAIL-526472e87484
3025566,EMAIL-7db8006395b7
3025610,EMAIL-7db8006395b7
3025749,EMAIL-526472e87484
3025756,EMAIL-7db8006395b7
3025762,EMAIL-526472e87484
3025771,EMAIL-601679140412
3025783,EMAIL-b71ecbccbf34
3025786,EMAIL-526472e87484
3025799,EMAIL-7db8006395b7
3025804,EMAIL-526472e87484
3025810,EMAIL-3a8e7c5c8069
3025829,EMAIL-7db8006395b7
3025832,EMAIL-601679140412
3025834,EMAIL-1221ee4a23d4
3025863,EMAIL-601679140412
3025920,EMAIL-526472e87484
3025933,EMAIL-05c3ae107b3d
3025937,EMAIL-7db8006395b7
3025938,EMAIL-05c3ae107b3d
3025945,EMAIL-526472e87484
3026003,EMAIL-526472e87484
3026037,EMAIL-7db8006395b7
3026088,EMAIL-05c3ae107b3d
3026091,EMAIL-526472e87484
3026123,EMAIL-7db8006395b7
3026140,EMAIL-526472e87484
3026164,EMAIL-601679140412
3026191,EMAIL-526472e87484
3026203,EMAIL-7db8006395b7
3026206,EMAIL-526472e87484
3026464,EMAIL-7db8006395b7
3026489,EMAIL-7db8006395b7
3026511,EMAIL-dfe6a9c7c1a5
3026593,EMAIL-b71ecbccbf34
3026609,EMAIL-05c3ae107b3d
3026673,EMAIL-7db8006395b7
3026745,EMAIL-526472e87484
3026779,EMAIL-526472e87484
3026782,EMAIL-526472e87484
3026784,EMAIL-b71ecbccbf34
3026787,EMAIL-526472e87484
3026800,EMAIL-526472e87484
3026831,EMAIL-b71ecbccbf34
3026837,EMAIL-526472e87484
3026848,EMAIL-7db8006395b7
3026870,EMAIL-7db8006395b7
3026900,EMAIL-05c3ae107b3d
3026922,EMAIL-526472e87484
3026923,EMAIL-b71ecbccbf34
3026939,EMAIL-05c3ae107b3d
3026955,EMAIL-05c3ae107b3d
3026978,EMAIL-526472e87484
3027044,EMAIL-526472e87484
3027078,EMAIL-526472e87484
3027084,EMAIL-526472e87484
3027088,EMAIL-526472e87484
3027094,EMAIL-526472e87484
3027135,EMAIL-7db8006395b7
3027157,EMAIL-526472e87484
3027196,EMAIL-601679140412
3027208,EMAIL-526472e87484
3027216,EMAIL-526472e87484
3027275,EMAIL-7db8006395b7
3027316,EMAIL-05c3ae107b3d
3027317,EMAIL-05c3ae107b3d
3027383,EMAIL-7db8006395b7
3027386,EMAIL-526472e87484
3027468,EMAIL-526472e87484
3027500,EMAIL-7db8006395b7
3027516,EMAIL-526472e87484
3027533,EMAIL-526472e87484
3027562,EMAIL-526472e87484
3027575,EMAIL-7db8006395b7
3027609,EMAIL-526472e87484
3027612,EMAIL-7db8006395b7
3027658,EMAIL-7db8006395b7
3027663,EMAIL-526472e87484
3027702,EMAIL-526472e87484
3027720,EMAIL-526472e87484
3027727,EMAIL-7db8006395b7
3027760,EMAIL-601679140412
3027781,EMAIL-05c3ae107b3d
3027794,EMAIL-601679140412
3027804,EMAIL-7db8006395b7
3027843,EMAIL-b71ecbccbf34
3027846,EMAIL-7db8006395b7
3027859,EMAIL-601679140412
3027887,EMAIL-526472e87484
3027923,EMAIL-526472e87484
3027926,EMAIL-05c3ae107b3d
3028025,EMAIL-526472e87484
3028093,EMAIL-526472e87484
3028104,EMAIL-2c6b2b02a48e
3028121,EMAIL-2c6b2b02a48e
3028123,EMAIL-526472e87484
3028152,EMAIL-526472e87484
3028167,EMAIL-526472e87484
3028168,EMAIL-526472e87484
3028197,EMAIL-601679140412
3028213,EMAIL-526472e87484
3028228,EMAIL-526472e87484
3028302,EMAIL-7db8006395b7
3028314,EMAIL-526472e87484
3028361,EMAIL-601679140412
3028435,EMAIL-d1684fe68050
3028455,EMAIL-d1684fe68050
3028507,EMAIL-7db8006395b7
3028537,EMAIL-7db8006395b7
3028542,EMAIL-94f19eddc52f
3028552,EMAIL-526472e87484
3028589,EMAIL-526472e87484
3028613,EMAIL-526472e87484
3028617,EMAIL-7db8006395b7
3028665,EMAIL-526472e87484
3028683,EMAIL-05c3ae107b3d
3028757,EMAIL-7db8006395b7
3028759,EMAIL-7db8006395b7
3028853,EMAIL-7db8006395b7
3028883,EMAIL-526472e87484
3029119,EMAIL-01cc9250b615
3029189,EMAIL-b71ecbccbf34
3029194,EMAIL-b71ecbccbf34
3029206,EMAIL-b71ecbccbf34
3029288,EMAIL-7db8006395b7
3029355,EMAIL-05c3ae107b3d
3029405,EMAIL-b71ecbccbf34
3029503,EMAIL-7db8006395b7
3029514,EMAIL-526472e87484
3029549,EMAIL-05c3ae107b3d
3029551,EMAIL-05c3ae107b3d
3029556,EMAIL-05c3ae107b3d
3029558,EMAIL-05c3ae107b3d
3029582,EMAIL-05c3ae107b3d
3029583,EMAIL-05c3ae107b3d
3029593,EMAIL-7eeee5f261e7
3029603,EMAIL-05c3ae107b3d
3029612,EMAIL-05c3ae107b3d
3029622,EMAIL-7db8006395b7
3029648,EMAIL-526472e87484
3029670,EMAIL-526472e87484
3029686,EMAIL-7db8006395b7
3029689,EMAIL-7db8006395b7
3029705,EMAIL-526472e87484
3029713,EMAIL-05c3ae107b3d
3029724,EMAIL-7db8006395b7
3029732,EMAIL-7db8006395b7
3029754,EMAIL-526472e87484
3029792,EMAIL-7db8006395b7
3029798,EMAIL-05c3ae107b3d
3029800,EMAIL-05c3ae107b3d
3029815,EMAIL-023f08585708
3029839,EMAIL-05c3ae107b3d
3029913,EMAIL-526472e87484
3030035,EMAIL-526472e87484
3030040,EMAIL-7db8006395b7
3030125,EMAIL-7db8006395b7
3030196,EMAIL-601679140412
3030232,EMAIL-05c3ae107b3d
3030246,EMAIL-7db8006395b7
3030307,EMAIL-b71ecbccbf34
3030322,EMAIL-526472e87484
3030344,EMAIL-05c3ae107b3d
3030405,EMAIL-7db8006395b7
3030430,EMAIL-7db8006395b7
3030455,EMAIL-05c3ae107b3d
3030467,EMAIL-526472e87484
3030484,EMAIL-05c3ae107b3d
3030499,EMAIL-7db8006395b7
3030515,EMAIL-526472e87484
3030529,EMAIL-526472e87484
3030532,EMAIL-05c3ae107b3d
3030542,EMAIL-526472e87484
3030556,EMAIL-05c3ae107b3d
3030567,EMAIL-526472e87484
3030671,EMAIL-7db8006395b7
3030697,EMAIL-526472e87484
3030726,EMAIL-526472e87484
3030748,EMAIL-526472e87484
3030754,EMAIL-526472e87484
3030803,EMAIL-7db8006395b7
3030837,EMAIL-b615162b121d
3030848,EMAIL-7db8006395b7
3030852,EMAIL-7db8006395b7
3030959,EMAIL-526472e87484
3030983,EMAIL-05c3ae107b3d
3031067,EMAIL-526472e87484
3031316,EMAIL-7db8006395b7
3031363,EMAIL-526472e87484
3031383,EMAIL-526472e87484
3031390,EMAIL-b71ecbccbf34
3031394,EMAIL-7db8006395b7
3031434,EMAIL-526472e87484
3031451,EMAIL-526472e87484
3031508,EMAIL-526472e87484
3031509,EMAIL-526472e87484
3031564,EMAIL-7db8006395b7
3031617,EMAIL-526472e87484
3031644,EMAIL-7db8006395b7
3031666,EMAIL-526472e87484
3031676,EMAIL-7db8006395b7
3031677,EMAIL-05c3ae107b3d
3031684,EMAIL-7db8006395b7
3031693,EMAIL-05c3ae107b3d
3031710,EMAIL-8b942685451d
3031722,EMAIL-7db8006395b7
3031740,EMAIL-526472e87484
3031748,EMAIL-a45016f2e246
3031760,EMAIL-01cc9250b615
3031764,EMAIL-7db8006395b7
3031770,EMAIL-7db8006395b7
3031772,EMAIL-526472e87484
3031777,EMAIL-8b942685451d
3031806,EMAIL-dfe6a9c7c1a5
3031812,EMAIL-526472e87484
3031870,EMAIL-7db8006395b7
3031872,EMAIL-526472e87484
3031912,EMAIL-526472e87484
3031927,EMAIL-526472e87484
3031939,EMAIL-526472e87484
3031956,EMAIL-526472e87484
3031981,EMAIL-526472e87484
3031985,EMAIL-f757a40fae92
3031988,EMAIL-7db8006395b7
3032120,EMAIL-526472e87484
3032149,EMAIL-526472e87484
3032204,EMAIL-526472e87484
3032208,EMAIL-601679140412
3032257,EMAIL-601679140412
3032262,EMAIL-526472e87484
3032264,EMAIL-526472e87484
3032274,EMAIL-526472e87484
3032294,EMAIL-7db8006395b7
3032297,EMAIL-7db8006395b7
3032304,EMAIL-7db8006395b7
3032324,EMAIL-7db8006395b7
3032328,EMAIL-7db8006395b7
3032338,EMAIL-b71ecbccbf34
3032341,EMAIL-b71ecbccbf34
3032354,EMAIL-7db8006395b7
3032361,EMAIL-05c3ae107b3d
3032371,EMAIL-526472e87484
3032372,EMAIL-b71ecbccbf34
3032384,EMAIL-05c3ae107b3d
3032410,EMAIL-7db8006395b7
3032452,EMAIL-7db8006395b7
3032458,EMAIL-526472e87484
3032479,EMAIL-526472e87484
3032549,EMAIL-a45016f2e246
3032573,EMAIL-7db8006395b7
3032587,EMAIL-7db8006395b7
3032588,EMAIL-7db8006395b7
3032714,EMAIL-526472e87484
3032755,EMAIL-526472e87484
3032879,EMAIL-b71ecbccbf34
3032898,EMAIL-526472e87484
3032998,EMAIL-05c3ae107b3d
3033034,EMAIL-0df48815e896
3033202,EMAIL-7db8006395b7
3033207,EMAIL-526472e87484
3033218,EMAIL-526472e87484
3033272,EMAIL-526472e87484
3033415,EMAIL-05c3ae107b3d
3033444,EMAIL-526472e87484
3033471,EMAIL-601679140412
3033489,EMAIL-b71ecbccbf34
3033576,EMAIL-05c3ae107b3d
3033705,EMAIL-526472e87484
3033741,EMAIL-05c3ae107b3d
3033750,EMAIL-526472e87484
3033767,EMAIL-7db8006395b7
3033776,EMAIL-7db8006395b7
3033791,EMAIL-7db8006395b7
3033818,EMAIL-526472e87484
3033825,EMAIL-b71ecbccbf34
3033866,EMAIL-5a343157d535
3033880,EMAIL-526472e87484
3033892,EMAIL-7db8006395b7
3033929,EMAIL-526472e87484
3033931,EMAIL-526472e87484
3034004,EMAIL-05c3ae107b3d
3034026,EMAIL-526472e87484
3034037,EMAIL-526472e87484
3034040,EMAIL-0df48815e896
3034079,EMAIL-05c3ae107b3d
3034147,EMAIL-023f08585708
3034160,EMAIL-7db8006395b7
3034202,EMAIL-7db8006395b7
3034252,EMAIL-7db8006395b7
3034344,EMAIL-0df48815e896
3034409,EMAIL-05c3ae107b3d
3034421,EMAIL-05c3ae107b3d
3034422,EMAIL-05c3ae107b3d
3034425,EMAIL-05c3ae107b3d
3034518,EMAIL-601679140412
3034533,EMAIL-526472e87484
3034537,EMAIL-526472e87484
3034574,EMAIL-601679140412
3034593,EMAIL-7db8006395b7
3034611,EMAIL-526472e87484
3034642,EMAIL-601679140412
3034653,EMAIL-7db8006395b7
3034660,EMAIL-526472e87484
3034679,EMAIL-526472e87484
3034749,EMAIL-526472e87484
3034750,EMAIL-05c3ae107b3d
3034767,EMAIL-526472e87484
3034791,EMAIL-662b3791aebd
3034824,EMAIL-526472e87484
3034826,EMAIL-526472e87484
3034846,EMAIL-526472e87484
3035008,EMAIL-526472e87484
3035019,EMAIL-b71ecbccbf34
3035052,EMAIL-05c3ae107b3d
3035077,EMAIL-526472e87484
3035104,EMAIL-7db8006395b7
3035123,EMAIL-526472e87484
3035345,EMAIL-526472e87484
3035373,EMAIL-601679140412
3035404,EMAIL-526472e87484
3035437,EMAIL-3a8e7c5c8069
3035450,EMAIL-7db8006395b7
3035501,EMAIL-526472e87484
3035514,EMAIL-526472e87484
3035536,EMAIL-01cc9250b615
3035571,EMAIL-526472e87484
3035573,EMAIL-526472e87484
3035603,EMAIL-662b3791aebd
3035649,EMAIL-05c3ae107b3d
3035708,EMAIL-7db8006395b7
3035733,EMAIL-3a8e7c5c8069
3035738,EMAIL-601679140412
3035770,EMAIL-b71ecbccbf34
3035786,EMAIL-7db8006395b7
3035818,EMAIL-7db8006395b7
3035822,EMAIL-05c3ae107b3d
3035829,EMAIL-526472e87484
3035869,EMAIL-526472e87484
3035913,EMAIL-526472e87484
3035926,EMAIL-526472e87484
3035937,EMAIL-526472e87484
3035965,EMAIL-526472e87484
3036078,EMAIL-f757a40fae92
3036093,EMAIL-7db8006395b7
3036105,EMAIL-05c3ae107b3d
3036118,EMAIL-526472e87484
3036130,EMAIL-526472e87484
3036134,EMAIL-7db8006395b7
3036153,EMAIL-7db8006395b7
3036179,EMAIL-05c3ae107b3d
3036182,EMAIL-05c3ae107b3d
3036187,EMAIL-05c3ae107b3d
3036188,EMAIL-526472e87484
3036190,EMAIL-7db8006395b7
3036206,EMAIL-526472e87484
3036230,EMAIL-526472e87484
3036242,EMAIL-526472e87484
3036248,EMAIL-7db8006395b7
3036250,EMAIL-b71ecbccbf34
3036268,EMAIL-7db8006395b7
3036274,EMAIL-526472e87484
3036334,EMAIL-7db8006395b7
3036339,EMAIL-7db8006395b7
3036346,EMAIL-526472e87484
3036367,EMAIL-05c3ae107b3d
3036385,EMAIL-7db8006395b7
3036467,EMAIL-526472e87484
3036473,EMAIL-526472e87484
3036488,EMAIL-526472e87484
3036495,EMAIL-526472e87484
3036519,EMAIL-526472e87484
3036550,EMAIL-d1684fe68050
3036598,EMAIL-526472e87484
3036600,EMAIL-526472e87484
3036611,EMAIL-7db8006395b7
3036708,EMAIL-b71ecbccbf34
3036777,EMAIL-b71ecbccbf34
3036831,EMAIL-526472e87484
3036834,EMAIL-05c3ae107b3d
3036845,EMAIL-b71ecbccbf34
3036855,EMAIL-526472e87484
3036890,EMAIL-5cac1ed1c3bd
3036952,EMAIL-7db8006395b7
3037007,EMAIL-7db8006395b7
3037041,EMAIL-526472e87484
3037062,EMAIL-7db8006395b7
3037123,EMAIL-000db143c437
3037225,EMAIL-01cc9250b615
3037267,EMAIL-526472e87484
3037275,EMAIL-05c3ae107b3d
3037308,EMAIL-05c3ae107b3d
3037401,EMAIL-526472e87484
3037430,EMAIL-526472e87484
3037435,EMAIL-7db8006395b7
3037483,EMAIL-601679140412
3037484,EMAIL-526472e87484
3037524,EMAIL-526472e87484
3037550,EMAIL-526472e87484
3037587,EMAIL-05c3ae107b3d
3037613,EMAIL-526472e87484
3037620,EMAIL-526472e87484
3037726,EMAIL-05c3ae107b3d
3037749,EMAIL-7db8006395b7
3037770,EMAIL-7db8006395b7
3037820,EMAIL-526472e87484
3037899,EMAIL-05c3ae107b3d
3037902,EMAIL-7db8006395b7
3037912,EMAIL-b71ecbccbf34
3037922,EMAIL-2c6b2b02a48e
3037959,EMAIL-526472e87484
3037967,EMAIL-94f19eddc52f
3037975,EMAIL-526472e87484
3038133,EMAIL-526472e87484
3038147,EMAIL-83e81c0f7766
3038159,EMAIL-526472e87484
3038169,EMAIL-601679140412
3038191,EMAIL-601679140412
3038207,EMAIL-7db8006395b7
3038212,EMAIL-7db8006395b7
3038218,EMAIL-dfe6a9c7c1a5
3038244,EMAIL-526472e87484
3038298,EMAIL-7db8006395b7
3038337,EMAIL-526472e87484
3038346,EMAIL-7db8006395b7
3038356,EMAIL-7db8006395b7
3038361,EMAIL-526472e87484
3038366,EMAIL-a45016f2e246
3038390,EMAIL-7db8006395b7
3038394,EMAIL-526472e87484
3038456,EMAIL-601679140412
3038508,EMAIL-05c3ae107b3d
3038513,EMAIL-526472e87484
3038525,EMAIL-b71ecbccbf34
3038526,EMAIL-601679140412
3038545,EMAIL-7db8006395b7
3038554,EMAIL-526472e87484
3038556,EMAIL-526472e87484
3038564,EMAIL-526472e87484
3038583,EMAIL-601679140412
3038655,EMAIL-05c3ae107b3d
3038725,EMAIL-526472e87484
3038759,EMAIL-7db8006395b7
3038767,EMAIL-601679140412
3038862,EMAIL-526472e87484
3038926,EMAIL-526472e87484
3038930,EMAIL-526472e87484
3038939,EMAIL-601679140412
3038949,EMAIL-7db8006395b7
3038950,EMAIL-526472e87484
3038961,EMAIL-526472e87484
3039024,EMAIL-526472e87484
3039028,EMAIL-05c3ae107b3d
3039031,EMAIL-526472e87484
3039032,EMAIL-05c3ae107b3d
3039043,EMAIL-05c3ae107b3d
3039068,EMAIL-526472e87484
3039078,EMAIL-b71ecbccbf34
3039090,EMAIL-526472e87484
3039106,EMAIL-01cc9250b615
3039147,EMAIL-601679140412
3039150,EMAIL-526472e87484
3039190,EMAIL-7db8006395b7
3039202,EMAIL-05c3ae107b3d
3039253,EMAIL-526472e87484
3039469,EMAIL-1221ee4a23d4
3039507,EMAIL-526472e87484
3039566,EMAIL-05c3ae107b3d
3039571,EMAIL-b71ecbccbf34
3039573,EMAIL-01cc9250b615
3039613,EMAIL-2c6b2b02a48e
3039659,EMAIL-b71ecbccbf34
3039670,EMAIL-526472e87484
3039694,EMAIL-526472e87484
3039715,EMAIL-526472e87484
3039722,EMAIL-7db8006395b7
3039755,EMAIL-601679140412
3039772,EMAIL-023f08585708
3039781,EMAIL-601679140412
3039789,EMAIL-526472e87484
3039808,EMAIL-7db8006395b7
3039816,EMAIL-526472e87484
3039820,EMAIL-b71ecbccbf34
3039822,EMAIL-05c3ae107b3d
3039911,EMAIL-526472e87484
3039915,EMAIL-526472e87484
3039920,EMAIL-01cc9250b615
3039932,EMAIL-7db8006395b7
3039935,EMAIL-526472e87484
3039937,EMAIL-526472e87484
3039954,EMAIL-7db8006395b7
3039999,EMAIL-526472e87484
3040017,EMAIL-601679140412
3040021,EMAIL-601679140412
3040034,EMAIL-526472e87484
3040037,EMAIL-05c3ae107b3d
3040044,EMAIL-526472e87484
3040051,EMAIL-526472e87484
3040058,EMAIL-526472e87484
3040063,EMAIL-a45016f2e246
3040075,EMAIL-5a343157d535
3040089,EMAIL-526472e87484
3040090,EMAIL-526472e87484
3040093,EMAIL-5a343157d535
3040094,EMAIL-526472e87484
3040110,EMAIL-5a343157d535
3040134,EMAIL-601679140412
3040190,EMAIL-7db8006395b7
3040233,EMAIL-7db8006395b7
3040240,EMAIL-526472e87484
3040252,EMAIL-526472e87484
3040275,EMAIL-526472e87484
3040284,EMAIL-526472e87484
3040310,EMAIL-7db8006395b7
3040328,EMAIL-05c3ae107b3d
3040341,EMAIL-7db8006395b7
3040368,EMAIL-05c3ae107b3d
3040369,EMAIL-7db8006395b7
3040440,EMAIL-7db8006395b7
3040446,EMAIL-526472e87484
3040452,EMAIL-7db8006395b7
3040456,EMAIL-526472e87484
3040469,EMAIL-7db8006395b7
3040475,EMAIL-7db8006395b7
3040476,EMAIL-526472e87484
3040494,EMAIL-526472e87484
3040541,EMAIL-05c3ae107b3d
3040548,EMAIL-7db8006395b7
3040550,EMAIL-7db8006395b7
3040551,EMAIL-7db8006395b7
3040746,EMAIL-7db8006395b7
3040787,EMAIL-b71ecbccbf34
3040820,EMAIL-526472e87484
3040837,EMAIL-05c3ae107b3d
3040846,EMAIL-05c3ae107b3d
3040884,EMAIL-526472e87484
3040896,EMAIL-526472e87484
3040900,EMAIL-b71ecbccbf34
3040901,EMAIL-526472e87484
3040904,EMAIL-05c3ae107b3d
3040928,EMAIL-b71ecbccbf34
3040952,EMAIL-526472e87484
3041038,EMAIL-526472e87484
3041067,EMAIL-526472e87484
3041140,EMAIL-7db8006395b7
3041173,EMAIL-7db8006395b7
3041174,EMAIL-526472e87484
3041187,EMAIL-7eeee5f261e7
3041189,EMAIL-526472e87484
3041196,EMAIL-05c3ae107b3d
3041204,EMAIL-7db8006395b7
3041217,EMAIL-7db8006395b7
3041233,EMAIL-526472e87484
3041255,EMAIL-526472e87484
3041260,EMAIL-05c3ae107b3d
3041275,EMAIL-7db8006395b7
3041308,EMAIL-526472e87484
3041327,EMAIL-526472e87484
3041351,EMAIL-526472e87484
3041445,EMAIL-526472e87484
3041451,EMAIL-7db8006395b7
3041471,EMAIL-526472e87484
3041474,EMAIL-526472e87484
3041580,EMAIL-7db8006395b7
3041590,EMAIL-662b3791aebd
3041595,EMAIL-b71ecbccbf34
3041597,EMAIL-526472e87484
3041628,EMAIL-526472e87484
3041664,EMAIL-601679140412
3041698,EMAIL-d1684fe68050
3041700,EMAIL-601679140412
3041752,EMAIL-526472e87484
3041759,EMAIL-526472e87484
3041760,EMAIL-526472e87484
3041777,EMAIL-05c3ae107b3d
3041800,EMAIL-526472e87484
3041824,EMAIL-05c3ae107b3d
3041882,EMAIL-601679140412
3041981,EMAIL-8b942685451d
3041984,EMAIL-526472e87484
3042072,EMAIL-05c3ae107b3d
3042081,EMAIL-526472e87484
3042087,EMAIL-05c3ae107b3d
3042144,EMAIL-b71ecbccbf34
3042180,EMAIL-601679140412
3042227,EMAIL-0df48815e896
3042233,EMAIL-526472e87484
3042239,EMAIL-7db8006395b7
3042293,EMAIL-7db8006395b7
3042313,EMAIL-601679140412
3042317,EMAIL-526472e87484
3042344,EMAIL-83e81c0f7766
3042444,EMAIL-01cc9250b615
3042491,EMAIL-b71ecbccbf34
3042525,EMAIL-526472e87484
3042620,EMAIL-526472e87484
3042624,EMAIL-526472e87484
3042627,EMAIL-526472e87484
3042672,EMAIL-526472e87484
3042697,EMAIL-7db8006395b7
3042719,EMAIL-05c3ae107b3d
3042754,EMAIL-526472e87484
3042764,EMAIL-526472e87484
3042815,EMAIL-05c3ae107b3d
3042920,EMAIL-7db8006395b7
3042972,EMAIL-526472e87484
3043040,EMAIL-7db8006395b7
3043069,EMAIL-05c3ae107b3d
3043080,EMAIL-526472e87484
3043136,EMAIL-601679140412
3043232,EMAIL-526472e87484
3043293,EMAIL-526472e87484
3043299,EMAIL-7db8006395b7
3043321,EMAIL-a45016f2e246
3043424,EMAIL-05c3ae107b3d
3043495,EMAIL-dfe6a9c7c1a5
3043525,EMAIL-526472e87484
3043534,EMAIL-526472e87484
3043535,EMAIL-8b942685451d
3043555,EMAIL-7db8006395b7
3043560,EMAIL-b1be8c968bc2
3043601,EMAIL-7db8006395b7
3043673,EMAIL-b1be8c968bc2
3043674,EMAIL-526472e87484
3043703,EMAIL-b1be8c968bc2
3043727,EMAIL-526472e87484
3043758,EMAIL-601679140412
3043766,EMAIL-5cac1ed1c3bd
3043787,EMAIL-7db8006395b7
3043882,EMAIL-05c3ae107b3d
3043889,EMAIL-526472e87484
3043919,EMAIL-526472e87484
3043950,EMAIL-d8fc56fc7cd3
3043973,EMAIL-526472e87484
3043991,EMAIL-526472e87484
3044044,EMAIL-7db8006395b7
3044069,EMAIL-526472e87484
3044089,EMAIL-526472e87484
3044127,EMAIL-526472e87484
3044149,EMAIL-05c3ae107b3d
3044150,EMAIL-526472e87484
3044177,EMAIL-526472e87484
3044186,EMAIL-526472e87484
3044205,EMAIL-05c3ae107b3d
3044241,EMAIL-a45016f2e246
3044242,EMAIL-8b942685451d
3044246,EMAIL-7db8006395b7
3044254,EMAIL-7db8006395b7
3044262,EMAIL-7db8006395b7
3044266,EMAIL-7db8006395b7
3044267,EMAIL-a45016f2e246
3044272,EMAIL-526472e87484
3044274,EMAIL-526472e87484
3044276,EMAIL-526472e87484
3044297,EMAIL-526472e87484
3044299,EMAIL-7db8006395b7
3044325,EMAIL-526472e87484
3044391,EMAIL-a45016f2e246
3044394,EMAIL-7db8006395b7
3044424,EMAIL-7db8006395b7
3044449,EMAIL-526472e87484
3044472,EMAIL-7db8006395b7
3044484,EMAIL-7db8006395b7
3044493,EMAIL-526472e87484
3044495,EMAIL-f757a40fae92
3044508,EMAIL-f757a40fae92
3044556,EMAIL-05c3ae107b3d
3044570,EMAIL-05c3ae107b3d
3044585,EMAIL-7db8006395b7
3044586,EMAIL-526472e87484
3044616,EMAIL-7db8006395b7
3044642,EMAIL-05c3ae107b3d
3044700,EMAIL-601679140412
3044701,EMAIL-601679140412
3044709,EMAIL-526472e87484
3044717,EMAIL-a45016f2e246
3044718,EMAIL-526472e87484
3044782,EMAIL-601679140412
3044785,EMAIL-a45016f2e246
3044789,EMAIL-000db143c437
3044807,EMAIL-a45016f2e246
3044812,EMAIL-7db8006395b7
3044855,EMAIL-94f19eddc52f
3044920,EMAIL-526472e87484
3044924,EMAIL-7db8006395b7
3044958,EMAIL-526472e87484
3045065,EMAIL-a45016f2e246
3045081,EMAIL-526472e87484
3045086,EMAIL-05c3ae107b3d
3045089,EMAIL-526472e87484
3045113,EMAIL-7db8006395b7
3045158,EMAIL-05c3ae107b3d
3045210,EMAIL-7db8006395b7
3045220,EMAIL-601679140412
3045227,EMAIL-526472e87484
3045250,EMAIL-05c3ae107b3d
3045278,EMAIL-7db8006395b7
3045285,EMAIL-526472e87484
3045298,EMAIL-526472e87484
3045335,EMAIL-7db8006395b7
3045362,EMAIL-526472e87484
3045404,EMAIL-601679140412
3045458,EMAIL-601679140412
3045478,EMAIL-601679140412
3045512,EMAIL-000db143c437
3045545,EMAIL-05c3ae107b3d
3045620,EMAIL-526472e87484
3045623,EMAIL-7db8006395b7
3045661,EMAIL-05c3ae107b3d
3045750,EMAIL-05c3ae107b3d
3045756,EMAIL-7db8006395b7
3045800,EMAIL-b71ecbccbf34
3045881,EMAIL-526472e87484
3045894,EMAIL-601679140412
3045898,EMAIL-526472e87484
3045951,EMAIL-7db8006395b7
3045966,EMAIL-526472e87484
3046015,EMAIL-7db8006395b7
3046041,EMAIL-662b3791aebd
3046072,EMAIL-7db8006395b7
3046129,EMAIL-05c3ae107b3d
3046179,EMAIL-526472e87484
3046217,EMAIL-526472e87484
3046220,EMAIL-526472e87484
3046240,EMAIL-b71ecbccbf34
3046262,EMAIL-526472e87484
3046278,EMAIL-526472e87484
3046327,EMAIL-7db8006395b7
3046361,EMAIL-526472e87484
3046423,EMAIL-7db8006395b7
3046434,EMAIL-526472e87484
3046450,EMAIL-526472e87484
3046483,EMAIL-7db8006395b7
3046606,EMAIL-7db8006395b7
3046705,EMAIL-7db8006395b7
3046722,EMAIL-7db8006395b7
3046726,EMAIL-7db8006395b7
3046776,EMAIL-05c3ae107b3d
3046778,EMAIL-526472e87484
3046792,EMAIL-7db8006395b7
3046857,EMAIL-526472e87484
3046898,EMAIL-7db8006395b7
3046908,EMAIL-526472e87484
3046916,EMAIL-526472e87484
3046938,EMAIL-601679140412
3046955,EMAIL-7db8006395b7
3046957,EMAIL-7db8006395b7
3047005,EMAIL-7db8006395b7
3047011,EMAIL-7db8006395b7
3047042,EMAIL-b71ecbccbf34
3047130,EMAIL-05c3ae107b3d
3047134,EMAIL-526472e87484
3047152,EMAIL-05c3ae107b3d
3047206,EMAIL-7db8006395b7
3047235,EMAIL-526472e87484
3047279,EMAIL-526472e87484
3047349,EMAIL-526472e87484
3047357,EMAIL-526472e87484
3047482,EMAIL-7db8006395b7
3047486,EMAIL-dfe6a9c7c1a5
3047540,EMAIL-7db8006395b7
3047544,EMAIL-526472e87484
3047555,EMAIL-b71ecbccbf34
3047597,EMAIL-526472e87484
3047601,EMAIL-526472e87484
3047602,EMAIL-526472e87484
3047605,EMAIL-526472e87484
3047606,EMAIL-526472e87484
3047655,EMAIL-2c6b2b02a48e
3047674,EMAIL-601679140412
3047676,EMAIL-526472e87484
3047688,EMAIL-05c3ae107b3d
3047692,EMAIL-526472e87484
3047700,EMAIL-526472e87484
3047709,EMAIL-7db8006395b7
3047720,EMAIL-526472e87484
3047724,EMAIL-526472e87484
3047734,EMAIL-526472e87484
3047793,EMAIL-2c6b2b02a48e
3047801,EMAIL-3a8e7c5c8069
3047807,EMAIL-526472e87484
3047812,EMAIL-2c6b2b02a48e
3047827,EMAIL-526472e87484
3047833,EMAIL-7db8006395b7
3047835,EMAIL-526472e87484
3047873,EMAIL-2c6b2b02a48e
3047878,EMAIL-01cc9250b615
3047882,EMAIL-2c6b2b02a48e
3047933,EMAIL-01cc9250b615
3047940,EMAIL-b71ecbccbf34
3048131,EMAIL-05c3ae107b3d
3048161,EMAIL-7db8006395b7
3048165,EMAIL-000db143c437
3048171,EMAIL-526472e87484
3048172,EMAIL-526472e87484
3048176,EMAIL-7db8006395b7
3048186,EMAIL-05c3ae107b3d
3048200,EMAIL-05c3ae107b3d
3048209,EMAIL-601679140412
3048223,EMAIL-7db8006395b7
3048257,EMAIL-7db8006395b7
3048264,EMAIL-7db8006395b7
3048272,EMAIL-526472e87484
3048290,EMAIL-7db8006395b7
3048310,EMAIL-526472e87484
3048419,EMAIL-601679140412
3048436,EMAIL-7db8006395b7
3048440,EMAIL-7db8006395b7
3048446,EMAIL-526472e87484
3048455,EMAIL-526472e87484
3048473,EMAIL-526472e87484
3048483,EMAIL-526472e87484
3048491,EMAIL-526472e87484
3048515,EMAIL-7db8006395b7
3048524,EMAIL-526472e87484
3048538,EMAIL-a45016f2e246
3048543,EMAIL-526472e87484
3048576,EMAIL-7db8006395b7
3048602,EMAIL-526472e87484
3048631,EMAIL-05c3ae107b3d
3048651,EMAIL-7db8006395b7
3048654,EMAIL-526472e87484
3048655,EMAIL-526472e87484
3048657,EMAIL-526472e87484
3048666,EMAIL-b71ecbccbf34
3048671,EMAIL-526472e87484
3048678,EMAIL-526472e87484
3048687,EMAIL-526472e87484
3048700,EMAIL-526472e87484
3048701,EMAIL-601679140412
3048718,EMAIL-7db8006395b7
3048750,EMAIL-5cac1ed1c3bd
3048762,EMAIL-601679140412
3048763,EMAIL-a45016f2e246
3048778,EMAIL-7db8006395b7
3048783,EMAIL-7db8006395b7
3048792,EMAIL-601679140412
3048793,EMAIL-526472e87484
3048832,EMAIL-526472e87484
3048834,EMAIL-7db8006395b7
3048885,EMAIL-7db8006395b7
3048926,EMAIL-05c3ae107b3d
3048928,EMAIL-526472e87484
3048940,EMAIL-b71ecbccbf34
3048987,EMAIL-5cac1ed1c3bd
3049059,EMAIL-7db8006395b7
3049065,EMAIL-05c3ae107b3d
3049088,EMAIL-526472e87484
3049105,EMAIL-526472e87484
3049133,EMAIL-526472e87484
3049156,EMAIL-b71ecbccbf34
3049197,EMAIL-526472e87484
3049271,EMAIL-05c3ae107b3d
3049346,EMAIL-526472e87484
3049361,EMAIL-b71ecbccbf34
3049393,EMAIL-b71ecbccbf34
3049398,EMAIL-05c3ae107b3d
3049530,EMAIL-2c6b2b02a48e
3049552,EMAIL-b71ecbccbf34
3049599,EMAIL-526472e87484
3049644,EMAIL-7db8006395b7
3049656,EMAIL-05c3ae107b3d
3049675,EMAIL-6d8c8eb6c5c8
3049835,EMAIL-526472e87484
3049879,EMAIL-526472e87484
3049905,EMAIL-01cc9250b615
3049932,EMAIL-526472e87484
3049936,EMAIL-05c3ae107b3d
3049959,EMAIL-526472e87484
3050023,EMAIL-526472e87484
3050024,EMAIL-7db8006395b7
3050065,EMAIL-7db8006395b7
3050096,EMAIL-526472e87484
3050132,EMAIL-601679140412
3050147,EMAIL-601679140412
3050162,EMAIL-7db8006395b7
3050181,EMAIL-7db8006395b7
3050236,EMAIL-83e81c0f7766
3050274,EMAIL-7db8006395b7
3050291,EMAIL-526472e87484
3050313,EMAIL-526472e87484
3050436,EMAIL-526472e87484
3050446,EMAIL-7db8006395b7
3050469,EMAIL-7db8006395b7
3050477,EMAIL-05c3ae107b3d
3050478,EMAIL-7db8006395b7
3050502,EMAIL-526472e87484
3050638,EMAIL-7db8006395b7
3050656,EMAIL-7db8006395b7
3050677,EMAIL-526472e87484
3050681,EMAIL-05c3ae107b3d
3050704,EMAIL-7db8006395b7
3050706,EMAIL-7db8006395b7
3050715,EMAIL-526472e87484
3050752,EMAIL-526472e87484
3050755,EMAIL-526472e87484
3050778,EMAIL-05c3ae107b3d
3050787,EMAIL-01cc9250b615
3050847,EMAIL-d1684fe68050
3050864,EMAIL-7db8006395b7
3050867,EMAIL-526472e87484
3050914,EMAIL-526472e87484
3050917,EMAIL-526472e87484
3050938,EMAIL-526472e87484
3050946,EMAIL-526472e87484
3050974,EMAIL-526472e87484
3050977,EMAIL-526472e87484
3050985,EMAIL-a45016f2e246
3051030,EMAIL-7db8006395b7
3051031,EMAIL-526472e87484
3051040,EMAIL-526472e87484
3051044,EMAIL-526472e87484
3051077,EMAIL-526472e87484
3051098,EMAIL-b71ecbccbf34
3051129,EMAIL-526472e87484
3051213,EMAIL-05c3ae107b3d
3051240,EMAIL-526472e87484
3051334,EMAIL-05c3ae107b3d
3051382,EMAIL-a45016f2e246
3051395,EMAIL-05c3ae107b3d
3051421,EMAIL-7db8006395b7
3051473,EMAIL-526472e87484
3051498,EMAIL-7db8006395b7
3051540,EMAIL-526472e87484
3051549,EMAIL-7db8006395b7
3051568,EMAIL-7db8006395b7
3051578,EMAIL-601679140412
3051617,EMAIL-526472e87484
3051632,EMAIL-7db8006395b7
3051641,EMAIL-526472e87484
3051653,EMAIL-526472e87484
3051675,EMAIL-601679140412
3051684,EMAIL-7db8006395b7
3051718,EMAIL-7db8006395b7
3051719,EMAIL-526472e87484
3051742,EMAIL-526472e87484
3051780,EMAIL-526472e87484
3051796,EMAIL-a45016f2e246
3051797,EMAIL-a45016f2e246
3051805,EMAIL-a45016f2e246
3051807,EMAIL-526472e87484
3051816,EMAIL-526472e87484
3051830,EMAIL-7db8006395b7
3051846,EMAIL-a45016f2e246
3051907,EMAIL-601679140412
3051914,EMAIL-05c3ae107b3d
3051937,EMAIL-601679140412
3051951,EMAIL-b71ecbccbf34
3051957,EMAIL-01cc9250b615
3051982,EMAIL-05c3ae107b3d
3051990,EMAIL-526472e87484
3051991,EMAIL-601679140412
3052051,EMAIL-7db8006395b7
3052093,EMAIL-601679140412
3052136,EMAIL-7db8006395b7
3052161,EMAIL-05c3ae107b3d
3052166,EMAIL-b71ecbccbf34
3052212,EMAIL-526472e87484
3052258,EMAIL-dfe6a9c7c1a5
3052310,EMAIL-526472e87484
3052338,EMAIL-05c3ae107b3d
3052349,EMAIL-2c6b2b02a48e
3052351,EMAIL-7db8006395b7
3052359,EMAIL-7db8006395b7
3052360,EMAIL-05c3ae107b3d
3052383,EMAIL-05c3ae107b3d
3052439,EMAIL-526472e87484
3052447,EMAIL-7db8006395b7
3052501,EMAIL-b71ecbccbf34
3052546,EMAIL-b71ecbccbf34
3052581,EMAIL-7db8006395b7
3052596,EMAIL-526472e87484
3052607,EMAIL-05c3ae107b3d
3052620,EMAIL-b71ecbccbf34
3052623,EMAIL-5a343157d535
3052654,EMAIL-7db8006395b7
3052688,EMAIL-05c3ae107b3d
3052707,EMAIL-05c3ae107b3d
3052731,EMAIL-8b942685451d
3052732,EMAIL-05c3ae107b3d
3052737,EMAIL-05c3ae107b3d
3052746,EMAIL-526472e87484
3052748,EMAIL-05c3ae107b3d
3052761,EMAIL-526472e87484
3052772,EMAIL-526472e87484
3052774,EMAIL-023f08585708
3052801,EMAIL-526472e87484
3052803,EMAIL-7db8006395b7
3052822,EMAIL-7db8006395b7
3052841,EMAIL-7db8006395b7
3052843,EMAIL-526472e87484
3052851,EMAIL-526472e87484
3052853,EMAIL-7db8006395b7
3052855,EMAIL-7db8006395b7
3052867,EMAIL-000db143c437
3052878,EMAIL-7db8006395b7
3052927,EMAIL-7db8006395b7
3052928,EMAIL-7db8006395b7
3052929,EMAIL-7db8006395b7
3052938,EMAIL-526472e87484
3052968,EMAIL-526472e87484
3053011,EMAIL-526472e87484
3053021,EMAIL-526472e87484
3053040,EMAIL-7db8006395b7
3053049,EMAIL-000db143c437
3053062,EMAIL-526472e87484
3053070,EMAIL-b71ecbccbf34
3053082,EMAIL-a45016f2e246
3053102,EMAIL-05c3ae107b3d
3053104,EMAIL-05c3ae107b3d
3053116,EMAIL-526472e87484
3053121,EMAIL-526472e87484
3053125,EMAIL-b71ecbccbf34
3053163,EMAIL-05c3ae107b3d
3053167,EMAIL-05c3ae107b3d
3053172,EMAIL-05c3ae107b3d
3053174,EMAIL-526472e87484
3053189,EMAIL-05c3ae107b3d
3053206,EMAIL-000db143c437
3053226,EMAIL-662b3791aebd
3053323,EMAIL-7db8006395b7
3053334,EMAIL-526472e87484
3053354,EMAIL-7db8006395b7
3053372,EMAIL-83e81c0f7766
3053382,EMAIL-526472e87484
3053454,EMAIL-05c3ae107b3d
3053503,EMAIL-05c3ae107b3d
3053510,EMAIL-526472e87484
3053579,EMAIL-7db8006395b7
3053586,EMAIL-7db8006395b7
3053621,EMAIL-05c3ae107b3d
3053636,EMAIL-b71ecbccbf34
3053646,EMAIL-7db8006395b7
3053663,EMAIL-05c3ae107b3d
3053667,EMAIL-526472e87484
3053733,EMAIL-526472e87484
3053843,EMAIL-526472e87484
3053866,EMAIL-526472e87484
3053867,EMAIL-2c6b2b02a48e
3053883,EMAIL-526472e87484
3053930,EMAIL-05c3ae107b3d
3053949,EMAIL-526472e87484
3054016,EMAIL-b71ecbccbf34
3054051,EMAIL-601679140412
3054085,EMAIL-526472e87484
3054145,EMAIL-526472e87484
3054171,EMAIL-05c3ae107b3d
3054177,EMAIL-526472e87484
3054250,EMAIL-526472e87484
3054277,EMAIL-526472e87484
3054281,EMAIL-05c3ae107b3d
3054289,EMAIL-526472e87484
3054333,EMAIL-526472e87484
3054338,EMAIL-526472e87484
3054393,EMAIL-7db8006395b7
3054407,EMAIL-05c3ae107b3d
3054410,EMAIL-526472e87484
3054424,EMAIL-b71ecbccbf34
3054447,EMAIL-601679140412
3054453,EMAIL-601679140412
3054463,EMAIL-601679140412
3054468,EMAIL-05c3ae107b3d
3054510,EMAIL-601679140412
3054511,EMAIL-601679140412
3054532,EMAIL-601679140412
3054557,EMAIL-05c3ae107b3d
3054598,EMAIL-dfe6a9c7c1a5
3054602,EMAIL-526472e87484
3054654,EMAIL-05c3ae107b3d
3054687,EMAIL-526472e87484
3054739,EMAIL-526472e87484
3054761,EMAIL-526472e87484
3054772,EMAIL-7db8006395b7
3054831,EMAIL-526472e87484
3054843,EMAIL-05c3ae107b3d
3054892,EMAIL-526472e87484
3054908,EMAIL-05c3ae107b3d
3054974,EMAIL-526472e87484
3055063,EMAIL-b71ecbccbf34
3055125,EMAIL-7db8006395b7
3055139,EMAIL-526472e87484
3055143,EMAIL-7db8006395b7
3055153,EMAIL-526472e87484
3055283,EMAIL-1221ee4a23d4
3055339,EMAIL-526472e87484
3055343,EMAIL-01cc9250b615
3055344,EMAIL-526472e87484
3055361,EMAIL-05c3ae107b3d
3055362,EMAIL-526472e87484
3055363,EMAIL-8b942685451d
3055373,EMAIL-526472e87484
3055384,EMAIL-526472e87484
3055399,EMAIL-7db8006395b7
3055411,EMAIL-1221ee4a23d4
3055413,EMAIL-526472e87484
3055462,EMAIL-526472e87484
3055546,EMAIL-601679140412
3055575,EMAIL-7db8006395b7
3055620,EMAIL-526472e87484
3055632,EMAIL-526472e87484
3055638,EMAIL-526472e87484
3055746,EMAIL-526472e87484
3055780,EMAIL-526472e87484
3055798,EMAIL-7db8006395b7
3055803,EMAIL-b71ecbccbf34
3055834,EMAIL-601679140412
3055881,EMAIL-601679140412
3055883,EMAIL-526472e87484
3055905,EMAIL-526472e87484
3055920,EMAIL-7db8006395b7
3055926,EMAIL-526472e87484
3055940,EMAIL-526472e87484
3055958,EMAIL-526472e87484
3055999,EMAIL-7db8006395b7
3056070,EMAIL-601679140412
3056150,EMAIL-526472e87484
3056172,EMAIL-526472e87484
3056175,EMAIL-526472e87484
3056190,EMAIL-526472e87484
3056200,EMAIL-526472e87484
3056220,EMAIL-526472e87484
3056229,EMAIL-526472e87484
3056288,EMAIL-7db8006395b7
3056361,EMAIL-b71ecbccbf34
3056406,EMAIL-526472e87484
3056419,EMAIL-526472e87484
3056436,EMAIL-05c3ae107b3d
3056464,EMAIL-7db8006395b7
3056469,EMAIL-526472e87484
3056483,EMAIL-526472e87484
3056500,EMAIL-526472e87484
3056520,EMAIL-526472e87484
3056526,EMAIL-662b3791aebd
3056534,EMAIL-526472e87484
3056559,EMAIL-7db8006395b7
3056562,EMAIL-526472e87484
3056581,EMAIL-601679140412
3056583,EMAIL-526472e87484
3056600,EMAIL-526472e87484
3056621,EMAIL-526472e87484
3056677,EMAIL-526472e87484
3056794,EMAIL-7db8006395b7
3056803,EMAIL-526472e87484
3056834,EMAIL-023f08585708
3056836,EMAIL-b71ecbccbf34
3056856,EMAIL-b71ecbccbf34
3056861,EMAIL-526472e87484
3056863,EMAIL-dfe6a9c7c1a5
3056906,EMAIL-526472e87484
3056914,EMAIL-b71ecbccbf34
3056923,EMAIL-526472e87484
3056925,EMAIL-526472e87484
3056929,EMAIL-526472e87484
3056936,EMAIL-526472e87484
3056957,EMAIL-7db8006395b7
3056994,EMAIL-a45016f2e246
3056996,EMAIL-7db8006395b7
3057031,EMAIL-526472e87484
3057099,EMAIL-526472e87484
3057123,EMAIL-7db8006395b7
3057139,EMAIL-05c3ae107b3d
3057234,EMAIL-526472e87484
3057256,EMAIL-7db8006395b7
3057262,EMAIL-7db8006395b7
3057359,EMAIL-601679140412
3057370,EMAIL-526472e87484
3057387,EMAIL-526472e87484
3057432,EMAIL-526472e87484
3057440,EMAIL-05c3ae107b3d
3057452,EMAIL-526472e87484
3057469,EMAIL-023f08585708
3057519,EMAIL-b71ecbccbf34
3057618,EMAIL-b71ecbccbf34
3057662,EMAIL-526472e87484
3057696,EMAIL-7db8006395b7
3057705,EMAIL-05c3ae107b3d
3057769,EMAIL-7db8006395b7
3057775,EMAIL-7db8006395b7
3057813,EMAIL-526472e87484
3057817,EMAIL-b71ecbccbf34
3057830,EMAIL-526472e87484
3057845,EMAIL-7db8006395b7
3057873,EMAIL-526472e87484
3057886,EMAIL-526472e87484
3057895,EMAIL-526472e87484
3057913,EMAIL-526472e87484
3057931,EMAIL-526472e87484
3057948,EMAIL-b71ecbccbf34
3057975,EMAIL-7db8006395b7
3057996,EMAIL-b71ecbccbf34
3058009,EMAIL-526472e87484
3058030,EMAIL-7db8006395b7
3058047,EMAIL-b71ecbccbf34
3058090,EMAIL-601679140412
3058143,EMAIL-601679140412
3058221,EMAIL-526472e87484
3058234,EMAIL-526472e87484
3058259,EMAIL-526472e87484
3058264,EMAIL-01cc9250b615
3058315,EMAIL-526472e87484
3058325,EMAIL-526472e87484
3058329,EMAIL-526472e87484
3058338,EMAIL-526472e87484
3058340,EMAIL-7db8006395b7
3058451,EMAIL-05c3ae107b3d
3058582,EMAIL-526472e87484
3058653,EMAIL-526472e87484
3058719,EMAIL-526472e87484
3058724,EMAIL-7db8006395b7
3058779,EMAIL-7db8006395b7
3058786,EMAIL-7db8006395b7
3058791,EMAIL-601679140412
3058830,EMAIL-526472e87484
3058844,EMAIL-526472e87484
3058874,EMAIL-b71ecbccbf34
3058876,EMAIL-7db8006395b7
3058980,EMAIL-601679140412
3059023,EMAIL-05c3ae107b3d
3059029,EMAIL-526472e87484
3059083,EMAIL-526472e87484
3059085,EMAIL-05c3ae107b3d
3059117,EMAIL-7db8006395b7
3059166,EMAIL-526472e87484
3059207,EMAIL-526472e87484
3059233,EMAIL-05c3ae107b3d
3059257,EMAIL-05c3ae107b3d
3059322,EMAIL-7db8006395b7
3059483,EMAIL-526472e87484
3059499,EMAIL-526472e87484
3059515,EMAIL-7db8006395b7
3059528,EMAIL-b71ecbccbf34
3059544,EMAIL-7db8006395b7
3059560,EMAIL-7db8006395b7
3059564,EMAIL-526472e87484
3059739,EMAIL-05c3ae107b3d
3059743,EMAIL-7db8006395b7
3059751,EMAIL-526472e87484
3059799,EMAIL-526472e87484
3059800,EMAIL-7db8006395b7
3059825,EMAIL-526472e87484
3059868,EMAIL-7db8006395b7
3059882,EMAIL-05c3ae107b3d
3059955,EMAIL-526472e87484
3059961,EMAIL-526472e87484
3059987,EMAIL-526472e87484
3060025,EMAIL-05c3ae107b3d
3060071,EMAIL-7db8006395b7
3060074,EMAIL-526472e87484
3060075,EMAIL-526472e87484
3060089,EMAIL-526472e87484
3060108,EMAIL-526472e87484
3060123,EMAIL-7db8006395b7
3060130,EMAIL-526472e87484
3060138,EMAIL-526472e87484
3060174,EMAIL-05c3ae107b3d
3060177,EMAIL-526472e87484
3060244,EMAIL-526472e87484
3060325,EMAIL-05c3ae107b3d
3060353,EMAIL-7db8006395b7
3060358,EMAIL-05c3ae107b3d
3060368,EMAIL-526472e87484
3060395,EMAIL-05c3ae107b3d
3060438,EMAIL-b71ecbccbf34
3060475,EMAIL-526472e87484
3060523,EMAIL-526472e87484
3060561,EMAIL-7db8006395b7
3060576,EMAIL-dfe6a9c7c1a5
3060623,EMAIL-7db8006395b7
3060643,EMAIL-7db8006395b7
3060754,EMAIL-05c3ae107b3d
3060772,EMAIL-526472e87484
3060790,EMAIL-01cc9250b615
3060800,EMAIL-526472e87484
3060807,EMAIL-01cc9250b615
3060836,EMAIL-01cc9250b615
3060902,EMAIL-526472e87484
3060910,EMAIL-7db8006395b7
3060995,EMAIL-7db8006395b7
3060999,EMAIL-526472e87484
3061006,EMAIL-526472e87484
3061032,EMAIL-05c3ae107b3d
3061060,EMAIL-526472e87484
3061156,EMAIL-05c3ae107b3d
3061181,EMAIL-dfe6a9c7c1a5
3061210,EMAIL-2c6b2b02a48e
3061212,EMAIL-526472e87484
3061222,EMAIL-05c3ae107b3d
3061232,EMAIL-7db8006395b7
3061315,EMAIL-526472e87484
3061322,EMAIL-05c3ae107b3d
3061333,EMAIL-05c3ae107b3d
3061335,EMAIL-7db8006395b7
3061346,EMAIL-526472e87484
3061385,EMAIL-05c3ae107b3d
3061425,EMAIL-526472e87484
3061440,EMAIL-526472e87484
3061454,EMAIL-601679140412
3061461,EMAIL-526472e87484
3061474,EMAIL-526472e87484
3061508,EMAIL-7db8006395b7
3061515,EMAIL-7db8006395b7
3061517,EMAIL-526472e87484
3061540,EMAIL-01cc9250b615
3061556,EMAIL-526472e87484
3061565,EMAIL-dfe6a9c7c1a5
3061601,EMAIL-7db8006395b7
3061607,EMAIL-7db8006395b7
3061660,EMAIL-526472e87484
3061685,EMAIL-a45016f2e246
3061690,EMAIL-7eeee5f261e7
3061695,EMAIL-526472e87484
3061710,EMAIL-526472e87484
3061712,EMAIL-526472e87484
3061749,EMAIL-05c3ae107b3d
3061752,EMAIL-526472e87484
3061765,EMAIL-7db8006395b7
3061794,EMAIL-05c3ae107b3d
3061813,EMAIL-526472e87484
3061894,EMAIL-7db8006395b7
3061901,EMAIL-526472e87484
3061972,EMAIL-526472e87484
3061983,EMAIL-526472e87484
3062008,EMAIL-526472e87484
3062014,EMAIL-a45016f2e246
3062017,EMAIL-7db8006395b7
3062044,EMAIL-7db8006395b7
3062068,EMAIL-7db8006395b7
3062073,EMAIL-05c3ae107b3d
3062092,EMAIL-05c3ae107b3d
3062115,EMAIL-7db8006395b7
3062175,EMAIL-601679140412
3062197,EMAIL-7db8006395b7
3062201,EMAIL-7db8006395b7
3062237,EMAIL-05c3ae107b3d
3062397,EMAIL-94f19eddc52f
3062402,EMAIL-7db8006395b7
3062410,EMAIL-7db8006395b7
3062424,EMAIL-7db8006395b7
3062453,EMAIL-d1684fe68050
3062488,EMAIL-7db8006395b7
3062531,EMAIL-05c3ae107b3d
3062573,EMAIL-7db8006395b7
3062580,EMAIL-01cc9250b615
3062625,EMAIL-526472e87484
3062655,EMAIL-526472e87484
3062683,EMAIL-7db8006395b7
3062749,EMAIL-526472e87484
3062754,EMAIL-7db8006395b7
3062808,EMAIL-7db8006395b7
3062840,EMAIL-a45016f2e246
3062869,EMAIL-526472e87484
3062897,EMAIL-526472e87484
3062912,EMAIL-7db8006395b7
3062989,EMAIL-526472e87484
3063032,EMAIL-05c3ae107b3d
3063050,EMAIL-526472e87484
3063061,EMAIL-7db8006395b7
3063063,EMAIL-526472e87484
3063071,EMAIL-526472e87484
3063103,EMAIL-526472e87484
3063121,EMAIL-526472e87484
3063129,EMAIL-b71ecbccbf34
3063130,EMAIL-526472e87484
3063138,EMAIL-526472e87484
3063173,EMAIL-05c3ae107b3d
3063174,EMAIL-526472e87484
3063185,EMAIL-601679140412
3063192,EMAIL-526472e87484
3063202,EMAIL-7db8006395b7
3063226,EMAIL-526472e87484
3063252,EMAIL-526472e87484
3063267,EMAIL-526472e87484
3063284,EMAIL-601679140412
3063292,EMAIL-601679140412
3063297,EMAIL-526472e87484
3063302,EMAIL-526472e87484
3063321,EMAIL-526472e87484
3063343,EMAIL-7db8006395b7
3063365,EMAIL-526472e87484
3063413,EMAIL-526472e87484
3063439,EMAIL-526472e87484
3063442,EMAIL-526472e87484
3063479,EMAIL-05c3ae107b3d
3063492,EMAIL-526472e87484
3063507,EMAIL-05c3ae107b3d
3063514,EMAIL-7db8006395b7
3063528,EMAIL-7db8006395b7
3063568,EMAIL-601679140412
3063653,EMAIL-7db8006395b7
3063665,EMAIL-526472e87484
3063676,EMAIL-7db8006395b7
3063684,EMAIL-526472e87484
3063757,EMAIL-526472e87484
3063770,EMAIL-7db8006395b7
3063817,EMAIL-526472e87484
3063835,EMAIL-7db8006395b7
3063863,EMAIL-7db8006395b7
3063876,EMAIL-7db8006395b7
3063880,EMAIL-7db8006395b7
3063882,EMAIL-b71ecbccbf34
3063917,EMAIL-7db8006395b7
3063925,EMAIL-526472e87484
3063932,EMAIL-526472e87484
3063934,EMAIL-601679140412
3063951,EMAIL-526472e87484
3063971,EMAIL-526472e87484
3063979,EMAIL-526472e87484
3063981,EMAIL-526472e87484
3063987,EMAIL-526472e87484
3063989,EMAIL-526472e87484
3063997,EMAIL-526472e87484
3064060,EMAIL-7db8006395b7
3064077,EMAIL-05c3ae107b3d
3064084,EMAIL-7db8006395b7
3064120,EMAIL-01cc9250b615
3064136,EMAIL-5cac1ed1c3bd
3064147,EMAIL-7db8006395b7
3064152,EMAIL-7db8006395b7
3064160,EMAIL-7db8006395b7
3064164,EMAIL-7db8006395b7
3064235,EMAIL-526472e87484
3064240,EMAIL-7db8006395b7
3064266,EMAIL-7db8006395b7
3064282,EMAIL-7db8006395b7
3064285,EMAIL-526472e87484
3064302,EMAIL-7db8006395b7
3064336,EMAIL-05c3ae107b3d
3064347,EMAIL-7db8006395b7
3064365,EMAIL-526472e87484
3064404,EMAIL-526472e87484
3064560,EMAIL-601679140412
3064585,EMAIL-526472e87484
3064609,EMAIL-526472e87484
3064615,EMAIL-526472e87484
3064629,EMAIL-7db8006395b7
3064655,EMAIL-601679140412
3064663,EMAIL-7db8006395b7
3064677,EMAIL-526472e87484
3064683,EMAIL-7db8006395b7
3064690,EMAIL-7db8006395b7
3064692,EMAIL-7db8006395b7
3064709,EMAIL-05c3ae107b3d
3064753,EMAIL-05c3ae107b3d
3064761,EMAIL-7db8006395b7
3064772,EMAIL-526472e87484
3064859,EMAIL-601679140412
3064881,EMAIL-601679140412
3064894,EMAIL-601679140412
3064928,EMAIL-601679140412
3064958,EMAIL-526472e87484
3064986,EMAIL-0df48815e896
3064993,EMAIL-b71ecbccbf34
3065006,EMAIL-526472e87484
3065010,EMAIL-7db8006395b7
3065072,EMAIL-05c3ae107b3d
3065135,EMAIL-b71ecbccbf34
3065145,EMAIL-05c3ae107b3d
3065167,EMAIL-526472e87484
3065174,EMAIL-7db8006395b7
3065188,EMAIL-7db8006395b7
3065234,EMAIL-a45016f2e246
3065237,EMAIL-dfe6a9c7c1a5
3065286,EMAIL-a45016f2e246
3065287,EMAIL-a45016f2e246
3065290,EMAIL-526472e87484
3065312,EMAIL-7db8006395b7
3065337,EMAIL-a45016f2e246
3065356,EMAIL-526472e87484
3065397,EMAIL-a45016f2e246
3065566,EMAIL-7db8006395b7
3065571,EMAIL-526472e87484
3065595,EMAIL-7db8006395b7
3065602,EMAIL-7db8006395b7
3065608,EMAIL-526472e87484
3065611,EMAIL-526472e87484
3065670,EMAIL-601679140412
3065672,EMAIL-7db8006395b7
3065674,EMAIL-7db8006395b7
3065683,EMAIL-7db8006395b7
3065686,EMAIL-05c3ae107b3d
3065699,EMAIL-662b3791aebd
3065708,EMAIL-05c3ae107b3d
3065736,EMAIL-601679140412
3065746,EMAIL-601679140412
3065784,EMAIL-526472e87484
3065809,EMAIL-7db8006395b7
3065835,EMAIL-601679140412
3065839,EMAIL-7db8006395b7
3065840,EMAIL-7db8006395b7
3065851,EMAIL-7db8006395b7
3065980,EMAIL-7db8006395b7
3065984,EMAIL-7db8006395b7
3066111,EMAIL-526472e87484
3066120,EMAIL-526472e87484
3066152,EMAIL-7db8006395b7
3066165,EMAIL-7db8006395b7
3066167,EMAIL-7db8006395b7
3066182,EMAIL-7db8006395b7
3066237,EMAIL-7db8006395b7
3066239,EMAIL-601679140412
3066265,EMAIL-7db8006395b7
3066266,EMAIL-526472e87484
3066275,EMAIL-7db8006395b7
3066356,EMAIL-7db8006395b7
3066390,EMAIL-526472e87484
3066397,EMAIL-05c3ae107b3d
3066400,EMAIL-7db8006395b7
3066440,EMAIL-526472e87484
3066447,EMAIL-526472e87484
3066474,EMAIL-601679140412
3066479,EMAIL-5a343157d535
3066495,EMAIL-601679140412
3066570,EMAIL-526472e87484
3066575,EMAIL-a45016f2e246
3066587,EMAIL-526472e87484
3066588,EMAIL-526472e87484
3066591,EMAIL-526472e87484
3066626,EMAIL-526472e87484
3066627,EMAIL-526472e87484
3066628,EMAIL-526472e87484
3066660,EMAIL-601679140412
3066673,EMAIL-526472e87484
3066685,EMAIL-7db8006395b7
3066686,EMAIL-526472e87484
3066703,EMAIL-7db8006395b7
3066741,EMAIL-526472e87484
3066762,EMAIL-526472e87484
3066780,EMAIL-526472e87484
3066784,EMAIL-7db8006395b7
3066797,EMAIL-526472e87484
3066807,EMAIL-526472e87484
3066809,EMAIL-526472e87484
3066831,EMAIL-05c3ae107b3d
3066835,EMAIL-526472e87484
3066839,EMAIL-526472e87484
3066840,EMAIL-7db8006395b7
3066849,EMAIL-526472e87484
3066870,EMAIL-526472e87484
3066871,EMAIL-526472e87484
3066887,EMAIL-a45016f2e246
3066917,EMAIL-526472e87484
3066927,EMAIL-7db8006395b7
3066937,EMAIL-526472e87484
3067027,EMAIL-05c3ae107b3d
3067052,EMAIL-526472e87484
3067057,EMAIL-0df48815e896
3067110,EMAIL-05c3ae107b3d
3067155,EMAIL-b71ecbccbf34
3067159,EMAIL-601679140412
3067178,EMAIL-7db8006395b7
3067184,EMAIL-526472e87484
3067229,EMAIL-526472e87484
3067271,EMAIL-526472e87484
3067292,EMAIL-05c3ae107b3d
3067345,EMAIL-526472e87484
3067379,EMAIL-526472e87484
3067396,EMAIL-526472e87484
3067427,EMAIL-b71ecbccbf34
3067446,EMAIL-526472e87484
3067455,EMAIL-7db8006395b7
3067460,EMAIL-526472e87484
3067477,EMAIL-526472e87484
3067550,EMAIL-05c3ae107b3d
3067654,EMAIL-601679140412
3067668,EMAIL-05c3ae107b3d
3067688,EMAIL-526472e87484
3067764,EMAIL-dfe6a9c7c1a5
3067887,EMAIL-526472e87484
3067945,EMAIL-05c3ae107b3d
3067964,EMAIL-a45016f2e246
3068032,EMAIL-526472e87484
3068033,EMAIL-7db8006395b7
3068040,EMAIL-05c3ae107b3d
3068051,EMAIL-526472e87484
3068200,EMAIL-526472e87484
3068241,EMAIL-526472e87484
3068252,EMAIL-05c3ae107b3d
3068288,EMAIL-7db8006395b7
3068316,EMAIL-526472e87484
3068332,EMAIL-05c3ae107b3d
3068338,EMAIL-7db8006395b7
3068349,EMAIL-526472e87484
3068370,EMAIL-7db8006395b7
3068386,EMAIL-526472e87484
3068458,EMAIL-526472e87484
3068481,EMAIL-526472e87484
3068550,EMAIL-526472e87484
3068557,EMAIL-05c3ae107b3d
3068582,EMAIL-7db8006395b7
3068608,EMAIL-526472e87484
3068609,EMAIL-526472e87484
3068616,EMAIL-526472e87484
3068640,EMAIL-526472e87484
3068734,EMAIL-526472e87484
3068803,EMAIL-8b942685451d
3068837,EMAIL-526472e87484
3068839,EMAIL-a45016f2e246
3068841,EMAIL-526472e87484
3068859,EMAIL-601679140412
3068860,EMAIL-526472e87484
3068861,EMAIL-01cc9250b615
3068917,EMAIL-526472e87484
3068935,EMAIL-7db8006395b7
3068947,EMAIL-7db8006395b7
3069026,EMAIL-526472e87484
3069060,EMAIL-05c3ae107b3d
3069071,EMAIL-05c3ae107b3d
3069109,EMAIL-b71ecbccbf34
3069110,EMAIL-05c3ae107b3d
3069119,EMAIL-526472e87484
3069197,EMAIL-2c6b2b02a48e
3069207,EMAIL-526472e87484
3069218,EMAIL-526472e87484
3069231,EMAIL-526472e87484
3069262,EMAIL-05c3ae107b3d
3069267,EMAIL-526472e87484
3069302,EMAIL-526472e87484
3069349,EMAIL-b71ecbccbf34
3069390,EMAIL-2c6b2b02a48e
3069408,EMAIL-9f7909255943
3069423,EMAIL-05c3ae107b3d
3069446,EMAIL-526472e87484
3069485,EMAIL-526472e87484
3069495,EMAIL-526472e87484
3069620,EMAIL-526472e87484
3069675,EMAIL-526472e87484
3069694,EMAIL-526472e87484
3069821,EMAIL-526472e87484
3069839,EMAIL-526472e87484
3069871,EMAIL-1221ee4a23d4
3069874,EMAIL-526472e87484
3069912,EMAIL-000db143c437
3069923,EMAIL-7db8006395b7
3069974,EMAIL-601679140412
3070022,EMAIL-7db8006395b7
3070042,EMAIL-526472e87484
3070050,EMAIL-b71ecbccbf34
3070093,EMAIL-7db8006395b7
3070212,EMAIL-05c3ae107b3d
3070225,EMAIL-05c3ae107b3d
3070232,EMAIL-601679140412
3070240,EMAIL-05c3ae107b3d
3070248,EMAIL-05c3ae107b3d
3070253,EMAIL-05c3ae107b3d
3070256,EMAIL-7db8006395b7
3070263,EMAIL-526472e87484
3070273,EMAIL-526472e87484
3070284,EMAIL-526472e87484
3070295,EMAIL-526472e87484
3070307,EMAIL-526472e87484
3070349,EMAIL-526472e87484
3070371,EMAIL-526472e87484
3070381,EMAIL-7db8006395b7
3070414,EMAIL-526472e87484
3070462,EMAIL-526472e87484
3070467,EMAIL-526472e87484
3070514,EMAIL-601679140412
3070520,EMAIL-526472e87484
3070521,EMAIL-7db8006395b7
3070547,EMAIL-7db8006395b7
3070569,EMAIL-05c3ae107b3d
3070603,EMAIL-526472e87484
3070610,EMAIL-05c3ae107b3d
3070619,EMAIL-7db8006395b7
3070628,EMAIL-526472e87484
3070634,EMAIL-526472e87484
3070668,EMAIL-526472e87484
3070707,EMAIL-b71ecbccbf34
3070710,EMAIL-526472e87484
3070766,EMAIL-601679140412
3070779,EMAIL-526472e87484
3070823,EMAIL-526472e87484
3070866,EMAIL-5cac1ed1c3bd
3070883,EMAIL-526472e87484
3070944,EMAIL-7db8006395b7
3070953,EMAIL-526472e87484
3070986,EMAIL-601679140412
3071029,EMAIL-7db8006395b7
3071061,EMAIL-526472e87484
3071078,EMAIL-05c3ae107b3d
3071085,EMAIL-7db8006395b7
3071089,EMAIL-526472e87484
3071091,EMAIL-526472e87484
3071102,EMAIL-d1684fe68050
3071109,EMAIL-05c3ae107b3d
3071113,EMAIL-526472e87484
3071116,EMAIL-526472e87484
3071122,EMAIL-526472e87484
3071140,EMAIL-526472e87484
3071143,EMAIL-7db8006395b7
3071197,EMAIL-7db8006395b7
3071201,EMAIL-7db8006395b7
3071209,EMAIL-7db8006395b7
3071257,EMAIL-7db8006395b7
3071280,EMAIL-7db8006395b7
3071289,EMAIL-05c3ae107b3d
3071297,EMAIL-526472e87484
3071304,EMAIL-526472e87484
3071309,EMAIL-526472e87484
3071310,EMAIL-7db8006395b7
3071333,EMAIL-526472e87484
3071370,EMAIL-526472e87484
3071400,EMAIL-a45016f2e246
3071401,EMAIL-7db8006395b7
3071435,EMAIL-526472e87484
3071436,EMAIL-05c3ae107b3d
3071443,EMAIL-7db8006395b7
3071445,EMAIL-a45016f2e246
3071449,EMAIL-a45016f2e246
3071454,EMAIL-662b3791aebd
3071456,EMAIL-526472e87484
3071468,EMAIL-7db8006395b7
3071471,EMAIL-a45016f2e246
3071478,EMAIL-a45016f2e246
3071488,EMAIL-05c3ae107b3d
3071501,EMAIL-601679140412
3071517,EMAIL-601679140412
3071520,EMAIL-601679140412
3071525,EMAIL-7db8006395b7
3071533,EMAIL-601679140412
3071537,EMAIL-526472e87484
3071544,EMAIL-a45016f2e246
3071546,EMAIL-a45016f2e246
3071551,EMAIL-a45016f2e246
3071562,EMAIL-526472e87484
3071567,EMAIL-526472e87484
3071569,EMAIL-a45016f2e246
3071580,EMAIL-a45016f2e246
3071598,EMAIL-a45016f2e246
3071654,EMAIL-526472e87484
3071655,EMAIL-05c3ae107b3d
3071683,EMAIL-7db8006395b7
3071684,EMAIL-7db8006395b7
3071766,EMAIL-d1684fe68050
3071789,EMAIL-526472e87484
3071793,EMAIL-526472e87484
3071798,EMAIL-3a8e7c5c8069
3071801,EMAIL-05c3ae107b3d
3071817,EMAIL-b71ecbccbf34
3071832,EMAIL-b71ecbccbf34
3071838,EMAIL-7db8006395b7
3071856,EMAIL-526472e87484
3071866,EMAIL-601679140412
3071875,EMAIL-01cc9250b615
3071891,EMAIL-01cc9250b615
3071896,EMAIL-01cc9250b615
3071897,EMAIL-01cc9250b615
3071904,EMAIL-01cc9250b615
3071907,EMAIL-7db8006395b7
3071916,EMAIL-526472e87484
3071923,EMAIL-7db8006395b7
3071984,EMAIL-05c3ae107b3d
3072029,EMAIL-7db8006395b7
3072040,EMAIL-b71ecbccbf34
3072045,EMAIL-7db8006395b7
3072055,EMAIL-7db8006395b7
3072062,EMAIL-05c3ae107b3d
3072079,EMAIL-526472e87484
3072089,EMAIL-7db8006395b7
3072092,EMAIL-7db8006395b7
3072231,EMAIL-526472e87484
3072268,EMAIL-526472e87484
3072274,EMAIL-526472e87484
3072305,EMAIL-526472e87484
3072365,EMAIL-526472e87484
3072382,EMAIL-0df48815e896
3072413,EMAIL-dfe6a9c7c1a5
3072422,EMAIL-b71ecbccbf34
3072433,EMAIL-601679140412
3072488,EMAIL-526472e87484
3072521,EMAIL-05c3ae107b3d
3072565,EMAIL-601679140412
3072571,EMAIL-601679140412
3072580,EMAIL-dfe6a9c7c1a5
3072584,EMAIL-7db8006395b7
3072653,EMAIL-05c3ae107b3d
3072687,EMAIL-7eeee5f261e7
3072694,EMAIL-526472e87484
3072698,EMAIL-7db8006395b7
3072772,EMAIL-601679140412
3072821,EMAIL-7db8006395b7
3072833,EMAIL-601679140412
3072836,EMAIL-526472e87484
3072893,EMAIL-526472e87484
3072894,EMAIL-601679140412
3072939,EMAIL-526472e87484
3072949,EMAIL-7db8006395b7
3072954,EMAIL-601679140412
3072957,EMAIL-526472e87484
3072987,EMAIL-526472e87484
3073014,EMAIL-05c3ae107b3d
3073090,EMAIL-7db8006395b7
3073100,EMAIL-7db8006395b7
3073111,EMAIL-05c3ae107b3d
3073145,EMAIL-05c3ae107b3d
3073151,EMAIL-526472e87484
3073152,EMAIL-601679140412
3073184,EMAIL-7db8006395b7
3073187,EMAIL-526472e87484
3073201,EMAIL-601679140412
3073212,EMAIL-7db8006395b7
3073221,EMAIL-526472e87484
3073285,EMAIL-7db8006395b7
3073295,EMAIL-526472e87484
3073313,EMAIL-526472e87484
3073315,EMAIL-01cc9250b615
3073318,EMAIL-7db8006395b7
3073374,EMAIL-526472e87484
3073389,EMAIL-526472e87484
3073400,EMAIL-526472e87484
3073425,EMAIL-526472e87484
3073452,EMAIL-601679140412
3073471,EMAIL-7db8006395b7
3073511,EMAIL-b71ecbccbf34
3073516,EMAIL-601679140412
3073541,EMAIL-526472e87484
3073548,EMAIL-526472e87484
3073602,EMAIL-526472e87484
3073621,EMAIL-526472e87484
3073696,EMAIL-526472e87484
3073716,EMAIL-05c3ae107b3d
3073724,EMAIL-7db8006395b7
3073831,EMAIL-526472e87484
3073868,EMAIL-601679140412
3074005,EMAIL-601679140412
3074058,EMAIL-7db8006395b7
3074080,EMAIL-7db8006395b7
3074127,EMAIL-05c3ae107b3d
3074143,EMAIL-526472e87484
3074169,EMAIL-526472e87484
3074187,EMAIL-7db8006395b7
3074193,EMAIL-a45016f2e246
3074202,EMAIL-7db8006395b7
3074219,EMAIL-526472e87484
3074256,EMAIL-526472e87484
3074287,EMAIL-7db8006395b7
3074324,EMAIL-05c3ae107b3d
3074366,EMAIL-526472e87484
3074381,EMAIL-526472e87484
3074394,EMAIL-526472e87484
3074444,EMAIL-a45016f2e246
3074459,EMAIL-526472e87484
3074483,EMAIL-7db8006395b7
3074490,EMAIL-526472e87484
3074495,EMAIL-7db8006395b7
3074504,EMAIL-a45016f2e246
3074509,EMAIL-526472e87484
3074524,EMAIL-8b942685451d
3074589,EMAIL-05c3ae107b3d
3074593,EMAIL-601679140412
3074621,EMAIL-7db8006395b7
3074690,EMAIL-a45016f2e246
3074761,EMAIL-7db8006395b7
3074771,EMAIL-526472e87484
3074803,EMAIL-7db8006395b7
3074837,EMAIL-526472e87484
3074848,EMAIL-7db8006395b7
3074851,EMAIL-526472e87484
3074905,EMAIL-526472e87484
3074942,EMAIL-7db8006395b7
3074953,EMAIL-7db8006395b7
3074984,EMAIL-7db8006395b7
3074997,EMAIL-526472e87484
3074998,EMAIL-526472e87484
3075098,EMAIL-526472e87484
3075101,EMAIL-7db8006395b7
3075111,EMAIL-526472e87484
3075139,EMAIL-526472e87484
3075150,EMAIL-526472e87484
3075172,EMAIL-526472e87484
3075180,EMAIL-7db8006395b7
3075184,EMAIL-526472e87484
3075194,EMAIL-601679140412
3075210,EMAIL-526472e87484
3075211,EMAIL-7db8006395b7
3075221,EMAIL-526472e87484
3075242,EMAIL-7db8006395b7
3075257,EMAIL-526472e87484
3075261,EMAIL-7db8006395b7
3075266,EMAIL-526472e87484
3075272,EMAIL-526472e87484
3075284,EMAIL-526472e87484
3075285,EMAIL-526472e87484
3075299,EMAIL-7db8006395b7
3075324,EMAIL-05c3ae107b3d
3075329,EMAIL-7db8006395b7
3075339,EMAIL-526472e87484
3075349,EMAIL-601679140412
3075404,EMAIL-05c3ae107b3d
3075405,EMAIL-526472e87484
3075414,EMAIL-05c3ae107b3d
3075440,EMAIL-526472e87484
3075486,EMAIL-526472e87484
3075517,EMAIL-526472e87484
3075566,EMAIL-526472e87484
3075590,EMAIL-526472e87484
3075622,EMAIL-526472e87484
3075650,EMAIL-526472e87484
3075720,EMAIL-05c3ae107b3d
3075741,EMAIL-7db8006395b7
3075757,EMAIL-05c3ae107b3d
3075788,EMAIL-526472e87484
3075815,EMAIL-526472e87484
3075817,EMAIL-526472e87484
3075835,EMAIL-7db8006395b7
3075841,EMAIL-7db8006395b7
3075851,EMAIL-7db8006395b7
3075860,EMAIL-526472e87484
3075888,EMAIL-a45016f2e246
3075894,EMAIL-526472e87484
3075941,EMAIL-05c3ae107b3d
3075946,EMAIL-526472e87484
3075963,EMAIL-7db8006395b7
3075964,EMAIL-05c3ae107b3d
3075965,EMAIL-7db8006395b7
3075974,EMAIL-7db8006395b7
3076019,EMAIL-05c3ae107b3d
3076080,EMAIL-601679140412
3076082,EMAIL-7db8006395b7
3076086,EMAIL-7db8006395b7
3076099,EMAIL-7db8006395b7
3076158,EMAIL-7db8006395b7
3076159,EMAIL-7db8006395b7
3076175,EMAIL-526472e87484
3076203,EMAIL-7db8006395b7
3076209,EMAIL-a45016f2e246
3076235,EMAIL-526472e87484
3076238,EMAIL-7db8006395b7
3076248,EMAIL-601679140412
3076251,EMAIL-05c3ae107b3d
3076283,EMAIL-601679140412
3076328,EMAIL-526472e87484
3076349,EMAIL-7db8006395b7
3076369,EMAIL-526472e87484
3076372,EMAIL-7db8006395b7
3076437,EMAIL-7db8006395b7
3076487,EMAIL-7db8006395b7
3076507,EMAIL-7db8006395b7
3076537,EMAIL-526472e87484
3076550,EMAIL-526472e87484
3076551,EMAIL-526472e87484
3076554,EMAIL-526472e87484
3076564,EMAIL-7db8006395b7
3076567,EMAIL-7db8006395b7
3076569,EMAIL-7db8006395b7
3076581,EMAIL-7db8006395b7
3076597,EMAIL-7db8006395b7
3076608,EMAIL-7db8006395b7
3076610,EMAIL-526472e87484
3076611,EMAIL-7db8006395b7
3076619,EMAIL-526472e87484
3076624,EMAIL-7db8006395b7
3076629,EMAIL-526472e87484
3076633,EMAIL-7db8006395b7
3076634,EMAIL-7db8006395b7
3076639,EMAIL-7db8006395b7
3076640,EMAIL-7db8006395b7
3076656,EMAIL-526472e87484
3076662,EMAIL-526472e87484
3076695,EMAIL-05c3ae107b3d
3076708,EMAIL-526472e87484
3076728,EMAIL-526472e87484
3076733,EMAIL-526472e87484
3076736,EMAIL-000db143c437
3076738,EMAIL-526472e87484
3076749,EMAIL-7eeee5f261e7
3076751,EMAIL-7db8006395b7
3076768,EMAIL-7db8006395b7
3076830,EMAIL-526472e87484
3076835,EMAIL-526472e87484
3076857,EMAIL-7db8006395b7
3076866,EMAIL-526472e87484
3076889,EMAIL-526472e87484
3076903,EMAIL-b71ecbccbf34
3077016,EMAIL-1221ee4a23d4
3077081,EMAIL-3a8e7c5c8069
3077093,EMAIL-05c3ae107b3d
3077116,EMAIL-7db8006395b7
3077121,EMAIL-7db8006395b7
3077163,EMAIL-526472e87484
3077171,EMAIL-601679140412
3077189,EMAIL-601679140412
3077219,EMAIL-7db8006395b7
3077255,EMAIL-7db8006395b7
3077296,EMAIL-526472e87484
3077350,EMAIL-526472e87484
3077358,EMAIL-526472e87484
3077410,EMAIL-526472e87484
3077438,EMAIL-526472e87484
3077441,EMAIL-7db8006395b7
3077462,EMAIL-526472e87484
3077473,EMAIL-526472e87484
3077484,EMAIL-526472e87484
3077506,EMAIL-7db8006395b7
3077521,EMAIL-7db8006395b7
3077540,EMAIL-601679140412
3077563,EMAIL-7db8006395b7
3077576,EMAIL-601679140412
3077611,EMAIL-83e81c0f7766
3077651,EMAIL-526472e87484
3077654,EMAIL-7db8006395b7
3077673,EMAIL-601679140412
3077674,EMAIL-7db8006395b7
3077677,EMAIL-526472e87484
3077730,EMAIL-05c3ae107b3d
3077761,EMAIL-05c3ae107b3d
3077805,EMAIL-05c3ae107b3d
3077834,EMAIL-526472e87484
3077848,EMAIL-526472e87484
3077889,EMAIL-05c3ae107b3d
3077912,EMAIL-526472e87484
3077933,EMAIL-526472e87484
3077942,EMAIL-526472e87484
3078023,EMAIL-05c3ae107b3d
3078052,EMAIL-526472e87484
3078089,EMAIL-05c3ae107b3d
3078158,EMAIL-7db8006395b7
3078167,EMAIL-2c6b2b02a48e
3078245,EMAIL-526472e87484
3078259,EMAIL-601679140412
3078396,EMAIL-7db8006395b7
3078427,EMAIL-601679140412
3078433,EMAIL-7db8006395b7
3078455,EMAIL-601679140412
3078484,EMAIL-601679140412
3078536,EMAIL-7db8006395b7
3078550,EMAIL-7db8006395b7
3078563,EMAIL-7db8006395b7
3078575,EMAIL-b71ecbccbf34
3078578,EMAIL-7db8006395b7
3078581,EMAIL-7db8006395b7
3078637,EMAIL-05c3ae107b3d
3078692,EMAIL-05c3ae107b3d
3078700,EMAIL-526472e87484
3078738,EMAIL-526472e87484
3078761,EMAIL-7db8006395b7
3078780,EMAIL-b71ecbccbf34
3078810,EMAIL-662b3791aebd
3078811,EMAIL-7db8006395b7
3078822,EMAIL-526472e87484
3078830,EMAIL-601679140412
3078841,EMAIL-526472e87484
3078846,EMAIL-05c3ae107b3d
3078870,EMAIL-526472e87484
3078891,EMAIL-05c3ae107b3d
3078908,EMAIL-f757a40fae92
3078916,EMAIL-7db8006395b7
3078953,EMAIL-601679140412
3078995,EMAIL-526472e87484
3079062,EMAIL-7db8006395b7
3079093,EMAIL-526472e87484
3079133,EMAIL-526472e87484
3079141,EMAIL-7db8006395b7
3079146,EMAIL-7db8006395b7
3079168,EMAIL-7db8006395b7
3079170,EMAIL-7db8006395b7
3079172,EMAIL-7db8006395b7
3079179,EMAIL-526472e87484
3079184,EMAIL-526472e87484
3079226,EMAIL-05c3ae107b3d
3079235,EMAIL-7db8006395b7
3079253,EMAIL-dfe6a9c7c1a5
3079292,EMAIL-7db8006395b7
3079305,EMAIL-7db8006395b7
3079319,EMAIL-7db8006395b7
3079361,EMAIL-601679140412
3079415,EMAIL-7db8006395b7
3079418,EMAIL-7db8006395b7
3079435,EMAIL-601679140412
3079455,EMAIL-526472e87484
3079478,EMAIL-b71ecbccbf34
3079484,EMAIL-7db8006395b7
3079525,EMAIL-526472e87484
3079730,EMAIL-601679140412
3079744,EMAIL-526472e87484
3079747,EMAIL-7db8006395b7
3079761,EMAIL-526472e87484
3079795,EMAIL-526472e87484
3079800,EMAIL-7db8006395b7
3079825,EMAIL-526472e87484
3079836,EMAIL-526472e87484
3079844,EMAIL-7db8006395b7
3079899,EMAIL-526472e87484
3079953,EMAIL-526472e87484
3079975,EMAIL-526472e87484
3079983,EMAIL-a45016f2e246
3080055,EMAIL-526472e87484
3080080,EMAIL-05c3ae107b3d
3080089,EMAIL-526472e87484
3080112,EMAIL-7db8006395b7
3080156,EMAIL-7db8006395b7
3080159,EMAIL-7db8006395b7
3080176,EMAIL-7db8006395b7
3080180,EMAIL-7db8006395b7
3080181,EMAIL-526472e87484
3080235,EMAIL-526472e87484
3080244,EMAIL-7db8006395b7
3080252,EMAIL-94f19eddc52f
3080300,EMAIL-7db8006395b7
3080305,EMAIL-526472e87484
3080350,EMAIL-601679140412
3080358,EMAIL-7db8006395b7
3080385,EMAIL-526472e87484
3080415,EMAIL-526472e87484
3080438,EMAIL-526472e87484
3080484,EMAIL-526472e87484
3080486,EMAIL-05c3ae107b3d
3080518,EMAIL-526472e87484
3080524,EMAIL-526472e87484
3080543,EMAIL-05c3ae107b3d
3080557,EMAIL-601679140412
3080589,EMAIL-05c3ae107b3d
3080605,EMAIL-b71ecbccbf34
3080613,EMAIL-526472e87484
3080619,EMAIL-7db8006395b7
3080649,EMAIL-05c3ae107b3d
3080650,EMAIL-526472e87484
3080805,EMAIL-7db8006395b7
3080886,EMAIL-7db8006395b7
3080911,EMAIL-526472e87484
3080912,EMAIL-601679140412
3080915,EMAIL-526472e87484
3080963,EMAIL-05c3ae107b3d
3080966,EMAIL-526472e87484
3080990,EMAIL-526472e87484
3080994,EMAIL-526472e87484
3081003,EMAIL-526472e87484
3081010,EMAIL-7db8006395b7
3081027,EMAIL-526472e87484
3081028,EMAIL-7db8006395b7
3081065,EMAIL-7db8006395b7
3081070,EMAIL-7db8006395b7
3081097,EMAIL-526472e87484
3081122,EMAIL-526472e87484
3081145,EMAIL-7db8006395b7
3081149,EMAIL-526472e87484
3081162,EMAIL-7db8006395b7
3081164,EMAIL-01cc9250b615
3081191,EMAIL-526472e87484
3081192,EMAIL-526472e87484
3081207,EMAIL-601679140412
3081240,EMAIL-7db8006395b7
3081252,EMAIL-01cc9250b615
3081255,EMAIL-526472e87484
3081258,EMAIL-01cc9250b615
3081279,EMAIL-526472e87484
3081282,EMAIL-662b3791aebd
3081302,EMAIL-01cc9250b615
3081311,EMAIL-023f08585708
3081318,EMAIL-526472e87484
3081349,EMAIL-7db8006395b7
3081398,EMAIL-2c6b2b02a48e
3081399,EMAIL-526472e87484
3081435,EMAIL-601679140412
3081458,EMAIL-526472e87484
3081470,EMAIL-601679140412
3081487,EMAIL-526472e87484
3081508,EMAIL-526472e87484
3081514,EMAIL-526472e87484
3081517,EMAIL-7db8006395b7
3081518,EMAIL-526472e87484
3081561,EMAIL-05c3ae107b3d
3081578,EMAIL-526472e87484
3081582,EMAIL-526472e87484
3081583,EMAIL-6d8c8eb6c5c8
3081604,EMAIL-05c3ae107b3d
3081607,EMAIL-526472e87484
3081617,EMAIL-526472e87484
3081651,EMAIL-7db8006395b7
3081703,EMAIL-526472e87484
3081706,EMAIL-526472e87484
3081724,EMAIL-601679140412
3081726,EMAIL-526472e87484
3081735,EMAIL-7db8006395b7
3081748,EMAIL-7db8006395b7
3081768,EMAIL-526472e87484
3081774,EMAIL-662b3791aebd
3081797,EMAIL-7db8006395b7
3081801,EMAIL-526472e87484
3081814,EMAIL-526472e87484
3081817,EMAIL-7db8006395b7
3081872,EMAIL-7db8006395b7
3081883,EMAIL-526472e87484
3081898,EMAIL-526472e87484
3081902,EMAIL-526472e87484
3081916,EMAIL-7db8006395b7
3081919,EMAIL-526472e87484
3081933,EMAIL-526472e87484
3081951,EMAIL-7db8006395b7
3081952,EMAIL-526472e87484
3081956,EMAIL-7db8006395b7
3081999,EMAIL-526472e87484
3082030,EMAIL-7db8006395b7
3082052,EMAIL-7db8006395b7
3082059,EMAIL-526472e87484
3082073,EMAIL-7db8006395b7
3082110,EMAIL-526472e87484
3082135,EMAIL-526472e87484
3082149,EMAIL-526472e87484
3082156,EMAIL-526472e87484
3082161,EMAIL-7db8006395b7
3082168,EMAIL-01cc9250b615
3082172,EMAIL-526472e87484
3082186,EMAIL-7db8006395b7
3082198,EMAIL-526472e87484
3082209,EMAIL-526472e87484
3082219,EMAIL-a45016f2e246
3082232,EMAIL-526472e87484
3082235,EMAIL-01cc9250b615
3082242,EMAIL-7db8006395b7
3082260,EMAIL-7db8006395b7
3082268,EMAIL-b71ecbccbf34
3082274,EMAIL-7db8006395b7
3082287,EMAIL-05c3ae107b3d
3082304,EMAIL-7db8006395b7
3082305,EMAIL-526472e87484
3082306,EMAIL-526472e87484
3082341,EMAIL-526472e87484
3082346,EMAIL-526472e87484
3082349,EMAIL-526472e87484
3082369,EMAIL-601679140412
3082376,EMAIL-7db8006395b7
3082400,EMAIL-601679140412
3082404,EMAIL-526472e87484
3082428,EMAIL-526472e87484
3082432,EMAIL-601679140412
3082483,EMAIL-b71ecbccbf34
3082542,EMAIL-2c6b2b02a48e
3082562,EMAIL-526472e87484
3082675,EMAIL-526472e87484
3082680,EMAIL-7db8006395b7
3082697,EMAIL-526472e87484
3082731,EMAIL-526472e87484
3082758,EMAIL-7db8006395b7
3082817,EMAIL-526472e87484
3082827,EMAIL-526472e87484
3082890,EMAIL-b71ecbccbf34
3082907,EMAIL-526472e87484
3082921,EMAIL-526472e87484
3082949,EMAIL-05c3ae107b3d
3082953,EMAIL-526472e87484
3082967,EMAIL-526472e87484
3082968,EMAIL-000db143c437
3083011,EMAIL-526472e87484
3083036,EMAIL-7db8006395b7
3083058,EMAIL-05c3ae107b3d
3083090,EMAIL-526472e87484
3083131,EMAIL-b71ecbccbf34
3083142,EMAIL-a45016f2e246
3083157,EMAIL-7db8006395b7
3083173,EMAIL-526472e87484
3083251,EMAIL-7db8006395b7
3083325,EMAIL-2c6b2b02a48e
3083364,EMAIL-7db8006395b7
3083388,EMAIL-526472e87484
3083402,EMAIL-7db8006395b7
3083484,EMAIL-526472e87484
3083499,EMAIL-601679140412
3083515,EMAIL-601679140412
3083538,EMAIL-601679140412
3083585,EMAIL-7db8006395b7
3083594,EMAIL-526472e87484
3083619,EMAIL-7db8006395b7
3083631,EMAIL-7eeee5f261e7
3083640,EMAIL-7db8006395b7
3083665,EMAIL-7db8006395b7
3083679,EMAIL-7db8006395b7
3083695,EMAIL-601679140412
3083709,EMAIL-5cac1ed1c3bd
3083726,EMAIL-7db8006395b7
3083759,EMAIL-dfe6a9c7c1a5
3083805,EMAIL-7db8006395b7
3083880,EMAIL-7db8006395b7
3083922,EMAIL-526472e87484
3083933,EMAIL-7db8006395b7
3083954,EMAIL-7db8006395b7
3083959,EMAIL-601679140412
3083967,EMAIL-526472e87484
3083979,EMAIL-526472e87484
3083990,EMAIL-526472e87484
3083994,EMAIL-526472e87484
3083998,EMAIL-526472e87484
3084064,EMAIL-662b3791aebd
3084094,EMAIL-526472e87484
3084112,EMAIL-526472e87484
3084138,EMAIL-526472e87484
3084149,EMAIL-526472e87484
3084167,EMAIL-7db8006395b7
3084209,EMAIL-526472e87484
3084229,EMAIL-526472e87484
3084237,EMAIL-526472e87484
3084252,EMAIL-7db8006395b7
3084267,EMAIL-5a343157d535
3084271,EMAIL-601679140412
3084329,EMAIL-601679140412
3084346,EMAIL-05c3ae107b3d
3084382,EMAIL-7db8006395b7
3084400,EMAIL-601679140412
3084473,EMAIL-7db8006395b7
3084483,EMAIL-7db8006395b7
3084550,EMAIL-7db8006395b7
3084561,EMAIL-7db8006395b7
3084572,EMAIL-05c3ae107b3d
3084606,EMAIL-7db8006395b7
3084617,EMAIL-7db8006395b7
3084630,EMAIL-2c6b2b02a48e
3084709,EMAIL-7db8006395b7
3084741,EMAIL-526472e87484
3084776,EMAIL-7db8006395b7
3084779,EMAIL-7db8006395b7
3084805,EMAIL-601679140412
3084828,EMAIL-7db8006395b7
3084862,EMAIL-7db8006395b7
3084863,EMAIL-601679140412
3084871,EMAIL-05c3ae107b3d
3084876,EMAIL-7db8006395b7
3084923,EMAIL-7db8006395b7
3084935,EMAIL-526472e87484
3084952,EMAIL-7db8006395b7
3084977,EMAIL-01cc9250b615
3084991,EMAIL-7db8006395b7
3084992,EMAIL-7db8006395b7
3085010,EMAIL-526472e87484
3085017,EMAIL-526472e87484
3085041,EMAIL-a45016f2e246
3085066,EMAIL-526472e87484
3085088,EMAIL-7db8006395b7
3085127,EMAIL-a45016f2e246
3085196,EMAIL-a45016f2e246
3085202,EMAIL-526472e87484
3085218,EMAIL-526472e87484
3085224,EMAIL-526472e87484
3085236,EMAIL-7db8006395b7
3085264,EMAIL-7db8006395b7
3085285,EMAIL-7eeee5f261e7
3085319,EMAIL-526472e87484
3085338,EMAIL-7db8006395b7
3085339,EMAIL-526472e87484
3085386,EMAIL-05c3ae107b3d
3085405,EMAIL-7db8006395b7
3085452,EMAIL-526472e87484
3085461,EMAIL-526472e87484
3085478,EMAIL-2c6b2b02a48e
3085494,EMAIL-05c3ae107b3d
3085528,EMAIL-526472e87484
3085541,EMAIL-b71ecbccbf34
3085554,EMAIL-601679140412
3085563,EMAIL-601679140412
3085579,EMAIL-b71ecbccbf34
3085595,EMAIL-7db8006395b7
3085610,EMAIL-662b3791aebd
3085652,EMAIL-526472e87484
3085667,EMAIL-526472e87484
3085711,EMAIL-05c3ae107b3d
3085733,EMAIL-7db8006395b7
3085735,EMAIL-05c3ae107b3d
3085750,EMAIL-526472e87484
3085753,EMAIL-a45016f2e246
3085759,EMAIL-7db8006395b7
3085768,EMAIL-b71ecbccbf34
3085777,EMAIL-8b942685451d
3085785,EMAIL-526472e87484
3085789,EMAIL-dfe6a9c7c1a5
3085799,EMAIL-8b942685451d
3085814,EMAIL-05c3ae107b3d
3085819,EMAIL-05c3ae107b3d
3085870,EMAIL-a45016f2e246
3085912,EMAIL-7db8006395b7
3085923,EMAIL-7db8006395b7
3085924,EMAIL-05c3ae107b3d
3085931,EMAIL-7db8006395b7
3085942,EMAIL-7db8006395b7
3085943,EMAIL-601679140412
3085963,EMAIL-05c3ae107b3d
3085968,EMAIL-601679140412
3085992,EMAIL-7db8006395b7
3086004,EMAIL-601679140412
3086037,EMAIL-601679140412
3086047,EMAIL-526472e87484
3086058,EMAIL-601679140412
3086082,EMAIL-7db8006395b7
3086086,EMAIL-526472e87484
3086106,EMAIL-7db8006395b7
3086123,EMAIL-601679140412
3086191,EMAIL-601679140412
3086239,EMAIL-601679140412
3086244,EMAIL-601679140412
3086297,EMAIL-01cc9250b615
3086298,EMAIL-601679140412
3086321,EMAIL-526472e87484
3086379,EMAIL-05c3ae107b3d
3086389,EMAIL-526472e87484
3086433,EMAIL-7db8006395b7
3086438,EMAIL-526472e87484
3086482,EMAIL-526472e87484
3086492,EMAIL-601679140412
3086519,EMAIL-b71ecbccbf34
3086652,EMAIL-526472e87484
3086726,EMAIL-526472e87484
3086802,EMAIL-7db8006395b7
3086821,EMAIL-526472e87484
3086825,EMAIL-601679140412
3086856,EMAIL-b71ecbccbf34
3086864,EMAIL-05c3ae107b3d
3086887,EMAIL-601679140412
3086899,EMAIL-601679140412
3086913,EMAIL-526472e87484
3086964,EMAIL-7db8006395b7
3086976,EMAIL-601679140412
3086993,EMAIL-601679140412
3086994,EMAIL-601679140412
3086995,EMAIL-7db8006395b7
3087002,EMAIL-526472e87484
3087032,EMAIL-7db8006395b7
3087033,EMAIL-7db8006395b7
3087043,EMAIL-7db8006395b7
3087049,EMAIL-7db8006395b7
3087063,EMAIL-601679140412
3087114,EMAIL-526472e87484
3087163,EMAIL-7db8006395b7
3087170,EMAIL-601679140412
3087179,EMAIL-526472e87484
3087210,EMAIL-7db8006395b7
3087233,EMAIL-7db8006395b7
3087276,EMAIL-7db8006395b7
3087296,EMAIL-526472e87484
3087309,EMAIL-526472e87484
3087328,EMAIL-05c3ae107b3d
3087351,EMAIL-7db8006395b7
3087380,EMAIL-05c3ae107b3d
3087386,EMAIL-601679140412
3087389,EMAIL-05c3ae107b3d
3087440,EMAIL-526472e87484
3087449,EMAIL-526472e87484
3087450,EMAIL-7db8006395b7
3087464,EMAIL-526472e87484
3087486,EMAIL-b2683a414714
3087492,EMAIL-526472e87484
3087535,EMAIL-7db8006395b7
3087548,EMAIL-7db8006395b7
3087555,EMAIL-526472e87484
3087571,EMAIL-526472e87484
3087586,EMAIL-526472e87484
3087605,EMAIL-7db8006395b7
3087613,EMAIL-7db8006395b7
3087616,EMAIL-a45016f2e246
3087647,EMAIL-7db8006395b7
3087652,EMAIL-7db8006395b7
3087653,EMAIL-7db8006395b7
3087654,EMAIL-526472e87484
3087662,EMAIL-7db8006395b7
3087672,EMAIL-7db8006395b7
3087676,EMAIL-526472e87484
3087677,EMAIL-05c3ae107b3d
3087684,EMAIL-7db8006395b7
3087690,EMAIL-7db8006395b7
3087696,EMAIL-7db8006395b7
3087707,EMAIL-7db8006395b7
3087709,EMAIL-7db8006395b7
3087716,EMAIL-526472e87484
3087718,EMAIL-526472e87484
3087722,EMAIL-7db8006395b7
3087743,EMAIL-7db8006395b7
3087748,EMAIL-05c3ae107b3d
3087754,EMAIL-05c3ae107b3d
3087755,EMAIL-7db8006395b7
3087757,EMAIL-a45016f2e246
3087762,EMAIL-7db8006395b7
3087763,EMAIL-7db8006395b7
3087790,EMAIL-05c3ae107b3d
3087803,EMAIL-7db8006395b7
3087821,EMAIL-01cc9250b615
3087822,EMAIL-7db8006395b7
3087830,EMAIL-f757a40fae92
3087842,EMAIL-526472e87484
3087851,EMAIL-7db8006395b7
3087859,EMAIL-526472e87484
3087863,EMAIL-7db8006395b7
3087867,EMAIL-7db8006395b7
3087880,EMAIL-7db8006395b7
3087896,EMAIL-526472e87484
3087899,EMAIL-601679140412
3087901,EMAIL-526472e87484
3087903,EMAIL-526472e87484
3087924,EMAIL-dfe6a9c7c1a5
3087965,EMAIL-7db8006395b7
3088046,EMAIL-05c3ae107b3d
3088073,EMAIL-526472e87484
3088092,EMAIL-83e81c0f7766
3088133,EMAIL-526472e87484
3088136,EMAIL-526472e87484
3088141,EMAIL-526472e87484
3088149,EMAIL-526472e87484
3088165,EMAIL-b71ecbccbf34
3088175,EMAIL-526472e87484
3088197,EMAIL-526472e87484
3088208,EMAIL-601679140412
3088212,EMAIL-526472e87484
3088250,EMAIL-526472e87484
3088274,EMAIL-05c3ae107b3d
3088280,EMAIL-601679140412
3088316,EMAIL-05c3ae107b3d
3088321,EMAIL-3a8e7c5c8069
3088334,EMAIL-05c3ae107b3d
3088335,EMAIL-526472e87484
3088344,EMAIL-526472e87484
3088384,EMAIL-526472e87484
3088388,EMAIL-7db8006395b7
3088449,EMAIL-7db8006395b7
3088497,EMAIL-7db8006395b7
3088531,EMAIL-526472e87484
3088580,EMAIL-7db8006395b7
3088585,EMAIL-526472e87484
3088601,EMAIL-526472e87484
3088624,EMAIL-dfe6a9c7c1a5
3088629,EMAIL-526472e87484
3088640,EMAIL-1221ee4a23d4
3088692,EMAIL-526472e87484
3088715,EMAIL-526472e87484
3088726,EMAIL-7db8006395b7
3088779,EMAIL-7db8006395b7
3088788,EMAIL-7db8006395b7
3088837,EMAIL-526472e87484
3088852,EMAIL-526472e87484
3088864,EMAIL-526472e87484
3088882,EMAIL-526472e87484
3088901,EMAIL-601679140412
3088907,EMAIL-526472e87484
3088949,EMAIL-0df48815e896
3088979,EMAIL-05c3ae107b3d
3088984,EMAIL-601679140412
3088991,EMAIL-b71ecbccbf34
3089037,EMAIL-7db8006395b7
3089089,EMAIL-b71ecbccbf34
3089093,EMAIL-526472e87484
3089109,EMAIL-526472e87484
3089129,EMAIL-b71ecbccbf34
3089131,EMAIL-526472e87484
3089162,EMAIL-05c3ae107b3d
3089196,EMAIL-7db8006395b7
3089230,EMAIL-526472e87484
3089291,EMAIL-526472e87484
3089345,EMAIL-601679140412
3089356,EMAIL-7db8006395b7
3089387,EMAIL-7db8006395b7
3089402,EMAIL-526472e87484
3089435,EMAIL-000db143c437
3089461,EMAIL-7db8006395b7
3089478,EMAIL-526472e87484
3089495,EMAIL-7db8006395b7
3089506,EMAIL-7db8006395b7
3089538,EMAIL-7db8006395b7
3089543,EMAIL-526472e87484
3089559,EMAIL-7db8006395b7
3089563,EMAIL-05c3ae107b3d
3089571,EMAIL-7db8006395b7
3089585,EMAIL-601679140412
3089588,EMAIL-7db8006395b7
3089605,EMAIL-7db8006395b7
3089612,EMAIL-526472e87484
3089635,EMAIL-526472e87484
3089636,EMAIL-a45016f2e246
3089689,EMAIL-7db8006395b7
3089701,EMAIL-5cac1ed1c3bd
3089705,EMAIL-526472e87484
3089737,EMAIL-2c6b2b02a48e
3089773,EMAIL-7db8006395b7
3089786,EMAIL-dfe6a9c7c1a5
3089794,EMAIL-601679140412
3089831,EMAIL-526472e87484
3089871,EMAIL-05c3ae107b3d
3089887,EMAIL-526472e87484
3089901,EMAIL-05c3ae107b3d
3090093,EMAIL-526472e87484
3090128,EMAIL-526472e87484
3090130,EMAIL-05c3ae107b3d
3090135,EMAIL-526472e87484
3090198,EMAIL-05c3ae107b3d
3090208,EMAIL-a45016f2e246
3090221,EMAIL-526472e87484
3090237,EMAIL-7db8006395b7
3090287,EMAIL-526472e87484
3090288,EMAIL-526472e87484
3090334,EMAIL-2c6b2b02a48e
3090366,EMAIL-7db8006395b7
3090419,EMAIL-b71ecbccbf34
3090426,EMAIL-7db8006395b7
3090479,EMAIL-526472e87484
3090553,EMAIL-526472e87484
3090558,EMAIL-526472e87484
3090567,EMAIL-601679140412
3090589,EMAIL-7db8006395b7
3090659,EMAIL-526472e87484
3090666,EMAIL-b71ecbccbf34
3090687,EMAIL-05c3ae107b3d
3090715,EMAIL-526472e87484
3090750,EMAIL-601679140412
3090769,EMAIL-526472e87484
3090799,EMAIL-05c3ae107b3d
3090826,EMAIL-b71ecbccbf34
3090858,EMAIL-7db8006395b7
3090941,EMAIL-7db8006395b7
3091016,EMAIL-526472e87484
3091078,EMAIL-05c3ae107b3d
3091082,EMAIL-601679140412
3091084,EMAIL-7db8006395b7
3091131,EMAIL-526472e87484
3091172,EMAIL-05c3ae107b3d
3091208,EMAIL-7db8006395b7
3091220,EMAIL-526472e87484
3091231,EMAIL-7db8006395b7
3091243,EMAIL-a45016f2e246
3091245,EMAIL-a45016f2e246
3091249,EMAIL-526472e87484
3091267,EMAIL-a45016f2e246
3091272,EMAIL-526472e87484
3091275,EMAIL-05c3ae107b3d
3091289,EMAIL-05c3ae107b3d
3091295,EMAIL-a45016f2e246
3091305,EMAIL-526472e87484
3091325,EMAIL-b71ecbccbf34
3091327,EMAIL-a45016f2e246
3091420,EMAIL-a45016f2e246
3091426,EMAIL-526472e87484
3091495,EMAIL-a45016f2e246
3091502,EMAIL-526472e87484
3091529,EMAIL-526472e87484
3091530,EMAIL-05c3ae107b3d
3091531,EMAIL-526472e87484
3091532,EMAIL-7db8006395b7
3091616,EMAIL-05c3ae107b3d
3091623,EMAIL-601679140412
3091658,EMAIL-526472e87484
3091676,EMAIL-526472e87484
3091703,EMAIL-526472e87484
3091950,EMAIL-526472e87484
3092021,EMAIL-526472e87484
3092024,EMAIL-526472e87484
3092049,EMAIL-7db8006395b7
3092057,EMAIL-526472e87484
3092062,EMAIL-7db8006395b7
3092066,EMAIL-526472e87484
3092068,EMAIL-526472e87484
3092095,EMAIL-7db8006395b7
3092104,EMAIL-7db8006395b7
3092109,EMAIL-7db8006395b7
3092171,EMAIL-7db8006395b7
3092179,EMAIL-7db8006395b7
3092200,EMAIL-7db8006395b7
3092203,EMAIL-7db8006395b7
3092204,EMAIL-7db8006395b7
3092205,EMAIL-7db8006395b7
3092211,EMAIL-7db8006395b7
3092214,EMAIL-526472e87484
3092228,EMAIL-526472e87484
3092234,EMAIL-526472e87484
3092244,EMAIL-7db8006395b7
3092251,EMAIL-7db8006395b7
3092253,EMAIL-7db8006395b7
3092267,EMAIL-526472e87484
3092268,EMAIL-7db8006395b7
3092274,EMAIL-7db8006395b7
3092277,EMAIL-7db8006395b7
3092289,EMAIL-7db8006395b7
3092299,EMAIL-526472e87484
3092310,EMAIL-b71ecbccbf34
3092325,EMAIL-526472e87484
3092342,EMAIL-526472e87484
3092347,EMAIL-7db8006395b7
3092348,EMAIL-7db8006395b7
3092352,EMAIL-526472e87484
3092355,EMAIL-7db8006395b7
3092389,EMAIL-7db8006395b7
3092401,EMAIL-526472e87484
3092419,EMAIL-7db8006395b7
3092448,EMAIL-dfe6a9c7c1a5
3092457,EMAIL-526472e87484
3092462,EMAIL-b71ecbccbf34
3092505,EMAIL-526472e87484
3092519,EMAIL-05c3ae107b3d
3092547,EMAIL-526472e87484
3092597,EMAIL-7db8006395b7
3092612,EMAIL-526472e87484
3092620,EMAIL-000db143c437
3092632,EMAIL-83e81c0f7766
3092661,EMAIL-526472e87484
3092667,EMAIL-601679140412
3092675,EMAIL-05c3ae107b3d
3092681,EMAIL-05c3ae107b3d
3092699,EMAIL-7db8006395b7
3092706,EMAIL-526472e87484
3092720,EMAIL-05c3ae107b3d
3092746,EMAIL-526472e87484
3092749,EMAIL-526472e87484
3092793,EMAIL-05c3ae107b3d
3092815,EMAIL-526472e87484
3092823,EMAIL-526472e87484
3092860,EMAIL-7db8006395b7
3093002,EMAIL-7db8006395b7
3093016,EMAIL-526472e87484
3093037,EMAIL-7db8006395b7
3093134,EMAIL-7db8006395b7
3093142,EMAIL-526472e87484
3093333,EMAIL-526472e87484
3093456,EMAIL-7db8006395b7
3093458,EMAIL-526472e87484
3093472,EMAIL-662b3791aebd
3093477,EMAIL-526472e87484
3093488,EMAIL-7db8006395b7
3093513,EMAIL-526472e87484
3093535,EMAIL-05c3ae107b3d
3093607,EMAIL-7db8006395b7
3093654,EMAIL-526472e87484
3093656,EMAIL-526472e87484
3093668,EMAIL-526472e87484
3093686,EMAIL-526472e87484
3093704,EMAIL-01cc9250b615
3093720,EMAIL-7db8006395b7
3093732,EMAIL-526472e87484
3093734,EMAIL-526472e87484
3093780,EMAIL-7db8006395b7
3093821,EMAIL-7db8006395b7
3093880,EMAIL-526472e87484
3093887,EMAIL-526472e87484
3093891,EMAIL-526472e87484
3093900,EMAIL-526472e87484
3093967,EMAIL-7db8006395b7
3093971,EMAIL-601679140412
3094059,EMAIL-526472e87484
3094100,EMAIL-526472e87484
3094118,EMAIL-526472e87484
3094142,EMAIL-05c3ae107b3d
3094172,EMAIL-7db8006395b7
3094276,EMAIL-05c3ae107b3d
3094302,EMAIL-71011165e6f4
3094313,EMAIL-05c3ae107b3d
3094387,EMAIL-526472e87484
3094391,EMAIL-601679140412
3094400,EMAIL-7db8006395b7
3094479,EMAIL-05c3ae107b3d
3094487,EMAIL-526472e87484
3094492,EMAIL-526472e87484
3094515,EMAIL-7db8006395b7
3094568,EMAIL-526472e87484
3094583,EMAIL-05c3ae107b3d
3094623,EMAIL-526472e87484
3094703,EMAIL-05c3ae107b3d
3094730,EMAIL-7db8006395b7
3094741,EMAIL-05c3ae107b3d
3094772,EMAIL-526472e87484
3094773,EMAIL-b71ecbccbf34
3094792,EMAIL-526472e87484
3094793,EMAIL-7db8006395b7
3094835,EMAIL-526472e87484
3094847,EMAIL-7db8006395b7
3094862,EMAIL-05c3ae107b3d
3094900,EMAIL-05c3ae107b3d
3094971,EMAIL-526472e87484
3094979,EMAIL-601679140412
3095035,EMAIL-7db8006395b7
3095037,EMAIL-601679140412
3095062,EMAIL-526472e87484
3095072,EMAIL-526472e87484
3095094,EMAIL-000db143c437
3095096,EMAIL-526472e87484
3095098,EMAIL-05c3ae107b3d
3095124,EMAIL-526472e87484
3095151,EMAIL-526472e87484
3095160,EMAIL-526472e87484
3095166,EMAIL-526472e87484
3095239,EMAIL-000db143c437
3095240,EMAIL-526472e87484
3095252,EMAIL-526472e87484
3095300,EMAIL-526472e87484
3095337,EMAIL-526472e87484
3095349,EMAIL-601679140412
3095356,EMAIL-526472e87484
3095364,EMAIL-526472e87484
3095449,EMAIL-526472e87484
3095461,EMAIL-05c3ae107b3d
3095471,EMAIL-7db8006395b7
3095496,EMAIL-526472e87484
3095574,EMAIL-526472e87484
3095651,EMAIL-526472e87484
3095657,EMAIL-526472e87484
3095701,EMAIL-05c3ae107b3d
3095716,EMAIL-7db8006395b7
3095754,EMAIL-7db8006395b7
3095769,EMAIL-526472e87484
3095785,EMAIL-526472e87484
3095803,EMAIL-b71ecbccbf34
3095841,EMAIL-526472e87484
3095850,EMAIL-526472e87484
3095913,EMAIL-526472e87484
3095915,EMAIL-526472e87484
3095934,EMAIL-526472e87484
3095953,EMAIL-a45016f2e246
3095994,EMAIL-526472e87484
3096004,EMAIL-05c3ae107b3d
3096120,EMAIL-526472e87484
3096205,EMAIL-01cc9250b615
3096223,EMAIL-05c3ae107b3d
3096279,EMAIL-7db8006395b7
3096296,EMAIL-526472e87484
3096333,EMAIL-526472e87484
3096343,EMAIL-05c3ae107b3d
3096460,EMAIL-601679140412
3096493,EMAIL-526472e87484
3096500,EMAIL-526472e87484
3096522,EMAIL-05c3ae107b3d
3096556,EMAIL-526472e87484
3096583,EMAIL-526472e87484
3096597,EMAIL-7db8006395b7
3096635,EMAIL-05c3ae107b3d
3096647,EMAIL-05c3ae107b3d
3096649,EMAIL-7db8006395b7
3096727,EMAIL-05c3ae107b3d
3096786,EMAIL-526472e87484
3096812,EMAIL-7db8006395b7
3096814,EMAIL-526472e87484
3096860,EMAIL-526472e87484
3096883,EMAIL-601679140412
3096910,EMAIL-526472e87484
3096915,EMAIL-5cac1ed1c3bd
3096974,EMAIL-7db8006395b7
3096994,EMAIL-526472e87484
3097003,EMAIL-526472e87484
3097066,EMAIL-526472e87484
3097074,EMAIL-05c3ae107b3d
3097088,EMAIL-dfe6a9c7c1a5
3097092,EMAIL-7db8006395b7
3097102,EMAIL-7db8006395b7
3097112,EMAIL-526472e87484
3097116,EMAIL-05c3ae107b3d
3097117,EMAIL-526472e87484
3097127,EMAIL-526472e87484
3097142,EMAIL-05c3ae107b3d
3097185,EMAIL-05c3ae107b3d
3097196,EMAIL-526472e87484
3097202,EMAIL-05c3ae107b3d
3097219,EMAIL-601679140412
3097293,EMAIL-7db8006395b7
3097300,EMAIL-526472e87484
3097311,EMAIL-526472e87484
3097318,EMAIL-7db8006395b7
3097321,EMAIL-7db8006395b7
3097353,EMAIL-526472e87484
3097357,EMAIL-05c3ae107b3d
3097376,EMAIL-526472e87484
3097451,EMAIL-526472e87484
3097470,EMAIL-526472e87484
3097484,EMAIL-526472e87484
3097490,EMAIL-7db8006395b7
3097508,EMAIL-05c3ae107b3d
3097519,EMAIL-526472e87484
3097523,EMAIL-05c3ae107b3d
3097589,EMAIL-526472e87484
3097594,EMAIL-7db8006395b7
3097710,EMAIL-05c3ae107b3d
3097714,EMAIL-526472e87484
3097754,EMAIL-7db8006395b7
3097755,EMAIL-526472e87484
3097830,EMAIL-05c3ae107b3d
3097870,EMAIL-526472e87484
3097882,EMAIL-7db8006395b7
3097892,EMAIL-526472e87484
3097936,EMAIL-526472e87484
3097939,EMAIL-05c3ae107b3d
3097964,EMAIL-526472e87484
3097985,EMAIL-526472e87484
3097998,EMAIL-05c3ae107b3d
3097999,EMAIL-05c3ae107b3d
3098009,EMAIL-526472e87484
3098034,EMAIL-526472e87484
3098040,EMAIL-7db8006395b7
3098050,EMAIL-05c3ae107b3d
3098078,EMAIL-526472e87484
3098094,EMAIL-526472e87484
3098118,EMAIL-526472e87484
3098125,EMAIL-526472e87484
3098127,EMAIL-526472e87484
3098137,EMAIL-526472e87484
3098142,EMAIL-526472e87484
3098185,EMAIL-526472e87484
3098221,EMAIL-7db8006395b7
3098255,EMAIL-526472e87484
3098267,EMAIL-526472e87484
3098290,EMAIL-a45016f2e246
3098326,EMAIL-01cc9250b615
3098370,EMAIL-526472e87484
3098392,EMAIL-7db8006395b7
3098451,EMAIL-7db8006395b7
3098470,EMAIL-526472e87484
3098482,EMAIL-05c3ae107b3d
3098491,EMAIL-526472e87484
3098498,EMAIL-526472e87484
3098554,EMAIL-526472e87484
3098559,EMAIL-7db8006395b7
3098586,EMAIL-526472e87484
3098589,EMAIL-7db8006395b7
3098648,EMAIL-526472e87484
3098657,EMAIL-7db8006395b7
3098678,EMAIL-01cc9250b615
3098686,EMAIL-526472e87484
3098754,EMAIL-601679140412
3098788,EMAIL-526472e87484
3098796,EMAIL-662b3791aebd
3098904,EMAIL-526472e87484
3098923,EMAIL-7db8006395b7
3098925,EMAIL-a45016f2e246
3098937,EMAIL-b71ecbccbf34
3099029,EMAIL-526472e87484
3099031,EMAIL-7db8006395b7
3099130,EMAIL-7db8006395b7
3099139,EMAIL-526472e87484
3099140,EMAIL-526472e87484
3099155,EMAIL-526472e87484
3099170,EMAIL-526472e87484
3099189,EMAIL-526472e87484
3099197,EMAIL-7db8006395b7
3099205,EMAIL-526472e87484
3099222,EMAIL-7db8006395b7
3099315,EMAIL-526472e87484
3099366,EMAIL-526472e87484
3099423,EMAIL-526472e87484
3099452,EMAIL-526472e87484
3099479,EMAIL-7db8006395b7
3099490,EMAIL-7db8006395b7
3099545,EMAIL-05c3ae107b3d
3099575,EMAIL-05c3ae107b3d
3099578,EMAIL-526472e87484
3099629,EMAIL-7db8006395b7
3099658,EMAIL-526472e87484
3099727,EMAIL-526472e87484
3099754,EMAIL-05c3ae107b3d
3099794,EMAIL-7db8006395b7
3099850,EMAIL-601679140412
3099852,EMAIL-05c3ae107b3d
3099857,EMAIL-7db8006395b7
3099858,EMAIL-7db8006395b7
3099865,EMAIL-526472e87484
3099868,EMAIL-7db8006395b7
3099869,EMAIL-05c3ae107b3d
3099886,EMAIL-526472e87484
3099976,EMAIL-526472e87484
3099994,EMAIL-526472e87484
3100006,EMAIL-526472e87484
3100007,EMAIL-526472e87484
3100025,EMAIL-526472e87484
3100035,EMAIL-526472e87484
3100049,EMAIL-0df48815e896
3100127,EMAIL-526472e87484
3100144,EMAIL-05c3ae107b3d
3100192,EMAIL-526472e87484
3100262,EMAIL-526472e87484
3100307,EMAIL-5a343157d535
3100333,EMAIL-526472e87484
3100379,EMAIL-601679140412
3100404,EMAIL-526472e87484
3100406,EMAIL-7db8006395b7
3100434,EMAIL-7db8006395b7
3100455,EMAIL-526472e87484
3100465,EMAIL-526472e87484
3100475,EMAIL-a45016f2e246
3100600,EMAIL-526472e87484
3100643,EMAIL-05c3ae107b3d
3100649,EMAIL-526472e87484
3100651,EMAIL-526472e87484
3100659,EMAIL-7db8006395b7
3100731,EMAIL-526472e87484
3100784,EMAIL-526472e87484
3100802,EMAIL-526472e87484
3100832,EMAIL-601679140412
3100963,EMAIL-7db8006395b7
3100986,EMAIL-526472e87484
3101063,EMAIL-526472e87484
3101082,EMAIL-526472e87484
3101088,EMAIL-2c6b2b02a48e
3101151,EMAIL-526472e87484
3101160,EMAIL-601679140412
3101183,EMAIL-b71ecbccbf34
3101191,EMAIL-05c3ae107b3d
3101229,EMAIL-05c3ae107b3d
3101304,EMAIL-7db8006395b7
3101311,EMAIL-000db143c437
3101318,EMAIL-526472e87484
3101329,EMAIL-7db8006395b7
3101342,EMAIL-526472e87484
3101379,EMAIL-526472e87484
3101397,EMAIL-7db8006395b7
3101410,EMAIL-526472e87484
3101518,EMAIL-7db8006395b7
3101522,EMAIL-526472e87484
3101615,EMAIL-526472e87484
3101635,EMAIL-526472e87484
3101656,EMAIL-526472e87484
3101699,EMAIL-7db8006395b7
3101765,EMAIL-a45016f2e246
3101847,EMAIL-3a8e7c5c8069
3101852,EMAIL-3a8e7c5c8069
3101877,EMAIL-526472e87484
3101914,EMAIL-7db8006395b7
3101918,EMAIL-05c3ae107b3d
3101936,EMAIL-526472e87484
3101940,EMAIL-526472e87484
3101967,EMAIL-7db8006395b7
3102069,EMAIL-526472e87484
3102091,EMAIL-7db8006395b7
3102095,EMAIL-526472e87484
3102103,EMAIL-526472e87484
3102121,EMAIL-7db8006395b7
3102127,EMAIL-7db8006395b7
3102160,EMAIL-05c3ae107b3d
3102190,EMAIL-7db8006395b7
3102202,EMAIL-526472e87484
3102235,EMAIL-526472e87484
3102241,EMAIL-526472e87484
3102257,EMAIL-7db8006395b7
3102266,EMAIL-526472e87484
3102309,EMAIL-7db8006395b7
3102330,EMAIL-526472e87484
3102333,EMAIL-526472e87484
3102340,EMAIL-526472e87484
3102359,EMAIL-601679140412
3102374,EMAIL-b71ecbccbf34
3102398,EMAIL-7db8006395b7
3102411,EMAIL-7db8006395b7
3102413,EMAIL-7db8006395b7
3102418,EMAIL-05c3ae107b3d
3102447,EMAIL-526472e87484
3102452,EMAIL-05c3ae107b3d
3102514,EMAIL-601679140412
3102540,EMAIL-05c3ae107b3d
3102546,EMAIL-05c3ae107b3d
3102555,EMAIL-7db8006395b7
3102571,EMAIL-05c3ae107b3d
3102590,EMAIL-526472e87484
3102601,EMAIL-7db8006395b7
3102622,EMAIL-7db8006395b7
3102639,EMAIL-05c3ae107b3d
3102650,EMAIL-7db8006395b7
3102656,EMAIL-601679140412
3102692,EMAIL-7db8006395b7
3102708,EMAIL-526472e87484
3102725,EMAIL-05c3ae107b3d
3102733,EMAIL-7db8006395b7
3102758,EMAIL-7db8006395b7
3102778,EMAIL-b71ecbccbf34
3102790,EMAIL-526472e87484
3102821,EMAIL-7db8006395b7
3102826,EMAIL-05c3ae107b3d
3102878,EMAIL-526472e87484
3102916,EMAIL-526472e87484
3102922,EMAIL-526472e87484
3102926,EMAIL-526472e87484
3102927,EMAIL-526472e87484
3102929,EMAIL-b71ecbccbf34
3102931,EMAIL-526472e87484
3102949,EMAIL-7db8006395b7
3102954,EMAIL-526472e87484
3102956,EMAIL-526472e87484
3102964,EMAIL-7db8006395b7
3102965,EMAIL-526472e87484
3102996,EMAIL-526472e87484
3103002,EMAIL-a45016f2e246
3103012,EMAIL-3a8e7c5c8069
3103023,EMAIL-7db8006395b7
3103066,EMAIL-5a343157d535
3103074,EMAIL-526472e87484
3103102,EMAIL-601679140412
3103105,EMAIL-5a343157d535
3103128,EMAIL-526472e87484
3103212,EMAIL-b71ecbccbf34
3103219,EMAIL-7db8006395b7
3103224,EMAIL-526472e87484
3103226,EMAIL-05c3ae107b3d
3103251,EMAIL-7db8006395b7
3103273,EMAIL-526472e87484
3103282,EMAIL-601679140412
3103287,EMAIL-526472e87484
3103295,EMAIL-526472e87484
3103319,EMAIL-526472e87484
3103327,EMAIL-526472e87484
3103344,EMAIL-526472e87484
3103388,EMAIL-7db8006395b7
3103402,EMAIL-7db8006395b7
3103404,EMAIL-526472e87484
3103428,EMAIL-601679140412
3103450,EMAIL-526472e87484
3103454,EMAIL-526472e87484
3103462,EMAIL-601679140412
3103478,EMAIL-601679140412
3103483,EMAIL-7db8006395b7
3103524,EMAIL-c610055e5ed8
3103582,EMAIL-7db8006395b7
3103631,EMAIL-c610055e5ed8
3103632,EMAIL-526472e87484
3103644,EMAIL-7db8006395b7
3103659,EMAIL-526472e87484
3103726,EMAIL-526472e87484
3103728,EMAIL-b71ecbccbf34
3103737,EMAIL-01cc9250b615
3103741,EMAIL-a45016f2e246
3103750,EMAIL-526472e87484
3103759,EMAIL-526472e87484
3103767,EMAIL-7db8006395b7
3103771,EMAIL-c610055e5ed8
3103792,EMAIL-7db8006395b7
3103802,EMAIL-7db8006395b7
3103823,EMAIL-526472e87484
3103840,EMAIL-526472e87484
3103853,EMAIL-7db8006395b7
3103854,EMAIL-a45016f2e246
3103883,EMAIL-7db8006395b7
3103887,EMAIL-526472e87484
3103897,EMAIL-601679140412
3103899,EMAIL-526472e87484
3103946,EMAIL-526472e87484
3103947,EMAIL-526472e87484
3104098,EMAIL-526472e87484
3104106,EMAIL-526472e87484
3104123,EMAIL-b71ecbccbf34
3104220,EMAIL-526472e87484
3104236,EMAIL-526472e87484
3104241,EMAIL-b71ecbccbf34
3104250,EMAIL-526472e87484
3104253,EMAIL-601679140412
3104254,EMAIL-7db8006395b7
3104290,EMAIL-7db8006395b7
3104300,EMAIL-7db8006395b7
3104302,EMAIL-526472e87484
3104307,EMAIL-7db8006395b7
3104316,EMAIL-526472e87484
3104373,EMAIL-05c3ae107b3d
3104386,EMAIL-b71ecbccbf34
3104430,EMAIL-05c3ae107b3d
3104458,EMAIL-7db8006395b7
3104462,EMAIL-05c3ae107b3d
3104490,EMAIL-526472e87484
3104500,EMAIL-05c3ae107b3d
3104530,EMAIL-b71ecbccbf34
3104539,EMAIL-b71ecbccbf34
3104541,EMAIL-526472e87484
3104543,EMAIL-526472e87484
3104568,EMAIL-526472e87484
3104582,EMAIL-526472e87484
3104604,EMAIL-b71ecbccbf34
3104605,EMAIL-601679140412
3104618,EMAIL-7db8006395b7
3104626,EMAIL-526472e87484
3104634,EMAIL-526472e87484
3104667,EMAIL-7db8006395b7
3104713,EMAIL-7db8006395b7
3104723,EMAIL-526472e87484
3104735,EMAIL-7db8006395b7
3104805,EMAIL-526472e87484
3104815,EMAIL-7db8006395b7
3104821,EMAIL-b71ecbccbf34
3104848,EMAIL-7db8006395b7
3104882,EMAIL-b71ecbccbf34
3104906,EMAIL-b71ecbccbf34
3104907,EMAIL-7db8006395b7
3104922,EMAIL-526472e87484
3104925,EMAIL-a45016f2e246
3104955,EMAIL-7db8006395b7
3104957,EMAIL-526472e87484
3104985,EMAIL-7db8006395b7
3105001,EMAIL-7db8006395b7
3105015,EMAIL-7db8006395b7
3105031,EMAIL-526472e87484
3105036,EMAIL-526472e87484
3105042,EMAIL-7db8006395b7
3105052,EMAIL-526472e87484
3105060,EMAIL-526472e87484
3105061,EMAIL-7db8006395b7
3105115,EMAIL-b71ecbccbf34
3105125,EMAIL-b71ecbccbf34
3105137,EMAIL-526472e87484
3105149,EMAIL-05c3ae107b3d
3105153,EMAIL-7db8006395b7
3105184,EMAIL-7db8006395b7
3105185,EMAIL-7db8006395b7
3105207,EMAIL-526472e87484
3105213,EMAIL-526472e87484
3105218,EMAIL-601679140412
3105221,EMAIL-7db8006395b7
3105229,EMAIL-7db8006395b7
3105239,EMAIL-7db8006395b7
3105307,EMAIL-526472e87484
3105402,EMAIL-05c3ae107b3d
3105489,EMAIL-526472e87484
3105527,EMAIL-526472e87484
3105538,EMAIL-526472e87484
3105578,EMAIL-526472e87484
3105592,EMAIL-526472e87484
3105658,EMAIL-526472e87484
3105673,EMAIL-b71ecbccbf34
3105687,EMAIL-526472e87484
3105821,EMAIL-7db8006395b7
3105854,EMAIL-05c3ae107b3d
3105857,EMAIL-526472e87484
3105876,EMAIL-7db8006395b7
3105915,EMAIL-7db8006395b7
3105936,EMAIL-526472e87484
3106008,EMAIL-05c3ae107b3d
3106037,EMAIL-7db8006395b7
3106042,EMAIL-7db8006395b7
3106057,EMAIL-601679140412
3106120,EMAIL-526472e87484
3106136,EMAIL-526472e87484
3106203,EMAIL-601679140412
3106210,EMAIL-601679140412
3106231,EMAIL-05c3ae107b3d
3106276,EMAIL-526472e87484
3106301,EMAIL-526472e87484
3106322,EMAIL-526472e87484
3106418,EMAIL-526472e87484
3106486,EMAIL-601679140412
3106487,EMAIL-526472e87484
3106489,EMAIL-7db8006395b7
3106491,EMAIL-83e81c0f7766
3106504,EMAIL-526472e87484
3106555,EMAIL-05c3ae107b3d
3106558,EMAIL-05c3ae107b3d
3106575,EMAIL-7db8006395b7
3106586,EMAIL-526472e87484
3106608,EMAIL-2c6b2b02a48e
3106627,EMAIL-7db8006395b7
3106633,EMAIL-526472e87484
3106646,EMAIL-7db8006395b7
3106691,EMAIL-526472e87484
3106718,EMAIL-526472e87484
3106732,EMAIL-526472e87484
3106733,EMAIL-601679140412
3106796,EMAIL-7db8006395b7
3106804,EMAIL-601679140412
3106821,EMAIL-05c3ae107b3d
3106833,EMAIL-05c3ae107b3d
3106838,EMAIL-7db8006395b7
3106888,EMAIL-526472e87484
3106909,EMAIL-526472e87484
3106917,EMAIL-526472e87484
3106925,EMAIL-7db8006395b7
3106996,EMAIL-05c3ae107b3d
3106997,EMAIL-526472e87484
3106999,EMAIL-526472e87484
3107021,EMAIL-a45016f2e246
3107087,EMAIL-05c3ae107b3d
3107103,EMAIL-526472e87484
3107111,EMAIL-526472e87484
3107117,EMAIL-526472e87484
3107119,EMAIL-7db8006395b7
3107164,EMAIL-7db8006395b7
3107169,EMAIL-a45016f2e246
3107170,EMAIL-7db8006395b7
3107190,EMAIL-7db8006395b7
3107197,EMAIL-7db8006395b7
3107199,EMAIL-526472e87484
3107222,EMAIL-7db8006395b7
3107251,EMAIL-601679140412
3107272,EMAIL-7db8006395b7
3107289,EMAIL-526472e87484
3107291,EMAIL-7db8006395b7
3107296,EMAIL-05c3ae107b3d
3107312,EMAIL-7eeee5f261e7
3107314,EMAIL-601679140412
3107322,EMAIL-526472e87484
3107340,EMAIL-7eeee5f261e7
3107371,EMAIL-7db8006395b7
3107410,EMAIL-7db8006395b7
3107433,EMAIL-526472e87484
3107494,EMAIL-526472e87484
3107561,EMAIL-526472e87484
3107571,EMAIL-7db8006395b7
3107573,EMAIL-7db8006395b7
3107578,EMAIL-526472e87484
3107587,EMAIL-7db8006395b7
3107600,EMAIL-526472e87484
3107670,EMAIL-05c3ae107b3d
3107676,EMAIL-7db8006395b7
3107704,EMAIL-526472e87484
3107712,EMAIL-526472e87484
3107780,EMAIL-526472e87484
3107807,EMAIL-526472e87484
3107821,EMAIL-7db8006395b7
3107836,EMAIL-526472e87484
3107869,EMAIL-526472e87484
3107913,EMAIL-7db8006395b7
3107994,EMAIL-7db8006395b7
3107995,EMAIL-05c3ae107b3d
3108020,EMAIL-526472e87484
3108025,EMAIL-526472e87484
3108035,EMAIL-05c3ae107b3d
3108041,EMAIL-05c3ae107b3d
3108054,EMAIL-05c3ae107b3d
3108074,EMAIL-526472e87484
3108109,EMAIL-05c3ae107b3d
3108110,EMAIL-7db8006395b7
3108125,EMAIL-05c3ae107b3d
3108164,EMAIL-526472e87484
3108170,EMAIL-b71ecbccbf34
3108201,EMAIL-7db8006395b7
3108213,EMAIL-526472e87484
3108224,EMAIL-05c3ae107b3d
3108287,EMAIL-526472e87484
3108292,EMAIL-526472e87484
3108327,EMAIL-7db8006395b7
3108347,EMAIL-7db8006395b7
3108386,EMAIL-7db8006395b7
3108407,EMAIL-601679140412
3108414,EMAIL-7db8006395b7
3108426,EMAIL-7db8006395b7
3108469,EMAIL-7db8006395b7
3108473,EMAIL-7db8006395b7
3108478,EMAIL-7db8006395b7
3108481,EMAIL-7db8006395b7
3108485,EMAIL-526472e87484
3108502,EMAIL-526472e87484
3108559,EMAIL-526472e87484
3108633,EMAIL-601679140412
3108659,EMAIL-526472e87484
3108660,EMAIL-7db8006395b7
3108671,EMAIL-526472e87484
3108695,EMAIL-6d8c8eb6c5c8
3108698,EMAIL-526472e87484
3108704,EMAIL-7db8006395b7
3108705,EMAIL-526472e87484
3108725,EMAIL-2c6b2b02a48e
3108730,EMAIL-601679140412
3108741,EMAIL-05c3ae107b3d
3108750,EMAIL-7db8006395b7
3108754,EMAIL-526472e87484
3108807,EMAIL-526472e87484
3108850,EMAIL-526472e87484
3108859,EMAIL-526472e87484
3108889,EMAIL-7db8006395b7
3108904,EMAIL-000db143c437
3108919,EMAIL-7db8006395b7
3108926,EMAIL-7db8006395b7
3108930,EMAIL-526472e87484
3108943,EMAIL-7db8006395b7
3108955,EMAIL-526472e87484
3108969,EMAIL-7db8006395b7
3108970,EMAIL-526472e87484
3108976,EMAIL-526472e87484
3108981,EMAIL-7db8006395b7
3108992,EMAIL-a45016f2e246
3109000,EMAIL-7db8006395b7
3109002,EMAIL-7db8006395b7
3109006,EMAIL-526472e87484
3109010,EMAIL-023f08585708
3109023,EMAIL-05c3ae107b3d
3109028,EMAIL-01cc9250b615
3109049,EMAIL-7db8006395b7
3109064,EMAIL-526472e87484
3109086,EMAIL-526472e87484
3109089,EMAIL-601679140412
3109096,EMAIL-2c6b2b02a48e
3109143,EMAIL-601679140412
3109157,EMAIL-05c3ae107b3d
3109187,EMAIL-dfe6a9c7c1a5
3109240,EMAIL-526472e87484
3109251,EMAIL-8b942685451d
3109252,EMAIL-526472e87484
3109333,EMAIL-526472e87484
3109344,EMAIL-526472e87484
3109427,EMAIL-526472e87484
3109491,EMAIL-05c3ae107b3d
3109495,EMAIL-601679140412
3109545,EMAIL-05c3ae107b3d
3109580,EMAIL-601679140412
3109589,EMAIL-7db8006395b7
3109652,EMAIL-7db8006395b7
3109720,EMAIL-2c6b2b02a48e
3109721,EMAIL-7db8006395b7
3109735,EMAIL-7db8006395b7
3109739,EMAIL-05c3ae107b3d
3109758,EMAIL-526472e87484
3109773,EMAIL-05c3ae107b3d
3109775,EMAIL-526472e87484
3109776,EMAIL-526472e87484
3109804,EMAIL-01cc9250b615
3109837,EMAIL-601679140412
3109841,EMAIL-526472e87484
3109882,EMAIL-05c3ae107b3d
3109890,EMAIL-526472e87484
3109921,EMAIL-7db8006395b7
3109949,EMAIL-7db8006395b7
3109973,EMAIL-526472e87484
3109990,EMAIL-7db8006395b7
3109994,EMAIL-7db8006395b7
3110002,EMAIL-7db8006395b7
3110009,EMAIL-7db8006395b7
3110015,EMAIL-05c3ae107b3d
3110055,EMAIL-526472e87484
3110056,EMAIL-7db8006395b7
3110093,EMAIL-526472e87484
3110102,EMAIL-526472e87484
3110106,EMAIL-a45016f2e246
3110119,EMAIL-05c3ae107b3d
3110128,EMAIL-526472e87484
3110137,EMAIL-b71ecbccbf34
3110139,EMAIL-7db8006395b7
3110152,EMAIL-3a8e7c5c8069
3110153,EMAIL-05c3ae107b3d
3110154,EMAIL-526472e87484
3110175,EMAIL-7db8006395b7
3110200,EMAIL-05c3ae107b3d
3110220,EMAIL-526472e87484
3110222,EMAIL-601679140412
3110237,EMAIL-526472e87484
3110238,EMAIL-7db8006395b7
3110242,EMAIL-526472e87484
3110254,EMAIL-7db8006395b7
3110267,EMAIL-7db8006395b7
3110285,EMAIL-7db8006395b7
3110293,EMAIL-526472e87484
3110300,EMAIL-7db8006395b7
3110301,EMAIL-01cc9250b615
3110318,EMAIL-526472e87484
3110363,EMAIL-526472e87484
3110382,EMAIL-2c6b2b02a48e
3110387,EMAIL-526472e87484
3110399,EMAIL-a45016f2e246
3110423,EMAIL-526472e87484
3110470,EMAIL-7db8006395b7
3110503,EMAIL-526472e87484
3110512,EMAIL-526472e87484
3110513,EMAIL-526472e87484
3110516,EMAIL-7db8006395b7
3110518,EMAIL-a45016f2e246
3110524,EMAIL-7db8006395b7
3110534,EMAIL-a45016f2e246
3110550,EMAIL-526472e87484
3110551,EMAIL-b71ecbccbf34
3110553,EMAIL-7db8006395b7
3110559,EMAIL-7db8006395b7
3110562,EMAIL-7db8006395b7
3110565,EMAIL-526472e87484
3110572,EMAIL-526472e87484
3110576,EMAIL-526472e87484
3110577,EMAIL-7db8006395b7
3110578,EMAIL-526472e87484
3110591,EMAIL-7db8006395b7
3110592,EMAIL-526472e87484
3110629,EMAIL-526472e87484
3110630,EMAIL-526472e87484
3110674,EMAIL-7db8006395b7
3110683,EMAIL-d1684fe68050
3110688,EMAIL-7db8006395b7
3110695,EMAIL-7db8006395b7
3110705,EMAIL-7db8006395b7
3110707,EMAIL-7db8006395b7
3110708,EMAIL-7db8006395b7
3110718,EMAIL-526472e87484
3110740,EMAIL-526472e87484
3110763,EMAIL-526472e87484
3110770,EMAIL-526472e87484
3110820,EMAIL-662b3791aebd
3110882,EMAIL-05c3ae107b3d
3110891,EMAIL-601679140412
3110915,EMAIL-05c3ae107b3d
3110947,EMAIL-526472e87484
3110950,EMAIL-526472e87484
3110968,EMAIL-05c3ae107b3d
3111053,EMAIL-dfe6a9c7c1a5
3111117,EMAIL-526472e87484
3111163,EMAIL-05c3ae107b3d
3111262,EMAIL-526472e87484
3111298,EMAIL-dfe6a9c7c1a5
3111345,EMAIL-7db8006395b7
3111348,EMAIL-d1684fe68050
3111372,EMAIL-526472e87484
3111394,EMAIL-83e81c0f7766
3111399,EMAIL-601679140412
3111410,EMAIL-526472e87484
3111441,EMAIL-601679140412
3111442,EMAIL-7db8006395b7
3111538,EMAIL-05c3ae107b3d
3111542,EMAIL-526472e87484
3111618,EMAIL-7db8006395b7
3111620,EMAIL-526472e87484
3111659,EMAIL-601679140412
3111691,EMAIL-7db8006395b7
3111692,EMAIL-526472e87484
3111705,EMAIL-7db8006395b7
3111741,EMAIL-7db8006395b7
3111751,EMAIL-7db8006395b7
3111766,EMAIL-b71ecbccbf34
3111782,EMAIL-526472e87484
3111796,EMAIL-526472e87484
3111843,EMAIL-7db8006395b7
3112010,EMAIL-05c3ae107b3d
3112024,EMAIL-526472e87484
3112049,EMAIL-b71ecbccbf34
3112073,EMAIL-05c3ae107b3d
3112078,EMAIL-05c3ae107b3d
3112114,EMAIL-a45016f2e246
3112142,EMAIL-05c3ae107b3d
3112149,EMAIL-7db8006395b7
3112154,EMAIL-7db8006395b7
3112155,EMAIL-526472e87484
3112167,EMAIL-7db8006395b7
3112202,EMAIL-526472e87484
3112222,EMAIL-a45016f2e246
3112239,EMAIL-05c3ae107b3d
3112247,EMAIL-7db8006395b7
3112258,EMAIL-601679140412
3112266,EMAIL-526472e87484
3112324,EMAIL-526472e87484
3112358,EMAIL-526472e87484
3112400,EMAIL-526472e87484
3112405,EMAIL-7db8006395b7
3112410,EMAIL-526472e87484
3112433,EMAIL-7db8006395b7
3112443,EMAIL-526472e87484
3112454,EMAIL-a45016f2e246
3112469,EMAIL-526472e87484
3112489,EMAIL-526472e87484
3112492,EMAIL-526472e87484
3112495,EMAIL-526472e87484
3112505,EMAIL-7db8006395b7
3112527,EMAIL-a45016f2e246
3112541,EMAIL-601679140412
3112552,EMAIL-526472e87484
3112561,EMAIL-05c3ae107b3d
3112568,EMAIL-7db8006395b7
3112608,EMAIL-7eeee5f261e7
3112618,EMAIL-526472e87484
3112619,EMAIL-526472e87484
3112620,EMAIL-7db8006395b7
3112632,EMAIL-601679140412
3112633,EMAIL-526472e87484
3112634,EMAIL-526472e87484
3112675,EMAIL-526472e87484
3112686,EMAIL-7db8006395b7
3112689,EMAIL-526472e87484
3112715,EMAIL-526472e87484
3112722,EMAIL-526472e87484
3112745,EMAIL-526472e87484
3112777,EMAIL-601679140412
3112814,EMAIL-601679140412
3112819,EMAIL-526472e87484
3112821,EMAIL-526472e87484
3112862,EMAIL-b71ecbccbf34
3112866,EMAIL-05c3ae107b3d
3112869,EMAIL-526472e87484
3112870,EMAIL-526472e87484
3112876,EMAIL-05c3ae107b3d
3112944,EMAIL-526472e87484
3112947,EMAIL-526472e87484
3113011,EMAIL-7db8006395b7
3113012,EMAIL-dfe6a9c7c1a5
3113028,EMAIL-7db8006395b7
3113037,EMAIL-526472e87484
3113064,EMAIL-526472e87484
3113081,EMAIL-526472e87484
3113095,EMAIL-05c3ae107b3d
3113129,EMAIL-526472e87484
3113140,EMAIL-526472e87484
3113199,EMAIL-7db8006395b7
3113207,EMAIL-526472e87484
3113211,EMAIL-526472e87484
3113247,EMAIL-526472e87484
3113250,EMAIL-601679140412
3113262,EMAIL-601679140412
3113288,EMAIL-662b3791aebd
3113289,EMAIL-7db8006395b7
3113298,EMAIL-526472e87484
3113304,EMAIL-7db8006395b7
3113319,EMAIL-7db8006395b7
3113324,EMAIL-7db8006395b7
3113328,EMAIL-b71ecbccbf34
3113337,EMAIL-0df48815e896
3113340,EMAIL-526472e87484
3113345,EMAIL-05c3ae107b3d
3113375,EMAIL-7db8006395b7
3113384,EMAIL-a45016f2e246
3113386,EMAIL-526472e87484
3113406,EMAIL-7db8006395b7
3113409,EMAIL-0df48815e896
3113415,EMAIL-7db8006395b7
3113522,EMAIL-601679140412
3113530,EMAIL-7db8006395b7
3113532,EMAIL-7db8006395b7
3113538,EMAIL-7db8006395b7
3113545,EMAIL-b71ecbccbf34
3113567,EMAIL-7db8006395b7
3113585,EMAIL-7db8006395b7
3113602,EMAIL-7db8006395b7
3113678,EMAIL-526472e87484
3113701,EMAIL-7db8006395b7
3113719,EMAIL-05c3ae107b3d
3113742,EMAIL-05c3ae107b3d
3113745,EMAIL-526472e87484
3113763,EMAIL-7db8006395b7
3113811,EMAIL-526472e87484
3113853,EMAIL-526472e87484
3113862,EMAIL-7db8006395b7
3113874,EMAIL-b71ecbccbf34
3113881,EMAIL-526472e87484
3113882,EMAIL-7db8006395b7
3113939,EMAIL-526472e87484
3113940,EMAIL-7db8006395b7
3113965,EMAIL-526472e87484
3113997,EMAIL-b71ecbccbf34
3114018,EMAIL-526472e87484
3114035,EMAIL-7db8006395b7
3114044,EMAIL-601679140412
3114051,EMAIL-05c3ae107b3d
3114056,EMAIL-526472e87484
3114218,EMAIL-2c6b2b02a48e
3114223,EMAIL-7db8006395b7
3114226,EMAIL-2c6b2b02a48e
3114278,EMAIL-601679140412
3114297,EMAIL-7db8006395b7
3114318,EMAIL-7db8006395b7
3114334,EMAIL-05c3ae107b3d
3114372,EMAIL-b71ecbccbf34
3114392,EMAIL-7db8006395b7
3114396,EMAIL-7db8006395b7
3114414,EMAIL-dfe6a9c7c1a5
3114477,EMAIL-2c6b2b02a48e
3114484,EMAIL-7db8006395b7
3114500,EMAIL-526472e87484
3114536,EMAIL-7db8006395b7
3114554,EMAIL-7db8006395b7
3114642,EMAIL-7db8006395b7
3114677,EMAIL-526472e87484
3114703,EMAIL-d1684fe68050
3114705,EMAIL-526472e87484
3114739,EMAIL-526472e87484
3114744,EMAIL-526472e87484
3114774,EMAIL-05c3ae107b3d
3114822,EMAIL-7db8006395b7
3114840,EMAIL-526472e87484
3114858,EMAIL-526472e87484
3114875,EMAIL-526472e87484
3114906,EMAIL-526472e87484
3114927,EMAIL-526472e87484
3114965,EMAIL-05c3ae107b3d
3114998,EMAIL-7db8006395b7
3115000,EMAIL-7db8006395b7
3115057,EMAIL-526472e87484
3115079,EMAIL-7db8006395b7
3115099,EMAIL-526472e87484
3115154,EMAIL-05c3ae107b3d
3115185,EMAIL-7db8006395b7
3115211,EMAIL-526472e87484
3115215,EMAIL-05c3ae107b3d
3115270,EMAIL-526472e87484
3115283,EMAIL-601679140412
3115326,EMAIL-601679140412
3115330,EMAIL-526472e87484
3115345,EMAIL-601679140412
3115350,EMAIL-526472e87484
3115368,EMAIL-526472e87484
3115374,EMAIL-526472e87484
3115414,EMAIL-526472e87484
3115477,EMAIL-526472e87484
3115512,EMAIL-526472e87484
3115533,EMAIL-7db8006395b7
3115540,EMAIL-a45016f2e246
3115541,EMAIL-a45016f2e246
3115556,EMAIL-a45016f2e246
3115624,EMAIL-526472e87484
3115790,EMAIL-7db8006395b7
3115823,EMAIL-526472e87484
3115910,EMAIL-7db8006395b7
3115917,EMAIL-601679140412
3115948,EMAIL-601679140412
3116006,EMAIL-526472e87484
3116008,EMAIL-526472e87484
3116023,EMAIL-601679140412
3116044,EMAIL-526472e87484
3116058,EMAIL-7db8006395b7
3116067,EMAIL-526472e87484
3116074,EMAIL-526472e87484
3116078,EMAIL-601679140412
3116132,EMAIL-d1684fe68050
3116160,EMAIL-601679140412
3116234,EMAIL-526472e87484
3116275,EMAIL-526472e87484
3116276,EMAIL-526472e87484
3116349,EMAIL-000db143c437
3116371,EMAIL-7db8006395b7
3116400,EMAIL-05c3ae107b3d
3116413,EMAIL-7db8006395b7
3116469,EMAIL-7db8006395b7
3116530,EMAIL-e867c7c6bcd4
3116590,EMAIL-b71ecbccbf34
3116598,EMAIL-526472e87484
3116633,EMAIL-526472e87484
3116682,EMAIL-526472e87484
3116708,EMAIL-526472e87484
3116728,EMAIL-7db8006395b7
3116741,EMAIL-7db8006395b7
3116752,EMAIL-7db8006395b7
3116846,EMAIL-526472e87484
3116871,EMAIL-a45016f2e246
3116872,EMAIL-601679140412
3116904,EMAIL-05c3ae107b3d
3116918,EMAIL-7db8006395b7
3116941,EMAIL-526472e87484
3116960,EMAIL-7db8006395b7
3117007,EMAIL-7db8006395b7
3117013,EMAIL-526472e87484
3117017,EMAIL-05c3ae107b3d
3117036,EMAIL-526472e87484
3117061,EMAIL-7db8006395b7
3117077,EMAIL-526472e87484
3117085,EMAIL-526472e87484
3117123,EMAIL-05c3ae107b3d
3117184,EMAIL-601679140412
3117203,EMAIL-526472e87484
3117273,EMAIL-05c3ae107b3d
3117285,EMAIL-3a8e7c5c8069
3117311,EMAIL-526472e87484
3117331,EMAIL-526472e87484
3117333,EMAIL-7db8006395b7
3117359,EMAIL-526472e87484
3117429,EMAIL-526472e87484
3117514,EMAIL-000db143c437
3117585,EMAIL-7db8006395b7
3117666,EMAIL-05c3ae107b3d
3117755,EMAIL-7db8006395b7
3117799,EMAIL-526472e87484
3117807,EMAIL-601679140412
3117844,EMAIL-0df48815e896
3117885,EMAIL-dfe6a9c7c1a5
3117972,EMAIL-526472e87484
3117978,EMAIL-526472e87484
3117988,EMAIL-526472e87484
3118046,EMAIL-526472e87484
3118070,EMAIL-526472e87484
3118087,EMAIL-3a8e7c5c8069
3118108,EMAIL-01cc9250b615
3118130,EMAIL-601679140412
3118134,EMAIL-526472e87484
3118144,EMAIL-7db8006395b7
3118149,EMAIL-601679140412
3118165,EMAIL-526472e87484
3118198,EMAIL-a45016f2e246
3118218,EMAIL-526472e87484
3118261,EMAIL-7db8006395b7
3118262,EMAIL-526472e87484
3118298,EMAIL-7db8006395b7
3118302,EMAIL-7db8006395b7
3118311,EMAIL-526472e87484
3118323,EMAIL-05c3ae107b3d
3118328,EMAIL-7db8006395b7
3118342,EMAIL-7db8006395b7
3118348,EMAIL-601679140412
3118363,EMAIL-526472e87484
3118383,EMAIL-526472e87484
3118399,EMAIL-7db8006395b7
3118400,EMAIL-7db8006395b7
3118409,EMAIL-7db8006395b7
3118423,EMAIL-7db8006395b7
3118428,EMAIL-7db8006395b7
3118456,EMAIL-7db8006395b7
3118458,EMAIL-7db8006395b7
3118460,EMAIL-7db8006395b7
3118468,EMAIL-7db8006395b7
3118489,EMAIL-526472e87484
3118522,EMAIL-7db8006395b7
3118553,EMAIL-526472e87484
3118695,EMAIL-05c3ae107b3d
3118711,EMAIL-526472e87484
3118721,EMAIL-526472e87484
3118746,EMAIL-526472e87484
3118757,EMAIL-601679140412
3118788,EMAIL-05c3ae107b3d
3118822,EMAIL-5a343157d535
3118837,EMAIL-601679140412
3118844,EMAIL-7db8006395b7
3118868,EMAIL-7db8006395b7
3118906,EMAIL-05c3ae107b3d
3118958,EMAIL-7db8006395b7
3118964,EMAIL-05c3ae107b3d
3118998,EMAIL-b71ecbccbf34
3119010,EMAIL-05c3ae107b3d
3119058,EMAIL-601679140412
3119069,EMAIL-526472e87484
3119075,EMAIL-7db8006395b7
3119108,EMAIL-526472e87484
3119135,EMAIL-a45016f2e246
3119142,EMAIL-526472e87484
3119153,EMAIL-526472e87484
3119164,EMAIL-526472e87484
3119173,EMAIL-526472e87484
3119182,EMAIL-526472e87484
3119215,EMAIL-526472e87484
3119224,EMAIL-7db8006395b7
3119274,EMAIL-7db8006395b7
3119289,EMAIL-526472e87484
3119302,EMAIL-526472e87484
3119327,EMAIL-526472e87484
3119340,EMAIL-526472e87484
3119369,EMAIL-526472e87484
3119438,EMAIL-7db8006395b7
3119536,EMAIL-b71ecbccbf34
3119541,EMAIL-526472e87484
3119548,EMAIL-7db8006395b7
3119563,EMAIL-023f08585708
3119578,EMAIL-7db8006395b7
3119579,EMAIL-05c3ae107b3d
3119585,EMAIL-05c3ae107b3d
3119593,EMAIL-7db8006395b7
3119611,EMAIL-7db8006395b7
3119621,EMAIL-7eeee5f261e7
3119624,EMAIL-526472e87484
3119638,EMAIL-a45016f2e246
3119639,EMAIL-526472e87484
3119650,EMAIL-7eeee5f261e7
3119652,EMAIL-7eeee5f261e7
3119655,EMAIL-05c3ae107b3d
3119668,EMAIL-7db8006395b7
3119676,EMAIL-05c3ae107b3d
3119679,EMAIL-7db8006395b7
3119688,EMAIL-526472e87484
3119702,EMAIL-7db8006395b7
3119705,EMAIL-7db8006395b7
3119707,EMAIL-7db8006395b7
3119710,EMAIL-7db8006395b7
3119724,EMAIL-2c6b2b02a48e
3119739,EMAIL-526472e87484
3119747,EMAIL-7db8006395b7
3119777,EMAIL-7db8006395b7
3119783,EMAIL-7db8006395b7
3119793,EMAIL-526472e87484
3119808,EMAIL-5cac1ed1c3bd
3119812,EMAIL-05c3ae107b3d
3119839,EMAIL-05c3ae107b3d
3119850,EMAIL-7db8006395b7
3119866,EMAIL-601679140412
3119867,EMAIL-526472e87484
3119886,EMAIL-526472e87484
3119892,EMAIL-526472e87484
3119896,EMAIL-601679140412
3119923,EMAIL-a45016f2e246
3119937,EMAIL-05c3ae107b3d
3119941,EMAIL-05c3ae107b3d
3119962,EMAIL-7db8006395b7
3119972,EMAIL-7db8006395b7
3119975,EMAIL-526472e87484
3120009,EMAIL-526472e87484
3120012,EMAIL-526472e87484
3120017,EMAIL-01cc9250b615
3120039,EMAIL-01cc9250b615
3120046,EMAIL-01cc9250b615
3120048,EMAIL-01cc9250b615
3120050,EMAIL-01cc9250b615
3120054,EMAIL-01cc9250b615
3120105,EMAIL-7db8006395b7
3120107,EMAIL-7db8006395b7
3120108,EMAIL-7db8006395b7
3120113,EMAIL-7db8006395b7
3120120,EMAIL-7db8006395b7
3120121,EMAIL-7db8006395b7
3120128,EMAIL-d1684fe68050
3120230,EMAIL-b71ecbccbf34
3120257,EMAIL-b71ecbccbf34
3120276,EMAIL-526472e87484
3120311,EMAIL-526472e87484
3120351,EMAIL-d1684fe68050
3120359,EMAIL-601679140412
3120386,EMAIL-b71ecbccbf34
3120406,EMAIL-b71ecbccbf34
3120420,EMAIL-526472e87484
3120423,EMAIL-526472e87484
3120480,EMAIL-05c3ae107b3d
3120578,EMAIL-526472e87484
3120635,EMAIL-601679140412
3120711,EMAIL-526472e87484
3120734,EMAIL-01cc9250b615
3120737,EMAIL-dfe6a9c7c1a5
3120811,EMAIL-47b8593a2f1d
3120848,EMAIL-526472e87484
3120853,EMAIL-05c3ae107b3d
3120868,EMAIL-7db8006395b7
3120873,EMAIL-7db8006395b7
3120909,EMAIL-526472e87484
3120938,EMAIL-b71ecbccbf34
3120948,EMAIL-7db8006395b7
3120961,EMAIL-601679140412
3120994,EMAIL-526472e87484
3121054,EMAIL-526472e87484
3121056,EMAIL-526472e87484
3121067,EMAIL-7eeee5f261e7
3121072,EMAIL-526472e87484
3121085,EMAIL-526472e87484
3121093,EMAIL-5cac1ed1c3bd
3121095,EMAIL-7db8006395b7
3121098,EMAIL-526472e87484
3121106,EMAIL-601679140412
3121117,EMAIL-7db8006395b7
3121167,EMAIL-7db8006395b7
3121199,EMAIL-601679140412
3121260,EMAIL-526472e87484
3121302,EMAIL-526472e87484
3121314,EMAIL-526472e87484
3121323,EMAIL-601679140412
3121335,EMAIL-526472e87484
3121353,EMAIL-526472e87484
3121371,EMAIL-526472e87484
3121397,EMAIL-601679140412
3121403,EMAIL-05c3ae107b3d
3121408,EMAIL-526472e87484
3121422,EMAIL-7db8006395b7
3121448,EMAIL-601679140412
3121580,EMAIL-7db8006395b7
3121617,EMAIL-526472e87484
3121640,EMAIL-526472e87484
3121653,EMAIL-b71ecbccbf34
3121654,EMAIL-b71ecbccbf34
3121671,EMAIL-a45016f2e246
3121702,EMAIL-7db8006395b7
3121706,EMAIL-526472e87484
3121740,EMAIL-b71ecbccbf34
3121749,EMAIL-601679140412
3121761,EMAIL-05c3ae107b3d
3121765,EMAIL-b71ecbccbf34
3121778,EMAIL-b71ecbccbf34
3121800,EMAIL-526472e87484
3121803,EMAIL-7db8006395b7
3121827,EMAIL-01cc9250b615
3121836,EMAIL-7db8006395b7
3121870,EMAIL-7eeee5f261e7
3121880,EMAIL-526472e87484
3121888,EMAIL-7db8006395b7
3121891,EMAIL-0df48815e896
3121936,EMAIL-7db8006395b7
3122002,EMAIL-01cc9250b615
3122013,EMAIL-7db8006395b7
3122014,EMAIL-526472e87484
3122020,EMAIL-7db8006395b7
3122035,EMAIL-7db8006395b7
3122098,EMAIL-7db8006395b7
3122103,EMAIL-601679140412
3122131,EMAIL-7db8006395b7
3122136,EMAIL-05c3ae107b3d
3122163,EMAIL-7db8006395b7
3122169,EMAIL-a45016f2e246
3122170,EMAIL-526472e87484
3122175,EMAIL-7db8006395b7
3122179,EMAIL-7db8006395b7
3122191,EMAIL-526472e87484
3122201,EMAIL-7db8006395b7
3122213,EMAIL-05c3ae107b3d
3122215,EMAIL-05c3ae107b3d
3122222,EMAIL-7db8006395b7
3122230,EMAIL-601679140412
3122268,EMAIL-7db8006395b7
3122270,EMAIL-7db8006395b7
3122289,EMAIL-601679140412
3122440,EMAIL-526472e87484
3122469,EMAIL-526472e87484
3122480,EMAIL-526472e87484
3122484,EMAIL-7db8006395b7
3122492,EMAIL-05c3ae107b3d
3122505,EMAIL-526472e87484
3122519,EMAIL-601679140412
3122525,EMAIL-a45016f2e246
3122583,EMAIL-7eeee5f261e7
3122596,EMAIL-526472e87484
3122603,EMAIL-01cc9250b615
3122604,EMAIL-526472e87484
3122609,EMAIL-b71ecbccbf34
3122617,EMAIL-526472e87484
3122627,EMAIL-7db8006395b7
3122656,EMAIL-526472e87484
3122699,EMAIL-601679140412
3122711,EMAIL-526472e87484
3122730,EMAIL-7eeee5f261e7
3122774,EMAIL-01cc9250b615
3122782,EMAIL-7db8006395b7
3122789,EMAIL-526472e87484
3122804,EMAIL-526472e87484
3122814,EMAIL-7db8006395b7
3122835,EMAIL-526472e87484
3122851,EMAIL-526472e87484
3122858,EMAIL-526472e87484
3122863,EMAIL-7db8006395b7
3122880,EMAIL-526472e87484
3122881,EMAIL-526472e87484
3122883,EMAIL-526472e87484
3122892,EMAIL-000db143c437
3122893,EMAIL-526472e87484
3122897,EMAIL-2c6b2b02a48e
3122906,EMAIL-526472e87484
3122913,EMAIL-d8fc56fc7cd3
3122930,EMAIL-526472e87484
3122940,EMAIL-526472e87484
3122954,EMAIL-7db8006395b7
3122967,EMAIL-7db8006395b7
3122970,EMAIL-7db8006395b7
3122973,EMAIL-7db8006395b7
3123023,EMAIL-7db8006395b7
3123060,EMAIL-7db8006395b7
3123149,EMAIL-526472e87484
3123154,EMAIL-526472e87484
3123156,EMAIL-05c3ae107b3d
3123257,EMAIL-7db8006395b7
3123297,EMAIL-526472e87484
3123320,EMAIL-7db8006395b7
3123321,EMAIL-7db8006395b7
3123330,EMAIL-526472e87484
3123331,EMAIL-7db8006395b7
3123365,EMAIL-526472e87484
3123376,EMAIL-526472e87484
3123380,EMAIL-526472e87484
3123396,EMAIL-526472e87484
3123447,EMAIL-7db8006395b7
3123476,EMAIL-526472e87484
3123499,EMAIL-7db8006395b7
3123503,EMAIL-7db8006395b7
3123506,EMAIL-526472e87484
3123571,EMAIL-b71ecbccbf34
3123587,EMAIL-05c3ae107b3d
3123598,EMAIL-7db8006395b7
3123633,EMAIL-526472e87484
3123646,EMAIL-526472e87484
3123651,EMAIL-7db8006395b7
3123662,EMAIL-2c6b2b02a48e
3123680,EMAIL-526472e87484
3123713,EMAIL-526472e87484
3123733,EMAIL-7db8006395b7
3123767,EMAIL-526472e87484
3123799,EMAIL-7db8006395b7
3123836,EMAIL-526472e87484
3123837,EMAIL-526472e87484
3123855,EMAIL-526472e87484
3123863,EMAIL-526472e87484
3123898,EMAIL-526472e87484
3123910,EMAIL-7db8006395b7
3123933,EMAIL-7db8006395b7
3123943,EMAIL-526472e87484
3123995,EMAIL-01cc9250b615
3124032,EMAIL-7db8006395b7
3124057,EMAIL-526472e87484
3124062,EMAIL-526472e87484
3124103,EMAIL-526472e87484
3124125,EMAIL-662b3791aebd
3124130,EMAIL-7db8006395b7
3124152,EMAIL-526472e87484
3124218,EMAIL-526472e87484
3124248,EMAIL-526472e87484
3124299,EMAIL-526472e87484
3124341,EMAIL-05c3ae107b3d
3124363,EMAIL-05c3ae107b3d
3124401,EMAIL-526472e87484
3124442,EMAIL-05c3ae107b3d
3124455,EMAIL-05c3ae107b3d
3124468,EMAIL-526472e87484
3124482,EMAIL-05c3ae107b3d
3124502,EMAIL-526472e87484
3124512,EMAIL-526472e87484
3124517,EMAIL-526472e87484
3124520,EMAIL-526472e87484
3124533,EMAIL-526472e87484
3124546,EMAIL-05c3ae107b3d
3124553,EMAIL-526472e87484
3124576,EMAIL-b71ecbccbf34
3124636,EMAIL-526472e87484
3124639,EMAIL-7db8006395b7
3124684,EMAIL-05c3ae107b3d
3124689,EMAIL-526472e87484
3124704,EMAIL-7db8006395b7
3124738,EMAIL-526472e87484
3124791,EMAIL-7db8006395b7
3124815,EMAIL-7db8006395b7
3124873,EMAIL-05c3ae107b3d
3124945,EMAIL-526472e87484
3124971,EMAIL-7db8006395b7
3124984,EMAIL-526472e87484
3124990,EMAIL-526472e87484
3125013,EMAIL-7db8006395b7
3125016,EMAIL-526472e87484
3125057,EMAIL-05c3ae107b3d
3125077,EMAIL-05c3ae107b3d
3125081,EMAIL-7db8006395b7
3125088,EMAIL-b71ecbccbf34
3125116,EMAIL-526472e87484
3125207,EMAIL-526472e87484
3125210,EMAIL-7db8006395b7
3125214,EMAIL-7db8006395b7
3125238,EMAIL-526472e87484
3125324,EMAIL-7db8006395b7
3125366,EMAIL-05c3ae107b3d
3125415,EMAIL-7db8006395b7
3125430,EMAIL-b71ecbccbf34
3125453,EMAIL-526472e87484
3125460,EMAIL-2c6b2b02a48e
3125513,EMAIL-83e81c0f7766
3125592,EMAIL-05c3ae107b3d
3125647,EMAIL-05c3ae107b3d
3125683,EMAIL-7db8006395b7
3125754,EMAIL-526472e87484
3125789,EMAIL-526472e87484
3125791,EMAIL-526472e87484
3125793,EMAIL-526472e87484
3125833,EMAIL-526472e87484
3125864,EMAIL-7db8006395b7
3125889,EMAIL-526472e87484
3125923,EMAIL-7db8006395b7
3125934,EMAIL-526472e87484
3125937,EMAIL-526472e87484
3125939,EMAIL-7db8006395b7
3125940,EMAIL-601679140412
3125944,EMAIL-7db8006395b7
3125957,EMAIL-526472e87484
3125962,EMAIL-526472e87484
3125988,EMAIL-526472e87484
3126007,EMAIL-526472e87484
3126037,EMAIL-526472e87484
3126079,EMAIL-526472e87484
3126124,EMAIL-526472e87484
3126134,EMAIL-7db8006395b7
3126209,EMAIL-526472e87484
3126216,EMAIL-526472e87484
3126224,EMAIL-7db8006395b7
3126226,EMAIL-dfe6a9c7c1a5
3126233,EMAIL-05c3ae107b3d
3126275,EMAIL-526472e87484
3126309,EMAIL-526472e87484
3126313,EMAIL-b71ecbccbf34
3126369,EMAIL-526472e87484
3126395,EMAIL-7db8006395b7
3126412,EMAIL-b71ecbccbf34
3126430,EMAIL-05c3ae107b3d
3126433,EMAIL-526472e87484
3126443,EMAIL-526472e87484
3126444,EMAIL-7db8006395b7
3126462,EMAIL-526472e87484
3126477,EMAIL-b71ecbccbf34
3126497,EMAIL-05c3ae107b3d
3126506,EMAIL-b71ecbccbf34
3126531,EMAIL-7db8006395b7
3126559,EMAIL-b71ecbccbf34
3126570,EMAIL-601679140412
3126606,EMAIL-526472e87484
3126607,EMAIL-526472e87484
3126630,EMAIL-526472e87484
3126749,EMAIL-7db8006395b7
3126750,EMAIL-601679140412
3126772,EMAIL-7db8006395b7
3126778,EMAIL-526472e87484
3126847,EMAIL-526472e87484
3126902,EMAIL-7db8006395b7
3126947,EMAIL-526472e87484
3126978,EMAIL-05c3ae107b3d
3127009,EMAIL-601679140412
3127011,EMAIL-05c3ae107b3d
3127041,EMAIL-b71ecbccbf34
3127044,EMAIL-526472e87484
3127087,EMAIL-7db8006395b7
3127169,EMAIL-b71ecbccbf34
3127170,EMAIL-601679140412
3127193,EMAIL-7db8006395b7
3127204,EMAIL-662b3791aebd
3127275,EMAIL-b71ecbccbf34
3127277,EMAIL-a45016f2e246
3127309,EMAIL-526472e87484
3127310,EMAIL-7db8006395b7
3127320,EMAIL-05c3ae107b3d
3127328,EMAIL-b71ecbccbf34
3127347,EMAIL-7db8006395b7
3127349,EMAIL-526472e87484
3127368,EMAIL-526472e87484
3127385,EMAIL-526472e87484
3127432,EMAIL-7db8006395b7
3127462,EMAIL-526472e87484
3127498,EMAIL-526472e87484
3127535,EMAIL-7db8006395b7
3127546,EMAIL-7db8006395b7
3127567,EMAIL-526472e87484
3127593,EMAIL-7db8006395b7
3127595,EMAIL-526472e87484
3127616,EMAIL-526472e87484
3127640,EMAIL-dfe6a9c7c1a5
3127649,EMAIL-526472e87484
3127669,EMAIL-526472e87484
3127681,EMAIL-05c3ae107b3d
3127738,EMAIL-05c3ae107b3d
3127746,EMAIL-526472e87484
3127748,EMAIL-526472e87484
3127759,EMAIL-526472e87484
3127761,EMAIL-2c6b2b02a48e
3127792,EMAIL-526472e87484
3127810,EMAIL-526472e87484
3127819,EMAIL-526472e87484
3127822,EMAIL-05c3ae107b3d
3127840,EMAIL-7db8006395b7
3127866,EMAIL-05c3ae107b3d
3127874,EMAIL-7db8006395b7
3127879,EMAIL-526472e87484
3127890,EMAIL-05c3ae107b3d
3127936,EMAIL-526472e87484
3127959,EMAIL-526472e87484
3127969,EMAIL-05c3ae107b3d
3127993,EMAIL-b71ecbccbf34
3127994,EMAIL-05c3ae107b3d
3128029,EMAIL-05c3ae107b3d
3128033,EMAIL-05c3ae107b3d
3128056,EMAIL-526472e87484
3128080,EMAIL-526472e87484
3128089,EMAIL-526472e87484
3128123,EMAIL-526472e87484
3128131,EMAIL-05c3ae107b3d
3128157,EMAIL-05c3ae107b3d
3128179,EMAIL-526472e87484
3128191,EMAIL-526472e87484
3128235,EMAIL-b71ecbccbf34
3128245,EMAIL-b71ecbccbf34
3128302,EMAIL-7db8006395b7
3128335,EMAIL-526472e87484
3128339,EMAIL-7db8006395b7
3128356,EMAIL-023f08585708
3128403,EMAIL-7db8006395b7
3128409,EMAIL-601679140412
3128435,EMAIL-526472e87484
3128457,EMAIL-601679140412
3128474,EMAIL-526472e87484
3128491,EMAIL-526472e87484
3128527,EMAIL-526472e87484
3128563,EMAIL-526472e87484
3128575,EMAIL-526472e87484
3128583,EMAIL-05c3ae107b3d
3128610,EMAIL-526472e87484
3128617,EMAIL-601679140412
3128682,EMAIL-526472e87484
3128712,EMAIL-dfe6a9c7c1a5
3128731,EMAIL-7db8006395b7
3128742,EMAIL-7db8006395b7
3128744,EMAIL-526472e87484
3128775,EMAIL-526472e87484
3128797,EMAIL-526472e87484
3128814,EMAIL-526472e87484
3128824,EMAIL-526472e87484
3128825,EMAIL-3a8e7c5c8069
3128868,EMAIL-3a8e7c5c8069
3128905,EMAIL-526472e87484
3128911,EMAIL-05c3ae107b3d
3128919,EMAIL-7db8006395b7
3128923,EMAIL-7db8006395b7
3128932,EMAIL-05c3ae107b3d
3128935,EMAIL-7db8006395b7
3128952,EMAIL-05c3ae107b3d
3128958,EMAIL-526472e87484
3129051,EMAIL-000db143c437
3129095,EMAIL-526472e87484
3129100,EMAIL-526472e87484
3129107,EMAIL-526472e87484
3129109,EMAIL-8b942685451d
3129110,EMAIL-526472e87484
3129117,EMAIL-526472e87484
3129134,EMAIL-05c3ae107b3d
3129135,EMAIL-000db143c437
3129139,EMAIL-dfe6a9c7c1a5
3129140,EMAIL-05c3ae107b3d
3129141,EMAIL-05c3ae107b3d
3129168,EMAIL-526472e87484
3129178,EMAIL-000db143c437
3129180,EMAIL-7db8006395b7
3129183,EMAIL-526472e87484
3129195,EMAIL-000db143c437
3129237,EMAIL-526472e87484
3129263,EMAIL-526472e87484
3129291,EMAIL-7db8006395b7
3129304,EMAIL-b71ecbccbf34
3129305,EMAIL-526472e87484
3129314,EMAIL-526472e87484
3129319,EMAIL-526472e87484
3129351,EMAIL-05c3ae107b3d
3129374,EMAIL-526472e87484
3129453,EMAIL-05c3ae107b3d
3129457,EMAIL-526472e87484
3129494,EMAIL-05c3ae107b3d
3129532,EMAIL-000db143c437
3129566,EMAIL-05c3ae107b3d
3129589,EMAIL-7db8006395b7
3129604,EMAIL-526472e87484
3129608,EMAIL-7db8006395b7
3129643,EMAIL-b71ecbccbf34
3129687,EMAIL-526472e87484
3129702,EMAIL-526472e87484
3129746,EMAIL-601679140412
3129774,EMAIL-526472e87484
3129853,EMAIL-526472e87484
3129862,EMAIL-7db8006395b7
3129865,EMAIL-b71ecbccbf34
3129898,EMAIL-526472e87484
3129905,EMAIL-a45016f2e246
3129909,EMAIL-7db8006395b7
3129914,EMAIL-05c3ae107b3d
3129921,EMAIL-662b3791aebd
3129969,EMAIL-a45016f2e246
3129972,EMAIL-7db8006395b7
3129981,EMAIL-526472e87484
3129985,EMAIL-7db8006395b7
3130005,EMAIL-526472e87484
3130008,EMAIL-7db8006395b7
3130044,EMAIL-dfe6a9c7c1a5
3130055,EMAIL-7db8006395b7
3130090,EMAIL-526472e87484
3130113,EMAIL-05c3ae107b3d
3130117,EMAIL-7db8006395b7
3130121,EMAIL-7db8006395b7
3130138,EMAIL-a45016f2e246
3130153,EMAIL-7db8006395b7
3130167,EMAIL-526472e87484
3130190,EMAIL-526472e87484
3130195,EMAIL-05c3ae107b3d
3130200,EMAIL-dfe6a9c7c1a5
3130217,EMAIL-526472e87484
3130253,EMAIL-7db8006395b7
3130256,EMAIL-526472e87484
3130270,EMAIL-526472e87484
3130289,EMAIL-7db8006395b7
3130355,EMAIL-526472e87484
3130383,EMAIL-526472e87484
3130434,EMAIL-526472e87484
3130457,EMAIL-526472e87484
3130492,EMAIL-526472e87484
3130497,EMAIL-526472e87484
3130550,EMAIL-526472e87484
3130553,EMAIL-526472e87484
3130565,EMAIL-526472e87484
3130593,EMAIL-526472e87484
3130771,EMAIL-3a8e7c5c8069
3130784,EMAIL-526472e87484
3130883,EMAIL-05c3ae107b3d
3130896,EMAIL-526472e87484
3130906,EMAIL-526472e87484
3130918,EMAIL-7db8006395b7
3130925,EMAIL-526472e87484
3130930,EMAIL-526472e87484
3131001,EMAIL-526472e87484
3131006,EMAIL-526472e87484
3131009,EMAIL-526472e87484
3131038,EMAIL-526472e87484
3131091,EMAIL-b71ecbccbf34
3131142,EMAIL-7db8006395b7
3131170,EMAIL-526472e87484
3131173,EMAIL-526472e87484
3131175,EMAIL-526472e87484
3131290,EMAIL-526472e87484
3131297,EMAIL-526472e87484
3131361,EMAIL-7db8006395b7
3131437,EMAIL-05c3ae107b3d
3131495,EMAIL-7db8006395b7
3131496,EMAIL-526472e87484
3131503,EMAIL-a45016f2e246
3131514,EMAIL-5cac1ed1c3bd
3131556,EMAIL-526472e87484
3131591,EMAIL-526472e87484
3131628,EMAIL-526472e87484
3131719,EMAIL-526472e87484
3131752,EMAIL-7db8006395b7
3131779,EMAIL-7db8006395b7
3131816,EMAIL-7db8006395b7
3131824,EMAIL-526472e87484
3131839,EMAIL-7db8006395b7
3131883,EMAIL-b71ecbccbf34
3131890,EMAIL-d1684fe68050
3131987,EMAIL-601679140412
3132052,EMAIL-b615162b121d
3132196,EMAIL-7db8006395b7
3132198,EMAIL-7db8006395b7
3132233,EMAIL-526472e87484
3132247,EMAIL-526472e87484
3132248,EMAIL-526472e87484
3132255,EMAIL-601679140412
3132273,EMAIL-526472e87484
3132341,EMAIL-526472e87484
3132381,EMAIL-526472e87484
3132390,EMAIL-526472e87484
3132397,EMAIL-526472e87484
3132413,EMAIL-526472e87484
3132458,EMAIL-d1684fe68050
3132460,EMAIL-7db8006395b7
3132465,EMAIL-7db8006395b7
3132479,EMAIL-47b8593a2f1d
3132497,EMAIL-526472e87484
3132518,EMAIL-d1684fe68050
3132566,EMAIL-7db8006395b7
3132596,EMAIL-05c3ae107b3d
3132610,EMAIL-7db8006395b7
3132653,EMAIL-526472e87484
3132664,EMAIL-01cc9250b615
3132695,EMAIL-7db8006395b7
3132703,EMAIL-01cc9250b615
3132723,EMAIL-7db8006395b7
3132736,EMAIL-7db8006395b7
3132758,EMAIL-526472e87484
3132765,EMAIL-7db8006395b7
3132766,EMAIL-b71ecbccbf34
3132774,EMAIL-7db8006395b7
3132793,EMAIL-7db8006395b7
3132795,EMAIL-05c3ae107b3d
3132819,EMAIL-526472e87484
3132824,EMAIL-526472e87484
3132877,EMAIL-7db8006395b7
3132891,EMAIL-7db8006395b7
3132973,EMAIL-dfe6a9c7c1a5
3132980,EMAIL-7db8006395b7
3132995,EMAIL-7db8006395b7
3133012,EMAIL-7db8006395b7
3133061,EMAIL-526472e87484
3133076,EMAIL-526472e87484
3133139,EMAIL-7db8006395b7
3133177,EMAIL-601679140412
3133196,EMAIL-526472e87484
3133203,EMAIL-7db8006395b7
3133251,EMAIL-526472e87484
3133295,EMAIL-526472e87484
3133317,EMAIL-b71ecbccbf34
3133363,EMAIL-7db8006395b7
3133367,EMAIL-526472e87484
3133399,EMAIL-526472e87484
3133427,EMAIL-b71ecbccbf34
3133431,EMAIL-526472e87484
3133432,EMAIL-b71ecbccbf34
3133435,EMAIL-f757a40fae92
3133438,EMAIL-526472e87484
3133449,EMAIL-526472e87484
3133483,EMAIL-526472e87484
3133494,EMAIL-7db8006395b7
3133496,EMAIL-f757a40fae92
3133515,EMAIL-526472e87484
3133552,EMAIL-526472e87484
3133618,EMAIL-526472e87484
3133630,EMAIL-05c3ae107b3d
3133702,EMAIL-000db143c437
3133808,EMAIL-7db8006395b7
3133814,EMAIL-b71ecbccbf34
3133829,EMAIL-526472e87484
3133831,EMAIL-7db8006395b7
3133874,EMAIL-05c3ae107b3d
3133883,EMAIL-6d8c8eb6c5c8
3133900,EMAIL-526472e87484
3133940,EMAIL-526472e87484
3133947,EMAIL-7db8006395b7
3134016,EMAIL-526472e87484
3134020,EMAIL-a45016f2e246
3134031,EMAIL-dfe6a9c7c1a5
3134046,EMAIL-526472e87484
3134083,EMAIL-526472e87484
3134122,EMAIL-7db8006395b7
3134141,EMAIL-7db8006395b7
3134169,EMAIL-01cc9250b615
3134308,EMAIL-526472e87484
3134312,EMAIL-601679140412
3134313,EMAIL-7db8006395b7
3134327,EMAIL-526472e87484
3134335,EMAIL-05c3ae107b3d
3134408,EMAIL-7db8006395b7
3134451,EMAIL-526472e87484
3134487,EMAIL-526472e87484
3134507,EMAIL-526472e87484
3134585,EMAIL-526472e87484
3134627,EMAIL-05c3ae107b3d
3134636,EMAIL-000db143c437
3134680,EMAIL-526472e87484
3134681,EMAIL-526472e87484
3134743,EMAIL-526472e87484
3134759,EMAIL-526472e87484
3134783,EMAIL-05c3ae107b3d
3134807,EMAIL-526472e87484
3134809,EMAIL-526472e87484
3134823,EMAIL-601679140412
3134853,EMAIL-05c3ae107b3d
3134890,EMAIL-05c3ae107b3d
3134906,EMAIL-526472e87484
3135024,EMAIL-526472e87484
3135068,EMAIL-526472e87484
3135089,EMAIL-05c3ae107b3d
3135090,EMAIL-05c3ae107b3d
3135192,EMAIL-601679140412
3135197,EMAIL-7db8006395b7
3135222,EMAIL-7db8006395b7
3135417,EMAIL-526472e87484
3135424,EMAIL-000db143c437
3135489,EMAIL-526472e87484
3135572,EMAIL-526472e87484
3135580,EMAIL-7db8006395b7
3135650,EMAIL-526472e87484
3135651,EMAIL-7db8006395b7
3135652,EMAIL-526472e87484
3135670,EMAIL-526472e87484
3135698,EMAIL-7eeee5f261e7
3135715,EMAIL-7db8006395b7
3135718,EMAIL-526472e87484
3135736,EMAIL-526472e87484
3135768,EMAIL-526472e87484
3135773,EMAIL-601679140412
3135780,EMAIL-526472e87484
3135787,EMAIL-b71ecbccbf34
3135790,EMAIL-7db8006395b7
3135843,EMAIL-05c3ae107b3d
3135857,EMAIL-05c3ae107b3d
3135899,EMAIL-7db8006395b7
3135959,EMAIL-05c3ae107b3d
3135972,EMAIL-526472e87484
3135973,EMAIL-526472e87484
3135985,EMAIL-526472e87484
3135993,EMAIL-526472e87484
3136028,EMAIL-526472e87484
3136032,EMAIL-526472e87484
3136043,EMAIL-601679140412
3136051,EMAIL-7db8006395b7
3136172,EMAIL-7db8006395b7
3136225,EMAIL-7db8006395b7
3136228,EMAIL-601679140412
3136277,EMAIL-526472e87484
3136288,EMAIL-526472e87484
3136296,EMAIL-526472e87484
3136299,EMAIL-601679140412
3136310,EMAIL-05c3ae107b3d
3136316,EMAIL-526472e87484
3136317,EMAIL-7db8006395b7
3136318,EMAIL-526472e87484
3136342,EMAIL-7db8006395b7
3136351,EMAIL-7db8006395b7
3136386,EMAIL-526472e87484
3136391,EMAIL-01cc9250b615
3136393,EMAIL-7db8006395b7
3136399,EMAIL-526472e87484
3136409,EMAIL-05c3ae107b3d
3136410,EMAIL-7db8006395b7
3136423,EMAIL-01cc9250b615
3136426,EMAIL-01cc9250b615
3136443,EMAIL-601679140412
3136451,EMAIL-7db8006395b7
3136494,EMAIL-526472e87484
3136572,EMAIL-526472e87484
3136588,EMAIL-526472e87484
3136601,EMAIL-526472e87484
3136623,EMAIL-526472e87484
3136654,EMAIL-526472e87484
3136662,EMAIL-05c3ae107b3d
3136669,EMAIL-526472e87484
3136695,EMAIL-526472e87484
3136701,EMAIL-526472e87484
3136723,EMAIL-526472e87484
3136728,EMAIL-7db8006395b7
3136769,EMAIL-7db8006395b7
3136775,EMAIL-7db8006395b7
3136777,EMAIL-526472e87484
3136789,EMAIL-526472e87484
3136790,EMAIL-7db8006395b7
3136813,EMAIL-05c3ae107b3d
3136822,EMAIL-7db8006395b7
3136823,EMAIL-526472e87484
3136907,EMAIL-8b942685451d
3136909,EMAIL-601679140412
3136917,EMAIL-7db8006395b7
3136931,EMAIL-526472e87484
3136962,EMAIL-601679140412
3136967,EMAIL-526472e87484
3136968,EMAIL-526472e87484
3136983,EMAIL-526472e87484
3137009,EMAIL-526472e87484
3137010,EMAIL-526472e87484
3137027,EMAIL-7db8006395b7
3137056,EMAIL-526472e87484
3137057,EMAIL-05c3ae107b3d
3137065,EMAIL-526472e87484
3137127,EMAIL-526472e87484
3137129,EMAIL-7db8006395b7
3137137,EMAIL-526472e87484
3137199,EMAIL-526472e87484
3137201,EMAIL-526472e87484
3137214,EMAIL-7db8006395b7
3137220,EMAIL-526472e87484
3137251,EMAIL-526472e87484
3137285,EMAIL-7db8006395b7
3137394,EMAIL-2c6b2b02a48e
3137423,EMAIL-7db8006395b7
3137435,EMAIL-05c3ae107b3d
3137444,EMAIL-7db8006395b7
3137454,EMAIL-526472e87484
3137481,EMAIL-b71ecbccbf34
3137484,EMAIL-05c3ae107b3d
3137498,EMAIL-05c3ae107b3d
3137518,EMAIL-7db8006395b7
3137527,EMAIL-526472e87484
3137532,EMAIL-7db8006395b7
3137553,EMAIL-05c3ae107b3d
3137566,EMAIL-7db8006395b7
3137619,EMAIL-601679140412
3137643,EMAIL-b71ecbccbf34
3137657,EMAIL-7db8006395b7
3137706,EMAIL-7db8006395b7
3137707,EMAIL-7db8006395b7
3137720,EMAIL-7db8006395b7
3137735,EMAIL-7db8006395b7
3137736,EMAIL-7db8006395b7
3137753,EMAIL-7db8006395b7
3137775,EMAIL-7db8006395b7
3137805,EMAIL-601679140412
3137841,EMAIL-7db8006395b7
3137850,EMAIL-7db8006395b7
3137889,EMAIL-05c3ae107b3d
3137916,EMAIL-601679140412
3137919,EMAIL-526472e87484
3137923,EMAIL-526472e87484
3137934,EMAIL-7eeee5f261e7
3137978,EMAIL-05c3ae107b3d
3137995,EMAIL-b71ecbccbf34
3138064,EMAIL-601679140412
3138066,EMAIL-526472e87484
3138069,EMAIL-05c3ae107b3d
3138153,EMAIL-7db8006395b7
3138166,EMAIL-b71ecbccbf34
3138169,EMAIL-526472e87484
3138181,EMAIL-b71ecbccbf34
3138207,EMAIL-3a8e7c5c8069
3138237,EMAIL-526472e87484
3138263,EMAIL-dfe6a9c7c1a5
3138281,EMAIL-b71ecbccbf34
3138314,EMAIL-b71ecbccbf34
3138342,EMAIL-f757a40fae92
3138346,EMAIL-526472e87484
3138386,EMAIL-526472e87484
3138395,EMAIL-526472e87484
3138422,EMAIL-7db8006395b7
3138433,EMAIL-7db8006395b7
3138465,EMAIL-7db8006395b7
3138468,EMAIL-526472e87484
3138483,EMAIL-b71ecbccbf34
3138545,EMAIL-526472e87484
3138581,EMAIL-526472e87484
3138617,EMAIL-526472e87484
3138666,EMAIL-7db8006395b7
3138731,EMAIL-526472e87484
3138748,EMAIL-526472e87484
3138758,EMAIL-7db8006395b7
3138777,EMAIL-526472e87484
3138779,EMAIL-7db8006395b7
3138799,EMAIL-7db8006395b7
3138840,EMAIL-601679140412
3138866,EMAIL-7db8006395b7
3138879,EMAIL-526472e87484
3138969,EMAIL-b71ecbccbf34
3138980,EMAIL-7db8006395b7
3139012,EMAIL-526472e87484
3139052,EMAIL-526472e87484
3139067,EMAIL-a45016f2e246
3139068,EMAIL-601679140412
3139102,EMAIL-526472e87484
3139120,EMAIL-526472e87484
3139121,EMAIL-526472e87484
3139137,EMAIL-05c3ae107b3d
3139165,EMAIL-526472e87484
3139169,EMAIL-526472e87484
3139178,EMAIL-000db143c437
3139184,EMAIL-526472e87484
3139197,EMAIL-05c3ae107b3d
3139246,EMAIL-526472e87484
3139271,EMAIL-526472e87484
3139355,EMAIL-b71ecbccbf34
3139358,EMAIL-526472e87484
3139372,EMAIL-601679140412
3139383,EMAIL-526472e87484
3139434,EMAIL-05c3ae107b3d
3139447,EMAIL-526472e87484
3139456,EMAIL-000db143c437
3139464,EMAIL-526472e87484
3139510,EMAIL-526472e87484
3139513,EMAIL-05c3ae107b3d
3139552,EMAIL-7db8006395b7
3139556,EMAIL-7db8006395b7
3139561,EMAIL-526472e87484
3139655,EMAIL-05c3ae107b3d
3139662,EMAIL-05c3ae107b3d
3139665,EMAIL-526472e87484
3139667,EMAIL-526472e87484
3139688,EMAIL-526472e87484
3139719,EMAIL-7db8006395b7
3139722,EMAIL-526472e87484
3139835,EMAIL-526472e87484
3139851,EMAIL-7db8006395b7
3139904,EMAIL-7db8006395b7
3139971,EMAIL-526472e87484
3139989,EMAIL-7db8006395b7
3140027,EMAIL-526472e87484
3140079,EMAIL-526472e87484
3140113,EMAIL-7db8006395b7
3140124,EMAIL-05c3ae107b3d
3140155,EMAIL-526472e87484
3140181,EMAIL-526472e87484
3140258,EMAIL-526472e87484
3140262,EMAIL-526472e87484
3140264,EMAIL-6d8c8eb6c5c8
3140269,EMAIL-7db8006395b7
3140283,EMAIL-526472e87484
3140296,EMAIL-601679140412
3140343,EMAIL-2c6b2b02a48e
3140382,EMAIL-526472e87484
3140383,EMAIL-526472e87484
3140387,EMAIL-601679140412
3140398,EMAIL-601679140412
3140402,EMAIL-526472e87484
3140403,EMAIL-526472e87484
3140419,EMAIL-526472e87484
3140423,EMAIL-601679140412
3140438,EMAIL-7db8006395b7
3140445,EMAIL-526472e87484
3140449,EMAIL-601679140412
3140464,EMAIL-601679140412
3140486,EMAIL-526472e87484
3140490,EMAIL-7db8006395b7
3140508,EMAIL-05c3ae107b3d
3140513,EMAIL-526472e87484
3140527,EMAIL-526472e87484
3140546,EMAIL-526472e87484
3140548,EMAIL-601679140412
3140549,EMAIL-526472e87484
3140553,EMAIL-7eeee5f261e7
3140589,EMAIL-7db8006395b7
3140636,EMAIL-526472e87484
3140648,EMAIL-526472e87484
3140665,EMAIL-b71ecbccbf34
3140696,EMAIL-526472e87484
3140701,EMAIL-526472e87484
3140726,EMAIL-526472e87484
3140734,EMAIL-526472e87484
3140755,EMAIL-05c3ae107b3d
3140759,EMAIL-526472e87484
3140864,EMAIL-05c3ae107b3d
3140877,EMAIL-7db8006395b7
3140898,EMAIL-7db8006395b7
3141072,EMAIL-526472e87484
3141100,EMAIL-601679140412
3141105,EMAIL-526472e87484
3141112,EMAIL-7db8006395b7
3141120,EMAIL-05c3ae107b3d
3141166,EMAIL-7db8006395b7
3141193,EMAIL-526472e87484
3141201,EMAIL-601679140412
3141284,EMAIL-05c3ae107b3d
3141317,EMAIL-526472e87484
3141391,EMAIL-526472e87484
3141434,EMAIL-05c3ae107b3d
3141437,EMAIL-526472e87484
3141442,EMAIL-05c3ae107b3d
3141466,EMAIL-b71ecbccbf34
3141499,EMAIL-7db8006395b7
3141545,EMAIL-b71ecbccbf34
3141552,EMAIL-662b3791aebd
3141553,EMAIL-7db8006395b7
3141560,EMAIL-7db8006395b7
3141581,EMAIL-05c3ae107b3d
3141605,EMAIL-7db8006395b7
3141638,EMAIL-526472e87484
3141640,EMAIL-05c3ae107b3d
3141648,EMAIL-7db8006395b7
3141658,EMAIL-526472e87484
3141664,EMAIL-601679140412
3141681,EMAIL-7db8006395b7
3141689,EMAIL-7db8006395b7
3141713,EMAIL-526472e87484
3141723,EMAIL-7db8006395b7
3141734,EMAIL-7db8006395b7
3141771,EMAIL-526472e87484
3141777,EMAIL-601679140412
3141799,EMAIL-05c3ae107b3d
3141812,EMAIL-3a8e7c5c8069
3141814,EMAIL-526472e87484
3141832,EMAIL-526472e87484
3141842,EMAIL-526472e87484
3141850,EMAIL-526472e87484
3141867,EMAIL-526472e87484
3141874,EMAIL-526472e87484
3141884,EMAIL-526472e87484
3141961,EMAIL-526472e87484
3141964,EMAIL-526472e87484
3141994,EMAIL-526472e87484
3142007,EMAIL-526472e87484
3142039,EMAIL-b71ecbccbf34
3142098,EMAIL-7db8006395b7
3142101,EMAIL-b71ecbccbf34
3142125,EMAIL-526472e87484
3142134,EMAIL-526472e87484
3142158,EMAIL-7db8006395b7
3142177,EMAIL-526472e87484
3142272,EMAIL-526472e87484
3142318,EMAIL-526472e87484
3142408,EMAIL-526472e87484
3142459,EMAIL-b71ecbccbf34
3142481,EMAIL-526472e87484
3142505,EMAIL-05c3ae107b3d
3142585,EMAIL-7db8006395b7
3142594,EMAIL-8b942685451d
3142604,EMAIL-526472e87484
3142614,EMAIL-05c3ae107b3d
3142625,EMAIL-7db8006395b7
3142642,EMAIL-05c3ae107b3d
3142649,EMAIL-526472e87484
3142656,EMAIL-526472e87484
3142674,EMAIL-526472e87484
3142714,EMAIL-01cc9250b615
3142735,EMAIL-7db8006395b7
3142767,EMAIL-526472e87484
3142770,EMAIL-05c3ae107b3d
3142778,EMAIL-526472e87484
3142786,EMAIL-601679140412
3142835,EMAIL-526472e87484
3142854,EMAIL-526472e87484
3142874,EMAIL-7db8006395b7
3142913,EMAIL-526472e87484
3142959,EMAIL-7db8006395b7
3142999,EMAIL-7db8006395b7
3143016,EMAIL-05c3ae107b3d
3143040,EMAIL-526472e87484
3143102,EMAIL-526472e87484
3143111,EMAIL-7db8006395b7
3143116,EMAIL-526472e87484
3143184,EMAIL-01cc9250b615
3143186,EMAIL-601679140412
3143232,EMAIL-526472e87484
3143237,EMAIL-526472e87484
3143270,EMAIL-7db8006395b7
3143295,EMAIL-526472e87484
3143350,EMAIL-526472e87484
3143361,EMAIL-526472e87484
3143377,EMAIL-526472e87484
3143386,EMAIL-526472e87484
3143499,EMAIL-7db8006395b7
3143505,EMAIL-7db8006395b7
3143506,EMAIL-526472e87484
3143545,EMAIL-7db8006395b7
3143576,EMAIL-b71ecbccbf34
3143598,EMAIL-7db8006395b7
3143653,EMAIL-601679140412
3143665,EMAIL-05c3ae107b3d
3143672,EMAIL-601679140412
3143688,EMAIL-601679140412
3143701,EMAIL-526472e87484
3143742,EMAIL-05c3ae107b3d
3143754,EMAIL-7db8006395b7
3143784,EMAIL-526472e87484
3143791,EMAIL-526472e87484
3143860,EMAIL-601679140412
3143869,EMAIL-b71ecbccbf34
3143954,EMAIL-b71ecbccbf34
3143965,EMAIL-526472e87484
3143972,EMAIL-7db8006395b7
3143992,EMAIL-526472e87484
3144012,EMAIL-05c3ae107b3d
3144044,EMAIL-601679140412
3144058,EMAIL-526472e87484
3144061,EMAIL-662b3791aebd
3144099,EMAIL-526472e87484
3144193,EMAIL-05c3ae107b3d
3144204,EMAIL-b71ecbccbf34
3144278,EMAIL-a45016f2e246
3144311,EMAIL-05c3ae107b3d
3144324,EMAIL-7db8006395b7
3144339,EMAIL-7db8006395b7
3144404,EMAIL-7db8006395b7
3144444,EMAIL-7db8006395b7
3144466,EMAIL-0df48815e896
3144469,EMAIL-7db8006395b7
3144487,EMAIL-05c3ae107b3d
3144508,EMAIL-7db8006395b7
3144521,EMAIL-7db8006395b7
3144523,EMAIL-dfe6a9c7c1a5
3144570,EMAIL-dfe6a9c7c1a5
3144575,EMAIL-7db8006395b7
3144580,EMAIL-7db8006395b7
3144584,EMAIL-526472e87484
3144610,EMAIL-7db8006395b7
3144611,EMAIL-526472e87484
3144614,EMAIL-7db8006395b7
3144617,EMAIL-7db8006395b7
3144622,EMAIL-7db8006395b7
3144637,EMAIL-7db8006395b7
3144688,EMAIL-7db8006395b7
3144708,EMAIL-05c3ae107b3d
3144724,EMAIL-7db8006395b7
3144726,EMAIL-47b8593a2f1d
3144728,EMAIL-b71ecbccbf34
3144737,EMAIL-526472e87484
3144761,EMAIL-7db8006395b7
3144764,EMAIL-a45016f2e246
3144812,EMAIL-a45016f2e246
3144815,EMAIL-7db8006395b7
3144822,EMAIL-526472e87484
3144835,EMAIL-05c3ae107b3d
3144859,EMAIL-526472e87484
3144904,EMAIL-601679140412
3144910,EMAIL-526472e87484
3144916,EMAIL-05c3ae107b3d
3144918,EMAIL-05c3ae107b3d
3144924,EMAIL-05c3ae107b3d
3144949,EMAIL-dfe6a9c7c1a5
3144976,EMAIL-05c3ae107b3d
3144984,EMAIL-05c3ae107b3d
3145036,EMAIL-526472e87484
3145063,EMAIL-05c3ae107b3d
3145075,EMAIL-05c3ae107b3d
3145103,EMAIL-05c3ae107b3d
3145166,EMAIL-601679140412
3145200,EMAIL-526472e87484
3145207,EMAIL-601679140412
3145212,EMAIL-526472e87484
3145228,EMAIL-7db8006395b7
3145229,EMAIL-d1684fe68050
3145244,EMAIL-7db8006395b7
3145266,EMAIL-526472e87484
3145295,EMAIL-526472e87484
3145314,EMAIL-7db8006395b7
3145328,EMAIL-526472e87484
3145376,EMAIL-526472e87484
3145377,EMAIL-05c3ae107b3d
3145379,EMAIL-526472e87484
3145393,EMAIL-05c3ae107b3d
3145398,EMAIL-526472e87484
3145401,EMAIL-526472e87484
3145429,EMAIL-526472e87484
3145497,EMAIL-526472e87484
3145506,EMAIL-7db8006395b7
3145536,EMAIL-05c3ae107b3d
3145576,EMAIL-526472e87484
3145587,EMAIL-05c3ae107b3d
3145598,EMAIL-8b942685451d
3145601,EMAIL-526472e87484
3145657,EMAIL-7db8006395b7
3145746,EMAIL-7db8006395b7
3145757,EMAIL-526472e87484
3145771,EMAIL-7db8006395b7
3145773,EMAIL-7db8006395b7
3145790,EMAIL-526472e87484
3145800,EMAIL-7db8006395b7
3145801,EMAIL-526472e87484
3145805,EMAIL-526472e87484
3145807,EMAIL-b71ecbccbf34
3145815,EMAIL-526472e87484
3145822,EMAIL-526472e87484
3145824,EMAIL-7db8006395b7
3145832,EMAIL-7db8006395b7
3145845,EMAIL-7db8006395b7
3145854,EMAIL-526472e87484
3145855,EMAIL-526472e87484
3145868,EMAIL-526472e87484
3145869,EMAIL-526472e87484
3145874,EMAIL-526472e87484
3145903,EMAIL-b71ecbccbf34
3145904,EMAIL-7db8006395b7
3145919,EMAIL-7db8006395b7
3145939,EMAIL-526472e87484
3145955,EMAIL-8b942685451d
3145968,EMAIL-601679140412
3145984,EMAIL-526472e87484
3145988,EMAIL-526472e87484
3145993,EMAIL-05c3ae107b3d
3146092,EMAIL-b71ecbccbf34
3146100,EMAIL-d1684fe68050
3146133,EMAIL-526472e87484
3146145,EMAIL-526472e87484
3146151,EMAIL-526472e87484
3146159,EMAIL-7db8006395b7
3146223,EMAIL-526472e87484
3146292,EMAIL-526472e87484
3146328,EMAIL-526472e87484
3146330,EMAIL-05c3ae107b3d
3146337,EMAIL-7db8006395b7
3146342,EMAIL-dfe6a9c7c1a5
3146348,EMAIL-b71ecbccbf34
3146364,EMAIL-526472e87484
3146397,EMAIL-05c3ae107b3d
3146426,EMAIL-7db8006395b7
3146438,EMAIL-7eeee5f261e7
3146481,EMAIL-526472e87484
3146499,EMAIL-7db8006395b7
3146518,EMAIL-526472e87484
3146538,EMAIL-7db8006395b7
3146566,EMAIL-601679140412
3146582,EMAIL-526472e87484
3146604,EMAIL-526472e87484
3146662,EMAIL-526472e87484
3146695,EMAIL-601679140412
3146702,EMAIL-526472e87484
3146709,EMAIL-7db8006395b7
3146757,EMAIL-05c3ae107b3d
3146768,EMAIL-a45016f2e246
3146790,EMAIL-526472e87484
3146798,EMAIL-526472e87484
3146807,EMAIL-05c3ae107b3d
3146809,EMAIL-05c3ae107b3d
3146821,EMAIL-601679140412
3146823,EMAIL-a45016f2e246
3146943,EMAIL-7db8006395b7
3146980,EMAIL-526472e87484
3146987,EMAIL-05c3ae107b3d
3146991,EMAIL-7db8006395b7
3147007,EMAIL-526472e87484
3147094,EMAIL-601679140412
3147103,EMAIL-a45016f2e246
3147110,EMAIL-7db8006395b7
3147112,EMAIL-a45016f2e246
3147121,EMAIL-a45016f2e246
3147154,EMAIL-526472e87484
3147164,EMAIL-a45016f2e246
3147260,EMAIL-526472e87484
3147292,EMAIL-dfe6a9c7c1a5
3147355,EMAIL-05c3ae107b3d
3147366,EMAIL-526472e87484
3147375,EMAIL-526472e87484
3147386,EMAIL-7db8006395b7
3147402,EMAIL-7db8006395b7
3147405,EMAIL-526472e87484
3147462,EMAIL-7db8006395b7
3147481,EMAIL-05c3ae107b3d
3147483,EMAIL-b71ecbccbf34
3147485,EMAIL-7db8006395b7
3147543,EMAIL-05c3ae107b3d
3147546,EMAIL-2c6b2b02a48e
3147580,EMAIL-526472e87484
3147626,EMAIL-526472e87484
3147791,EMAIL-526472e87484
3147804,EMAIL-526472e87484
3147818,EMAIL-526472e87484
3147860,EMAIL-7db8006395b7
3147862,EMAIL-05c3ae107b3d
3147900,EMAIL-7db8006395b7
3147914,EMAIL-526472e87484
3147965,EMAIL-526472e87484
3147966,EMAIL-526472e87484
3147991,EMAIL-526472e87484
3148072,EMAIL-526472e87484
3148107,EMAIL-7db8006395b7
3148115,EMAIL-526472e87484
3148117,EMAIL-526472e87484
3148124,EMAIL-526472e87484
3148138,EMAIL-7db8006395b7
3148202,EMAIL-2c6b2b02a48e
3148233,EMAIL-601679140412
3148235,EMAIL-601679140412
3148250,EMAIL-7db8006395b7
3148289,EMAIL-526472e87484
3148300,EMAIL-526472e87484
3148313,EMAIL-526472e87484
3148373,EMAIL-05c3ae107b3d
3148394,EMAIL-526472e87484
3148413,EMAIL-05c3ae107b3d
3148428,EMAIL-526472e87484
3148487,EMAIL-526472e87484
3148504,EMAIL-b71ecbccbf34
3148537,EMAIL-526472e87484
3148581,EMAIL-526472e87484
3148646,EMAIL-526472e87484
3148669,EMAIL-526472e87484
3148713,EMAIL-526472e87484
3148741,EMAIL-526472e87484
3148893,EMAIL-526472e87484
3148947,EMAIL-526472e87484
3149006,EMAIL-05c3ae107b3d
3149016,EMAIL-601679140412
3149065,EMAIL-526472e87484
3149069,EMAIL-05c3ae107b3d
3149088,EMAIL-05c3ae107b3d
3149139,EMAIL-05c3ae107b3d
3149370,EMAIL-526472e87484
3149383,EMAIL-601679140412
3149402,EMAIL-526472e87484
3149410,EMAIL-526472e87484
3149420,EMAIL-05c3ae107b3d
3149473,EMAIL-526472e87484
3149507,EMAIL-b71ecbccbf34
3149516,EMAIL-05c3ae107b3d
3149537,EMAIL-05c3ae107b3d
3149559,EMAIL-f757a40fae92
3149624,EMAIL-7db8006395b7
3149626,EMAIL-7db8006395b7
3149636,EMAIL-e7607c4635b9
3149672,EMAIL-7db8006395b7
3149685,EMAIL-526472e87484
3149696,EMAIL-526472e87484
3149704,EMAIL-7db8006395b7
3149709,EMAIL-526472e87484
3149721,EMAIL-601679140412
3149765,EMAIL-b71ecbccbf34
3149771,EMAIL-601679140412
3149838,EMAIL-601679140412
3149985,EMAIL-7db8006395b7
3150083,EMAIL-526472e87484
3150138,EMAIL-5a343157d535
3150160,EMAIL-526472e87484
3150257,EMAIL-601679140412
3150348,EMAIL-526472e87484
3150405,EMAIL-05c3ae107b3d
3150453,EMAIL-7db8006395b7
3150476,EMAIL-526472e87484
3150502,EMAIL-526472e87484
3150537,EMAIL-526472e87484
3150568,EMAIL-526472e87484
3150589,EMAIL-7db8006395b7
3150629,EMAIL-526472e87484
3150640,EMAIL-526472e87484
3150666,EMAIL-526472e87484
3150691,EMAIL-601679140412
3150729,EMAIL-526472e87484
3150768,EMAIL-7db8006395b7
3150809,EMAIL-7db8006395b7
3150814,EMAIL-526472e87484
3150821,EMAIL-526472e87484
3150827,EMAIL-7db8006395b7
3150828,EMAIL-526472e87484
3150832,EMAIL-7db8006395b7
3150835,EMAIL-b71ecbccbf34
3150845,EMAIL-05c3ae107b3d
3150869,EMAIL-526472e87484
3150991,EMAIL-7eeee5f261e7
3150993,EMAIL-8b942685451d
3151035,EMAIL-05c3ae107b3d
3151048,EMAIL-526472e87484
3151131,EMAIL-526472e87484
3151177,EMAIL-7db8006395b7
3151180,EMAIL-526472e87484
3151271,EMAIL-601679140412
3151337,EMAIL-05c3ae107b3d
3151347,EMAIL-526472e87484
3151416,EMAIL-05c3ae107b3d
3151417,EMAIL-7db8006395b7
3151454,EMAIL-7db8006395b7
3151584,EMAIL-526472e87484
3151652,EMAIL-7db8006395b7
3151767,EMAIL-601679140412
3151781,EMAIL-b71ecbccbf34
3151868,EMAIL-5a343157d535
3151889,EMAIL-dfe6a9c7c1a5
3151971,EMAIL-7db8006395b7
3152016,EMAIL-dfe6a9c7c1a5
3152050,EMAIL-dfe6a9c7c1a5
3152114,EMAIL-7db8006395b7
3152136,EMAIL-a45016f2e246
3152137,EMAIL-7db8006395b7
3152157,EMAIL-7db8006395b7
3152170,EMAIL-526472e87484
3152171,EMAIL-526472e87484
3152184,EMAIL-526472e87484
3152187,EMAIL-526472e87484
3152198,EMAIL-526472e87484
3152205,EMAIL-526472e87484
3152231,EMAIL-526472e87484
3152237,EMAIL-dfe6a9c7c1a5
3152296,EMAIL-a45016f2e246
3152316,EMAIL-7db8006395b7
3152397,EMAIL-526472e87484
3152435,EMAIL-7db8006395b7
3152484,EMAIL-526472e87484
3152526,EMAIL-000db143c437
3152546,EMAIL-b71ecbccbf34
3152550,EMAIL-526472e87484
3152586,EMAIL-526472e87484
3152607,EMAIL-7db8006395b7
3152770,EMAIL-526472e87484
3152774,EMAIL-526472e87484
3152807,EMAIL-05c3ae107b3d
3152816,EMAIL-526472e87484
3152825,EMAIL-05c3ae107b3d
3152862,EMAIL-01cc9250b615
3152907,EMAIL-dfe6a9c7c1a5
3152918,EMAIL-7db8006395b7
3152946,EMAIL-dfe6a9c7c1a5
3152990,EMAIL-526472e87484
3153034,EMAIL-526472e87484
3153053,EMAIL-7db8006395b7
3153060,EMAIL-526472e87484
3153142,EMAIL-b71ecbccbf34
3153201,EMAIL-7db8006395b7
3153205,EMAIL-526472e87484
3153213,EMAIL-526472e87484
3153233,EMAIL-526472e87484
3153251,EMAIL-526472e87484
3153293,EMAIL-7db8006395b7
3153301,EMAIL-a45016f2e246
3153331,EMAIL-526472e87484
3153378,EMAIL-526472e87484
3153421,EMAIL-526472e87484
3153432,EMAIL-7db8006395b7
3153510,EMAIL-7db8006395b7
3153567,EMAIL-7db8006395b7
3153577,EMAIL-7db8006395b7
3153655,EMAIL-7db8006395b7
3153663,EMAIL-7db8006395b7
3153669,EMAIL-b71ecbccbf34
3153707,EMAIL-526472e87484
3153723,EMAIL-526472e87484
3153754,EMAIL-05c3ae107b3d
3153840,EMAIL-05c3ae107b3d
3153842,EMAIL-05c3ae107b3d
3153855,EMAIL-05c3ae107b3d
3153876,EMAIL-526472e87484
3153879,EMAIL-7db8006395b7
3153885,EMAIL-526472e87484
3153936,EMAIL-05c3ae107b3d
3153952,EMAIL-b71ecbccbf34
3153966,EMAIL-662b3791aebd
3154013,EMAIL-526472e87484
3154134,EMAIL-526472e87484
3154182,EMAIL-526472e87484
3154200,EMAIL-01cc9250b615
3154217,EMAIL-01cc9250b615
3154219,EMAIL-526472e87484
3154240,EMAIL-7db8006395b7
3154264,EMAIL-8b942685451d
3154280,EMAIL-01cc9250b615
3154293,EMAIL-526472e87484
3154295,EMAIL-b71ecbccbf34
3154306,EMAIL-601679140412
3154308,EMAIL-7db8006395b7
3154323,EMAIL-01cc9250b615
3154377,EMAIL-7db8006395b7
3154414,EMAIL-526472e87484
3154440,EMAIL-526472e87484
3154444,EMAIL-7db8006395b7
3154449,EMAIL-526472e87484
3154456,EMAIL-05c3ae107b3d
3154506,EMAIL-05c3ae107b3d
3154516,EMAIL-526472e87484
3154530,EMAIL-7db8006395b7
3154533,EMAIL-526472e87484
3154547,EMAIL-526472e87484
3154558,EMAIL-05c3ae107b3d
3154576,EMAIL-526472e87484
3154582,EMAIL-526472e87484
3154587,EMAIL-526472e87484
3154589,EMAIL-526472e87484
3154607,EMAIL-526472e87484
3154618,EMAIL-526472e87484
3154621,EMAIL-526472e87484
3154637,EMAIL-526472e87484
3154683,EMAIL-601679140412
3154702,EMAIL-526472e87484
3154718,EMAIL-526472e87484
3154719,EMAIL-7db8006395b7
3154728,EMAIL-526472e87484
3154750,EMAIL-7db8006395b7
3154778,EMAIL-7db8006395b7
3154804,EMAIL-526472e87484
3154821,EMAIL-7db8006395b7
3154826,EMAIL-7db8006395b7
3154852,EMAIL-7db8006395b7
3154869,EMAIL-526472e87484
3154902,EMAIL-526472e87484
3155060,EMAIL-526472e87484
3155075,EMAIL-526472e87484
3155100,EMAIL-7db8006395b7
3155152,EMAIL-526472e87484
3155163,EMAIL-05c3ae107b3d
3155244,EMAIL-b71ecbccbf34
3155259,EMAIL-b2683a414714
3155261,EMAIL-b71ecbccbf34
3155331,EMAIL-7db8006395b7
3155340,EMAIL-0df48815e896
3155462,EMAIL-601679140412
3155463,EMAIL-601679140412
3155491,EMAIL-05c3ae107b3d
3155508,EMAIL-601679140412
3155516,EMAIL-601679140412
3155524,EMAIL-601679140412
3155528,EMAIL-7db8006395b7
3155534,EMAIL-7db8006395b7
3155538,EMAIL-601679140412
3155657,EMAIL-601679140412
3155666,EMAIL-05c3ae107b3d
3155678,EMAIL-526472e87484
3155760,EMAIL-000db143c437
3155790,EMAIL-601679140412
3155847,EMAIL-526472e87484
3155866,EMAIL-05c3ae107b3d
3155921,EMAIL-526472e87484
3155924,EMAIL-05c3ae107b3d
3155931,EMAIL-526472e87484
3155988,EMAIL-526472e87484
3155999,EMAIL-526472e87484
3156075,EMAIL-601679140412
3156116,EMAIL-526472e87484
3156117,EMAIL-526472e87484
3156137,EMAIL-526472e87484
3156152,EMAIL-05c3ae107b3d
3156171,EMAIL-526472e87484
3156190,EMAIL-526472e87484
3156193,EMAIL-05c3ae107b3d
3156207,EMAIL-526472e87484
3156228,EMAIL-526472e87484
3156236,EMAIL-526472e87484
3156270,EMAIL-526472e87484
3156347,EMAIL-7db8006395b7
3156366,EMAIL-526472e87484
3156408,EMAIL-526472e87484
3156411,EMAIL-b71ecbccbf34
3156418,EMAIL-05c3ae107b3d
3156422,EMAIL-05c3ae107b3d
3156450,EMAIL-526472e87484
3156492,EMAIL-526472e87484
3156521,EMAIL-05c3ae107b3d
3156619,EMAIL-7db8006395b7
3156681,EMAIL-526472e87484
3156716,EMAIL-526472e87484
3156718,EMAIL-05c3ae107b3d
3156727,EMAIL-526472e87484
3156729,EMAIL-7db8006395b7
3156735,EMAIL-526472e87484
3156759,EMAIL-526472e87484
3156827,EMAIL-526472e87484
3156855,EMAIL-023f08585708
3156875,EMAIL-526472e87484
3156932,EMAIL-7db8006395b7
3156939,EMAIL-526472e87484
3156970,EMAIL-b71ecbccbf34
3156972,EMAIL-526472e87484
3157046,EMAIL-b71ecbccbf34
3157061,EMAIL-b71ecbccbf34
3157085,EMAIL-01cc9250b615
3157154,EMAIL-526472e87484
3157179,EMAIL-7db8006395b7
3157226,EMAIL-05c3ae107b3d
3157238,EMAIL-526472e87484
3157239,EMAIL-7db8006395b7
3157247,EMAIL-7db8006395b7
3157273,EMAIL-7db8006395b7
3157326,EMAIL-7db8006395b7
3157328,EMAIL-526472e87484
3157341,EMAIL-526472e87484
3157386,EMAIL-601679140412
3157456,EMAIL-05c3ae107b3d
3157474,EMAIL-526472e87484
3157493,EMAIL-526472e87484
3157502,EMAIL-05c3ae107b3d
3157522,EMAIL-000db143c437
3157541,EMAIL-01cc9250b615
3157578,EMAIL-526472e87484
3157600,EMAIL-526472e87484
3157602,EMAIL-7db8006395b7
3157631,EMAIL-83e81c0f7766
3157644,EMAIL-7db8006395b7
3157648,EMAIL-7db8006395b7
3157670,EMAIL-05c3ae107b3d
3157708,EMAIL-526472e87484
3157726,EMAIL-7db8006395b7
3157752,EMAIL-7db8006395b7
3157830,EMAIL-526472e87484
3157843,EMAIL-023f08585708
3157890,EMAIL-05c3ae107b3d
3157904,EMAIL-526472e87484
3157917,EMAIL-526472e87484
3157918,EMAIL-526472e87484
3157962,EMAIL-05c3ae107b3d
3157976,EMAIL-7eeee5f261e7
3157981,EMAIL-05c3ae107b3d
3157994,EMAIL-7db8006395b7
3158012,EMAIL-526472e87484
3158056,EMAIL-7db8006395b7
3158066,EMAIL-526472e87484
3158095,EMAIL-7db8006395b7
3158170,EMAIL-000db143c437
3158211,EMAIL-05c3ae107b3d
3158220,EMAIL-05c3ae107b3d
3158277,EMAIL-526472e87484
3158292,EMAIL-526472e87484
3158297,EMAIL-526472e87484
3158301,EMAIL-526472e87484
3158304,EMAIL-526472e87484
3158394,EMAIL-526472e87484
3158403,EMAIL-526472e87484
3158418,EMAIL-526472e87484
3158466,EMAIL-526472e87484
3158537,EMAIL-05c3ae107b3d
3158550,EMAIL-601679140412
3158612,EMAIL-526472e87484
3158624,EMAIL-05c3ae107b3d
3158703,EMAIL-05c3ae107b3d
3158704,EMAIL-526472e87484
3158726,EMAIL-526472e87484
3158776,EMAIL-526472e87484
3158841,EMAIL-526472e87484
3158847,EMAIL-526472e87484
3158851,EMAIL-526472e87484
3158887,EMAIL-526472e87484
3158890,EMAIL-7db8006395b7
3158958,EMAIL-7db8006395b7
3159021,EMAIL-526472e87484
3159052,EMAIL-526472e87484
3159058,EMAIL-05c3ae107b3d
3159063,EMAIL-601679140412
3159166,EMAIL-7db8006395b7
3159208,EMAIL-05c3ae107b3d
3159270,EMAIL-7db8006395b7
3159292,EMAIL-000db143c437
3159312,EMAIL-2c6b2b02a48e
3159395,EMAIL-05c3ae107b3d
3159398,EMAIL-7db8006395b7
3159462,EMAIL-526472e87484
3159466,EMAIL-000db143c437
3159520,EMAIL-601679140412
3159522,EMAIL-526472e87484
3159528,EMAIL-b71ecbccbf34
3159536,EMAIL-526472e87484
3159538,EMAIL-b71ecbccbf34
3159540,EMAIL-b71ecbccbf34
3159592,EMAIL-05c3ae107b3d
3159649,EMAIL-526472e87484
3159705,EMAIL-526472e87484
3159716,EMAIL-7eeee5f261e7
3159726,EMAIL-526472e87484
3159818,EMAIL-526472e87484
3159822,EMAIL-601679140412
3159823,EMAIL-526472e87484
3159847,EMAIL-526472e87484
3159858,EMAIL-7db8006395b7
3159882,EMAIL-526472e87484
3159916,EMAIL-7db8006395b7
3159975,EMAIL-7db8006395b7
3160002,EMAIL-a45016f2e246
3160042,EMAIL-05c3ae107b3d
3160065,EMAIL-526472e87484
3160079,EMAIL-7db8006395b7
3160191,EMAIL-526472e87484
3160276,EMAIL-b71ecbccbf34
3160360,EMAIL-05c3ae107b3d
3160400,EMAIL-7db8006395b7
3160427,EMAIL-526472e87484
3160465,EMAIL-526472e87484
3160467,EMAIL-7db8006395b7
3160486,EMAIL-526472e87484
3160515,EMAIL-526472e87484
3160549,EMAIL-a45016f2e246
3160587,EMAIL-526472e87484
3160611,EMAIL-526472e87484
3160644,EMAIL-526472e87484
3160662,EMAIL-05c3ae107b3d
3160680,EMAIL-05c3ae107b3d
3160700,EMAIL-d1684fe68050
3160707,EMAIL-7db8006395b7
3160711,EMAIL-526472e87484
3160722,EMAIL-526472e87484
3160726,EMAIL-7db8006395b7
3160771,EMAIL-7db8006395b7
3160792,EMAIL-7db8006395b7
3160794,EMAIL-a45016f2e246
3160796,EMAIL-7db8006395b7
3160797,EMAIL-05c3ae107b3d
3160805,EMAIL-526472e87484
3160822,EMAIL-526472e87484
3160846,EMAIL-7db8006395b7
3160913,EMAIL-7db8006395b7
3160914,EMAIL-7db8006395b7
3160945,EMAIL-662b3791aebd
3160977,EMAIL-526472e87484
3160994,EMAIL-7db8006395b7
3161016,EMAIL-7db8006395b7
3161048,EMAIL-05c3ae107b3d
3161063,EMAIL-05c3ae107b3d
3161088,EMAIL-601679140412
3161107,EMAIL-526472e87484
3161126,EMAIL-f757a40fae92
3161161,EMAIL-601679140412
3161168,EMAIL-601679140412
3161207,EMAIL-05c3ae107b3d
3161218,EMAIL-601679140412
3161232,EMAIL-526472e87484
3161257,EMAIL-526472e87484
3161259,EMAIL-526472e87484
3161287,EMAIL-526472e87484
3161325,EMAIL-526472e87484
3161327,EMAIL-526472e87484
3161368,EMAIL-05c3ae107b3d
3161383,EMAIL-7db8006395b7
3161396,EMAIL-7db8006395b7
3161411,EMAIL-b71ecbccbf34
3161446,EMAIL-526472e87484
3161471,EMAIL-601679140412
3161660,EMAIL-05c3ae107b3d
3161746,EMAIL-7db8006395b7
3161783,EMAIL-05c3ae107b3d
3161821,EMAIL-b71ecbccbf34
3161828,EMAIL-7db8006395b7
3161831,EMAIL-7db8006395b7
3161844,EMAIL-7db8006395b7
3161893,EMAIL-7db8006395b7
3162002,EMAIL-05c3ae107b3d
3162118,EMAIL-526472e87484
3162138,EMAIL-05c3ae107b3d
3162164,EMAIL-526472e87484
3162189,EMAIL-526472e87484
3162220,EMAIL-526472e87484
3162230,EMAIL-526472e87484
3162305,EMAIL-526472e87484
3162317,EMAIL-526472e87484
3162346,EMAIL-05c3ae107b3d
3162448,EMAIL-526472e87484
3162484,EMAIL-526472e87484
3162514,EMAIL-7db8006395b7
3162521,EMAIL-7db8006395b7
3162538,EMAIL-526472e87484
3162637,EMAIL-601679140412
3162661,EMAIL-f757a40fae92
3162666,EMAIL-7eeee5f261e7
3162708,EMAIL-526472e87484
3162722,EMAIL-05c3ae107b3d
3162729,EMAIL-7eeee5f261e7
3162743,EMAIL-526472e87484
3162763,EMAIL-7db8006395b7
3162788,EMAIL-05c3ae107b3d
3162810,EMAIL-7eeee5f261e7
3162850,EMAIL-526472e87484
3162856,EMAIL-7eeee5f261e7
3162874,EMAIL-dfe6a9c7c1a5
3162897,EMAIL-1221ee4a23d4
3162901,EMAIL-05c3ae107b3d
3162902,EMAIL-a45016f2e246
3163015,EMAIL-526472e87484
3163023,EMAIL-526472e87484
3163112,EMAIL-b71ecbccbf34
3163151,EMAIL-526472e87484
3163199,EMAIL-526472e87484
3163219,EMAIL-526472e87484
3163227,EMAIL-05c3ae107b3d
3163296,EMAIL-526472e87484
3163301,EMAIL-526472e87484
3163321,EMAIL-526472e87484
3163330,EMAIL-526472e87484
3163347,EMAIL-05c3ae107b3d
3163356,EMAIL-526472e87484
3163368,EMAIL-526472e87484
3163380,EMAIL-526472e87484
3163429,EMAIL-05c3ae107b3d
3163440,EMAIL-05c3ae107b3d
3163483,EMAIL-7db8006395b7
3163490,EMAIL-526472e87484
3163517,EMAIL-7db8006395b7
3163531,EMAIL-b71ecbccbf34
3163544,EMAIL-526472e87484
3163547,EMAIL-526472e87484
3163561,EMAIL-05c3ae107b3d
3163565,EMAIL-05c3ae107b3d
3163601,EMAIL-526472e87484
3163715,EMAIL-526472e87484
3163752,EMAIL-526472e87484
3163770,EMAIL-47b8593a2f1d
3163774,EMAIL-b71ecbccbf34
3163783,EMAIL-526472e87484
3163814,EMAIL-7db8006395b7
3163891,EMAIL-05c3ae107b3d
3164005,EMAIL-526472e87484
3164065,EMAIL-601679140412
3164078,EMAIL-05c3ae107b3d
3164107,EMAIL-662b3791aebd
3164170,EMAIL-526472e87484
3164217,EMAIL-05c3ae107b3d
3164219,EMAIL-05c3ae107b3d
3164234,EMAIL-05c3ae107b3d
3164238,EMAIL-05c3ae107b3d
3164275,EMAIL-526472e87484
3164334,EMAIL-05c3ae107b3d
3164382,EMAIL-526472e87484
3164590,EMAIL-05c3ae107b3d
3164592,EMAIL-526472e87484
3164659,EMAIL-7db8006395b7
3164669,EMAIL-526472e87484
3164686,EMAIL-05c3ae107b3d
3164719,EMAIL-1221ee4a23d4
3164739,EMAIL-526472e87484
3164780,EMAIL-7db8006395b7
3164850,EMAIL-526472e87484
3164873,EMAIL-526472e87484
3164918,EMAIL-05c3ae107b3d
3164988,EMAIL-526472e87484
3165077,EMAIL-05c3ae107b3d
3165148,EMAIL-b71ecbccbf34
3165196,EMAIL-05c3ae107b3d
3165212,EMAIL-7db8006395b7
3165262,EMAIL-05c3ae107b3d
3165311,EMAIL-526472e87484
3165320,EMAIL-05c3ae107b3d
3165331,EMAIL-7db8006395b7
3165369,EMAIL-526472e87484
3165431,EMAIL-7db8006395b7
3165476,EMAIL-526472e87484
3165597,EMAIL-526472e87484
3165721,EMAIL-7db8006395b7
3165729,EMAIL-526472e87484
3165731,EMAIL-b71ecbccbf34
3165737,EMAIL-526472e87484
3165768,EMAIL-526472e87484
3165801,EMAIL-526472e87484
3165808,EMAIL-7eeee5f261e7
3165810,EMAIL-526472e87484
3165845,EMAIL-b71ecbccbf34
3165862,EMAIL-b71ecbccbf34
3165903,EMAIL-526472e87484
3165910,EMAIL-526472e87484
3165917,EMAIL-526472e87484
3165934,EMAIL-526472e87484
3165969,EMAIL-7db8006395b7
3165977,EMAIL-7db8006395b7
3165986,EMAIL-526472e87484
3166054,EMAIL-05c3ae107b3d
3166069,EMAIL-526472e87484
3166095,EMAIL-526472e87484
3166183,EMAIL-526472e87484
3166231,EMAIL-526472e87484
3166254,EMAIL-01cc9250b615
3166257,EMAIL-05c3ae107b3d
3166341,EMAIL-526472e87484
3166344,EMAIL-526472e87484
3166345,EMAIL-7db8006395b7
3166371,EMAIL-526472e87484
3166403,EMAIL-7db8006395b7
3166414,EMAIL-05c3ae107b3d
3166430,EMAIL-526472e87484
3166466,EMAIL-526472e87484
3166476,EMAIL-05c3ae107b3d
3166490,EMAIL-a45016f2e246
3166495,EMAIL-023f08585708
3166518,EMAIL-526472e87484
3166525,EMAIL-526472e87484
3166541,EMAIL-526472e87484
3166542,EMAIL-601679140412
3166553,EMAIL-05c3ae107b3d
3166593,EMAIL-05c3ae107b3d
3166602,EMAIL-526472e87484
3166626,EMAIL-7db8006395b7
3166627,EMAIL-7db8006395b7
3166631,EMAIL-526472e87484
3166649,EMAIL-526472e87484
3166673,EMAIL-526472e87484
3166694,EMAIL-05c3ae107b3d
3166795,EMAIL-526472e87484
3166815,EMAIL-05c3ae107b3d
3166833,EMAIL-526472e87484
3166840,EMAIL-7db8006395b7
3166849,EMAIL-526472e87484
3166859,EMAIL-601679140412
3166879,EMAIL-526472e87484
3166912,EMAIL-526472e87484
3166940,EMAIL-601679140412
3166984,EMAIL-dfe6a9c7c1a5
3166985,EMAIL-a45016f2e246
3166997,EMAIL-526472e87484
3167010,EMAIL-526472e87484
3167018,EMAIL-a45016f2e246
3167025,EMAIL-526472e87484
3167028,EMAIL-526472e87484
3167074,EMAIL-7db8006395b7
3167097,EMAIL-526472e87484
3167102,EMAIL-526472e87484
3167103,EMAIL-526472e87484
3167104,EMAIL-7db8006395b7
3167140,EMAIL-526472e87484
3167153,EMAIL-526472e87484
3167162,EMAIL-526472e87484
3167166,EMAIL-84014014575f
3167168,EMAIL-526472e87484
3167174,EMAIL-601679140412
3167180,EMAIL-601679140412
3167224,EMAIL-526472e87484
3167258,EMAIL-b71ecbccbf34
3167288,EMAIL-5a343157d535
3167363,EMAIL-526472e87484
3167415,EMAIL-05c3ae107b3d
3167448,EMAIL-5a343157d535
3167473,EMAIL-526472e87484
3167496,EMAIL-dfe6a9c7c1a5
3167541,EMAIL-526472e87484
3167596,EMAIL-601679140412
3167600,EMAIL-05c3ae107b3d
3167608,EMAIL-7db8006395b7
3167624,EMAIL-526472e87484
3167671,EMAIL-526472e87484
3167673,EMAIL-526472e87484
3167716,EMAIL-7db8006395b7
3167814,EMAIL-8b942685451d
3167829,EMAIL-7db8006395b7
3167878,EMAIL-526472e87484
3167892,EMAIL-7db8006395b7
3167902,EMAIL-526472e87484
3167948,EMAIL-526472e87484
3168011,EMAIL-526472e87484
3168019,EMAIL-05c3ae107b3d
3168039,EMAIL-526472e87484
3168055,EMAIL-526472e87484
3168071,EMAIL-b71ecbccbf34
3168130,EMAIL-7db8006395b7
3168227,EMAIL-526472e87484
3168228,EMAIL-526472e87484
3168231,EMAIL-526472e87484
3168238,EMAIL-526472e87484
3168271,EMAIL-05c3ae107b3d
3168277,EMAIL-05c3ae107b3d
3168302,EMAIL-526472e87484
3168374,EMAIL-526472e87484
3168426,EMAIL-a45016f2e246
3168488,EMAIL-3a8e7c5c8069
3168497,EMAIL-b71ecbccbf34
3168502,EMAIL-526472e87484
3168510,EMAIL-601679140412
3168529,EMAIL-7db8006395b7
3168598,EMAIL-526472e87484
3168641,EMAIL-601679140412
3168647,EMAIL-05c3ae107b3d
3168719,EMAIL-05c3ae107b3d
3168728,EMAIL-526472e87484
3168800,EMAIL-05c3ae107b3d
3168845,EMAIL-526472e87484
3168931,EMAIL-7db8006395b7
3168936,EMAIL-526472e87484
3168973,EMAIL-526472e87484
3169000,EMAIL-526472e87484
3169004,EMAIL-01cc9250b615
3169008,EMAIL-05c3ae107b3d
3169033,EMAIL-526472e87484
3169044,EMAIL-05c3ae107b3d
3169089,EMAIL-526472e87484
3169095,EMAIL-05c3ae107b3d
3169102,EMAIL-526472e87484
3169155,EMAIL-526472e87484
3169159,EMAIL-526472e87484
3169182,EMAIL-601679140412
3169222,EMAIL-7db8006395b7
3169292,EMAIL-05c3ae107b3d
3169318,EMAIL-a45016f2e246
3169322,EMAIL-05c3ae107b3d
3169330,EMAIL-7db8006395b7
3169359,EMAIL-7db8006395b7
3169388,EMAIL-05c3ae107b3d
3169389,EMAIL-7db8006395b7
3169391,EMAIL-7db8006395b7
3169415,EMAIL-526472e87484
3169424,EMAIL-05c3ae107b3d
3169434,EMAIL-526472e87484
3169487,EMAIL-526472e87484
3169493,EMAIL-7db8006395b7
3169495,EMAIL-7db8006395b7
3169510,EMAIL-b71ecbccbf34
3169541,EMAIL-a45016f2e246
3169544,EMAIL-a45016f2e246
3169583,EMAIL-a45016f2e246
3169591,EMAIL-526472e87484
3169600,EMAIL-05c3ae107b3d
3169606,EMAIL-526472e87484
3169664,EMAIL-526472e87484
3169720,EMAIL-526472e87484
3169778,EMAIL-526472e87484
3169801,EMAIL-7db8006395b7
3169829,EMAIL-526472e87484
3169835,EMAIL-526472e87484
3169876,EMAIL-526472e87484
3169902,EMAIL-7db8006395b7
3169905,EMAIL-526472e87484
3169914,EMAIL-526472e87484
3169945,EMAIL-526472e87484
3169954,EMAIL-526472e87484
3169971,EMAIL-7db8006395b7
3169988,EMAIL-2c6b2b02a48e
3170016,EMAIL-526472e87484
3170018,EMAIL-526472e87484
3170020,EMAIL-7db8006395b7
3170044,EMAIL-05c3ae107b3d
3170077,EMAIL-05c3ae107b3d
3170115,EMAIL-05c3ae107b3d
3170129,EMAIL-7db8006395b7
3170146,EMAIL-b71ecbccbf34
3170148,EMAIL-05c3ae107b3d
3170150,EMAIL-526472e87484
3170171,EMAIL-7db8006395b7
3170182,EMAIL-526472e87484
3170188,EMAIL-b71ecbccbf34
3170189,EMAIL-526472e87484
3170213,EMAIL-05c3ae107b3d
3170236,EMAIL-526472e87484
3170279,EMAIL-b71ecbccbf34
3170318,EMAIL-7db8006395b7
3170350,EMAIL-526472e87484
3170358,EMAIL-526472e87484
3170496,EMAIL-526472e87484
3170516,EMAIL-05c3ae107b3d
3170520,EMAIL-b71ecbccbf34
3170630,EMAIL-526472e87484
3170635,EMAIL-05c3ae107b3d
3170654,EMAIL-526472e87484
3170677,EMAIL-526472e87484
3170687,EMAIL-05c3ae107b3d
3170721,EMAIL-526472e87484
3170733,EMAIL-05c3ae107b3d
3170774,EMAIL-526472e87484
3170792,EMAIL-7db8006395b7
3170869,EMAIL-526472e87484
3170878,EMAIL-05c3ae107b3d
3170896,EMAIL-526472e87484
3170899,EMAIL-526472e87484
3170967,EMAIL-05c3ae107b3d
3170997,EMAIL-526472e87484
3170999,EMAIL-2c6b2b02a48e
3171000,EMAIL-b71ecbccbf34
3171016,EMAIL-526472e87484
3171101,EMAIL-526472e87484
3171110,EMAIL-526472e87484
3171127,EMAIL-526472e87484
3171134,EMAIL-526472e87484
3171239,EMAIL-526472e87484
3171254,EMAIL-05c3ae107b3d
3171264,EMAIL-b71ecbccbf34
3171281,EMAIL-526472e87484
3171337,EMAIL-526472e87484
3171416,EMAIL-526472e87484
3171428,EMAIL-526472e87484
3171430,EMAIL-d1684fe68050
3171444,EMAIL-b71ecbccbf34
3171445,EMAIL-05c3ae107b3d
3171455,EMAIL-05c3ae107b3d
3171458,EMAIL-05c3ae107b3d
3171479,EMAIL-526472e87484
3171499,EMAIL-526472e87484
3171515,EMAIL-000db143c437
3171538,EMAIL-01cc9250b615
3171575,EMAIL-526472e87484
3171636,EMAIL-7db8006395b7
3171662,EMAIL-7db8006395b7
3171696,EMAIL-526472e87484
3171701,EMAIL-7db8006395b7
3171712,EMAIL-526472e87484
3171731,EMAIL-526472e87484
3171748,EMAIL-526472e87484
3171758,EMAIL-526472e87484
3171765,EMAIL-601679140412
3171795,EMAIL-526472e87484
3171839,EMAIL-526472e87484
3171951,EMAIL-05c3ae107b3d
3171956,EMAIL-05c3ae107b3d
3171990,EMAIL-526472e87484
3172083,EMAIL-05c3ae107b3d
3172132,EMAIL-526472e87484
3172141,EMAIL-601679140412
3172153,EMAIL-526472e87484
3172160,EMAIL-526472e87484
3172183,EMAIL-526472e87484
3172186,EMAIL-2c6b2b02a48e
3172314,EMAIL-7db8006395b7
3172381,EMAIL-526472e87484
3172408,EMAIL-526472e87484
3172456,EMAIL-526472e87484
3172482,EMAIL-526472e87484
3172533,EMAIL-023f08585708
3172536,EMAIL-526472e87484
3172569,EMAIL-7db8006395b7
3172644,EMAIL-05c3ae107b3d
3172698,EMAIL-05c3ae107b3d
3172707,EMAIL-526472e87484
3172710,EMAIL-7db8006395b7
3172756,EMAIL-526472e87484
3172830,EMAIL-526472e87484
3172852,EMAIL-7db8006395b7
3172861,EMAIL-526472e87484
3172895,EMAIL-526472e87484
3172928,EMAIL-601679140412
3172954,EMAIL-526472e87484
3173082,EMAIL-05c3ae107b3d
3173112,EMAIL-526472e87484
3173123,EMAIL-7db8006395b7
3173155,EMAIL-526472e87484
3173184,EMAIL-05c3ae107b3d
3173190,EMAIL-526472e87484
3173238,EMAIL-526472e87484
3173269,EMAIL-7db8006395b7
3173288,EMAIL-05c3ae107b3d
3173307,EMAIL-05c3ae107b3d
3173360,EMAIL-526472e87484
3173444,EMAIL-526472e87484
3173451,EMAIL-526472e87484
3173455,EMAIL-526472e87484
3173474,EMAIL-526472e87484
3173502,EMAIL-526472e87484
3173505,EMAIL-526472e87484
3173538,EMAIL-526472e87484
3173546,EMAIL-7db8006395b7
3173581,EMAIL-526472e87484
3173603,EMAIL-601679140412
3173620,EMAIL-526472e87484
3173627,EMAIL-7db8006395b7
3173632,EMAIL-05c3ae107b3d
3173709,EMAIL-a45016f2e246
3173711,EMAIL-526472e87484
3173713,EMAIL-7db8006395b7
3173728,EMAIL-526472e87484
3173734,EMAIL-526472e87484
3173758,EMAIL-b71ecbccbf34
3173771,EMAIL-7db8006395b7
3173775,EMAIL-7db8006395b7
3173784,EMAIL-526472e87484
3173842,EMAIL-05c3ae107b3d
3173846,EMAIL-7db8006395b7
3173850,EMAIL-526472e87484
3173863,EMAIL-7db8006395b7
3173886,EMAIL-526472e87484
3173893,EMAIL-526472e87484
3173922,EMAIL-7db8006395b7
3173935,EMAIL-526472e87484
3173947,EMAIL-601679140412
3173954,EMAIL-05c3ae107b3d
3173964,EMAIL-05c3ae107b3d
3174001,EMAIL-05c3ae107b3d
3174017,EMAIL-526472e87484
3174045,EMAIL-7db8006395b7
3174066,EMAIL-b71ecbccbf34
3174086,EMAIL-526472e87484
3174091,EMAIL-526472e87484
3174112,EMAIL-05c3ae107b3d
3174192,EMAIL-d1684fe68050
3174203,EMAIL-7db8006395b7
3174214,EMAIL-526472e87484
3174240,EMAIL-526472e87484
3174243,EMAIL-7eeee5f261e7
3174317,EMAIL-7db8006395b7
3174371,EMAIL-601679140412
3174386,EMAIL-05c3ae107b3d
3174447,EMAIL-7db8006395b7
3174484,EMAIL-526472e87484
3174512,EMAIL-7db8006395b7
3174528,EMAIL-7db8006395b7
3174538,EMAIL-a45016f2e246
3174555,EMAIL-526472e87484
3174574,EMAIL-526472e87484
3174581,EMAIL-b71ecbccbf34
3174596,EMAIL-7db8006395b7
3174628,EMAIL-526472e87484
3174637,EMAIL-526472e87484
3174687,EMAIL-7db8006395b7
3174702,EMAIL-b71ecbccbf34
3174729,EMAIL-601679140412
3174743,EMAIL-05c3ae107b3d
3174800,EMAIL-601679140412
3174840,EMAIL-7db8006395b7
3174941,EMAIL-526472e87484
3174962,EMAIL-526472e87484
3174979,EMAIL-83e81c0f7766
3174982,EMAIL-526472e87484
3174984,EMAIL-7db8006395b7
3174987,EMAIL-526472e87484
3175013,EMAIL-526472e87484
3175172,EMAIL-7db8006395b7
3175193,EMAIL-7db8006395b7
3175240,EMAIL-dfe6a9c7c1a5
3175262,EMAIL-526472e87484
3175269,EMAIL-526472e87484
3175290,EMAIL-526472e87484
3175308,EMAIL-05c3ae107b3d
3175353,EMAIL-526472e87484
3175369,EMAIL-526472e87484
3175381,EMAIL-7db8006395b7
3175393,EMAIL-526472e87484
3175406,EMAIL-05c3ae107b3d
3175442,EMAIL-7db8006395b7
3175444,EMAIL-526472e87484
3175463,EMAIL-526472e87484
3175510,EMAIL-526472e87484
3175521,EMAIL-05c3ae107b3d
3175537,EMAIL-526472e87484
3175586,EMAIL-601679140412
3175624,EMAIL-526472e87484
3175647,EMAIL-526472e87484
3175675,EMAIL-526472e87484
3175685,EMAIL-526472e87484
3175692,EMAIL-526472e87484
3175695,EMAIL-526472e87484
3175699,EMAIL-526472e87484
3175706,EMAIL-7db8006395b7
3175713,EMAIL-7db8006395b7
3175737,EMAIL-526472e87484
3175741,EMAIL-526472e87484
3175755,EMAIL-7db8006395b7
3175783,EMAIL-526472e87484
3175788,EMAIL-a45016f2e246
3175795,EMAIL-526472e87484
3175804,EMAIL-526472e87484
3175820,EMAIL-601679140412
3175930,EMAIL-526472e87484
3175952,EMAIL-526472e87484
3175971,EMAIL-526472e87484
3175972,EMAIL-526472e87484
3176113,EMAIL-b71ecbccbf34
3176236,EMAIL-526472e87484
3176285,EMAIL-526472e87484
3176327,EMAIL-526472e87484
3176339,EMAIL-526472e87484
3176553,EMAIL-7db8006395b7
3176613,EMAIL-601679140412
3176617,EMAIL-526472e87484
3176655,EMAIL-05c3ae107b3d
3176684,EMAIL-47b8593a2f1d
3176690,EMAIL-a45016f2e246
3176818,EMAIL-526472e87484
3176824,EMAIL-7db8006395b7
3176845,EMAIL-7db8006395b7
3176867,EMAIL-05c3ae107b3d
3176872,EMAIL-526472e87484
3176883,EMAIL-601679140412
3176952,EMAIL-f757a40fae92
3176965,EMAIL-05c3ae107b3d
3176988,EMAIL-526472e87484
3177000,EMAIL-7db8006395b7
3177061,EMAIL-01cc9250b615
3177183,EMAIL-05c3ae107b3d
3177216,EMAIL-526472e87484
3177272,EMAIL-05c3ae107b3d
3177278,EMAIL-7db8006395b7
3177356,EMAIL-526472e87484
3177415,EMAIL-526472e87484
3177428,EMAIL-7db8006395b7
3177431,EMAIL-05c3ae107b3d
3177436,EMAIL-526472e87484
3177441,EMAIL-7db8006395b7
3177457,EMAIL-7db8006395b7
3177525,EMAIL-526472e87484
3177532,EMAIL-526472e87484
3177562,EMAIL-526472e87484
3177566,EMAIL-b71ecbccbf34
3177572,EMAIL-526472e87484
3177700,EMAIL-5a343157d535
3177707,EMAIL-05c3ae107b3d
3177744,EMAIL-526472e87484
3177778,EMAIL-526472e87484
3177850,EMAIL-526472e87484
3177855,EMAIL-5cac1ed1c3bd
3177920,EMAIL-526472e87484
3177967,EMAIL-526472e87484
3177970,EMAIL-05c3ae107b3d
3178001,EMAIL-601679140412
3178019,EMAIL-7db8006395b7
3178053,EMAIL-05c3ae107b3d
3178059,EMAIL-05c3ae107b3d
3178063,EMAIL-05c3ae107b3d
3178098,EMAIL-601679140412
3178114,EMAIL-01cc9250b615
3178176,EMAIL-526472e87484
3178187,EMAIL-526472e87484
3178220,EMAIL-05c3ae107b3d
3178260,EMAIL-526472e87484
3178262,EMAIL-dfe6a9c7c1a5
3178345,EMAIL-526472e87484
3178353,EMAIL-05c3ae107b3d
3178362,EMAIL-526472e87484
3178393,EMAIL-526472e87484
3178408,EMAIL-7db8006395b7
3178438,EMAIL-526472e87484
3178445,EMAIL-526472e87484
3178462,EMAIL-526472e87484
3178468,EMAIL-526472e87484
3178499,EMAIL-526472e87484
3178510,EMAIL-526472e87484
3178522,EMAIL-05c3ae107b3d
3178554,EMAIL-7db8006395b7
3178569,EMAIL-7db8006395b7
3178612,EMAIL-526472e87484
3178638,EMAIL-7db8006395b7
3178639,EMAIL-7db8006395b7
3178662,EMAIL-8b942685451d
3178666,EMAIL-7db8006395b7
3178675,EMAIL-7db8006395b7
3178677,EMAIL-526472e87484
3178678,EMAIL-526472e87484
3178691,EMAIL-7db8006395b7
3178716,EMAIL-dfe6a9c7c1a5
3178720,EMAIL-526472e87484
3178757,EMAIL-526472e87484
3178769,EMAIL-b71ecbccbf34
3178812,EMAIL-b71ecbccbf34
3178826,EMAIL-601679140412
3178842,EMAIL-a45016f2e246
3178850,EMAIL-05c3ae107b3d
3178997,EMAIL-f757a40fae92
3179002,EMAIL-05c3ae107b3d
3179003,EMAIL-b71ecbccbf34
3179019,EMAIL-05c3ae107b3d
3179032,EMAIL-526472e87484
3179059,EMAIL-05c3ae107b3d
3179105,EMAIL-526472e87484
3179136,EMAIL-526472e87484
3179249,EMAIL-05c3ae107b3d
3179278,EMAIL-7db8006395b7
3179300,EMAIL-b71ecbccbf34
3179356,EMAIL-526472e87484
3179406,EMAIL-526472e87484
3179456,EMAIL-526472e87484
3179528,EMAIL-2c6b2b02a48e
3179620,EMAIL-526472e87484
3179621,EMAIL-b71ecbccbf34
3179698,EMAIL-526472e87484
3179717,EMAIL-01cc9250b615
3179740,EMAIL-526472e87484
3179805,EMAIL-7db8006395b7
3179823,EMAIL-b71ecbccbf34
3179872,EMAIL-b71ecbccbf34
3179879,EMAIL-526472e87484
3179888,EMAIL-526472e87484
3179962,EMAIL-526472e87484
3179995,EMAIL-526472e87484
3180003,EMAIL-526472e87484
3180128,EMAIL-662b3791aebd
3180149,EMAIL-05c3ae107b3d
3180168,EMAIL-05c3ae107b3d
3180221,EMAIL-526472e87484
3180242,EMAIL-7db8006395b7
3180282,EMAIL-7db8006395b7
3180292,EMAIL-526472e87484
3180293,EMAIL-05c3ae107b3d
3180323,EMAIL-526472e87484
3180357,EMAIL-7db8006395b7
3180358,EMAIL-526472e87484
3180362,EMAIL-526472e87484
3180363,EMAIL-05c3ae107b3d
3180375,EMAIL-526472e87484
3180377,EMAIL-526472e87484
3180391,EMAIL-526472e87484
3180463,EMAIL-05c3ae107b3d
3180494,EMAIL-7db8006395b7
3180587,EMAIL-526472e87484
3180610,EMAIL-3a8e7c5c8069
3180642,EMAIL-7db8006395b7
3180781,EMAIL-05c3ae107b3d
3180834,EMAIL-526472e87484
3180868,EMAIL-526472e87484
3180869,EMAIL-526472e87484
3180910,EMAIL-526472e87484
3180915,EMAIL-526472e87484
3180919,EMAIL-7db8006395b7
3180927,EMAIL-526472e87484
3180965,EMAIL-05c3ae107b3d
3180970,EMAIL-7db8006395b7
3180983,EMAIL-526472e87484
3180998,EMAIL-7db8006395b7
3181004,EMAIL-526472e87484
3181010,EMAIL-526472e87484
3181104,EMAIL-526472e87484
3181119,EMAIL-526472e87484
3181149,EMAIL-05c3ae107b3d
3181167,EMAIL-526472e87484
3181172,EMAIL-05c3ae107b3d
3181176,EMAIL-526472e87484
3181198,EMAIL-601679140412
3181207,EMAIL-526472e87484
3181226,EMAIL-526472e87484
3181298,EMAIL-526472e87484
3181309,EMAIL-526472e87484
3181311,EMAIL-526472e87484
3181349,EMAIL-7db8006395b7
3181358,EMAIL-526472e87484
3181381,EMAIL-526472e87484
3181400,EMAIL-601679140412
3181407,EMAIL-b71ecbccbf34
3181454,EMAIL-526472e87484
3181482,EMAIL-7db8006395b7
3181524,EMAIL-7db8006395b7
3181609,EMAIL-526472e87484
3181622,EMAIL-dfe6a9c7c1a5
3181633,EMAIL-05c3ae107b3d
3181638,EMAIL-05c3ae107b3d
3181647,EMAIL-7db8006395b7
3181648,EMAIL-05c3ae107b3d
3181672,EMAIL-2c6b2b02a48e
3181701,EMAIL-05c3ae107b3d
3181703,EMAIL-526472e87484
3181706,EMAIL-05c3ae107b3d
3181718,EMAIL-7db8006395b7
3181765,EMAIL-b71ecbccbf34
3181858,EMAIL-526472e87484
3181881,EMAIL-526472e87484
3181924,EMAIL-526472e87484
3181935,EMAIL-526472e87484
3182016,EMAIL-8b942685451d
3182089,EMAIL-601679140412
3182091,EMAIL-3a8e7c5c8069
3182100,EMAIL-526472e87484
3182101,EMAIL-526472e87484
3182114,EMAIL-526472e87484
3182135,EMAIL-526472e87484
3182143,EMAIL-b71ecbccbf34
3182175,EMAIL-526472e87484
3182204,EMAIL-01cc9250b615
3182206,EMAIL-526472e87484
3182209,EMAIL-526472e87484
3182228,EMAIL-526472e87484
3182245,EMAIL-526472e87484
3182252,EMAIL-526472e87484
3182281,EMAIL-526472e87484
3182291,EMAIL-7db8006395b7
3182347,EMAIL-05c3ae107b3d
3182367,EMAIL-7db8006395b7
3182412,EMAIL-7db8006395b7
3182416,EMAIL-526472e87484
3182431,EMAIL-7db8006395b7
3182453,EMAIL-526472e87484
3182457,EMAIL-526472e87484
3182464,EMAIL-526472e87484
3182503,EMAIL-b71ecbccbf34
3182520,EMAIL-05c3ae107b3d
3182521,EMAIL-526472e87484
3182578,EMAIL-526472e87484
3182604,EMAIL-601679140412
3182610,EMAIL-526472e87484
3182619,EMAIL-526472e87484
3182750,EMAIL-3a8e7c5c8069
3182847,EMAIL-526472e87484
3182862,EMAIL-05c3ae107b3d
3182868,EMAIL-601679140412
3182873,EMAIL-526472e87484
3182909,EMAIL-526472e87484
3183038,EMAIL-b71ecbccbf34
3183048,EMAIL-601679140412
3183049,EMAIL-526472e87484
3183066,EMAIL-05c3ae107b3d
3183160,EMAIL-526472e87484
3183196,EMAIL-526472e87484
3183204,EMAIL-601679140412
3183224,EMAIL-526472e87484
3183250,EMAIL-7db8006395b7
3183265,EMAIL-7db8006395b7
3183287,EMAIL-7db8006395b7
3183289,EMAIL-526472e87484
3183307,EMAIL-7db8006395b7
3183322,EMAIL-05c3ae107b3d
3183326,EMAIL-7db8006395b7
3183342,EMAIL-526472e87484
3183394,EMAIL-7db8006395b7
3183411,EMAIL-526472e87484
3183460,EMAIL-05c3ae107b3d
3183465,EMAIL-a45016f2e246
3183487,EMAIL-526472e87484
3183488,EMAIL-526472e87484
3183524,EMAIL-b71ecbccbf34
3183616,EMAIL-7db8006395b7
3183618,EMAIL-7db8006395b7
3183633,EMAIL-526472e87484
3183668,EMAIL-526472e87484
3183679,EMAIL-83e81c0f7766
3183691,EMAIL-7db8006395b7
3183697,EMAIL-601679140412
3183702,EMAIL-7db8006395b7
3183741,EMAIL-b71ecbccbf34
3183742,EMAIL-05c3ae107b3d
3183757,EMAIL-b71ecbccbf34
3183783,EMAIL-83e81c0f7766
3183801,EMAIL-05c3ae107b3d
3183821,EMAIL-7db8006395b7
3183853,EMAIL-526472e87484
3183867,EMAIL-7db8006395b7
3183870,EMAIL-7db8006395b7
3183895,EMAIL-526472e87484
3184028,EMAIL-7db8006395b7
3184044,EMAIL-7db8006395b7
3184067,EMAIL-7db8006395b7
3184145,EMAIL-7db8006395b7
3184158,EMAIL-05c3ae107b3d
3184159,EMAIL-526472e87484
3184177,EMAIL-526472e87484
3184202,EMAIL-526472e87484
3184275,EMAIL-05c3ae107b3d
3184330,EMAIL-a45016f2e246
3184342,EMAIL-526472e87484
3184354,EMAIL-526472e87484
3184365,EMAIL-526472e87484
3184408,EMAIL-dfe6a9c7c1a5
3184414,EMAIL-526472e87484
3184420,EMAIL-7db8006395b7
3184446,EMAIL-023f08585708
3184451,EMAIL-526472e87484
3184482,EMAIL-526472e87484
3184484,EMAIL-526472e87484
3184504,EMAIL-526472e87484
3184512,EMAIL-526472e87484
3184517,EMAIL-526472e87484
3184530,EMAIL-526472e87484
3184531,EMAIL-526472e87484
3184553,EMAIL-526472e87484
3184603,EMAIL-526472e87484
3184627,EMAIL-05c3ae107b3d
3184679,EMAIL-7db8006395b7
3184712,EMAIL-526472e87484
3184821,EMAIL-05c3ae107b3d
3184835,EMAIL-f757a40fae92
3184841,EMAIL-f757a40fae92
3184844,EMAIL-b71ecbccbf34
3184968,EMAIL-7db8006395b7
3184998,EMAIL-05c3ae107b3d
3184999,EMAIL-526472e87484
3185061,EMAIL-526472e87484
3185124,EMAIL-05c3ae107b3d
3185140,EMAIL-526472e87484
3185167,EMAIL-601679140412
3185219,EMAIL-526472e87484
3185276,EMAIL-526472e87484
3185328,EMAIL-526472e87484
3185391,EMAIL-3a8e7c5c8069
3185399,EMAIL-526472e87484
3185431,EMAIL-b71ecbccbf34
3185453,EMAIL-526472e87484
3185484,EMAIL-526472e87484
3185495,EMAIL-526472e87484
3185503,EMAIL-05c3ae107b3d
3185547,EMAIL-05c3ae107b3d
3185646,EMAIL-05c3ae107b3d
3185671,EMAIL-b71ecbccbf34
3185685,EMAIL-023f08585708
3185692,EMAIL-601679140412
3185768,EMAIL-a45016f2e246
3185778,EMAIL-526472e87484
3185790,EMAIL-526472e87484
3185809,EMAIL-526472e87484
3185853,EMAIL-000db143c437
3185877,EMAIL-7db8006395b7
3185886,EMAIL-7db8006395b7
3185911,EMAIL-a45016f2e246
3185922,EMAIL-a45016f2e246
3185925,EMAIL-526472e87484
3185961,EMAIL-05c3ae107b3d
3185966,EMAIL-526472e87484
3185996,EMAIL-526472e87484
3186012,EMAIL-7db8006395b7
3186013,EMAIL-05c3ae107b3d
3186023,EMAIL-526472e87484
3186090,EMAIL-05c3ae107b3d
3186127,EMAIL-05c3ae107b3d
3186138,EMAIL-526472e87484
3186160,EMAIL-526472e87484
3186182,EMAIL-7db8006395b7
3186217,EMAIL-7db8006395b7
3186245,EMAIL-526472e87484
3186292,EMAIL-526472e87484
3186339,EMAIL-7db8006395b7
3186360,EMAIL-526472e87484
3186361,EMAIL-601679140412
3186369,EMAIL-7db8006395b7
3186406,EMAIL-526472e87484
3186418,EMAIL-526472e87484
3186446,EMAIL-2c6b2b02a48e
3186448,EMAIL-526472e87484
3186493,EMAIL-7db8006395b7
3186520,EMAIL-526472e87484
3186560,EMAIL-05c3ae107b3d
3186578,EMAIL-526472e87484
3186594,EMAIL-05c3ae107b3d
3186664,EMAIL-05c3ae107b3d
3186669,EMAIL-526472e87484
3186701,EMAIL-601679140412
3186735,EMAIL-526472e87484
3186746,EMAIL-05c3ae107b3d
3186798,EMAIL-a45016f2e246
3186799,EMAIL-7db8006395b7
3186838,EMAIL-7db8006395b7
3186842,EMAIL-526472e87484
3186888,EMAIL-05c3ae107b3d
3186890,EMAIL-526472e87484
3186923,EMAIL-05c3ae107b3d
3187009,EMAIL-526472e87484
3187010,EMAIL-601679140412
3187027,EMAIL-05c3ae107b3d
3187028,EMAIL-526472e87484
3187029,EMAIL-05c3ae107b3d
3187050,EMAIL-526472e87484
3187062,EMAIL-526472e87484
3187073,EMAIL-05c3ae107b3d
3187141,EMAIL-7db8006395b7
3187275,EMAIL-7db8006395b7
3187295,EMAIL-7db8006395b7
3187359,EMAIL-05c3ae107b3d
3187365,EMAIL-b71ecbccbf34
3187376,EMAIL-526472e87484
3187431,EMAIL-526472e87484
3187434,EMAIL-05c3ae107b3d
3187437,EMAIL-526472e87484
3187494,EMAIL-526472e87484
3187565,EMAIL-7db8006395b7
3187568,EMAIL-526472e87484
3187600,EMAIL-526472e87484
3187661,EMAIL-526472e87484
3187736,EMAIL-f757a40fae92
3187807,EMAIL-b71ecbccbf34
3187883,EMAIL-7db8006395b7
3187888,EMAIL-526472e87484
3187896,EMAIL-526472e87484
3187933,EMAIL-526472e87484
3187958,EMAIL-601679140412
3187959,EMAIL-601679140412
3187977,EMAIL-601679140412
3187997,EMAIL-526472e87484
3188018,EMAIL-526472e87484
3188058,EMAIL-b71ecbccbf34
3188075,EMAIL-526472e87484
3188165,EMAIL-662b3791aebd
3188226,EMAIL-7db8006395b7
3188244,EMAIL-05c3ae107b3d
3188252,EMAIL-05c3ae107b3d
3188258,EMAIL-526472e87484
3188267,EMAIL-526472e87484
3188305,EMAIL-526472e87484
3188317,EMAIL-526472e87484
3188324,EMAIL-526472e87484
3188329,EMAIL-526472e87484
3188367,EMAIL-526472e87484
3188368,EMAIL-526472e87484
3188386,EMAIL-526472e87484
3188416,EMAIL-526472e87484
3188464,EMAIL-7db8006395b7
3188507,EMAIL-7db8006395b7
3188555,EMAIL-601679140412
3188584,EMAIL-526472e87484
3188602,EMAIL-7db8006395b7
3188603,EMAIL-2c6b2b02a48e
3188650,EMAIL-5cac1ed1c3bd
3188653,EMAIL-3a8e7c5c8069
3188683,EMAIL-3a8e7c5c8069
3188879,EMAIL-47b8593a2f1d
3188894,EMAIL-05c3ae107b3d
3188901,EMAIL-2c6b2b02a48e
3188904,EMAIL-2c6b2b02a48e
3188918,EMAIL-2c6b2b02a48e
3188940,EMAIL-526472e87484
3188967,EMAIL-526472e87484
3188971,EMAIL-526472e87484
3188990,EMAIL-05c3ae107b3d
3189049,EMAIL-7db8006395b7
3189072,EMAIL-526472e87484
3189081,EMAIL-05c3ae107b3d
3189086,EMAIL-7db8006395b7
3189098,EMAIL-526472e87484
3189116,EMAIL-b71ecbccbf34
3189147,EMAIL-05c3ae107b3d
3189179,EMAIL-05c3ae107b3d
3189209,EMAIL-7db8006395b7
3189237,EMAIL-7db8006395b7
3189257,EMAIL-526472e87484
3189276,EMAIL-601679140412
3189310,EMAIL-601679140412
3189351,EMAIL-526472e87484
3189358,EMAIL-526472e87484
3189388,EMAIL-7eeee5f261e7
3189389,EMAIL-526472e87484
3189419,EMAIL-05c3ae107b3d
3189535,EMAIL-526472e87484
3189550,EMAIL-2c6b2b02a48e
3189588,EMAIL-7db8006395b7
3189595,EMAIL-526472e87484
3189596,EMAIL-601679140412
3189608,EMAIL-526472e87484
3189628,EMAIL-7db8006395b7
3189647,EMAIL-526472e87484
3189682,EMAIL-05c3ae107b3d
3189741,EMAIL-7db8006395b7
3189794,EMAIL-526472e87484
3189806,EMAIL-05c3ae107b3d
3189814,EMAIL-05c3ae107b3d
3189840,EMAIL-526472e87484
3189851,EMAIL-b71ecbccbf34
3189865,EMAIL-526472e87484
3189882,EMAIL-526472e87484
3189901,EMAIL-7db8006395b7
3189902,EMAIL-526472e87484
3189919,EMAIL-7db8006395b7
3189933,EMAIL-7db8006395b7
3189937,EMAIL-a45016f2e246
3189947,EMAIL-7db8006395b7
3189948,EMAIL-526472e87484
3189958,EMAIL-5a343157d535
3189969,EMAIL-dfe6a9c7c1a5
3190038,EMAIL-05c3ae107b3d
3190061,EMAIL-526472e87484
3190062,EMAIL-b71ecbccbf34
3190103,EMAIL-526472e87484
3190114,EMAIL-7db8006395b7
3190127,EMAIL-526472e87484
3190167,EMAIL-7db8006395b7
3190191,EMAIL-526472e87484
3190204,EMAIL-7db8006395b7
3190249,EMAIL-526472e87484
3190272,EMAIL-526472e87484
3190307,EMAIL-601679140412
3190308,EMAIL-7db8006395b7
3190314,EMAIL-7db8006395b7
3190319,EMAIL-7db8006395b7
3190323,EMAIL-7db8006395b7
3190328,EMAIL-7db8006395b7
3190367,EMAIL-526472e87484
3190372,EMAIL-526472e87484
3190392,EMAIL-526472e87484
3190408,EMAIL-526472e87484
3190427,EMAIL-526472e87484
3190431,EMAIL-01cc9250b615
3190433,EMAIL-7db8006395b7
3190449,EMAIL-7db8006395b7
3190453,EMAIL-526472e87484
3190461,EMAIL-526472e87484
3190469,EMAIL-7db8006395b7
3190521,EMAIL-b71ecbccbf34
3190549,EMAIL-526472e87484
3190553,EMAIL-05c3ae107b3d
3190572,EMAIL-05c3ae107b3d
3190635,EMAIL-526472e87484
3190651,EMAIL-b71ecbccbf34
3190669,EMAIL-05c3ae107b3d
3190724,EMAIL-b71ecbccbf34
3190758,EMAIL-b71ecbccbf34
3190799,EMAIL-601679140412
3190815,EMAIL-601679140412
3190878,EMAIL-b71ecbccbf34
3190879,EMAIL-b71ecbccbf34
3190880,EMAIL-b71ecbccbf34
3190920,EMAIL-7db8006395b7
3190939,EMAIL-526472e87484
3190956,EMAIL-526472e87484
3190962,EMAIL-7db8006395b7
3191001,EMAIL-526472e87484
3191050,EMAIL-526472e87484
3191068,EMAIL-526472e87484
3191095,EMAIL-526472e87484
3191102,EMAIL-05c3ae107b3d
3191194,EMAIL-b71ecbccbf34
3191201,EMAIL-b71ecbccbf34
3191243,EMAIL-526472e87484
3191256,EMAIL-7db8006395b7
3191285,EMAIL-b71ecbccbf34
3191300,EMAIL-a45016f2e246
3191310,EMAIL-601679140412
3191314,EMAIL-05c3ae107b3d
3191325,EMAIL-6d8c8eb6c5c8
3191366,EMAIL-601679140412
3191382,EMAIL-526472e87484
3191415,EMAIL-526472e87484
3191429,EMAIL-7db8006395b7
3191431,EMAIL-526472e87484
3191457,EMAIL-526472e87484
3191484,EMAIL-526472e87484
3191495,EMAIL-526472e87484
3191532,EMAIL-05c3ae107b3d
3191542,EMAIL-05c3ae107b3d
3191585,EMAIL-526472e87484
3191594,EMAIL-526472e87484
3191620,EMAIL-05c3ae107b3d
3191627,EMAIL-526472e87484
3191634,EMAIL-7db8006395b7
3191636,EMAIL-526472e87484
3191647,EMAIL-7db8006395b7
3191662,EMAIL-05c3ae107b3d
3191684,EMAIL-05c3ae107b3d
3191702,EMAIL-05c3ae107b3d
3191720,EMAIL-b71ecbccbf34
3191738,EMAIL-526472e87484
3191741,EMAIL-7db8006395b7
3191795,EMAIL-526472e87484
3191796,EMAIL-526472e87484
3191847,EMAIL-526472e87484
3191891,EMAIL-2c6b2b02a48e
3191906,EMAIL-526472e87484
3191916,EMAIL-526472e87484
3191959,EMAIL-526472e87484
3191989,EMAIL-526472e87484
3192007,EMAIL-a45016f2e246
3192021,EMAIL-7db8006395b7
3192118,EMAIL-b71ecbccbf34
3192130,EMAIL-526472e87484
3192171,EMAIL-05c3ae107b3d
3192184,EMAIL-7db8006395b7
3192211,EMAIL-7db8006395b7
3192276,EMAIL-601679140412
3192324,EMAIL-b71ecbccbf34
3192346,EMAIL-d1684fe68050
3192359,EMAIL-526472e87484
3192445,EMAIL-05c3ae107b3d
3192468,EMAIL-526472e87484
3192514,EMAIL-7db8006395b7
3192524,EMAIL-526472e87484
3192530,EMAIL-7db8006395b7
3192536,EMAIL-7db8006395b7
3192545,EMAIL-7db8006395b7
3192551,EMAIL-7db8006395b7
3192573,EMAIL-526472e87484
3192574,EMAIL-7db8006395b7
3192584,EMAIL-526472e87484
3192608,EMAIL-526472e87484
3192641,EMAIL-526472e87484
3192656,EMAIL-05c3ae107b3d
3192658,EMAIL-526472e87484
3192680,EMAIL-526472e87484
3192681,EMAIL-7db8006395b7
3192697,EMAIL-7db8006395b7
3192703,EMAIL-526472e87484
3192704,EMAIL-7db8006395b7
3192710,EMAIL-526472e87484
3192711,EMAIL-7db8006395b7
3192868,EMAIL-526472e87484
3192881,EMAIL-526472e87484
3192902,EMAIL-7db8006395b7
3192920,EMAIL-b71ecbccbf34
3193000,EMAIL-526472e87484
3193099,EMAIL-7db8006395b7
3193103,EMAIL-7db8006395b7
3193105,EMAIL-526472e87484
3193112,EMAIL-7db8006395b7
3193117,EMAIL-7db8006395b7
3193144,EMAIL-526472e87484
3193176,EMAIL-a45016f2e246
3193185,EMAIL-526472e87484
3193204,EMAIL-526472e87484
3193220,EMAIL-7db8006395b7
3193231,EMAIL-7db8006395b7
3193240,EMAIL-05c3ae107b3d
3193243,EMAIL-7db8006395b7
3193268,EMAIL-526472e87484
3193273,EMAIL-526472e87484
3193274,EMAIL-526472e87484
3193279,EMAIL-526472e87484
3193286,EMAIL-526472e87484
3193303,EMAIL-7db8006395b7
3193310,EMAIL-526472e87484
3193324,EMAIL-7db8006395b7
3193326,EMAIL-7db8006395b7
3193328,EMAIL-7db8006395b7
3193329,EMAIL-7db8006395b7
3193355,EMAIL-526472e87484
3193411,EMAIL-05c3ae107b3d
3193444,EMAIL-526472e87484
3193452,EMAIL-526472e87484
3193473,EMAIL-526472e87484
3193479,EMAIL-526472e87484
3193490,EMAIL-526472e87484
3193493,EMAIL-c610055e5ed8
3193539,EMAIL-526472e87484
3193542,EMAIL-7db8006395b7
3193654,EMAIL-526472e87484
3193685,EMAIL-526472e87484
3193703,EMAIL-526472e87484
3193705,EMAIL-526472e87484
3193728,EMAIL-526472e87484
3193763,EMAIL-526472e87484
3193776,EMAIL-7db8006395b7
3193846,EMAIL-526472e87484
3193850,EMAIL-601679140412
3193864,EMAIL-7db8006395b7
3193904,EMAIL-601679140412
3193922,EMAIL-526472e87484
3193927,EMAIL-b71ecbccbf34
3193939,EMAIL-7db8006395b7
3193941,EMAIL-7db8006395b7
3193949,EMAIL-526472e87484
3193953,EMAIL-7db8006395b7
3193963,EMAIL-05c3ae107b3d
3193970,EMAIL-7db8006395b7
3193993,EMAIL-05c3ae107b3d
3194021,EMAIL-7db8006395b7
3194038,EMAIL-dfe6a9c7c1a5
3194047,EMAIL-7db8006395b7
3194054,EMAIL-05c3ae107b3d
3194063,EMAIL-7db8006395b7
3194072,EMAIL-526472e87484
3194178,EMAIL-7db8006395b7
3194280,EMAIL-526472e87484
3194317,EMAIL-b71ecbccbf34
3194332,EMAIL-526472e87484
3194351,EMAIL-7db8006395b7
3194354,EMAIL-7db8006395b7
3194410,EMAIL-526472e87484
3194427,EMAIL-3a8e7c5c8069
3194433,EMAIL-7db8006395b7
3194445,EMAIL-526472e87484
3194455,EMAIL-526472e87484
3194528,EMAIL-7db8006395b7
3194531,EMAIL-7db8006395b7
3194566,EMAIL-05c3ae107b3d
3194595,EMAIL-dfe6a9c7c1a5
3194608,EMAIL-601679140412
3194634,EMAIL-601679140412
3194693,EMAIL-05c3ae107b3d
3194785,EMAIL-601679140412
3194798,EMAIL-526472e87484
3194825,EMAIL-526472e87484
3194836,EMAIL-7db8006395b7
3194839,EMAIL-7db8006395b7
3194841,EMAIL-7db8006395b7
3194846,EMAIL-7db8006395b7
3194901,EMAIL-526472e87484
3194942,EMAIL-7db8006395b7
3194953,EMAIL-7db8006395b7
3195028,EMAIL-05c3ae107b3d
3195082,EMAIL-05c3ae107b3d
3195092,EMAIL-7db8006395b7
3195135,EMAIL-526472e87484
3195141,EMAIL-7db8006395b7
3195172,EMAIL-526472e87484
3195178,EMAIL-526472e87484
3195194,EMAIL-526472e87484
3195197,EMAIL-526472e87484
3195201,EMAIL-526472e87484
3195236,EMAIL-526472e87484
3195246,EMAIL-7db8006395b7
3195276,EMAIL-05c3ae107b3d
3195340,EMAIL-526472e87484
3195375,EMAIL-526472e87484
3195393,EMAIL-b71ecbccbf34
3195406,EMAIL-601679140412
3195430,EMAIL-526472e87484
3195447,EMAIL-526472e87484
3195451,EMAIL-526472e87484
3195467,EMAIL-526472e87484
3195534,EMAIL-05c3ae107b3d
3195560,EMAIL-05c3ae107b3d
3195573,EMAIL-7db8006395b7
3195629,EMAIL-601679140412
3195644,EMAIL-b71ecbccbf34
3195731,EMAIL-05c3ae107b3d
3195770,EMAIL-7db8006395b7
3195773,EMAIL-526472e87484
3195805,EMAIL-526472e87484
3195813,EMAIL-526472e87484
3195825,EMAIL-526472e87484
3195839,EMAIL-526472e87484
3195872,EMAIL-b71ecbccbf34
3195902,EMAIL-526472e87484
3195942,EMAIL-526472e87484
3195949,EMAIL-526472e87484
3195953,EMAIL-7db8006395b7
3196019,EMAIL-526472e87484
3196053,EMAIL-05c3ae107b3d
3196129,EMAIL-526472e87484
3196157,EMAIL-526472e87484
3196167,EMAIL-7db8006395b7
3196174,EMAIL-526472e87484
3196197,EMAIL-526472e87484
3196289,EMAIL-526472e87484
3196316,EMAIL-526472e87484
3196320,EMAIL-7db8006395b7
3196432,EMAIL-7db8006395b7
3196449,EMAIL-7db8006395b7
3196460,EMAIL-7db8006395b7
3196538,EMAIL-526472e87484
3196540,EMAIL-526472e87484
3196600,EMAIL-526472e87484
3196617,EMAIL-7db8006395b7
3196643,EMAIL-526472e87484
3196730,EMAIL-526472e87484
3196759,EMAIL-05c3ae107b3d
3196806,EMAIL-526472e87484
3196819,EMAIL-7db8006395b7
3196833,EMAIL-601679140412
3196843,EMAIL-05c3ae107b3d
3196863,EMAIL-526472e87484
3196879,EMAIL-7db8006395b7
3196886,EMAIL-526472e87484
3196889,EMAIL-526472e87484
3196915,EMAIL-526472e87484
3196973,EMAIL-526472e87484
3196981,EMAIL-7db8006395b7
3197049,EMAIL-7db8006395b7
3197053,EMAIL-601679140412
3197094,EMAIL-05c3ae107b3d
3197108,EMAIL-526472e87484
3197113,EMAIL-601679140412
3197197,EMAIL-526472e87484
3197209,EMAIL-526472e87484
3197260,EMAIL-526472e87484
3197315,EMAIL-05c3ae107b3d
3197326,EMAIL-0df48815e896
3197356,EMAIL-0df48815e896
3197455,EMAIL-526472e87484
3197456,EMAIL-7db8006395b7
3197493,EMAIL-526472e87484
3197502,EMAIL-7db8006395b7
3197528,EMAIL-05c3ae107b3d
3197562,EMAIL-526472e87484
3197575,EMAIL-01cc9250b615
3197666,EMAIL-0df48815e896
3197733,EMAIL-7db8006395b7
3197753,EMAIL-526472e87484
3197781,EMAIL-01cc9250b615
3197783,EMAIL-601679140412
3197826,EMAIL-05c3ae107b3d
3197863,EMAIL-526472e87484
3197867,EMAIL-05c3ae107b3d
3197878,EMAIL-05c3ae107b3d
3197906,EMAIL-526472e87484
3197925,EMAIL-05c3ae107b3d
3197938,EMAIL-7db8006395b7
3197994,EMAIL-526472e87484
3197998,EMAIL-7db8006395b7
3198018,EMAIL-526472e87484
3198044,EMAIL-526472e87484
3198053,EMAIL-526472e87484
3198091,EMAIL-526472e87484
3198184,EMAIL-05c3ae107b3d
3198200,EMAIL-7db8006395b7
3198210,EMAIL-601679140412
3198373,EMAIL-601679140412
3198394,EMAIL-526472e87484
3198415,EMAIL-526472e87484
3198442,EMAIL-7db8006395b7
3198460,EMAIL-526472e87484
3198496,EMAIL-526472e87484
3198511,EMAIL-7db8006395b7
3198573,EMAIL-526472e87484
3198584,EMAIL-05c3ae107b3d
3198598,EMAIL-526472e87484
3198623,EMAIL-526472e87484
3198670,EMAIL-7db8006395b7
3198677,EMAIL-526472e87484
3198721,EMAIL-7db8006395b7
3198766,EMAIL-526472e87484
3198788,EMAIL-526472e87484
3198790,EMAIL-526472e87484
3198813,EMAIL-7db8006395b7
3198836,EMAIL-000db143c437
3198844,EMAIL-526472e87484
3198870,EMAIL-05c3ae107b3d
3198900,EMAIL-526472e87484
3198938,EMAIL-7db8006395b7
3198989,EMAIL-526472e87484
3198994,EMAIL-b71ecbccbf34
3199026,EMAIL-526472e87484
3199031,EMAIL-601679140412
3199050,EMAIL-8b942685451d
3199078,EMAIL-601679140412
3199104,EMAIL-a45016f2e246
3199110,EMAIL-05c3ae107b3d
3199111,EMAIL-05c3ae107b3d
3199112,EMAIL-526472e87484
3199166,EMAIL-526472e87484
3199197,EMAIL-2c6b2b02a48e
3199227,EMAIL-05c3ae107b3d
3199246,EMAIL-526472e87484
3199250,EMAIL-dfe6a9c7c1a5
3199263,EMAIL-dfe6a9c7c1a5
3199300,EMAIL-526472e87484
3199424,EMAIL-526472e87484
3199474,EMAIL-05c3ae107b3d
3199514,EMAIL-05c3ae107b3d
3199536,EMAIL-526472e87484
3199603,EMAIL-7db8006395b7
3199611,EMAIL-d1684fe68050
3199657,EMAIL-526472e87484
3199693,EMAIL-526472e87484
3199741,EMAIL-05c3ae107b3d
3199784,EMAIL-a45016f2e246
3199803,EMAIL-05c3ae107b3d
3199813,EMAIL-601679140412
3199827,EMAIL-601679140412
3199828,EMAIL-526472e87484
3199856,EMAIL-601679140412
3199898,EMAIL-01cc9250b615
3199905,EMAIL-526472e87484
3199908,EMAIL-526472e87484
3199935,EMAIL-05c3ae107b3d
3199954,EMAIL-6d8c8eb6c5c8
3200009,EMAIL-7db8006395b7
3200010,EMAIL-b71ecbccbf34
3200025,EMAIL-7db8006395b7
3200073,EMAIL-526472e87484
3200079,EMAIL-7db8006395b7
3200091,EMAIL-7db8006395b7
3200177,EMAIL-601679140412
3200179,EMAIL-7db8006395b7
3200227,EMAIL-526472e87484
3200233,EMAIL-b71ecbccbf34
3200245,EMAIL-526472e87484
3200265,EMAIL-526472e87484
3200302,EMAIL-7db8006395b7
3200315,EMAIL-526472e87484
3200327,EMAIL-526472e87484
3200333,EMAIL-601679140412
3200337,EMAIL-526472e87484
3200342,EMAIL-7db8006395b7
3200386,EMAIL-526472e87484
3200404,EMAIL-7db8006395b7
3200410,EMAIL-601679140412
3200414,EMAIL-601679140412
3200426,EMAIL-8b942685451d
3200432,EMAIL-601679140412
3200437,EMAIL-8b942685451d
3200485,EMAIL-526472e87484
3200496,EMAIL-526472e87484
3200503,EMAIL-526472e87484
3200508,EMAIL-7db8006395b7
3200529,EMAIL-526472e87484
3200700,EMAIL-b71ecbccbf34
3200714,EMAIL-601679140412
3200721,EMAIL-526472e87484
3200770,EMAIL-526472e87484
3200797,EMAIL-7db8006395b7
3200858,EMAIL-526472e87484
3200878,EMAIL-05c3ae107b3d
3200929,EMAIL-526472e87484
3200962,EMAIL-05c3ae107b3d
3200980,EMAIL-05c3ae107b3d
3200991,EMAIL-05c3ae107b3d
3200995,EMAIL-05c3ae107b3d
3201038,EMAIL-05c3ae107b3d
3201084,EMAIL-05c3ae107b3d
3201111,EMAIL-05c3ae107b3d
3201171,EMAIL-05c3ae107b3d
3201203,EMAIL-05c3ae107b3d
3201207,EMAIL-526472e87484
3201223,EMAIL-7db8006395b7
3201231,EMAIL-7db8006395b7
3201254,EMAIL-05c3ae107b3d
3201258,EMAIL-526472e87484
3201260,EMAIL-05c3ae107b3d
3201281,EMAIL-526472e87484
3201347,EMAIL-7db8006395b7
3201354,EMAIL-7db8006395b7
3201389,EMAIL-526472e87484
3201391,EMAIL-526472e87484
3201398,EMAIL-526472e87484
3201461,EMAIL-05c3ae107b3d
3201520,EMAIL-7db8006395b7
3201526,EMAIL-a45016f2e246
3201531,EMAIL-526472e87484
3201588,EMAIL-601679140412
3201589,EMAIL-526472e87484
3201625,EMAIL-526472e87484
3201664,EMAIL-7db8006395b7
3201669,EMAIL-7db8006395b7
3201703,EMAIL-7db8006395b7
3201750,EMAIL-526472e87484
3201773,EMAIL-526472e87484
3201883,EMAIL-01cc9250b615
3201892,EMAIL-7db8006395b7
3201894,EMAIL-05c3ae107b3d
3201905,EMAIL-7db8006395b7
3201927,EMAIL-526472e87484
3201944,EMAIL-526472e87484
3201946,EMAIL-7db8006395b7
3201958,EMAIL-05c3ae107b3d
3201991,EMAIL-7db8006395b7
3201997,EMAIL-526472e87484
3202000,EMAIL-b71ecbccbf34
3202013,EMAIL-05c3ae107b3d
3202018,EMAIL-7db8006395b7
3202021,EMAIL-526472e87484
3202026,EMAIL-526472e87484
3202032,EMAIL-7db8006395b7
3202039,EMAIL-05c3ae107b3d
3202041,EMAIL-526472e87484
3202046,EMAIL-526472e87484
3202049,EMAIL-526472e87484
3202052,EMAIL-05c3ae107b3d
3202107,EMAIL-7db8006395b7
3202174,EMAIL-05c3ae107b3d
3202205,EMAIL-05c3ae107b3d
3202280,EMAIL-05c3ae107b3d
3202300,EMAIL-526472e87484
3202317,EMAIL-b71ecbccbf34
3202331,EMAIL-526472e87484
3202332,EMAIL-526472e87484
3202341,EMAIL-526472e87484
3202373,EMAIL-526472e87484
3202394,EMAIL-05c3ae107b3d
3202540,EMAIL-526472e87484
3202556,EMAIL-526472e87484
3202605,EMAIL-526472e87484
3202624,EMAIL-526472e87484
3202636,EMAIL-601679140412
3202669,EMAIL-b71ecbccbf34
3202678,EMAIL-7db8006395b7
3202679,EMAIL-8b942685451d
3202682,EMAIL-2c6b2b02a48e
3202683,EMAIL-a45016f2e246
3202689,EMAIL-05c3ae107b3d
3202734,EMAIL-526472e87484
3202774,EMAIL-05c3ae107b3d
3202786,EMAIL-05c3ae107b3d
3202834,EMAIL-526472e87484
3202918,EMAIL-526472e87484
3202926,EMAIL-05c3ae107b3d
3202960,EMAIL-526472e87484
3202978,EMAIL-526472e87484
3202986,EMAIL-05c3ae107b3d
3202992,EMAIL-05c3ae107b3d
3202999,EMAIL-601679140412
3203006,EMAIL-05c3ae107b3d
3203039,EMAIL-526472e87484
3203067,EMAIL-526472e87484
3203138,EMAIL-7db8006395b7
3203155,EMAIL-526472e87484
3203181,EMAIL-526472e87484
3203195,EMAIL-601679140412
3203231,EMAIL-526472e87484
3203233,EMAIL-526472e87484
3203315,EMAIL-7db8006395b7
3203372,EMAIL-7db8006395b7
3203397,EMAIL-7db8006395b7
3203427,EMAIL-8b942685451d
3203438,EMAIL-05c3ae107b3d
3203475,EMAIL-7db8006395b7
3203479,EMAIL-7db8006395b7
3203490,EMAIL-f757a40fae92
3203499,EMAIL-d1684fe68050
3203504,EMAIL-526472e87484
3203529,EMAIL-526472e87484
3203581,EMAIL-05c3ae107b3d
3203591,EMAIL-7db8006395b7
3203601,EMAIL-526472e87484
3203671,EMAIL-b71ecbccbf34
3203707,EMAIL-526472e87484
3203713,EMAIL-05c3ae107b3d
3203723,EMAIL-05c3ae107b3d
3203761,EMAIL-526472e87484
3203769,EMAIL-526472e87484
3203784,EMAIL-526472e87484
3203787,EMAIL-526472e87484
3203807,EMAIL-47b8593a2f1d
3203832,EMAIL-7db8006395b7
3203872,EMAIL-05c3ae107b3d
3203891,EMAIL-526472e87484
3203897,EMAIL-05c3ae107b3d
3203948,EMAIL-05c3ae107b3d
3203970,EMAIL-526472e87484
3203992,EMAIL-b71ecbccbf34
3204022,EMAIL-2c6b2b02a48e
3204039,EMAIL-526472e87484
3204073,EMAIL-526472e87484
3204081,EMAIL-7db8006395b7
3204126,EMAIL-7db8006395b7
3204170,EMAIL-526472e87484
3204193,EMAIL-b71ecbccbf34
3204206,EMAIL-526472e87484
3204238,EMAIL-526472e87484
3204299,EMAIL-526472e87484
3204322,EMAIL-05c3ae107b3d
3204550,EMAIL-601679140412
3204575,EMAIL-dfe6a9c7c1a5
3204580,EMAIL-601679140412
3204606,EMAIL-05c3ae107b3d
3204618,EMAIL-526472e87484
3204634,EMAIL-7db8006395b7
3204668,EMAIL-526472e87484
3204675,EMAIL-526472e87484
3204719,EMAIL-7db8006395b7
3204731,EMAIL-01cc9250b615
3204732,EMAIL-526472e87484
3204753,EMAIL-05c3ae107b3d
3204755,EMAIL-526472e87484
3204764,EMAIL-7db8006395b7
3204765,EMAIL-7db8006395b7
3204782,EMAIL-526472e87484
3204809,EMAIL-05c3ae107b3d
3204811,EMAIL-526472e87484
3204837,EMAIL-526472e87484
3204869,EMAIL-526472e87484
3204923,EMAIL-601679140412
3204945,EMAIL-601679140412
3204952,EMAIL-7db8006395b7
3204958,EMAIL-7db8006395b7
3204961,EMAIL-526472e87484
3205038,EMAIL-05c3ae107b3d
3205064,EMAIL-526472e87484
3205075,EMAIL-526472e87484
3205078,EMAIL-b71ecbccbf34
3205153,EMAIL-7db8006395b7
3205164,EMAIL-d1684fe68050
3205225,EMAIL-7db8006395b7
3205255,EMAIL-526472e87484
3205271,EMAIL-7db8006395b7
3205295,EMAIL-526472e87484
3205296,EMAIL-05c3ae107b3d
3205313,EMAIL-7db8006395b7
3205317,EMAIL-05c3ae107b3d
3205433,EMAIL-601679140412
3205458,EMAIL-526472e87484
3205463,EMAIL-601679140412
3205486,EMAIL-526472e87484
3205509,EMAIL-526472e87484
3205588,EMAIL-526472e87484
3205620,EMAIL-b71ecbccbf34
3205621,EMAIL-7db8006395b7
3205798,EMAIL-05c3ae107b3d
3205812,EMAIL-526472e87484
3205834,EMAIL-7db8006395b7
3205867,EMAIL-526472e87484
3205908,EMAIL-7db8006395b7
3205919,EMAIL-526472e87484
3205946,EMAIL-526472e87484
3205948,EMAIL-601679140412
3206045,EMAIL-7db8006395b7
3206047,EMAIL-526472e87484
3206051,EMAIL-2c6b2b02a48e
3206071,EMAIL-7db8006395b7
3206085,EMAIL-526472e87484
3206090,EMAIL-526472e87484
3206106,EMAIL-b71ecbccbf34
3206119,EMAIL-7db8006395b7
3206141,EMAIL-7db8006395b7
3206151,EMAIL-526472e87484
3206154,EMAIL-f757a40fae92
3206171,EMAIL-7db8006395b7
3206187,EMAIL-05c3ae107b3d
3206195,EMAIL-526472e87484
3206207,EMAIL-526472e87484
3206212,EMAIL-7db8006395b7
3206213,EMAIL-7db8006395b7
3206218,EMAIL-7db8006395b7
3206247,EMAIL-526472e87484
3206258,EMAIL-7db8006395b7
3206261,EMAIL-526472e87484
3206328,EMAIL-526472e87484
3206344,EMAIL-526472e87484
3206350,EMAIL-526472e87484
3206364,EMAIL-526472e87484
3206378,EMAIL-7db8006395b7
3206391,EMAIL-526472e87484
3206394,EMAIL-526472e87484
3206411,EMAIL-7db8006395b7
3206430,EMAIL-7eeee5f261e7
3206435,EMAIL-526472e87484
3206575,EMAIL-526472e87484
3206616,EMAIL-05c3ae107b3d
3206633,EMAIL-05c3ae107b3d
3206675,EMAIL-05c3ae107b3d
3206720,EMAIL-526472e87484
3206767,EMAIL-526472e87484
3206768,EMAIL-526472e87484
3206779,EMAIL-3a8e7c5c8069
3206824,EMAIL-7db8006395b7
3206829,EMAIL-526472e87484
3206900,EMAIL-7db8006395b7
3206906,EMAIL-7db8006395b7
3206907,EMAIL-601679140412
3206916,EMAIL-526472e87484
3206971,EMAIL-7db8006395b7
3206999,EMAIL-05c3ae107b3d
3207009,EMAIL-7db8006395b7
3207013,EMAIL-526472e87484
3207044,EMAIL-526472e87484
3207056,EMAIL-47b8593a2f1d
3207059,EMAIL-526472e87484
3207065,EMAIL-7db8006395b7
3207069,EMAIL-526472e87484
3207075,EMAIL-526472e87484
3207084,EMAIL-526472e87484
3207098,EMAIL-526472e87484
3207110,EMAIL-47b8593a2f1d
3207112,EMAIL-7db8006395b7
3207130,EMAIL-dfe6a9c7c1a5
3207135,EMAIL-dfe6a9c7c1a5
3207147,EMAIL-7db8006395b7
3207164,EMAIL-526472e87484
3207171,EMAIL-47b8593a2f1d
3207173,EMAIL-7db8006395b7
3207176,EMAIL-526472e87484
3207183,EMAIL-526472e87484
3207191,EMAIL-526472e87484
3207196,EMAIL-526472e87484
3207206,EMAIL-526472e87484
3207217,EMAIL-526472e87484
3207221,EMAIL-b71ecbccbf34
3207238,EMAIL-526472e87484
3207305,EMAIL-526472e87484
3207322,EMAIL-526472e87484
3207326,EMAIL-526472e87484
3207341,EMAIL-526472e87484
3207358,EMAIL-601679140412
3207387,EMAIL-601679140412
3207390,EMAIL-526472e87484
3207399,EMAIL-526472e87484
3207405,EMAIL-a45016f2e246
3207452,EMAIL-7db8006395b7
3207466,EMAIL-526472e87484
3207487,EMAIL-526472e87484
3207489,EMAIL-7db8006395b7
3207490,EMAIL-526472e87484
3207493,EMAIL-526472e87484
3207539,EMAIL-7db8006395b7
3207580,EMAIL-601679140412
3207586,EMAIL-526472e87484
3207614,EMAIL-7db8006395b7
3207723,EMAIL-05c3ae107b3d
3207755,EMAIL-601679140412
3207770,EMAIL-05c3ae107b3d
3207795,EMAIL-05c3ae107b3d
3207871,EMAIL-526472e87484
3207879,EMAIL-05c3ae107b3d
3207915,EMAIL-05c3ae107b3d
3207933,EMAIL-526472e87484
3207935,EMAIL-526472e87484
3207980,EMAIL-b71ecbccbf34
3207993,EMAIL-b71ecbccbf34
3208060,EMAIL-526472e87484
3208117,EMAIL-a45016f2e246
3208139,EMAIL-526472e87484
3208150,EMAIL-601679140412
3208167,EMAIL-526472e87484
3208177,EMAIL-526472e87484
3208185,EMAIL-526472e87484
3208195,EMAIL-526472e87484
3208201,EMAIL-5a343157d535
3208221,EMAIL-7db8006395b7
3208231,EMAIL-05c3ae107b3d
3208318,EMAIL-7db8006395b7
3208321,EMAIL-7db8006395b7
3208334,EMAIL-7db8006395b7
3208343,EMAIL-7db8006395b7
3208345,EMAIL-7db8006395b7
3208351,EMAIL-7db8006395b7
3208358,EMAIL-7db8006395b7
3208360,EMAIL-7db8006395b7
3208370,EMAIL-7db8006395b7
3208387,EMAIL-7db8006395b7
3208390,EMAIL-7db8006395b7
3208406,EMAIL-7db8006395b7
3208433,EMAIL-7db8006395b7
3208467,EMAIL-526472e87484
3208513,EMAIL-526472e87484
3208635,EMAIL-b71ecbccbf34
3208749,EMAIL-b71ecbccbf34
3208750,EMAIL-b71ecbccbf34
3208778,EMAIL-7db8006395b7
3208790,EMAIL-b71ecbccbf34
3208799,EMAIL-601679140412
3208875,EMAIL-7db8006395b7
3208895,EMAIL-01cc9250b615
3208929,EMAIL-526472e87484
3208944,EMAIL-526472e87484
3208955,EMAIL-7db8006395b7
3208969,EMAIL-526472e87484
3208988,EMAIL-526472e87484
3208990,EMAIL-b71ecbccbf34
3209037,EMAIL-7db8006395b7
3209038,EMAIL-05c3ae107b3d
3209061,EMAIL-526472e87484
3209077,EMAIL-526472e87484
3209100,EMAIL-526472e87484
3209115,EMAIL-526472e87484
3209121,EMAIL-526472e87484
3209142,EMAIL-b71ecbccbf34
3209154,EMAIL-7db8006395b7
3209160,EMAIL-526472e87484
3209214,EMAIL-7db8006395b7
3209243,EMAIL-601679140412
3209247,EMAIL-7db8006395b7
3209261,EMAIL-d1684fe68050
3209268,EMAIL-7db8006395b7
3209349,EMAIL-7db8006395b7
3209422,EMAIL-7db8006395b7
3209467,EMAIL-526472e87484
3209521,EMAIL-05c3ae107b3d
3209586,EMAIL-601679140412
3209673,EMAIL-526472e87484
3209716,EMAIL-a45016f2e246
3209721,EMAIL-526472e87484
3209768,EMAIL-526472e87484
3209774,EMAIL-a45016f2e246
3209784,EMAIL-a45016f2e246
3209861,EMAIL-7eeee5f261e7
3209886,EMAIL-05c3ae107b3d
3209905,EMAIL-526472e87484
3209936,EMAIL-526472e87484
3209965,EMAIL-526472e87484
3209967,EMAIL-05c3ae107b3d
3210016,EMAIL-526472e87484
3210043,EMAIL-526472e87484
3210047,EMAIL-526472e87484
3210066,EMAIL-526472e87484
3210110,EMAIL-526472e87484
3210150,EMAIL-7eeee5f261e7
3210183,EMAIL-526472e87484
3210203,EMAIL-601679140412
3210210,EMAIL-7db8006395b7
3210257,EMAIL-dfe6a9c7c1a5
3210277,EMAIL-1221ee4a23d4
3210285,EMAIL-526472e87484
3210296,EMAIL-7db8006395b7
3210304,EMAIL-7db8006395b7
3210314,EMAIL-7db8006395b7
3210366,EMAIL-7db8006395b7
3210372,EMAIL-05c3ae107b3d
3210377,EMAIL-526472e87484
3210383,EMAIL-05c3ae107b3d
3210393,EMAIL-05c3ae107b3d
3210400,EMAIL-05c3ae107b3d
3210414,EMAIL-7db8006395b7
3210431,EMAIL-526472e87484
3210435,EMAIL-7db8006395b7
3210436,EMAIL-526472e87484
3210447,EMAIL-05c3ae107b3d
3210458,EMAIL-526472e87484
3210460,EMAIL-526472e87484
3210467,EMAIL-526472e87484
3210481,EMAIL-526472e87484
3210518,EMAIL-05c3ae107b3d
3210537,EMAIL-526472e87484
3210587,EMAIL-526472e87484
3210594,EMAIL-526472e87484
3210617,EMAIL-526472e87484
3210716,EMAIL-526472e87484
3210717,EMAIL-526472e87484
3210719,EMAIL-000db143c437
3210724,EMAIL-05c3ae107b3d
3210825,EMAIL-b71ecbccbf34
3210840,EMAIL-a45016f2e246
3210884,EMAIL-526472e87484
3210945,EMAIL-5a343157d535
3210947,EMAIL-526472e87484
3210949,EMAIL-601679140412
3210977,EMAIL-601679140412
3210992,EMAIL-526472e87484
3211003,EMAIL-526472e87484
3211017,EMAIL-526472e87484
3211026,EMAIL-526472e87484
3211027,EMAIL-526472e87484
3211050,EMAIL-526472e87484
3211111,EMAIL-05c3ae107b3d
3211117,EMAIL-526472e87484
3211264,EMAIL-a45016f2e246
3211273,EMAIL-a45016f2e246
3211281,EMAIL-3a8e7c5c8069
3211339,EMAIL-05c3ae107b3d
3211347,EMAIL-a45016f2e246
3211349,EMAIL-526472e87484
3211350,EMAIL-526472e87484
3211389,EMAIL-b71ecbccbf34
3211400,EMAIL-b71ecbccbf34
3211409,EMAIL-526472e87484
3211415,EMAIL-a45016f2e246
3211421,EMAIL-05c3ae107b3d
3211438,EMAIL-a45016f2e246
3211439,EMAIL-526472e87484
3211443,EMAIL-05c3ae107b3d
3211449,EMAIL-b71ecbccbf34
3211482,EMAIL-05c3ae107b3d
3211509,EMAIL-05c3ae107b3d
3211514,EMAIL-01cc9250b615
3211558,EMAIL-526472e87484
3211583,EMAIL-526472e87484
3211621,EMAIL-b71ecbccbf34
3211626,EMAIL-7db8006395b7
3211628,EMAIL-526472e87484
3211638,EMAIL-526472e87484
3211649,EMAIL-05c3ae107b3d
3211656,EMAIL-526472e87484
3211728,EMAIL-05c3ae107b3d
3211763,EMAIL-526472e87484
3211765,EMAIL-f757a40fae92
3211791,EMAIL-05c3ae107b3d
3211861,EMAIL-526472e87484
3211871,EMAIL-526472e87484
3211925,EMAIL-05c3ae107b3d
3211931,EMAIL-7db8006395b7
3211951,EMAIL-526472e87484
3211981,EMAIL-526472e87484
3212025,EMAIL-526472e87484
3212028,EMAIL-7db8006395b7
3212048,EMAIL-526472e87484
3212082,EMAIL-7db8006395b7
3212171,EMAIL-526472e87484
3212202,EMAIL-601679140412
3212226,EMAIL-601679140412
3212243,EMAIL-01cc9250b615
3212304,EMAIL-526472e87484
3212334,EMAIL-526472e87484
3212344,EMAIL-526472e87484
3212388,EMAIL-526472e87484
3212414,EMAIL-7db8006395b7
3212480,EMAIL-526472e87484
3212546,EMAIL-7db8006395b7
3212548,EMAIL-601679140412
3212598,EMAIL-b71ecbccbf34
3212641,EMAIL-a45016f2e246
3212668,EMAIL-05c3ae107b3d
3212689,EMAIL-7db8006395b7
3212696,EMAIL-05c3ae107b3d
3212734,EMAIL-526472e87484
3212795,EMAIL-7db8006395b7
3212819,EMAIL-526472e87484
3212887,EMAIL-f757a40fae92
3212892,EMAIL-526472e87484
3212925,EMAIL-526472e87484
3212971,EMAIL-b71ecbccbf34
3213025,EMAIL-7db8006395b7
3213038,EMAIL-dfe6a9c7c1a5
3213089,EMAIL-526472e87484
3213106,EMAIL-05c3ae107b3d
3213116,EMAIL-7db8006395b7
3213177,EMAIL-526472e87484
3213192,EMAIL-526472e87484
3213205,EMAIL-526472e87484
3213234,EMAIL-7db8006395b7
3213288,EMAIL-7db8006395b7
3213295,EMAIL-526472e87484
3213312,EMAIL-526472e87484
3213409,EMAIL-05c3ae107b3d
3213435,EMAIL-05c3ae107b3d
3213458,EMAIL-601679140412
3213520,EMAIL-7db8006395b7
3213552,EMAIL-526472e87484
3213569,EMAIL-05c3ae107b3d
3213575,EMAIL-b71ecbccbf34
3213579,EMAIL-526472e87484
3213583,EMAIL-526472e87484
3213594,EMAIL-dfe6a9c7c1a5
3213627,EMAIL-b71ecbccbf34
3213638,EMAIL-7db8006395b7
3213733,EMAIL-601679140412
3213801,EMAIL-526472e87484
3213823,EMAIL-b71ecbccbf34
3213858,EMAIL-526472e87484
3213871,EMAIL-2c6b2b02a48e
3213894,EMAIL-2c6b2b02a48e
3213902,EMAIL-526472e87484
3213936,EMAIL-526472e87484
3213937,EMAIL-526472e87484
3213942,EMAIL-2c6b2b02a48e
3213962,EMAIL-2c6b2b02a48e
3213983,EMAIL-7db8006395b7
3213999,EMAIL-526472e87484
3214049,EMAIL-2c6b2b02a48e
3214142,EMAIL-526472e87484
3214180,EMAIL-601679140412
3214182,EMAIL-601679140412
3214204,EMAIL-dfe6a9c7c1a5
3214214,EMAIL-7db8006395b7
3214246,EMAIL-526472e87484
3214274,EMAIL-05c3ae107b3d
3214278,EMAIL-7db8006395b7
3214394,EMAIL-b71ecbccbf34
3214431,EMAIL-b71ecbccbf34
3214436,EMAIL-b71ecbccbf34
3214467,EMAIL-b71ecbccbf34
3214471,EMAIL-601679140412
3214504,EMAIL-526472e87484
3214525,EMAIL-05c3ae107b3d
3214550,EMAIL-526472e87484
3214575,EMAIL-601679140412
3214589,EMAIL-526472e87484
3214602,EMAIL-b71ecbccbf34
3214693,EMAIL-7db8006395b7
3214695,EMAIL-526472e87484
3214811,EMAIL-7db8006395b7
3214852,EMAIL-b71ecbccbf34
3214874,EMAIL-526472e87484
3214904,EMAIL-7db8006395b7
3214908,EMAIL-7db8006395b7
3214978,EMAIL-526472e87484
3214997,EMAIL-526472e87484
3215069,EMAIL-526472e87484
3215075,EMAIL-05c3ae107b3d
3215105,EMAIL-526472e87484
3215113,EMAIL-b71ecbccbf34
3215201,EMAIL-7db8006395b7
3215226,EMAIL-526472e87484
3215236,EMAIL-7db8006395b7
3215277,EMAIL-601679140412
3215278,EMAIL-7db8006395b7
3215291,EMAIL-a45016f2e246
3215300,EMAIL-526472e87484
3215392,EMAIL-7db8006395b7
3215401,EMAIL-7db8006395b7
3215420,EMAIL-7db8006395b7
3215431,EMAIL-526472e87484
3215461,EMAIL-05c3ae107b3d
3215465,EMAIL-526472e87484
3215478,EMAIL-7db8006395b7
3215495,EMAIL-05c3ae107b3d
3215504,EMAIL-526472e87484
3215563,EMAIL-601679140412
3215567,EMAIL-7db8006395b7
3215582,EMAIL-526472e87484
3215616,EMAIL-526472e87484
3215625,EMAIL-526472e87484
3215629,EMAIL-526472e87484
3215642,EMAIL-526472e87484
3215649,EMAIL-05c3ae107b3d
3215663,EMAIL-7db8006395b7
3215669,EMAIL-526472e87484
3215680,EMAIL-05c3ae107b3d
3215682,EMAIL-526472e87484
3215689,EMAIL-526472e87484
3215691,EMAIL-526472e87484
3215693,EMAIL-526472e87484
3215700,EMAIL-7db8006395b7
3215713,EMAIL-526472e87484
3215721,EMAIL-526472e87484
3215722,EMAIL-526472e87484
3215726,EMAIL-526472e87484
3215727,EMAIL-7eeee5f261e7
3215778,EMAIL-dfe6a9c7c1a5
3215830,EMAIL-526472e87484
3215846,EMAIL-7db8006395b7
3215874,EMAIL-7db8006395b7
3215880,EMAIL-526472e87484
3215889,EMAIL-7db8006395b7
3215920,EMAIL-526472e87484
3215928,EMAIL-526472e87484
3216008,EMAIL-526472e87484
3216030,EMAIL-7db8006395b7
3216041,EMAIL-601679140412
3216051,EMAIL-601679140412
3216052,EMAIL-526472e87484
3216054,EMAIL-526472e87484
3216072,EMAIL-d1684fe68050
3216075,EMAIL-7db8006395b7
3216077,EMAIL-7db8006395b7
3216086,EMAIL-a45016f2e246
3216116,EMAIL-7db8006395b7
3216125,EMAIL-526472e87484
3216128,EMAIL-7db8006395b7
3216170,EMAIL-7db8006395b7
3216227,EMAIL-526472e87484
3216259,EMAIL-526472e87484
3216263,EMAIL-7db8006395b7
3216333,EMAIL-05c3ae107b3d
3216343,EMAIL-7db8006395b7
3216407,EMAIL-05c3ae107b3d
3216437,EMAIL-526472e87484
3216446,EMAIL-601679140412
3216475,EMAIL-b71ecbccbf34
3216494,EMAIL-05c3ae107b3d
3216536,EMAIL-b71ecbccbf34
3216556,EMAIL-7db8006395b7
3216589,EMAIL-526472e87484
3216598,EMAIL-526472e87484
3216611,EMAIL-7db8006395b7
3216621,EMAIL-526472e87484
3216650,EMAIL-05c3ae107b3d
3216656,EMAIL-7db8006395b7
3216676,EMAIL-601679140412
3216701,EMAIL-526472e87484
3216732,EMAIL-526472e87484
3216737,EMAIL-05c3ae107b3d
3216817,EMAIL-601679140412
3216853,EMAIL-526472e87484
3216904,EMAIL-526472e87484
3216914,EMAIL-05c3ae107b3d
3216964,EMAIL-7db8006395b7
3216970,EMAIL-526472e87484
3216977,EMAIL-d1684fe68050
3217043,EMAIL-b71ecbccbf34
3217048,EMAIL-05c3ae107b3d
3217055,EMAIL-05c3ae107b3d
3217059,EMAIL-7db8006395b7
3217061,EMAIL-7db8006395b7
3217142,EMAIL-7db8006395b7
3217150,EMAIL-526472e87484
3217154,EMAIL-526472e87484
3217177,EMAIL-05c3ae107b3d
3217200,EMAIL-526472e87484
3217205,EMAIL-7db8006395b7
3217216,EMAIL-7db8006395b7
3217224,EMAIL-7db8006395b7
3217232,EMAIL-d1684fe68050
3217331,EMAIL-526472e87484
3217353,EMAIL-7db8006395b7
3217410,EMAIL-b71ecbccbf34
3217411,EMAIL-05c3ae107b3d
3217438,EMAIL-601679140412
3217444,EMAIL-b71ecbccbf34
3217464,EMAIL-526472e87484
3217514,EMAIL-526472e87484
3217552,EMAIL-526472e87484
3217559,EMAIL-b71ecbccbf34
3217581,EMAIL-05c3ae107b3d
3217610,EMAIL-7db8006395b7
3217684,EMAIL-b71ecbccbf34
3217717,EMAIL-05c3ae107b3d
3217759,EMAIL-526472e87484
3217792,EMAIL-601679140412
3217796,EMAIL-7db8006395b7
3217825,EMAIL-526472e87484
3217874,EMAIL-7db8006395b7
3217963,EMAIL-7db8006395b7
3217967,EMAIL-601679140412
3217980,EMAIL-601679140412
3217989,EMAIL-526472e87484
3218028,EMAIL-b71ecbccbf34
3218030,EMAIL-526472e87484
3218045,EMAIL-601679140412
3218114,EMAIL-b71ecbccbf34
3218216,EMAIL-526472e87484
3218240,EMAIL-601679140412
3218281,EMAIL-526472e87484
3218360,EMAIL-b71ecbccbf34
3218368,EMAIL-7db8006395b7
3218379,EMAIL-05c3ae107b3d
3218385,EMAIL-7db8006395b7
3218388,EMAIL-526472e87484
3218390,EMAIL-7db8006395b7
3218420,EMAIL-7db8006395b7
3218498,EMAIL-7db8006395b7
3218528,EMAIL-05c3ae107b3d
3218537,EMAIL-526472e87484
3218551,EMAIL-526472e87484
3218572,EMAIL-7db8006395b7
3218573,EMAIL-01cc9250b615
3218663,EMAIL-526472e87484
3218703,EMAIL-05c3ae107b3d
3218732,EMAIL-526472e87484
3218745,EMAIL-7db8006395b7
3218747,EMAIL-3a8e7c5c8069
3218797,EMAIL-526472e87484
3218814,EMAIL-526472e87484
3218850,EMAIL-7db8006395b7
3218864,EMAIL-7db8006395b7
3218878,EMAIL-7db8006395b7
3218904,EMAIL-526472e87484
3218910,EMAIL-7db8006395b7
3218926,EMAIL-7eeee5f261e7
3218929,EMAIL-526472e87484
3218945,EMAIL-7eeee5f261e7
3218950,EMAIL-526472e87484
3218959,EMAIL-d1684fe68050
3218961,EMAIL-526472e87484
3218978,EMAIL-601679140412
3218980,EMAIL-7db8006395b7
3218985,EMAIL-601679140412
3218993,EMAIL-7db8006395b7
3219008,EMAIL-7db8006395b7
3219016,EMAIL-a45016f2e246
3219034,EMAIL-7db8006395b7
3219038,EMAIL-7db8006395b7
3219051,EMAIL-526472e87484
3219056,EMAIL-0df48815e896
3219057,EMAIL-2c6b2b02a48e
3219066,EMAIL-526472e87484
3219084,EMAIL-526472e87484
3219090,EMAIL-a45016f2e246
3219144,EMAIL-b71ecbccbf34
3219226,EMAIL-526472e87484
3219270,EMAIL-05c3ae107b3d
3219279,EMAIL-526472e87484
3219352,EMAIL-05c3ae107b3d
3219452,EMAIL-526472e87484
3219562,EMAIL-526472e87484
3219583,EMAIL-526472e87484
3219604,EMAIL-7db8006395b7
3219607,EMAIL-526472e87484
3219627,EMAIL-526472e87484
3219642,EMAIL-601679140412
3219649,EMAIL-526472e87484
3219660,EMAIL-526472e87484
3219682,EMAIL-601679140412
3219687,EMAIL-526472e87484
3219688,EMAIL-05c3ae107b3d
3219775,EMAIL-526472e87484
3219812,EMAIL-023f08585708
3219863,EMAIL-601679140412
3219866,EMAIL-526472e87484
3219894,EMAIL-b71ecbccbf34
3219945,EMAIL-526472e87484
3219951,EMAIL-526472e87484
3219960,EMAIL-601679140412
3219965,EMAIL-526472e87484
3219970,EMAIL-526472e87484
3220079,EMAIL-526472e87484
3220129,EMAIL-7db8006395b7
3220136,EMAIL-526472e87484
3220172,EMAIL-05c3ae107b3d
3220174,EMAIL-05c3ae107b3d
3220215,EMAIL-7db8006395b7
3220253,EMAIL-05c3ae107b3d
3220260,EMAIL-05c3ae107b3d
3220265,EMAIL-601679140412
3220271,EMAIL-01cc9250b615
3220284,EMAIL-05c3ae107b3d
3220442,EMAIL-05c3ae107b3d
3220456,EMAIL-023f08585708
3220480,EMAIL-526472e87484
3220527,EMAIL-526472e87484
3220541,EMAIL-526472e87484
3220588,EMAIL-05c3ae107b3d
3220722,EMAIL-6d8c8eb6c5c8
3220745,EMAIL-6d8c8eb6c5c8
3220757,EMAIL-6d8c8eb6c5c8
3220766,EMAIL-526472e87484
3220814,EMAIL-05c3ae107b3d
3220832,EMAIL-05c3ae107b3d
3220842,EMAIL-526472e87484
3220870,EMAIL-05c3ae107b3d
3220911,EMAIL-05c3ae107b3d
3220950,EMAIL-7db8006395b7
3220957,EMAIL-05c3ae107b3d
3220983,EMAIL-7db8006395b7
3221006,EMAIL-526472e87484
3221015,EMAIL-526472e87484
3221022,EMAIL-05c3ae107b3d
3221038,EMAIL-f757a40fae92
3221067,EMAIL-526472e87484
3221142,EMAIL-7db8006395b7
3221145,EMAIL-526472e87484
3221216,EMAIL-526472e87484
3221225,EMAIL-526472e87484
3221235,EMAIL-526472e87484
3221242,EMAIL-526472e87484
3221245,EMAIL-601679140412
3221262,EMAIL-526472e87484
3221294,EMAIL-05c3ae107b3d
3221304,EMAIL-526472e87484
3221307,EMAIL-526472e87484
3221323,EMAIL-526472e87484
3221339,EMAIL-05c3ae107b3d
3221367,EMAIL-526472e87484
3221369,EMAIL-526472e87484
3221375,EMAIL-7db8006395b7
3221400,EMAIL-05c3ae107b3d
3221406,EMAIL-05c3ae107b3d
3221411,EMAIL-526472e87484
3221449,EMAIL-7db8006395b7
3221452,EMAIL-7db8006395b7
3221455,EMAIL-601679140412
3221484,EMAIL-526472e87484
3221487,EMAIL-7db8006395b7
3221507,EMAIL-7db8006395b7
3221514,EMAIL-526472e87484
3221556,EMAIL-526472e87484
3221579,EMAIL-7db8006395b7
3221601,EMAIL-7db8006395b7
3221621,EMAIL-7db8006395b7
3221622,EMAIL-b71ecbccbf34
3221624,EMAIL-05c3ae107b3d
3221636,EMAIL-601679140412
3221638,EMAIL-b71ecbccbf34
3221702,EMAIL-7db8006395b7
3221728,EMAIL-601679140412
3221752,EMAIL-601679140412
3221753,EMAIL-b71ecbccbf34
3221767,EMAIL-526472e87484
3221793,EMAIL-7db8006395b7
3221818,EMAIL-05c3ae107b3d
3221840,EMAIL-05c3ae107b3d
3221862,EMAIL-526472e87484
3221880,EMAIL-05c3ae107b3d
3221884,EMAIL-7db8006395b7
3221898,EMAIL-526472e87484
3221929,EMAIL-526472e87484
3221938,EMAIL-526472e87484
3221941,EMAIL-601679140412
3221947,EMAIL-526472e87484
3221952,EMAIL-601679140412
3221955,EMAIL-526472e87484
3221964,EMAIL-7db8006395b7
3221977,EMAIL-7db8006395b7
3222042,EMAIL-7db8006395b7
3222056,EMAIL-526472e87484
3222065,EMAIL-526472e87484
3222072,EMAIL-05c3ae107b3d
3222111,EMAIL-b71ecbccbf34
3222179,EMAIL-526472e87484
3222182,EMAIL-05c3ae107b3d
3222208,EMAIL-601679140412
3222219,EMAIL-526472e87484
3222220,EMAIL-526472e87484
3222242,EMAIL-526472e87484
3222264,EMAIL-526472e87484
3222339,EMAIL-05c3ae107b3d
3222360,EMAIL-b71ecbccbf34
3222387,EMAIL-05c3ae107b3d
3222393,EMAIL-05c3ae107b3d
3222410,EMAIL-526472e87484
3222430,EMAIL-526472e87484
3222444,EMAIL-b71ecbccbf34
3222465,EMAIL-05c3ae107b3d
3222470,EMAIL-7db8006395b7
3222624,EMAIL-526472e87484
3222639,EMAIL-526472e87484
3222657,EMAIL-526472e87484
3222744,EMAIL-9f7909255943
3222830,EMAIL-526472e87484
3222833,EMAIL-05c3ae107b3d
3222897,EMAIL-7db8006395b7
3222928,EMAIL-526472e87484
3222933,EMAIL-7db8006395b7
3222992,EMAIL-601679140412
3223005,EMAIL-526472e87484
3223035,EMAIL-05c3ae107b3d
3223040,EMAIL-b71ecbccbf34
3223051,EMAIL-7db8006395b7
3223070,EMAIL-526472e87484
3223124,EMAIL-526472e87484
3223138,EMAIL-05c3ae107b3d
3223217,EMAIL-526472e87484
3223236,EMAIL-05c3ae107b3d
3223283,EMAIL-526472e87484
3223300,EMAIL-05c3ae107b3d
3223332,EMAIL-662b3791aebd
3223338,EMAIL-601679140412
3223341,EMAIL-526472e87484
3223345,EMAIL-7db8006395b7
3223382,EMAIL-526472e87484
3223417,EMAIL-7eeee5f261e7
3223420,EMAIL-526472e87484
3223432,EMAIL-7db8006395b7
3223441,EMAIL-526472e87484
3223444,EMAIL-526472e87484
3223461,EMAIL-05c3ae107b3d
3223477,EMAIL-05c3ae107b3d
3223495,EMAIL-601679140412
3223543,EMAIL-b71ecbccbf34
3223584,EMAIL-7db8006395b7
3223612,EMAIL-526472e87484
3223618,EMAIL-05c3ae107b3d
3223619,EMAIL-05c3ae107b3d
3223625,EMAIL-526472e87484
3223654,EMAIL-526472e87484
3223681,EMAIL-526472e87484
3223723,EMAIL-b71ecbccbf34
3223783,EMAIL-01cc9250b615
3223790,EMAIL-526472e87484
3223794,EMAIL-7db8006395b7
3223811,EMAIL-dfe6a9c7c1a5
3223842,EMAIL-526472e87484
3223870,EMAIL-05c3ae107b3d
3223889,EMAIL-601679140412
3223924,EMAIL-526472e87484
3223968,EMAIL-b71ecbccbf34
3224003,EMAIL-dfe6a9c7c1a5
3224064,EMAIL-7db8006395b7
3224075,EMAIL-05c3ae107b3d
3224136,EMAIL-526472e87484
3224167,EMAIL-7db8006395b7
3224181,EMAIL-7db8006395b7
3224184,EMAIL-7db8006395b7
3224220,EMAIL-526472e87484
3224239,EMAIL-05c3ae107b3d
3224259,EMAIL-526472e87484
3224261,EMAIL-7db8006395b7
3224275,EMAIL-7db8006395b7
3224284,EMAIL-05c3ae107b3d
3224305,EMAIL-7db8006395b7
3224356,EMAIL-526472e87484
3224359,EMAIL-526472e87484
3224363,EMAIL-7db8006395b7
3224392,EMAIL-dfe6a9c7c1a5
3224407,EMAIL-526472e87484
3224421,EMAIL-526472e87484
3224427,EMAIL-dfe6a9c7c1a5
3224432,EMAIL-7db8006395b7
3224446,EMAIL-7db8006395b7
3224452,EMAIL-526472e87484
3224564,EMAIL-8b942685451d
3224569,EMAIL-526472e87484
3224570,EMAIL-526472e87484
3224582,EMAIL-526472e87484
3224609,EMAIL-7db8006395b7
3224628,EMAIL-05c3ae107b3d
3224630,EMAIL-526472e87484
3224632,EMAIL-7db8006395b7
3224638,EMAIL-7db8006395b7
3224644,EMAIL-7db8006395b7
3224654,EMAIL-7db8006395b7
3224657,EMAIL-7db8006395b7
3224665,EMAIL-7db8006395b7
3224673,EMAIL-7db8006395b7
3224676,EMAIL-7db8006395b7
3224679,EMAIL-7db8006395b7
3224694,EMAIL-526472e87484
3224695,EMAIL-7db8006395b7
3224703,EMAIL-7db8006395b7
3224728,EMAIL-7db8006395b7
3224733,EMAIL-601679140412
3224745,EMAIL-7db8006395b7
3224762,EMAIL-7db8006395b7
3224766,EMAIL-526472e87484
3224785,EMAIL-526472e87484
3224792,EMAIL-526472e87484
3224794,EMAIL-b71ecbccbf34
3224796,EMAIL-526472e87484
3224803,EMAIL-526472e87484
3224812,EMAIL-7db8006395b7
3224815,EMAIL-7db8006395b7
3224816,EMAIL-05c3ae107b3d
3224822,EMAIL-7db8006395b7
3224840,EMAIL-7db8006395b7
3224842,EMAIL-b71ecbccbf34
3224847,EMAIL-b71ecbccbf34
3224909,EMAIL-7db8006395b7
3224965,EMAIL-b71ecbccbf34
3225010,EMAIL-526472e87484
3225038,EMAIL-526472e87484
3225071,EMAIL-b71ecbccbf34
3225102,EMAIL-7db8006395b7
3225109,EMAIL-526472e87484
3225120,EMAIL-526472e87484
3225123,EMAIL-05c3ae107b3d
3225152,EMAIL-526472e87484
3225172,EMAIL-526472e87484
3225184,EMAIL-526472e87484
3225279,EMAIL-7db8006395b7
3225350,EMAIL-526472e87484
3225360,EMAIL-601679140412
3225369,EMAIL-601679140412
3225398,EMAIL-526472e87484
3225408,EMAIL-526472e87484
3225409,EMAIL-7db8006395b7
3225476,EMAIL-526472e87484
3225492,EMAIL-526472e87484
3225539,EMAIL-b71ecbccbf34
3225552,EMAIL-7db8006395b7
3225576,EMAIL-7db8006395b7
3225587,EMAIL-05c3ae107b3d
3225693,EMAIL-05c3ae107b3d
3225740,EMAIL-526472e87484
3225746,EMAIL-b71ecbccbf34
3225754,EMAIL-526472e87484
3225758,EMAIL-7db8006395b7
3225771,EMAIL-526472e87484
3225936,EMAIL-b71ecbccbf34
3225945,EMAIL-7db8006395b7
3225970,EMAIL-526472e87484
3225980,EMAIL-526472e87484
3225990,EMAIL-05c3ae107b3d
3226004,EMAIL-05c3ae107b3d
3226035,EMAIL-526472e87484
3226047,EMAIL-7db8006395b7
3226057,EMAIL-526472e87484
3226081,EMAIL-526472e87484
3226117,EMAIL-526472e87484
3226142,EMAIL-601679140412
3226155,EMAIL-526472e87484
3226175,EMAIL-05c3ae107b3d
3226214,EMAIL-601679140412
3226249,EMAIL-7db8006395b7
3226280,EMAIL-526472e87484
3226301,EMAIL-526472e87484
3226317,EMAIL-526472e87484
3226335,EMAIL-526472e87484
3226360,EMAIL-526472e87484
3226364,EMAIL-526472e87484
3226372,EMAIL-526472e87484
3226387,EMAIL-b71ecbccbf34
3226394,EMAIL-601679140412
3226395,EMAIL-526472e87484
3226421,EMAIL-05c3ae107b3d
3226473,EMAIL-526472e87484
3226474,EMAIL-7db8006395b7
3226487,EMAIL-7db8006395b7
3226541,EMAIL-b71ecbccbf34
3226568,EMAIL-7db8006395b7
3226611,EMAIL-7db8006395b7
3226613,EMAIL-526472e87484
3226634,EMAIL-526472e87484
3226650,EMAIL-7db8006395b7
3226653,EMAIL-05c3ae107b3d
3226667,EMAIL-526472e87484
3226676,EMAIL-7db8006395b7
3226728,EMAIL-7db8006395b7
3226741,EMAIL-05c3ae107b3d
3226752,EMAIL-05c3ae107b3d
3226755,EMAIL-7db8006395b7
3226757,EMAIL-526472e87484
3226818,EMAIL-526472e87484
3226819,EMAIL-05c3ae107b3d
3226836,EMAIL-662b3791aebd
3226837,EMAIL-b71ecbccbf34
3226847,EMAIL-7eeee5f261e7
3226855,EMAIL-526472e87484
3226896,EMAIL-526472e87484
3226900,EMAIL-7db8006395b7
3226902,EMAIL-526472e87484
3226907,EMAIL-526472e87484
3226920,EMAIL-b71ecbccbf34
3226924,EMAIL-05c3ae107b3d
3226932,EMAIL-601679140412
3226988,EMAIL-526472e87484
3226990,EMAIL-7db8006395b7
3226996,EMAIL-526472e87484
3227018,EMAIL-05c3ae107b3d
3227022,EMAIL-601679140412
3227110,EMAIL-526472e87484
3227125,EMAIL-526472e87484
3227152,EMAIL-7eeee5f261e7
3227164,EMAIL-7db8006395b7
3227199,EMAIL-526472e87484
3227213,EMAIL-526472e87484
3227258,EMAIL-b615162b121d
3227263,EMAIL-01cc9250b615
3227283,EMAIL-526472e87484
3227284,EMAIL-05c3ae107b3d
3227315,EMAIL-7db8006395b7
3227322,EMAIL-526472e87484
3227323,EMAIL-000db143c437
3227344,EMAIL-601679140412
3227352,EMAIL-7db8006395b7
3227364,EMAIL-526472e87484
3227365,EMAIL-7db8006395b7
3227389,EMAIL-7db8006395b7
3227395,EMAIL-526472e87484
3227410,EMAIL-7db8006395b7
3227420,EMAIL-526472e87484
3227427,EMAIL-601679140412
3227430,EMAIL-7db8006395b7
3227449,EMAIL-3a8e7c5c8069
3227468,EMAIL-7db8006395b7
3227485,EMAIL-526472e87484
3227520,EMAIL-47b8593a2f1d
3227528,EMAIL-7db8006395b7
3227553,EMAIL-dfe6a9c7c1a5
3227581,EMAIL-05c3ae107b3d
3227646,EMAIL-526472e87484
3227667,EMAIL-7db8006395b7
3227676,EMAIL-526472e87484
3227705,EMAIL-526472e87484
3227712,EMAIL-601679140412
3227717,EMAIL-526472e87484
3227718,EMAIL-601679140412
3227725,EMAIL-526472e87484
3227754,EMAIL-d1684fe68050
3227774,EMAIL-b71ecbccbf34
3227793,EMAIL-d1684fe68050
3227810,EMAIL-601679140412
3227844,EMAIL-526472e87484
3227851,EMAIL-7db8006395b7
3227868,EMAIL-7db8006395b7
3227870,EMAIL-7db8006395b7
3227871,EMAIL-b71ecbccbf34
3227874,EMAIL-526472e87484
3227882,EMAIL-526472e87484
3227883,EMAIL-7db8006395b7
3227895,EMAIL-b71ecbccbf34
3227976,EMAIL-b71ecbccbf34
3227983,EMAIL-7db8006395b7
3228000,EMAIL-7db8006395b7
3228001,EMAIL-526472e87484
3228005,EMAIL-b71ecbccbf34
3228043,EMAIL-526472e87484
3228057,EMAIL-526472e87484
3228059,EMAIL-05c3ae107b3d
3228086,EMAIL-526472e87484
3228118,EMAIL-526472e87484
3228129,EMAIL-526472e87484
3228171,EMAIL-7db8006395b7
3228223,EMAIL-7db8006395b7
3228255,EMAIL-05c3ae107b3d
3228281,EMAIL-05c3ae107b3d
3228297,EMAIL-526472e87484
3228337,EMAIL-05c3ae107b3d
3228356,EMAIL-526472e87484
3228373,EMAIL-526472e87484
3228394,EMAIL-526472e87484
3228428,EMAIL-dfe6a9c7c1a5
3228431,EMAIL-526472e87484
3228457,EMAIL-dfe6a9c7c1a5
3228477,EMAIL-05c3ae107b3d
3228485,EMAIL-dfe6a9c7c1a5
3228493,EMAIL-b71ecbccbf34
3228532,EMAIL-526472e87484
3228550,EMAIL-526472e87484
3228563,EMAIL-526472e87484
3228564,EMAIL-526472e87484
3228609,EMAIL-7db8006395b7
3228635,EMAIL-526472e87484
3228643,EMAIL-526472e87484
3228676,EMAIL-526472e87484
3228685,EMAIL-526472e87484
3228686,EMAIL-526472e87484
3228712,EMAIL-05c3ae107b3d
3228738,EMAIL-526472e87484
3228748,EMAIL-b71ecbccbf34
3228865,EMAIL-526472e87484
3228873,EMAIL-7db8006395b7
3228910,EMAIL-7db8006395b7
3228957,EMAIL-05c3ae107b3d
3228965,EMAIL-7db8006395b7
3228996,EMAIL-526472e87484
3229002,EMAIL-526472e87484
3229005,EMAIL-526472e87484
3229114,EMAIL-526472e87484
3229151,EMAIL-526472e87484
3229170,EMAIL-7db8006395b7
3229184,EMAIL-7db8006395b7
3229211,EMAIL-7db8006395b7
3229214,EMAIL-7db8006395b7
3229226,EMAIL-7db8006395b7
3229229,EMAIL-7db8006395b7
3229246,EMAIL-7db8006395b7
3229286,EMAIL-526472e87484
3229307,EMAIL-601679140412
3229323,EMAIL-526472e87484
3229331,EMAIL-601679140412
3229364,EMAIL-7db8006395b7
3229371,EMAIL-526472e87484
3229398,EMAIL-601679140412
3229430,EMAIL-05c3ae107b3d
3229458,EMAIL-526472e87484
3229480,EMAIL-05c3ae107b3d
3229483,EMAIL-7db8006395b7
3229495,EMAIL-526472e87484
3229521,EMAIL-601679140412
3229524,EMAIL-7db8006395b7
3229528,EMAIL-526472e87484
3229532,EMAIL-526472e87484
3229545,EMAIL-7db8006395b7
3229579,EMAIL-7db8006395b7
3229599,EMAIL-601679140412
3229621,EMAIL-7db8006395b7
3229633,EMAIL-7db8006395b7
3229663,EMAIL-7db8006395b7
3229689,EMAIL-7db8006395b7
3229695,EMAIL-05c3ae107b3d
3229703,EMAIL-05c3ae107b3d
3229714,EMAIL-7db8006395b7
3229723,EMAIL-601679140412
3229733,EMAIL-526472e87484
3229746,EMAIL-8b942685451d
3229791,EMAIL-a45016f2e246
3229846,EMAIL-526472e87484
3229909,EMAIL-526472e87484
3229944,EMAIL-7db8006395b7
3229980,EMAIL-526472e87484
3230032,EMAIL-7db8006395b7
3230060,EMAIL-526472e87484
3230186,EMAIL-7db8006395b7
3230194,EMAIL-01cc9250b615
3230201,EMAIL-7db8006395b7
3230213,EMAIL-05c3ae107b3d
3230230,EMAIL-526472e87484
3230270,EMAIL-601679140412
3230339,EMAIL-526472e87484
3230363,EMAIL-601679140412
3230393,EMAIL-601679140412
3230403,EMAIL-526472e87484
3230409,EMAIL-601679140412
3230450,EMAIL-b71ecbccbf34
3230458,EMAIL-526472e87484
3230484,EMAIL-601679140412
3230493,EMAIL-601679140412
3230494,EMAIL-b71ecbccbf34
3230499,EMAIL-526472e87484
3230500,EMAIL-7db8006395b7
3230588,EMAIL-526472e87484
3230593,EMAIL-05c3ae107b3d
3230652,EMAIL-526472e87484
3230731,EMAIL-7db8006395b7
3230736,EMAIL-a45016f2e246
3230742,EMAIL-7db8006395b7
3230760,EMAIL-a45016f2e246
3230761,EMAIL-a45016f2e246
3230764,EMAIL-7db8006395b7
3230765,EMAIL-526472e87484
3230776,EMAIL-526472e87484
3230782,EMAIL-7db8006395b7
3230832,EMAIL-a45016f2e246
3230861,EMAIL-05c3ae107b3d
3230884,EMAIL-7db8006395b7
3230885,EMAIL-526472e87484
3230888,EMAIL-7db8006395b7
3230907,EMAIL-526472e87484
3230910,EMAIL-7db8006395b7
3230911,EMAIL-a45016f2e246
3230921,EMAIL-601679140412
3230947,EMAIL-7db8006395b7
3230950,EMAIL-526472e87484
3230973,EMAIL-526472e87484
3230985,EMAIL-83e81c0f7766
3230997,EMAIL-526472e87484
3230999,EMAIL-526472e87484
3231017,EMAIL-526472e87484
3231035,EMAIL-526472e87484
3231041,EMAIL-000db143c437
3231043,EMAIL-526472e87484
3231055,EMAIL-7db8006395b7
3231073,EMAIL-7db8006395b7
3231074,EMAIL-526472e87484
3231091,EMAIL-526472e87484
3231142,EMAIL-526472e87484
3231156,EMAIL-526472e87484
3231178,EMAIL-7db8006395b7
3231220,EMAIL-05c3ae107b3d
3231228,EMAIL-1221ee4a23d4
3231239,EMAIL-7db8006395b7
3231250,EMAIL-526472e87484
3231260,EMAIL-526472e87484
3231282,EMAIL-7db8006395b7
3231308,EMAIL-526472e87484
3231408,EMAIL-01cc9250b615
3231417,EMAIL-526472e87484
3231424,EMAIL-01cc9250b615
3231425,EMAIL-526472e87484
3231435,EMAIL-526472e87484
3231443,EMAIL-01cc9250b615
3231445,EMAIL-526472e87484
3231460,EMAIL-dfe6a9c7c1a5
3231499,EMAIL-526472e87484
3231532,EMAIL-a45016f2e246
3231538,EMAIL-526472e87484
3231548,EMAIL-2c6b2b02a48e
3231557,EMAIL-526472e87484
3231562,EMAIL-05c3ae107b3d
3231610,EMAIL-7db8006395b7
3231612,EMAIL-7db8006395b7
3231644,EMAIL-526472e87484
3231650,EMAIL-526472e87484
3231738,EMAIL-526472e87484
3231751,EMAIL-526472e87484
3231776,EMAIL-526472e87484
3231795,EMAIL-d1684fe68050
3231815,EMAIL-7db8006395b7
3231853,EMAIL-601679140412
3231863,EMAIL-601679140412
3231870,EMAIL-b71ecbccbf34
3231890,EMAIL-526472e87484
3231911,EMAIL-b71ecbccbf34
3232020,EMAIL-b71ecbccbf34
3232026,EMAIL-05c3ae107b3d
3232087,EMAIL-526472e87484
3232110,EMAIL-526472e87484
3232118,EMAIL-05c3ae107b3d
3232119,EMAIL-526472e87484
3232157,EMAIL-526472e87484
3232178,EMAIL-05c3ae107b3d
3232262,EMAIL-05c3ae107b3d
3232264,EMAIL-5a343157d535
3232276,EMAIL-6d8c8eb6c5c8
3232286,EMAIL-526472e87484
3232294,EMAIL-526472e87484
3232321,EMAIL-01cc9250b615
3232378,EMAIL-526472e87484
3232450,EMAIL-7db8006395b7
3232504,EMAIL-526472e87484
3232507,EMAIL-05c3ae107b3d
3232534,EMAIL-a45016f2e246
3232575,EMAIL-b71ecbccbf34
3232581,EMAIL-526472e87484
3232616,EMAIL-05c3ae107b3d
3232620,EMAIL-526472e87484
3232704,EMAIL-526472e87484
3232715,EMAIL-526472e87484
3232716,EMAIL-7db8006395b7
3232744,EMAIL-526472e87484
3232851,EMAIL-000db143c437
3232853,EMAIL-05c3ae107b3d
3232868,EMAIL-526472e87484
3232897,EMAIL-526472e87484
3232900,EMAIL-05c3ae107b3d
3232944,EMAIL-7db8006395b7
3233041,EMAIL-05c3ae107b3d
3233068,EMAIL-05c3ae107b3d
3233085,EMAIL-05c3ae107b3d
3233126,EMAIL-2c6b2b02a48e
3233144,EMAIL-7db8006395b7
3233276,EMAIL-b71ecbccbf34
3233445,EMAIL-05c3ae107b3d
3233485,EMAIL-526472e87484
3233486,EMAIL-a45016f2e246
3233509,EMAIL-526472e87484
3233526,EMAIL-7db8006395b7
3233538,EMAIL-05c3ae107b3d
3233555,EMAIL-526472e87484
3233557,EMAIL-05c3ae107b3d
3233566,EMAIL-05c3ae107b3d
3233591,EMAIL-7db8006395b7
3233604,EMAIL-601679140412
3233609,EMAIL-05c3ae107b3d
3233619,EMAIL-7db8006395b7
3233655,EMAIL-05c3ae107b3d
3233748,EMAIL-b71ecbccbf34
3233820,EMAIL-526472e87484
3233879,EMAIL-526472e87484
3233901,EMAIL-05c3ae107b3d
3233922,EMAIL-05c3ae107b3d
3233959,EMAIL-7db8006395b7
3233962,EMAIL-05c3ae107b3d
3233992,EMAIL-526472e87484
3234015,EMAIL-05c3ae107b3d
3234059,EMAIL-7db8006395b7
3234061,EMAIL-526472e87484
3234107,EMAIL-05c3ae107b3d
3234124,EMAIL-05c3ae107b3d
3234131,EMAIL-601679140412
3234145,EMAIL-526472e87484
3234158,EMAIL-526472e87484
3234190,EMAIL-7db8006395b7
3234228,EMAIL-526472e87484
3234250,EMAIL-7db8006395b7
3234291,EMAIL-526472e87484
3234320,EMAIL-526472e87484
3234327,EMAIL-526472e87484
3234353,EMAIL-7db8006395b7
3234354,EMAIL-526472e87484
3234435,EMAIL-7db8006395b7
3234439,EMAIL-526472e87484
3234451,EMAIL-526472e87484
3234460,EMAIL-7db8006395b7
3234493,EMAIL-526472e87484
3234503,EMAIL-05c3ae107b3d
3234524,EMAIL-05c3ae107b3d
3234541,EMAIL-526472e87484
3234554,EMAIL-526472e87484
3234558,EMAIL-526472e87484
3234576,EMAIL-526472e87484
3234590,EMAIL-dfe6a9c7c1a5
3234593,EMAIL-7db8006395b7
3234600,EMAIL-526472e87484
3234634,EMAIL-526472e87484
3234637,EMAIL-526472e87484
3234638,EMAIL-526472e87484
3234732,EMAIL-526472e87484
3234733,EMAIL-526472e87484
3234740,EMAIL-05c3ae107b3d
3234768,EMAIL-526472e87484
3234778,EMAIL-526472e87484
3234779,EMAIL-7db8006395b7
3234866,EMAIL-7db8006395b7
3234868,EMAIL-526472e87484
3234875,EMAIL-526472e87484
3234889,EMAIL-526472e87484
3234891,EMAIL-526472e87484
3234902,EMAIL-526472e87484
3234905,EMAIL-7db8006395b7
3234913,EMAIL-526472e87484
3234934,EMAIL-526472e87484
3234984,EMAIL-526472e87484
3235012,EMAIL-526472e87484
3235022,EMAIL-f757a40fae92
3235029,EMAIL-526472e87484
3235033,EMAIL-b71ecbccbf34
3235069,EMAIL-05c3ae107b3d
3235091,EMAIL-526472e87484
3235146,EMAIL-05c3ae107b3d
3235186,EMAIL-05c3ae107b3d
3235188,EMAIL-526472e87484
3235193,EMAIL-526472e87484
3235196,EMAIL-526472e87484
3235197,EMAIL-526472e87484
3235220,EMAIL-05c3ae107b3d
3235257,EMAIL-526472e87484
3235262,EMAIL-601679140412
3235302,EMAIL-7eeee5f261e7
3235384,EMAIL-526472e87484
3235389,EMAIL-05c3ae107b3d
3235469,EMAIL-7db8006395b7
3235532,EMAIL-526472e87484
3235538,EMAIL-601679140412
3235562,EMAIL-526472e87484
3235577,EMAIL-526472e87484
3235578,EMAIL-526472e87484
3235590,EMAIL-526472e87484
3235689,EMAIL-f6344456ed96
3235707,EMAIL-a45016f2e246
3235774,EMAIL-526472e87484
3235783,EMAIL-05c3ae107b3d
3235786,EMAIL-05c3ae107b3d
3235813,EMAIL-05c3ae107b3d
3235826,EMAIL-05c3ae107b3d
3235833,EMAIL-526472e87484
3235846,EMAIL-7db8006395b7
3235850,EMAIL-05c3ae107b3d
3235855,EMAIL-526472e87484
3235879,EMAIL-526472e87484
3235889,EMAIL-05c3ae107b3d
3235905,EMAIL-526472e87484
3235918,EMAIL-601679140412
3235920,EMAIL-01cc9250b615
3236031,EMAIL-b71ecbccbf34
3236055,EMAIL-05c3ae107b3d
3236131,EMAIL-000db143c437
3236138,EMAIL-526472e87484
3236162,EMAIL-000db143c437
3236165,EMAIL-601679140412
3236270,EMAIL-000db143c437
3236343,EMAIL-7db8006395b7
3236399,EMAIL-526472e87484
3236416,EMAIL-526472e87484
3236421,EMAIL-05c3ae107b3d
3236432,EMAIL-05c3ae107b3d
3236460,EMAIL-7db8006395b7
3236465,EMAIL-05c3ae107b3d
3236517,EMAIL-526472e87484
3236562,EMAIL-7db8006395b7
3236576,EMAIL-526472e87484
3236577,EMAIL-1221ee4a23d4
3236578,EMAIL-1221ee4a23d4
3236595,EMAIL-7db8006395b7
3236602,EMAIL-7db8006395b7
3236619,EMAIL-7db8006395b7
3236654,EMAIL-1221ee4a23d4
3236670,EMAIL-1221ee4a23d4
3236671,EMAIL-526472e87484
3236672,EMAIL-526472e87484
3236685,EMAIL-7db8006395b7
3236730,EMAIL-526472e87484
3236740,EMAIL-526472e87484
3236751,EMAIL-1221ee4a23d4
3236802,EMAIL-526472e87484
3236814,EMAIL-7db8006395b7
3236882,EMAIL-b71ecbccbf34
3236992,EMAIL-526472e87484
3236995,EMAIL-7db8006395b7
3237000,EMAIL-526472e87484
3237020,EMAIL-7db8006395b7
3237022,EMAIL-526472e87484
3237029,EMAIL-05c3ae107b3d
3237053,EMAIL-526472e87484
3237060,EMAIL-526472e87484
3237072,EMAIL-526472e87484
3237098,EMAIL-526472e87484
3237133,EMAIL-526472e87484
3237189,EMAIL-526472e87484
3237209,EMAIL-05c3ae107b3d
3237242,EMAIL-05c3ae107b3d
3237246,EMAIL-05c3ae107b3d
3237260,EMAIL-05c3ae107b3d
3237286,EMAIL-526472e87484
3237294,EMAIL-526472e87484
3237296,EMAIL-526472e87484
3237339,EMAIL-dfe6a9c7c1a5
3237369,EMAIL-7db8006395b7
3237387,EMAIL-dfe6a9c7c1a5
3237388,EMAIL-7db8006395b7
3237424,EMAIL-526472e87484
3237498,EMAIL-526472e87484
3237499,EMAIL-601679140412
3237519,EMAIL-05c3ae107b3d
3237565,EMAIL-601679140412
3237573,EMAIL-526472e87484
3237596,EMAIL-526472e87484
3237600,EMAIL-526472e87484
3237603,EMAIL-526472e87484
3237610,EMAIL-526472e87484
3237650,EMAIL-7db8006395b7
3237671,EMAIL-526472e87484
3237694,EMAIL-526472e87484
3237717,EMAIL-526472e87484
3237741,EMAIL-05c3ae107b3d
3237804,EMAIL-7db8006395b7
3237820,EMAIL-526472e87484
3237827,EMAIL-601679140412
3237848,EMAIL-526472e87484
3237854,EMAIL-526472e87484
3237870,EMAIL-d1684fe68050
3237871,EMAIL-601679140412
3237913,EMAIL-526472e87484
3237923,EMAIL-526472e87484
3237937,EMAIL-526472e87484
3237943,EMAIL-526472e87484
3237961,EMAIL-7db8006395b7
3238020,EMAIL-05c3ae107b3d
3238027,EMAIL-526472e87484
3238118,EMAIL-05c3ae107b3d
3238186,EMAIL-7db8006395b7
3238196,EMAIL-526472e87484
3238263,EMAIL-b71ecbccbf34
3238356,EMAIL-526472e87484
3238395,EMAIL-7db8006395b7
3238422,EMAIL-526472e87484
3238427,EMAIL-1221ee4a23d4
3238456,EMAIL-1221ee4a23d4
3238461,EMAIL-05c3ae107b3d
3238491,EMAIL-526472e87484
3238499,EMAIL-601679140412
3238525,EMAIL-7db8006395b7
3238540,EMAIL-1221ee4a23d4
3238550,EMAIL-1221ee4a23d4
3238553,EMAIL-526472e87484
3238555,EMAIL-526472e87484
3238569,EMAIL-526472e87484
3238573,EMAIL-05c3ae107b3d
3238577,EMAIL-1221ee4a23d4
3238586,EMAIL-1221ee4a23d4
3238592,EMAIL-526472e87484
3238602,EMAIL-526472e87484
3238671,EMAIL-526472e87484
3238676,EMAIL-526472e87484
3238683,EMAIL-526472e87484
3238694,EMAIL-526472e87484
3238699,EMAIL-526472e87484
3238704,EMAIL-d1684fe68050
3238778,EMAIL-05c3ae107b3d
3238827,EMAIL-05c3ae107b3d
3238872,EMAIL-7db8006395b7
3238897,EMAIL-526472e87484
3238914,EMAIL-7db8006395b7
3239018,EMAIL-526472e87484
3239065,EMAIL-7db8006395b7
3239071,EMAIL-526472e87484
3239072,EMAIL-526472e87484
3239083,EMAIL-526472e87484
3239093,EMAIL-7db8006395b7
3239128,EMAIL-a45016f2e246
3239156,EMAIL-526472e87484
3239175,EMAIL-526472e87484
3239182,EMAIL-7db8006395b7
3239190,EMAIL-05c3ae107b3d
3239220,EMAIL-05c3ae107b3d
3239328,EMAIL-7db8006395b7
3239358,EMAIL-526472e87484
3239370,EMAIL-05c3ae107b3d
3239455,EMAIL-526472e87484
3239476,EMAIL-05c3ae107b3d
3239494,EMAIL-05c3ae107b3d
3239498,EMAIL-7db8006395b7
3239506,EMAIL-526472e87484
3239519,EMAIL-b71ecbccbf34
3239530,EMAIL-05c3ae107b3d
3239531,EMAIL-05c3ae107b3d
3239533,EMAIL-05c3ae107b3d
3239609,EMAIL-05c3ae107b3d
3239619,EMAIL-601679140412
3239622,EMAIL-601679140412
3239630,EMAIL-b71ecbccbf34
3239675,EMAIL-b71ecbccbf34
3239676,EMAIL-05c3ae107b3d
3239774,EMAIL-05c3ae107b3d
3239787,EMAIL-05c3ae107b3d
3239791,EMAIL-601679140412
3239820,EMAIL-7db8006395b7
3239922,EMAIL-7db8006395b7
3239923,EMAIL-526472e87484
3239929,EMAIL-526472e87484
3239956,EMAIL-7db8006395b7
3240087,EMAIL-05c3ae107b3d
3240113,EMAIL-526472e87484
3240153,EMAIL-7db8006395b7
3240161,EMAIL-3a8e7c5c8069
3240181,EMAIL-526472e87484
3240192,EMAIL-b71ecbccbf34
3240195,EMAIL-662b3791aebd
3240215,EMAIL-662b3791aebd
3240218,EMAIL-526472e87484
3240245,EMAIL-662b3791aebd
3240257,EMAIL-526472e87484
3240277,EMAIL-526472e87484
3240313,EMAIL-526472e87484
3240316,EMAIL-526472e87484
3240329,EMAIL-526472e87484
3240468,EMAIL-7db8006395b7
3240473,EMAIL-526472e87484
3240521,EMAIL-526472e87484
3240528,EMAIL-526472e87484
3240583,EMAIL-05c3ae107b3d
3240601,EMAIL-b71ecbccbf34
3240602,EMAIL-526472e87484
3240663,EMAIL-7db8006395b7
3240685,EMAIL-7db8006395b7
3240714,EMAIL-526472e87484
3240772,EMAIL-526472e87484
3240805,EMAIL-526472e87484
3240820,EMAIL-526472e87484
3240833,EMAIL-526472e87484
3240881,EMAIL-05c3ae107b3d
3240897,EMAIL-7db8006395b7
3240935,EMAIL-7db8006395b7
3240939,EMAIL-7eeee5f261e7
3240944,EMAIL-7db8006395b7
3240947,EMAIL-601679140412
3240972,EMAIL-526472e87484
3240975,EMAIL-7db8006395b7
3240989,EMAIL-b71ecbccbf34
3241025,EMAIL-526472e87484
3241043,EMAIL-05c3ae107b3d
3241052,EMAIL-526472e87484
3241053,EMAIL-526472e87484
3241058,EMAIL-526472e87484
3241087,EMAIL-601679140412
3241093,EMAIL-526472e87484
3241171,EMAIL-526472e87484
3241177,EMAIL-601679140412
3241237,EMAIL-7db8006395b7
3241326,EMAIL-526472e87484
3241342,EMAIL-526472e87484
3241350,EMAIL-526472e87484
3241353,EMAIL-7db8006395b7
3241465,EMAIL-000db143c437
3241534,EMAIL-05c3ae107b3d
3241584,EMAIL-526472e87484
3241603,EMAIL-b71ecbccbf34
3241642,EMAIL-f757a40fae92
3241648,EMAIL-05c3ae107b3d
3241657,EMAIL-7db8006395b7
3241666,EMAIL-05c3ae107b3d
3241678,EMAIL-000db143c437
3241718,EMAIL-7db8006395b7
3241730,EMAIL-526472e87484
3241748,EMAIL-526472e87484
3241837,EMAIL-526472e87484
3241873,EMAIL-05c3ae107b3d
3241885,EMAIL-526472e87484
3241983,EMAIL-7db8006395b7
3242016,EMAIL-526472e87484
3242018,EMAIL-7db8006395b7
3242031,EMAIL-7db8006395b7
3242047,EMAIL-7db8006395b7
3242048,EMAIL-7db8006395b7
3242049,EMAIL-7db8006395b7
3242056,EMAIL-7db8006395b7
3242114,EMAIL-7db8006395b7
3242165,EMAIL-05c3ae107b3d
3242182,EMAIL-05c3ae107b3d
3242272,EMAIL-526472e87484
3242288,EMAIL-526472e87484
3242291,EMAIL-05c3ae107b3d
3242319,EMAIL-7db8006395b7
3242346,EMAIL-05c3ae107b3d
3242401,EMAIL-526472e87484
3242449,EMAIL-05c3ae107b3d
3242460,EMAIL-526472e87484
3242500,EMAIL-000db143c437
3242544,EMAIL-526472e87484
3242607,EMAIL-5cac1ed1c3bd
3242615,EMAIL-7db8006395b7
3242623,EMAIL-7db8006395b7
3242675,EMAIL-05c3ae107b3d
3242690,EMAIL-7db8006395b7
3242742,EMAIL-601679140412
3242786,EMAIL-7db8006395b7
3242796,EMAIL-05c3ae107b3d
3242797,EMAIL-7db8006395b7
3242931,EMAIL-05c3ae107b3d
3243057,EMAIL-7db8006395b7
3243059,EMAIL-526472e87484
3243075,EMAIL-05c3ae107b3d
3243118,EMAIL-526472e87484
3243127,EMAIL-526472e87484
3243139,EMAIL-526472e87484
3243143,EMAIL-526472e87484
3243259,EMAIL-526472e87484
3243342,EMAIL-b71ecbccbf34
3243368,EMAIL-526472e87484
3243417,EMAIL-526472e87484
3243440,EMAIL-526472e87484
3243462,EMAIL-7db8006395b7
3243564,EMAIL-526472e87484
3243592,EMAIL-7db8006395b7
3243615,EMAIL-526472e87484
3243632,EMAIL-05c3ae107b3d
3243633,EMAIL-05c3ae107b3d
3243666,EMAIL-526472e87484
3243696,EMAIL-b71ecbccbf34
3243785,EMAIL-05c3ae107b3d
3243796,EMAIL-05c3ae107b3d
3243814,EMAIL-601679140412
3243826,EMAIL-dfe6a9c7c1a5
3243894,EMAIL-526472e87484
3243901,EMAIL-526472e87484
3243922,EMAIL-7db8006395b7
3243975,EMAIL-7db8006395b7
3244014,EMAIL-526472e87484
3244055,EMAIL-526472e87484
3244065,EMAIL-05c3ae107b3d
3244066,EMAIL-526472e87484
3244117,EMAIL-526472e87484
3244141,EMAIL-601679140412
3244155,EMAIL-526472e87484
3244224,EMAIL-526472e87484
3244254,EMAIL-7db8006395b7
3244324,EMAIL-526472e87484
3244325,EMAIL-526472e87484
3244390,EMAIL-05c3ae107b3d
3244431,EMAIL-526472e87484
3244477,EMAIL-5a7e696acd63
3244489,EMAIL-526472e87484
3244511,EMAIL-05c3ae107b3d
3244519,EMAIL-b71ecbccbf34
3244523,EMAIL-b71ecbccbf34
3244539,EMAIL-526472e87484
3244615,EMAIL-526472e87484
3244642,EMAIL-601679140412
3244666,EMAIL-526472e87484
3244679,EMAIL-0df48815e896
3244722,EMAIL-526472e87484
3244725,EMAIL-7db8006395b7
3244821,EMAIL-526472e87484
3244860,EMAIL-526472e87484
3244868,EMAIL-7db8006395b7
3244871,EMAIL-05c3ae107b3d
3244891,EMAIL-601679140412
3244894,EMAIL-526472e87484
3244932,EMAIL-526472e87484
3244949,EMAIL-7db8006395b7
3244969,EMAIL-05c3ae107b3d
3244976,EMAIL-05c3ae107b3d
3244987,EMAIL-7db8006395b7
3245008,EMAIL-05c3ae107b3d
3245015,EMAIL-526472e87484
3245030,EMAIL-7db8006395b7
3245070,EMAIL-7db8006395b7
3245087,EMAIL-526472e87484
3245088,EMAIL-7db8006395b7
3245094,EMAIL-7db8006395b7
3245101,EMAIL-7db8006395b7
3245167,EMAIL-d1684fe68050
3245174,EMAIL-526472e87484
3245205,EMAIL-526472e87484
3245229,EMAIL-526472e87484
3245244,EMAIL-b71ecbccbf34
3245338,EMAIL-dfe6a9c7c1a5
3245397,EMAIL-7db8006395b7
3245413,EMAIL-526472e87484
3245454,EMAIL-526472e87484
3245520,EMAIL-05c3ae107b3d
3245546,EMAIL-526472e87484
3245547,EMAIL-526472e87484
3245550,EMAIL-601679140412
3245641,EMAIL-7db8006395b7
3245649,EMAIL-601679140412
3245708,EMAIL-526472e87484
3245714,EMAIL-7db8006395b7
3245726,EMAIL-601679140412
3245731,EMAIL-526472e87484
3245857,EMAIL-7db8006395b7
3245947,EMAIL-7db8006395b7
3245958,EMAIL-601679140412
3246021,EMAIL-526472e87484
3246048,EMAIL-526472e87484
3246081,EMAIL-7db8006395b7
3246114,EMAIL-7db8006395b7
3246156,EMAIL-7db8006395b7
3246179,EMAIL-526472e87484
3246186,EMAIL-526472e87484
3246187,EMAIL-7db8006395b7
3246266,EMAIL-526472e87484
3246297,EMAIL-d1684fe68050
3246385,EMAIL-7db8006395b7
3246434,EMAIL-a45016f2e246
3246446,EMAIL-526472e87484
3246470,EMAIL-526472e87484
3246498,EMAIL-526472e87484
3246515,EMAIL-601679140412
3246526,EMAIL-526472e87484
3246532,EMAIL-7db8006395b7
3246539,EMAIL-a45016f2e246
3246574,EMAIL-a45016f2e246
3246599,EMAIL-526472e87484
3246630,EMAIL-05c3ae107b3d
3246673,EMAIL-526472e87484
3246696,EMAIL-05c3ae107b3d
3246804,EMAIL-526472e87484
3246834,EMAIL-dfe6a9c7c1a5
3246857,EMAIL-05c3ae107b3d
3246885,EMAIL-526472e87484
3246947,EMAIL-526472e87484
3247000,EMAIL-526472e87484
3247051,EMAIL-05c3ae107b3d
3247057,EMAIL-526472e87484
3247058,EMAIL-526472e87484
3247065,EMAIL-526472e87484
3247155,EMAIL-526472e87484
3247203,EMAIL-05c3ae107b3d
3247279,EMAIL-601679140412
3247325,EMAIL-526472e87484
3247389,EMAIL-526472e87484
3247410,EMAIL-526472e87484
3247428,EMAIL-526472e87484
3247430,EMAIL-526472e87484
3247442,EMAIL-7db8006395b7
3247462,EMAIL-526472e87484
3247465,EMAIL-526472e87484
3247482,EMAIL-05c3ae107b3d
3247493,EMAIL-526472e87484
3247496,EMAIL-526472e87484
3247500,EMAIL-7db8006395b7
3247537,EMAIL-05c3ae107b3d
3247558,EMAIL-526472e87484
3247623,EMAIL-526472e87484
3247627,EMAIL-7eeee5f261e7
3247628,EMAIL-526472e87484
3247646,EMAIL-526472e87484
3247647,EMAIL-526472e87484
3247679,EMAIL-526472e87484
3247709,EMAIL-7db8006395b7
3247726,EMAIL-526472e87484
3247735,EMAIL-526472e87484
3247746,EMAIL-526472e87484
3247805,EMAIL-601679140412
3247818,EMAIL-0df48815e896
3247825,EMAIL-7db8006395b7
3247856,EMAIL-526472e87484
3247861,EMAIL-601679140412
3247862,EMAIL-526472e87484
3247933,EMAIL-526472e87484
3247939,EMAIL-526472e87484
3247983,EMAIL-7db8006395b7
3248027,EMAIL-601679140412
3248030,EMAIL-7db8006395b7
3248041,EMAIL-b71ecbccbf34
3248043,EMAIL-7db8006395b7
3248044,EMAIL-7db8006395b7
3248046,EMAIL-601679140412
3248056,EMAIL-601679140412
3248065,EMAIL-7db8006395b7
3248080,EMAIL-7db8006395b7
3248081,EMAIL-7db8006395b7
3248082,EMAIL-526472e87484
3248086,EMAIL-7db8006395b7
3248104,EMAIL-601679140412
3248107,EMAIL-601679140412
3248135,EMAIL-7db8006395b7
3248140,EMAIL-b71ecbccbf34
3248169,EMAIL-526472e87484
3248190,EMAIL-05c3ae107b3d
3248234,EMAIL-05c3ae107b3d
3248236,EMAIL-7db8006395b7
3248265,EMAIL-7db8006395b7
3248269,EMAIL-601679140412
3248379,EMAIL-526472e87484
3248446,EMAIL-05c3ae107b3d
3248453,EMAIL-05c3ae107b3d
3248459,EMAIL-526472e87484
3248612,EMAIL-526472e87484
3248615,EMAIL-526472e87484
3248621,EMAIL-526472e87484
3248683,EMAIL-526472e87484
3248703,EMAIL-526472e87484
3248748,EMAIL-526472e87484
3248819,EMAIL-601679140412
3248867,EMAIL-526472e87484
3248879,EMAIL-7db8006395b7
3248884,EMAIL-526472e87484
3248918,EMAIL-05c3ae107b3d
3248921,EMAIL-7db8006395b7
3248942,EMAIL-01cc9250b615
3249009,EMAIL-526472e87484
3249023,EMAIL-7db8006395b7
3249042,EMAIL-601679140412
3249060,EMAIL-d1684fe68050
3249113,EMAIL-526472e87484
3249121,EMAIL-526472e87484
3249154,EMAIL-662b3791aebd
3249197,EMAIL-526472e87484
3249213,EMAIL-7db8006395b7
3249217,EMAIL-7db8006395b7
3249246,EMAIL-526472e87484
3249318,EMAIL-526472e87484
3249328,EMAIL-526472e87484
3249351,EMAIL-b71ecbccbf34
3249421,EMAIL-526472e87484
3249453,EMAIL-b71ecbccbf34
3249456,EMAIL-05c3ae107b3d
3249458,EMAIL-526472e87484
3249498,EMAIL-023f08585708
3249523,EMAIL-526472e87484
3249534,EMAIL-526472e87484
3249561,EMAIL-526472e87484
3249573,EMAIL-526472e87484
3249624,EMAIL-526472e87484
3249650,EMAIL-7db8006395b7
3249664,EMAIL-526472e87484
3249670,EMAIL-526472e87484
3249674,EMAIL-526472e87484
3249677,EMAIL-526472e87484
3249732,EMAIL-526472e87484
3249741,EMAIL-526472e87484
3249743,EMAIL-05c3ae107b3d
3249783,EMAIL-526472e87484
3249797,EMAIL-05c3ae107b3d
3249798,EMAIL-05c3ae107b3d
3249807,EMAIL-05c3ae107b3d
3249822,EMAIL-526472e87484
3249907,EMAIL-05c3ae107b3d
3249908,EMAIL-526472e87484
3250010,EMAIL-05c3ae107b3d
3250078,EMAIL-526472e87484
3250122,EMAIL-5cac1ed1c3bd
3250154,EMAIL-b71ecbccbf34
3250223,EMAIL-526472e87484
3250250,EMAIL-526472e87484
3250255,EMAIL-7db8006395b7
3250277,EMAIL-b71ecbccbf34
3250305,EMAIL-05c3ae107b3d
3250315,EMAIL-b71ecbccbf34
3250329,EMAIL-7db8006395b7
3250363,EMAIL-526472e87484
3250369,EMAIL-526472e87484
3250393,EMAIL-b71ecbccbf34
3250418,EMAIL-526472e87484
3250424,EMAIL-526472e87484
3250439,EMAIL-601679140412
3250451,EMAIL-05c3ae107b3d
3250469,EMAIL-05c3ae107b3d
3250494,EMAIL-b71ecbccbf34
3250498,EMAIL-526472e87484
3250514,EMAIL-526472e87484
3250526,EMAIL-7db8006395b7
3250585,EMAIL-7db8006395b7
3250609,EMAIL-01cc9250b615
3250642,EMAIL-01cc9250b615
3250647,EMAIL-7db8006395b7
3250664,EMAIL-05c3ae107b3d
3250677,EMAIL-7db8006395b7
3250707,EMAIL-05c3ae107b3d
3250740,EMAIL-526472e87484
3250741,EMAIL-526472e87484
3250785,EMAIL-7db8006395b7
3250812,EMAIL-526472e87484
3250844,EMAIL-7db8006395b7
3250868,EMAIL-7db8006395b7
3250882,EMAIL-05c3ae107b3d
3250884,EMAIL-526472e87484
3250907,EMAIL-526472e87484
3250908,EMAIL-526472e87484
3250910,EMAIL-05c3ae107b3d
3250930,EMAIL-526472e87484
3250933,EMAIL-05c3ae107b3d
3250934,EMAIL-526472e87484
3250936,EMAIL-7db8006395b7
3250940,EMAIL-526472e87484
3250941,EMAIL-601679140412
3250950,EMAIL-01cc9250b615
3250964,EMAIL-05c3ae107b3d
3250966,EMAIL-526472e87484
3250979,EMAIL-526472e87484
3250992,EMAIL-7db8006395b7
3251011,EMAIL-7db8006395b7
3251021,EMAIL-526472e87484
3251025,EMAIL-526472e87484
3251045,EMAIL-7db8006395b7
3251050,EMAIL-526472e87484
3251062,EMAIL-7db8006395b7
3251067,EMAIL-526472e87484
3251075,EMAIL-a45016f2e246
3251110,EMAIL-526472e87484
3251160,EMAIL-526472e87484
3251197,EMAIL-526472e87484
3251203,EMAIL-526472e87484
3251238,EMAIL-b71ecbccbf34
3251241,EMAIL-526472e87484
3251250,EMAIL-526472e87484
3251318,EMAIL-526472e87484
3251349,EMAIL-526472e87484
3251375,EMAIL-526472e87484
3251427,EMAIL-b71ecbccbf34
3251443,EMAIL-6d8c8eb6c5c8
3251452,EMAIL-526472e87484
3251485,EMAIL-7db8006395b7
3251502,EMAIL-526472e87484
3251530,EMAIL-7db8006395b7
3251544,EMAIL-526472e87484
3251591,EMAIL-526472e87484
3251620,EMAIL-7db8006395b7
3251621,EMAIL-7db8006395b7
3251623,EMAIL-526472e87484
3251671,EMAIL-601679140412
3251678,EMAIL-05c3ae107b3d
3251695,EMAIL-7db8006395b7
3251718,EMAIL-7db8006395b7
3251749,EMAIL-7db8006395b7
3251816,EMAIL-7db8006395b7
3251824,EMAIL-526472e87484
3251845,EMAIL-526472e87484
3252016,EMAIL-526472e87484
3252020,EMAIL-601679140412
3252053,EMAIL-526472e87484
3252087,EMAIL-662b3791aebd
3252105,EMAIL-601679140412
3252139,EMAIL-601679140412
3252145,EMAIL-7db8006395b7
3252152,EMAIL-601679140412
3252163,EMAIL-b71ecbccbf34
3252166,EMAIL-526472e87484
3252196,EMAIL-7db8006395b7
3252218,EMAIL-526472e87484
3252249,EMAIL-601679140412
3252266,EMAIL-526472e87484
3252269,EMAIL-7db8006395b7
3252283,EMAIL-7db8006395b7
3252293,EMAIL-83e81c0f7766
3252324,EMAIL-526472e87484
3252372,EMAIL-526472e87484
3252390,EMAIL-05c3ae107b3d
3252393,EMAIL-526472e87484
3252399,EMAIL-526472e87484
3252438,EMAIL-526472e87484
3252446,EMAIL-526472e87484
3252468,EMAIL-601679140412
3252497,EMAIL-526472e87484
3252519,EMAIL-7db8006395b7
3252567,EMAIL-7db8006395b7
3252572,EMAIL-526472e87484
3252695,EMAIL-526472e87484
3252731,EMAIL-526472e87484
3252740,EMAIL-7db8006395b7
3252747,EMAIL-7db8006395b7
3252759,EMAIL-526472e87484
3252791,EMAIL-526472e87484
3252800,EMAIL-526472e87484
3252809,EMAIL-526472e87484
3252935,EMAIL-05c3ae107b3d
3253038,EMAIL-05c3ae107b3d
3253040,EMAIL-7db8006395b7
3253059,EMAIL-a45016f2e246
3253082,EMAIL-526472e87484
3253087,EMAIL-526472e87484
3253136,EMAIL-7db8006395b7
3253137,EMAIL-7db8006395b7
3253146,EMAIL-526472e87484
3253158,EMAIL-7db8006395b7
3253180,EMAIL-526472e87484
3253200,EMAIL-526472e87484
3253222,EMAIL-526472e87484
3253245,EMAIL-7db8006395b7
3253252,EMAIL-526472e87484
3253366,EMAIL-05c3ae107b3d
3253377,EMAIL-7db8006395b7
3253410,EMAIL-526472e87484
3253412,EMAIL-526472e87484
3253429,EMAIL-526472e87484
3253430,EMAIL-7db8006395b7
3253439,EMAIL-05c3ae107b3d
3253456,EMAIL-7db8006395b7
3253479,EMAIL-7db8006395b7
3253484,EMAIL-05c3ae107b3d
3253515,EMAIL-526472e87484
3253524,EMAIL-526472e87484
3253558,EMAIL-526472e87484
3253589,EMAIL-7db8006395b7
3253591,EMAIL-526472e87484
3253608,EMAIL-526472e87484
3253623,EMAIL-526472e87484
3253631,EMAIL-526472e87484
3253649,EMAIL-526472e87484
3253655,EMAIL-7db8006395b7
3253675,EMAIL-7db8006395b7
3253693,EMAIL-526472e87484
3253711,EMAIL-526472e87484
3253749,EMAIL-526472e87484
3253774,EMAIL-526472e87484
3253856,EMAIL-7db8006395b7
3253873,EMAIL-526472e87484
3253876,EMAIL-526472e87484
3253885,EMAIL-7db8006395b7
3253890,EMAIL-526472e87484
3253892,EMAIL-526472e87484
3253946,EMAIL-7db8006395b7
3253962,EMAIL-526472e87484
3253968,EMAIL-05c3ae107b3d
3253970,EMAIL-7db8006395b7
3253980,EMAIL-01cc9250b615
3253990,EMAIL-7eeee5f261e7
3253997,EMAIL-05c3ae107b3d
3254020,EMAIL-7db8006395b7
3254027,EMAIL-05c3ae107b3d
3254029,EMAIL-7db8006395b7
3254037,EMAIL-526472e87484
3254049,EMAIL-526472e87484
3254075,EMAIL-526472e87484
3254084,EMAIL-dfe6a9c7c1a5
3254106,EMAIL-526472e87484
3254119,EMAIL-526472e87484
3254159,EMAIL-601679140412
3254168,EMAIL-7db8006395b7
3254188,EMAIL-05c3ae107b3d
3254191,EMAIL-526472e87484
3254335,EMAIL-601679140412
3254350,EMAIL-b71ecbccbf34
3254383,EMAIL-000db143c437
3254553,EMAIL-b71ecbccbf34
3254599,EMAIL-05c3ae107b3d
3254621,EMAIL-526472e87484
3254635,EMAIL-526472e87484
3254648,EMAIL-b2683a414714
3254649,EMAIL-b71ecbccbf34
3254664,EMAIL-601679140412
3254697,EMAIL-526472e87484
3254715,EMAIL-526472e87484
3254724,EMAIL-526472e87484
3254778,EMAIL-b71ecbccbf34
3254808,EMAIL-526472e87484
3254825,EMAIL-526472e87484
3254851,EMAIL-526472e87484
3254966,EMAIL-01cc9250b615
3254979,EMAIL-526472e87484
3254988,EMAIL-526472e87484
3254997,EMAIL-0df48815e896
3255002,EMAIL-7db8006395b7
3255008,EMAIL-601679140412
3255025,EMAIL-526472e87484
3255032,EMAIL-526472e87484
3255037,EMAIL-526472e87484
3255093,EMAIL-7db8006395b7
3255144,EMAIL-526472e87484
3255157,EMAIL-7db8006395b7
3255174,EMAIL-526472e87484
3255212,EMAIL-526472e87484
3255267,EMAIL-05c3ae107b3d
3255289,EMAIL-05c3ae107b3d
3255297,EMAIL-05c3ae107b3d
3255311,EMAIL-662b3791aebd
3255328,EMAIL-662b3791aebd
3255381,EMAIL-8b942685451d
3255399,EMAIL-526472e87484
3255410,EMAIL-05c3ae107b3d
3255411,EMAIL-662b3791aebd
3255421,EMAIL-05c3ae107b3d
3255423,EMAIL-526472e87484
3255426,EMAIL-526472e87484
3255477,EMAIL-526472e87484
3255488,EMAIL-526472e87484
3255549,EMAIL-526472e87484
3255557,EMAIL-7db8006395b7
3255576,EMAIL-526472e87484
3255586,EMAIL-a45016f2e246
3255587,EMAIL-7db8006395b7
3255589,EMAIL-7db8006395b7
3255615,EMAIL-7db8006395b7
3255625,EMAIL-7db8006395b7
3255628,EMAIL-7db8006395b7
3255696,EMAIL-7db8006395b7
3255698,EMAIL-526472e87484
3255729,EMAIL-526472e87484
3255815,EMAIL-7db8006395b7
3255861,EMAIL-b71ecbccbf34
3255863,EMAIL-526472e87484
3255864,EMAIL-526472e87484
3255870,EMAIL-526472e87484
3255889,EMAIL-b71ecbccbf34
3255903,EMAIL-b71ecbccbf34
3255980,EMAIL-526472e87484
3255983,EMAIL-526472e87484
3256006,EMAIL-526472e87484
3256026,EMAIL-526472e87484
3256054,EMAIL-526472e87484
3256067,EMAIL-7db8006395b7
3256168,EMAIL-05c3ae107b3d
3256205,EMAIL-05c3ae107b3d
3256246,EMAIL-7db8006395b7
3256275,EMAIL-526472e87484
3256374,EMAIL-526472e87484
3256386,EMAIL-05c3ae107b3d
3256431,EMAIL-526472e87484
3256480,EMAIL-526472e87484
3256513,EMAIL-b71ecbccbf34
3256539,EMAIL-526472e87484
3256562,EMAIL-7db8006395b7
3256566,EMAIL-7db8006395b7
3256595,EMAIL-b71ecbccbf34
3256608,EMAIL-601679140412
3256609,EMAIL-7db8006395b7
3256631,EMAIL-526472e87484
3256641,EMAIL-7db8006395b7
3256668,EMAIL-526472e87484
3256675,EMAIL-526472e87484
3256677,EMAIL-526472e87484
3256685,EMAIL-7db8006395b7
3256699,EMAIL-526472e87484
3256733,EMAIL-526472e87484
3256751,EMAIL-526472e87484
3256752,EMAIL-05c3ae107b3d
3256825,EMAIL-526472e87484
3256826,EMAIL-7db8006395b7
3256846,EMAIL-601679140412
3256861,EMAIL-526472e87484
3256884,EMAIL-526472e87484
3256906,EMAIL-7db8006395b7
3256914,EMAIL-526472e87484
3256951,EMAIL-7db8006395b7
3256969,EMAIL-526472e87484
3256991,EMAIL-526472e87484
3257020,EMAIL-a45016f2e246
3257030,EMAIL-a45016f2e246
3257071,EMAIL-7db8006395b7
3257080,EMAIL-a45016f2e246
3257121,EMAIL-a45016f2e246
3257135,EMAIL-05c3ae107b3d
3257141,EMAIL-7db8006395b7
3257152,EMAIL-526472e87484
3257158,EMAIL-526472e87484
3257207,EMAIL-7db8006395b7
3257213,EMAIL-05c3ae107b3d
3257270,EMAIL-05c3ae107b3d
3257278,EMAIL-05c3ae107b3d
3257310,EMAIL-7db8006395b7
3257359,EMAIL-05c3ae107b3d
3257388,EMAIL-526472e87484
3257416,EMAIL-526472e87484
3257452,EMAIL-526472e87484
3257454,EMAIL-7db8006395b7
3257584,EMAIL-526472e87484
3257593,EMAIL-3a8e7c5c8069
3257630,EMAIL-526472e87484
3257647,EMAIL-526472e87484
3257684,EMAIL-b71ecbccbf34
3257726,EMAIL-7db8006395b7
3257749,EMAIL-526472e87484
3257816,EMAIL-7db8006395b7
3257899,EMAIL-526472e87484
3257918,EMAIL-7db8006395b7
3257923,EMAIL-7db8006395b7
3257935,EMAIL-7db8006395b7
3258041,EMAIL-05c3ae107b3d
3258073,EMAIL-7db8006395b7
3258143,EMAIL-526472e87484
3258184,EMAIL-526472e87484
3258260,EMAIL-526472e87484
3258278,EMAIL-526472e87484
3258292,EMAIL-01cc9250b615
3258293,EMAIL-05c3ae107b3d
3258322,EMAIL-526472e87484
3258370,EMAIL-526472e87484
3258414,EMAIL-526472e87484
3258424,EMAIL-b71ecbccbf34
3258428,EMAIL-a45016f2e246
3258456,EMAIL-526472e87484
3258457,EMAIL-5a7e696acd63
3258480,EMAIL-b71ecbccbf34
3258506,EMAIL-d1684fe68050
3258518,EMAIL-05c3ae107b3d
3258561,EMAIL-526472e87484
3258635,EMAIL-7db8006395b7
3258638,EMAIL-526472e87484
3258680,EMAIL-7db8006395b7
3258708,EMAIL-05c3ae107b3d
3258710,EMAIL-526472e87484
3258744,EMAIL-b71ecbccbf34
3258754,EMAIL-526472e87484
3258787,EMAIL-526472e87484
3258798,EMAIL-526472e87484
3258800,EMAIL-b71ecbccbf34
3258809,EMAIL-b71ecbccbf34
3258860,EMAIL-5cac1ed1c3bd
3258861,EMAIL-05c3ae107b3d
3258881,EMAIL-526472e87484
3258893,EMAIL-05c3ae107b3d
3258914,EMAIL-526472e87484
3258935,EMAIL-526472e87484
3258981,EMAIL-526472e87484
3259008,EMAIL-526472e87484
3259040,EMAIL-05c3ae107b3d
3259054,EMAIL-dfe6a9c7c1a5
3259149,EMAIL-7db8006395b7
3259168,EMAIL-7db8006395b7
3259198,EMAIL-7db8006395b7
3259228,EMAIL-05c3ae107b3d
3259239,EMAIL-526472e87484
3259336,EMAIL-7db8006395b7
3259343,EMAIL-526472e87484
3259351,EMAIL-05c3ae107b3d
3259356,EMAIL-7db8006395b7
3259377,EMAIL-526472e87484
3259389,EMAIL-05c3ae107b3d
3259392,EMAIL-05c3ae107b3d
3259409,EMAIL-526472e87484
3259412,EMAIL-7db8006395b7
3259414,EMAIL-05c3ae107b3d
3259434,EMAIL-7db8006395b7
3259436,EMAIL-526472e87484
3259461,EMAIL-526472e87484
3259468,EMAIL-7db8006395b7
3259489,EMAIL-526472e87484
3259504,EMAIL-526472e87484
3259564,EMAIL-526472e87484
3259585,EMAIL-526472e87484
3259587,EMAIL-526472e87484
3259610,EMAIL-05c3ae107b3d
3259623,EMAIL-526472e87484
3259625,EMAIL-05c3ae107b3d
3259663,EMAIL-526472e87484
3259674,EMAIL-526472e87484
3259727,EMAIL-526472e87484
3259732,EMAIL-a45016f2e246
3259735,EMAIL-526472e87484
3259752,EMAIL-526472e87484
3259758,EMAIL-526472e87484
3259812,EMAIL-601679140412
3259831,EMAIL-05c3ae107b3d
3259833,EMAIL-526472e87484
3259836,EMAIL-526472e87484
3259839,EMAIL-526472e87484
3259900,EMAIL-7db8006395b7
3259905,EMAIL-7db8006395b7
3259957,EMAIL-7db8006395b7
3259982,EMAIL-526472e87484
3260002,EMAIL-526472e87484
3260013,EMAIL-7db8006395b7
3260022,EMAIL-526472e87484
3260025,EMAIL-526472e87484
3260071,EMAIL-7db8006395b7
3260162,EMAIL-526472e87484
3260182,EMAIL-526472e87484
3260303,EMAIL-526472e87484
3260308,EMAIL-a45016f2e246
3260343,EMAIL-526472e87484
3260354,EMAIL-b71ecbccbf34
3260363,EMAIL-b71ecbccbf34
3260455,EMAIL-526472e87484
3260476,EMAIL-a45016f2e246
3260477,EMAIL-526472e87484
3260496,EMAIL-526472e87484
3260513,EMAIL-7db8006395b7
3260538,EMAIL-b71ecbccbf34
3260557,EMAIL-526472e87484
3260561,EMAIL-526472e87484
3260562,EMAIL-526472e87484
3260571,EMAIL-05c3ae107b3d
3260602,EMAIL-526472e87484
3260604,EMAIL-05c3ae107b3d
3260645,EMAIL-526472e87484
3260660,EMAIL-05c3ae107b3d
3260751,EMAIL-05c3ae107b3d
3260772,EMAIL-05c3ae107b3d
3260797,EMAIL-05c3ae107b3d
3260818,EMAIL-05c3ae107b3d
3260828,EMAIL-526472e87484
3260841,EMAIL-601679140412
3260930,EMAIL-601679140412
3260985,EMAIL-05c3ae107b3d
3261003,EMAIL-47b8593a2f1d
3261016,EMAIL-a45016f2e246
3261142,EMAIL-05c3ae107b3d
3261152,EMAIL-526472e87484
3261169,EMAIL-7db8006395b7
3261184,EMAIL-526472e87484
3261186,EMAIL-526472e87484
3261193,EMAIL-526472e87484
3261272,EMAIL-d1684fe68050
3261300,EMAIL-526472e87484
3261394,EMAIL-7db8006395b7
3261458,EMAIL-7db8006395b7
3261468,EMAIL-7db8006395b7
3261491,EMAIL-dfe6a9c7c1a5
3261493,EMAIL-526472e87484
3261518,EMAIL-05c3ae107b3d
3261530,EMAIL-7db8006395b7
3261540,EMAIL-7db8006395b7
3261573,EMAIL-3a8e7c5c8069
3261579,EMAIL-601679140412
3261672,EMAIL-7db8006395b7
3261688,EMAIL-526472e87484
3261692,EMAIL-526472e87484
3261749,EMAIL-7db8006395b7
3261757,EMAIL-000db143c437
3261758,EMAIL-7db8006395b7
3261774,EMAIL-7db8006395b7
3261783,EMAIL-526472e87484
3261815,EMAIL-7db8006395b7
3261847,EMAIL-526472e87484
3261860,EMAIL-526472e87484
3261902,EMAIL-05c3ae107b3d
3261933,EMAIL-05c3ae107b3d
3261986,EMAIL-05c3ae107b3d
3261995,EMAIL-526472e87484
3261996,EMAIL-7db8006395b7
3262016,EMAIL-526472e87484
3262032,EMAIL-601679140412
3262033,EMAIL-526472e87484
3262049,EMAIL-526472e87484
3262145,EMAIL-526472e87484
3262152,EMAIL-7db8006395b7
3262188,EMAIL-526472e87484
3262195,EMAIL-526472e87484
3262222,EMAIL-526472e87484
3262250,EMAIL-7db8006395b7
3262262,EMAIL-3a8e7c5c8069
3262275,EMAIL-601679140412
3262308,EMAIL-601679140412
3262352,EMAIL-526472e87484
3262378,EMAIL-526472e87484
3262379,EMAIL-05c3ae107b3d
3262404,EMAIL-b71ecbccbf34
3262432,EMAIL-dfe6a9c7c1a5
3262434,EMAIL-526472e87484
3262440,EMAIL-526472e87484
3262444,EMAIL-05c3ae107b3d
3262502,EMAIL-526472e87484
3262509,EMAIL-7db8006395b7
3262527,EMAIL-526472e87484
3262531,EMAIL-526472e87484
3262544,EMAIL-526472e87484
3262581,EMAIL-7db8006395b7
3262625,EMAIL-526472e87484
3262639,EMAIL-526472e87484
3262649,EMAIL-05c3ae107b3d
3262695,EMAIL-7db8006395b7
3262723,EMAIL-7db8006395b7
3262727,EMAIL-526472e87484
3262731,EMAIL-526472e87484
3262748,EMAIL-7db8006395b7
3262819,EMAIL-7db8006395b7
3262823,EMAIL-526472e87484
3262845,EMAIL-a45016f2e246
3262851,EMAIL-526472e87484
3262853,EMAIL-7db8006395b7
3262855,EMAIL-526472e87484
3262934,EMAIL-526472e87484
3262961,EMAIL-05c3ae107b3d
3262972,EMAIL-05c3ae107b3d
3262991,EMAIL-7db8006395b7
3263031,EMAIL-05c3ae107b3d
3263124,EMAIL-526472e87484
3263131,EMAIL-526472e87484
3263177,EMAIL-05c3ae107b3d
3263308,EMAIL-526472e87484
3263323,EMAIL-b71ecbccbf34
3263362,EMAIL-526472e87484
3263367,EMAIL-526472e87484
3263395,EMAIL-023f08585708
3263403,EMAIL-7db8006395b7
3263419,EMAIL-7db8006395b7
3263429,EMAIL-526472e87484
3263436,EMAIL-05c3ae107b3d
3263554,EMAIL-05c3ae107b3d
3263558,EMAIL-526472e87484
3263571,EMAIL-526472e87484
3263580,EMAIL-7db8006395b7
3263652,EMAIL-526472e87484
3263653,EMAIL-526472e87484
3263673,EMAIL-b71ecbccbf34
3263820,EMAIL-05c3ae107b3d
3263833,EMAIL-01cc9250b615
3263902,EMAIL-526472e87484
3263938,EMAIL-05c3ae107b3d
3263942,EMAIL-526472e87484
3263983,EMAIL-526472e87484
3263997,EMAIL-7db8006395b7
3264004,EMAIL-526472e87484
3264015,EMAIL-05c3ae107b3d
3264027,EMAIL-05c3ae107b3d
3264103,EMAIL-526472e87484
3264121,EMAIL-601679140412
3264168,EMAIL-526472e87484
3264269,EMAIL-526472e87484
3264270,EMAIL-526472e87484
3264289,EMAIL-7db8006395b7
3264305,EMAIL-05c3ae107b3d
3264307,EMAIL-601679140412
3264315,EMAIL-b71ecbccbf34
3264322,EMAIL-7db8006395b7
3264399,EMAIL-601679140412
3264528,EMAIL-601679140412
3264534,EMAIL-526472e87484
3264539,EMAIL-7db8006395b7
3264561,EMAIL-7db8006395b7
3264585,EMAIL-d1684fe68050
3264592,EMAIL-526472e87484
3264610,EMAIL-526472e87484
3264651,EMAIL-7db8006395b7
3264694,EMAIL-526472e87484
3264726,EMAIL-526472e87484
3264727,EMAIL-526472e87484
3264819,EMAIL-7db8006395b7
3264868,EMAIL-9f7909255943
3264883,EMAIL-601679140412
3264884,EMAIL-526472e87484
3264917,EMAIL-7eeee5f261e7
3264942,EMAIL-05c3ae107b3d
3264971,EMAIL-05c3ae107b3d
3264982,EMAIL-526472e87484
3265002,EMAIL-7db8006395b7
3265028,EMAIL-7db8006395b7
3265048,EMAIL-7db8006395b7
3265073,EMAIL-01cc9250b615
3265075,EMAIL-601679140412
3265081,EMAIL-7db8006395b7
3265088,EMAIL-526472e87484
3265104,EMAIL-526472e87484
3265108,EMAIL-7eeee5f261e7
3265126,EMAIL-7db8006395b7
3265139,EMAIL-7eeee5f261e7
3265183,EMAIL-526472e87484
3265188,EMAIL-526472e87484
3265203,EMAIL-7eeee5f261e7
3265222,EMAIL-7eeee5f261e7
3265296,EMAIL-b71ecbccbf34
3265299,EMAIL-526472e87484
3265314,EMAIL-526472e87484
3265360,EMAIL-05c3ae107b3d
3265361,EMAIL-b71ecbccbf34
3265373,EMAIL-01cc9250b615
3265400,EMAIL-a45016f2e246
3265507,EMAIL-2c6b2b02a48e
3265520,EMAIL-526472e87484
3265550,EMAIL-526472e87484
3265570,EMAIL-526472e87484
3265587,EMAIL-526472e87484
3265598,EMAIL-7db8006395b7
3265609,EMAIL-7db8006395b7
3265622,EMAIL-7db8006395b7
3265628,EMAIL-526472e87484
3265633,EMAIL-526472e87484
3265635,EMAIL-526472e87484
3265651,EMAIL-526472e87484
3265655,EMAIL-2c6b2b02a48e
3265658,EMAIL-2c6b2b02a48e
3265678,EMAIL-526472e87484
3265705,EMAIL-601679140412
3265714,EMAIL-601679140412
3265719,EMAIL-7db8006395b7
3265787,EMAIL-7db8006395b7
3265795,EMAIL-7db8006395b7
3265805,EMAIL-7db8006395b7
3265813,EMAIL-7db8006395b7
3265824,EMAIL-7db8006395b7
3265846,EMAIL-7db8006395b7
3265899,EMAIL-526472e87484
3265909,EMAIL-526472e87484
3265937,EMAIL-526472e87484
3265975,EMAIL-526472e87484
3265976,EMAIL-526472e87484
3265978,EMAIL-526472e87484
3265984,EMAIL-526472e87484
3265986,EMAIL-526472e87484
3265993,EMAIL-526472e87484
3266021,EMAIL-7db8006395b7
3266022,EMAIL-7db8006395b7
3266026,EMAIL-526472e87484
3266045,EMAIL-526472e87484
3266050,EMAIL-601679140412
3266056,EMAIL-7db8006395b7
3266110,EMAIL-b71ecbccbf34
3266138,EMAIL-526472e87484
3266163,EMAIL-526472e87484
3266176,EMAIL-526472e87484
3266198,EMAIL-7db8006395b7
3266203,EMAIL-05c3ae107b3d
3266207,EMAIL-7db8006395b7
3266212,EMAIL-526472e87484
3266213,EMAIL-7db8006395b7
3266219,EMAIL-05c3ae107b3d
3266306,EMAIL-526472e87484
3266394,EMAIL-7db8006395b7
3266428,EMAIL-b71ecbccbf34
3266493,EMAIL-526472e87484
3266534,EMAIL-526472e87484
3266538,EMAIL-526472e87484
3266539,EMAIL-662b3791aebd
3266546,EMAIL-7db8006395b7
3266553,EMAIL-526472e87484
3266574,EMAIL-7db8006395b7
3266586,EMAIL-05c3ae107b3d
3266668,EMAIL-05c3ae107b3d
3266735,EMAIL-526472e87484
3266758,EMAIL-526472e87484
3266760,EMAIL-dfe6a9c7c1a5
3266790,EMAIL-2c6b2b02a48e
3266807,EMAIL-526472e87484
3266815,EMAIL-526472e87484
3266839,EMAIL-7db8006395b7
3266848,EMAIL-526472e87484
3266884,EMAIL-526472e87484
3266906,EMAIL-05c3ae107b3d
3267011,EMAIL-7db8006395b7
3267015,EMAIL-601679140412
3267024,EMAIL-526472e87484
3267045,EMAIL-601679140412
3267107,EMAIL-601679140412
3267110,EMAIL-7db8006395b7
3267140,EMAIL-601679140412
3267160,EMAIL-601679140412
3267163,EMAIL-7db8006395b7
3267172,EMAIL-601679140412
3267311,EMAIL-dfe6a9c7c1a5
3267459,EMAIL-7db8006395b7
3267473,EMAIL-6d8c8eb6c5c8
3267504,EMAIL-526472e87484
3267510,EMAIL-7db8006395b7
3267526,EMAIL-526472e87484
3267574,EMAIL-a45016f2e246
3267628,EMAIL-dfe6a9c7c1a5
3267644,EMAIL-7db8006395b7
3267659,EMAIL-526472e87484
3267664,EMAIL-526472e87484
3267665,EMAIL-526472e87484
3267708,EMAIL-7db8006395b7
3267776,EMAIL-7db8006395b7
3267782,EMAIL-526472e87484
3267790,EMAIL-05c3ae107b3d
3267875,EMAIL-7db8006395b7
3267887,EMAIL-526472e87484
3267919,EMAIL-7db8006395b7
3267969,EMAIL-7db8006395b7
3267999,EMAIL-7db8006395b7
3268005,EMAIL-7db8006395b7
3268006,EMAIL-a45016f2e246
3268016,EMAIL-d1684fe68050
3268025,EMAIL-526472e87484
3268041,EMAIL-526472e87484
3268062,EMAIL-7db8006395b7
3268110,EMAIL-526472e87484
3268169,EMAIL-5a343157d535
3268171,EMAIL-01cc9250b615
3268201,EMAIL-526472e87484
3268251,EMAIL-526472e87484
3268263,EMAIL-526472e87484
3268296,EMAIL-000db143c437
3268323,EMAIL-526472e87484
3268332,EMAIL-7eeee5f261e7
3268334,EMAIL-7db8006395b7
3268385,EMAIL-601679140412
3268394,EMAIL-601679140412
3268414,EMAIL-526472e87484
3268429,EMAIL-7db8006395b7
3268439,EMAIL-526472e87484
3268508,EMAIL-526472e87484
3268513,EMAIL-526472e87484
3268536,EMAIL-7db8006395b7
3268538,EMAIL-7db8006395b7
3268539,EMAIL-526472e87484
3268550,EMAIL-7db8006395b7
3268558,EMAIL-7db8006395b7
3268586,EMAIL-7db8006395b7
3268643,EMAIL-7db8006395b7
3268665,EMAIL-601679140412
3268669,EMAIL-526472e87484
3268688,EMAIL-05c3ae107b3d
3268704,EMAIL-526472e87484
3268718,EMAIL-601679140412
3268729,EMAIL-a45016f2e246
3268737,EMAIL-a45016f2e246
3268766,EMAIL-526472e87484
3268775,EMAIL-526472e87484
3268776,EMAIL-526472e87484
3268790,EMAIL-526472e87484
3268794,EMAIL-526472e87484
3268802,EMAIL-5a343157d535
3268832,EMAIL-526472e87484
3268834,EMAIL-5a343157d535
3268893,EMAIL-526472e87484
3268895,EMAIL-526472e87484
3268898,EMAIL-526472e87484
3268924,EMAIL-526472e87484
3268925,EMAIL-526472e87484
3268931,EMAIL-526472e87484
3268962,EMAIL-05c3ae107b3d
3268970,EMAIL-526472e87484
3268997,EMAIL-7db8006395b7
3268999,EMAIL-05c3ae107b3d
3269053,EMAIL-526472e87484
3269056,EMAIL-526472e87484
3269064,EMAIL-b71ecbccbf34
3269068,EMAIL-b71ecbccbf34
3269079,EMAIL-dfe6a9c7c1a5
3269187,EMAIL-526472e87484
3269208,EMAIL-05c3ae107b3d
3269274,EMAIL-05c3ae107b3d
3269325,EMAIL-05c3ae107b3d
3269346,EMAIL-526472e87484
3269378,EMAIL-526472e87484
3269383,EMAIL-05c3ae107b3d
3269407,EMAIL-05c3ae107b3d
3269412,EMAIL-526472e87484
3269427,EMAIL-7db8006395b7
3269484,EMAIL-83e81c0f7766
3269509,EMAIL-05c3ae107b3d
3269590,EMAIL-3a8e7c5c8069
3269599,EMAIL-526472e87484
3269635,EMAIL-601679140412
3269648,EMAIL-a45016f2e246
3269653,EMAIL-a45016f2e246
3269723,EMAIL-7db8006395b7
3269725,EMAIL-7db8006395b7
3269743,EMAIL-526472e87484
3269750,EMAIL-526472e87484
3269758,EMAIL-526472e87484
3269800,EMAIL-7db8006395b7
3269858,EMAIL-b71ecbccbf34
3269874,EMAIL-526472e87484
3269943,EMAIL-526472e87484
3269957,EMAIL-526472e87484
3269981,EMAIL-7db8006395b7
3270045,EMAIL-526472e87484
3270054,EMAIL-7db8006395b7
3270056,EMAIL-05c3ae107b3d
3270060,EMAIL-601679140412
3270109,EMAIL-7db8006395b7
3270122,EMAIL-526472e87484
3270142,EMAIL-7db8006395b7
3270190,EMAIL-2c6b2b02a48e
3270227,EMAIL-7db8006395b7
3270256,EMAIL-526472e87484
3270291,EMAIL-7db8006395b7
3270336,EMAIL-526472e87484
3270355,EMAIL-05c3ae107b3d
3270360,EMAIL-526472e87484
3270427,EMAIL-7db8006395b7
3270484,EMAIL-526472e87484
3270525,EMAIL-526472e87484
3270535,EMAIL-05c3ae107b3d
3270541,EMAIL-7db8006395b7
3270564,EMAIL-601679140412
3270716,EMAIL-526472e87484
3270731,EMAIL-526472e87484
3270743,EMAIL-7db8006395b7
3270748,EMAIL-05c3ae107b3d
3270755,EMAIL-05c3ae107b3d
3270771,EMAIL-7db8006395b7
3270777,EMAIL-526472e87484
3270820,EMAIL-023f08585708
3270841,EMAIL-05c3ae107b3d
3270891,EMAIL-dfe6a9c7c1a5
3270950,EMAIL-7db8006395b7
3270963,EMAIL-7db8006395b7
3271013,EMAIL-526472e87484
3271023,EMAIL-7db8006395b7
3271059,EMAIL-05c3ae107b3d
3271098,EMAIL-dfe6a9c7c1a5
3271164,EMAIL-7db8006395b7
3271166,EMAIL-05c3ae107b3d
3271198,EMAIL-7db8006395b7
3271203,EMAIL-526472e87484
3271211,EMAIL-526472e87484
3271217,EMAIL-526472e87484
3271232,EMAIL-7db8006395b7
3271262,EMAIL-7db8006395b7
3271281,EMAIL-dfe6a9c7c1a5
3271291,EMAIL-dfe6a9c7c1a5
3271303,EMAIL-526472e87484
3271314,EMAIL-526472e87484
3271316,EMAIL-dfe6a9c7c1a5
3271321,EMAIL-7db8006395b7
3271341,EMAIL-7db8006395b7
3271346,EMAIL-526472e87484
3271376,EMAIL-526472e87484
3271422,EMAIL-7db8006395b7
3271424,EMAIL-05c3ae107b3d
3271496,EMAIL-b71ecbccbf34
3271525,EMAIL-526472e87484
3271533,EMAIL-601679140412
3271549,EMAIL-05c3ae107b3d
3271555,EMAIL-7db8006395b7
3271639,EMAIL-01cc9250b615
3271652,EMAIL-526472e87484
3271654,EMAIL-2c6b2b02a48e
3271659,EMAIL-7db8006395b7
3271683,EMAIL-a45016f2e246
3271684,EMAIL-7db8006395b7
3271690,EMAIL-526472e87484
3271698,EMAIL-526472e87484
3271705,EMAIL-526472e87484
3271713,EMAIL-526472e87484
3271770,EMAIL-05c3ae107b3d
3271801,EMAIL-7db8006395b7
3271807,EMAIL-662b3791aebd
3271815,EMAIL-526472e87484
3271816,EMAIL-7db8006395b7
3271823,EMAIL-05c3ae107b3d
3271848,EMAIL-a45016f2e246
3271855,EMAIL-a45016f2e246
3271871,EMAIL-7db8006395b7
3271877,EMAIL-a45016f2e246
3271888,EMAIL-01cc9250b615
3271890,EMAIL-7db8006395b7
3271891,EMAIL-526472e87484
3271898,EMAIL-7db8006395b7
3271900,EMAIL-7db8006395b7
3271905,EMAIL-7db8006395b7
3271906,EMAIL-7db8006395b7
3271910,EMAIL-7db8006395b7
3271912,EMAIL-7db8006395b7
3271929,EMAIL-f757a40fae92
3271935,EMAIL-a45016f2e246
3272010,EMAIL-05c3ae107b3d
3272014,EMAIL-05c3ae107b3d
3272017,EMAIL-526472e87484
3272027,EMAIL-526472e87484
3272058,EMAIL-526472e87484
3272070,EMAIL-7db8006395b7
3272141,EMAIL-526472e87484
3272151,EMAIL-526472e87484
3272157,EMAIL-526472e87484
3272176,EMAIL-526472e87484
3272204,EMAIL-526472e87484
3272214,EMAIL-526472e87484
3272216,EMAIL-526472e87484
3272231,EMAIL-526472e87484
3272233,EMAIL-526472e87484
3272236,EMAIL-526472e87484
3272251,EMAIL-b71ecbccbf34
3272279,EMAIL-526472e87484
3272285,EMAIL-526472e87484
3272286,EMAIL-7db8006395b7
3272347,EMAIL-601679140412
3272373,EMAIL-526472e87484
3272395,EMAIL-7db8006395b7
3272396,EMAIL-601679140412
3272424,EMAIL-526472e87484
3272434,EMAIL-526472e87484
3272451,EMAIL-526472e87484
3272460,EMAIL-526472e87484
3272466,EMAIL-526472e87484
3272470,EMAIL-7db8006395b7
3272477,EMAIL-7db8006395b7
3272487,EMAIL-b71ecbccbf34
3272577,EMAIL-526472e87484
3272632,EMAIL-526472e87484
3272661,EMAIL-05c3ae107b3d
3272674,EMAIL-526472e87484
3272682,EMAIL-000db143c437
3272692,EMAIL-05c3ae107b3d
3272797,EMAIL-7db8006395b7
3272802,EMAIL-7db8006395b7
3272861,EMAIL-526472e87484
3272875,EMAIL-7db8006395b7
3272876,EMAIL-7db8006395b7
3272879,EMAIL-b71ecbccbf34
3272890,EMAIL-526472e87484
3272907,EMAIL-7db8006395b7
3272912,EMAIL-a45016f2e246
3272926,EMAIL-7db8006395b7
3272935,EMAIL-526472e87484
3272939,EMAIL-601679140412
3272950,EMAIL-05c3ae107b3d
3272967,EMAIL-05c3ae107b3d
3272981,EMAIL-7db8006395b7
3273005,EMAIL-7db8006395b7
3273012,EMAIL-7db8006395b7
3273050,EMAIL-7db8006395b7
3273053,EMAIL-526472e87484
3273100,EMAIL-7db8006395b7
3273105,EMAIL-526472e87484
3273119,EMAIL-7db8006395b7
3273127,EMAIL-a45016f2e246
3273128,EMAIL-526472e87484
3273157,EMAIL-526472e87484
3273172,EMAIL-526472e87484
3273187,EMAIL-526472e87484
3273244,EMAIL-601679140412
3273280,EMAIL-05c3ae107b3d
3273288,EMAIL-601679140412
3273324,EMAIL-526472e87484
3273335,EMAIL-526472e87484
3273344,EMAIL-526472e87484
3273395,EMAIL-601679140412
3273412,EMAIL-05c3ae107b3d
3273504,EMAIL-526472e87484
3273531,EMAIL-526472e87484
3273553,EMAIL-7db8006395b7
3273555,EMAIL-7db8006395b7
3273589,EMAIL-526472e87484
3273611,EMAIL-526472e87484
3273621,EMAIL-7db8006395b7
3273653,EMAIL-526472e87484
3273655,EMAIL-526472e87484
3273667,EMAIL-526472e87484
3273668,EMAIL-a45016f2e246
3273689,EMAIL-7db8006395b7
3273691,EMAIL-526472e87484
3273696,EMAIL-7db8006395b7
3273697,EMAIL-526472e87484
3273722,EMAIL-a45016f2e246
3273750,EMAIL-526472e87484
3273754,EMAIL-7db8006395b7
3273763,EMAIL-7db8006395b7
3273776,EMAIL-601679140412
3273782,EMAIL-7db8006395b7
3273785,EMAIL-7db8006395b7
3273806,EMAIL-7db8006395b7
3273808,EMAIL-601679140412
3273834,EMAIL-7db8006395b7
3273840,EMAIL-a45016f2e246
3273857,EMAIL-601679140412
3273862,EMAIL-01cc9250b615
3273866,EMAIL-526472e87484
3273882,EMAIL-05c3ae107b3d
3273883,EMAIL-526472e87484
3273888,EMAIL-7db8006395b7
3273890,EMAIL-526472e87484
3273896,EMAIL-7db8006395b7
3273905,EMAIL-526472e87484
3273920,EMAIL-601679140412
3273923,EMAIL-526472e87484
3273927,EMAIL-526472e87484
3273940,EMAIL-7db8006395b7
3273943,EMAIL-526472e87484
3274036,EMAIL-526472e87484
3274038,EMAIL-526472e87484
3274047,EMAIL-526472e87484
3274061,EMAIL-601679140412
3274105,EMAIL-526472e87484
3274140,EMAIL-526472e87484
3274184,EMAIL-526472e87484
3274209,EMAIL-526472e87484
3274249,EMAIL-2c6b2b02a48e
3274264,EMAIL-7db8006395b7
3274366,EMAIL-526472e87484
3274416,EMAIL-7db8006395b7
3274453,EMAIL-526472e87484
3274464,EMAIL-7db8006395b7
3274493,EMAIL-526472e87484
3274506,EMAIL-7db8006395b7
3274525,EMAIL-7db8006395b7
3274582,EMAIL-526472e87484
3274617,EMAIL-526472e87484
3274641,EMAIL-526472e87484
3274642,EMAIL-7db8006395b7
3274649,EMAIL-526472e87484
3274650,EMAIL-526472e87484
3274661,EMAIL-b71ecbccbf34
3274689,EMAIL-7db8006395b7
3274701,EMAIL-7db8006395b7
3274768,EMAIL-526472e87484
3274776,EMAIL-526472e87484
3274781,EMAIL-05c3ae107b3d
3274799,EMAIL-05c3ae107b3d
3274813,EMAIL-526472e87484
3274824,EMAIL-01cc9250b615
3274826,EMAIL-526472e87484
3274829,EMAIL-01cc9250b615
3274833,EMAIL-01cc9250b615
3274869,EMAIL-b71ecbccbf34
3274877,EMAIL-05c3ae107b3d
3274883,EMAIL-526472e87484
3274898,EMAIL-601679140412
3274907,EMAIL-526472e87484
3274913,EMAIL-7db8006395b7
3274919,EMAIL-526472e87484
3274930,EMAIL-7db8006395b7
3274940,EMAIL-526472e87484
3274941,EMAIL-526472e87484
3274966,EMAIL-7db8006395b7
3274968,EMAIL-b71ecbccbf34
3274971,EMAIL-b71ecbccbf34
3274985,EMAIL-05c3ae107b3d
3275035,EMAIL-526472e87484
3275096,EMAIL-05c3ae107b3d
3275104,EMAIL-5a7e696acd63
3275163,EMAIL-526472e87484
3275195,EMAIL-7db8006395b7
3275242,EMAIL-526472e87484
3275344,EMAIL-b71ecbccbf34
3275363,EMAIL-526472e87484
3275397,EMAIL-526472e87484
3275416,EMAIL-601679140412
3275434,EMAIL-526472e87484
3275452,EMAIL-1221ee4a23d4
3275469,EMAIL-526472e87484
3275480,EMAIL-526472e87484
3275486,EMAIL-7db8006395b7
3275489,EMAIL-b71ecbccbf34
3275521,EMAIL-a45016f2e246
3275525,EMAIL-7db8006395b7
3275530,EMAIL-05c3ae107b3d
3275532,EMAIL-7db8006395b7
3275533,EMAIL-05c3ae107b3d
3275544,EMAIL-662b3791aebd
3275545,EMAIL-7db8006395b7
3275575,EMAIL-7db8006395b7
3275577,EMAIL-7db8006395b7
3275578,EMAIL-526472e87484
3275582,EMAIL-7db8006395b7
3275614,EMAIL-526472e87484
3275655,EMAIL-05c3ae107b3d
3275719,EMAIL-526472e87484
3275722,EMAIL-05c3ae107b3d
3275814,EMAIL-526472e87484
3275955,EMAIL-7db8006395b7
3275961,EMAIL-601679140412
3275993,EMAIL-526472e87484
3275994,EMAIL-526472e87484
3276002,EMAIL-b71ecbccbf34
3276038,EMAIL-7db8006395b7
3276048,EMAIL-b71ecbccbf34
3276054,EMAIL-526472e87484
3276062,EMAIL-b71ecbccbf34
3276082,EMAIL-05c3ae107b3d
3276114,EMAIL-7db8006395b7
3276134,EMAIL-a45016f2e246
3276187,EMAIL-526472e87484
3276192,EMAIL-526472e87484
3276212,EMAIL-526472e87484
3276221,EMAIL-526472e87484
3276231,EMAIL-05c3ae107b3d
3276238,EMAIL-01cc9250b615
3276289,EMAIL-526472e87484
3276304,EMAIL-526472e87484
3276316,EMAIL-b71ecbccbf34
3276340,EMAIL-05c3ae107b3d
3276379,EMAIL-83e81c0f7766
3276441,EMAIL-b71ecbccbf34
3276444,EMAIL-526472e87484
3276473,EMAIL-7db8006395b7
3276486,EMAIL-7db8006395b7
3276492,EMAIL-7db8006395b7
3276506,EMAIL-05c3ae107b3d
3276556,EMAIL-7db8006395b7
3276584,EMAIL-526472e87484
3276590,EMAIL-526472e87484
3276591,EMAIL-05c3ae107b3d
3276632,EMAIL-526472e87484
3276651,EMAIL-05c3ae107b3d
3276666,EMAIL-05c3ae107b3d
3276674,EMAIL-f6344456ed96
3276745,EMAIL-526472e87484
3276766,EMAIL-7db8006395b7
3276784,EMAIL-526472e87484
3276793,EMAIL-1221ee4a23d4
3276859,EMAIL-526472e87484
3276892,EMAIL-526472e87484
3276895,EMAIL-526472e87484
3276897,EMAIL-7db8006395b7
3276955,EMAIL-7db8006395b7
3276960,EMAIL-526472e87484
3276972,EMAIL-526472e87484
3276999,EMAIL-05c3ae107b3d
3277058,EMAIL-601679140412
3277065,EMAIL-526472e87484
3277072,EMAIL-526472e87484
3277113,EMAIL-05c3ae107b3d
3277131,EMAIL-05c3ae107b3d
3277205,EMAIL-526472e87484
3277220,EMAIL-7db8006395b7
3277311,EMAIL-662b3791aebd
3277352,EMAIL-601679140412
3277388,EMAIL-7db8006395b7
3277413,EMAIL-05c3ae107b3d
3277423,EMAIL-526472e87484
3277600,EMAIL-526472e87484
3277634,EMAIL-7db8006395b7
3277672,EMAIL-7db8006395b7
3277719,EMAIL-7db8006395b7
3277790,EMAIL-526472e87484
3277850,EMAIL-526472e87484
3277868,EMAIL-526472e87484
3277873,EMAIL-526472e87484
3277897,EMAIL-526472e87484
3277963,EMAIL-d1684fe68050
3277985,EMAIL-b71ecbccbf34
3277990,EMAIL-526472e87484
3278016,EMAIL-05c3ae107b3d
3278043,EMAIL-7db8006395b7
3278106,EMAIL-05c3ae107b3d
3278137,EMAIL-526472e87484
3278146,EMAIL-a45016f2e246
3278200,EMAIL-526472e87484
3278221,EMAIL-526472e87484
3278227,EMAIL-526472e87484
3278239,EMAIL-526472e87484
3278280,EMAIL-7db8006395b7
3278309,EMAIL-7db8006395b7
3278338,EMAIL-b71ecbccbf34
3278346,EMAIL-7db8006395b7
3278357,EMAIL-7db8006395b7
3278366,EMAIL-7db8006395b7
3278433,EMAIL-526472e87484
3278442,EMAIL-526472e87484
3278455,EMAIL-05c3ae107b3d
3278461,EMAIL-05c3ae107b3d
3278500,EMAIL-05c3ae107b3d
3278504,EMAIL-526472e87484
3278522,EMAIL-7db8006395b7
3278564,EMAIL-a45016f2e246
3278640,EMAIL-05c3ae107b3d
3278643,EMAIL-526472e87484
3278676,EMAIL-526472e87484
3278711,EMAIL-526472e87484
3278732,EMAIL-05c3ae107b3d
3278737,EMAIL-05c3ae107b3d
3278780,EMAIL-7db8006395b7
3278803,EMAIL-05c3ae107b3d
3278845,EMAIL-47b8593a2f1d
3278851,EMAIL-7db8006395b7
3278893,EMAIL-7db8006395b7
3278897,EMAIL-526472e87484
3278960,EMAIL-526472e87484
3278970,EMAIL-7db8006395b7
3279006,EMAIL-83e81c0f7766
3279042,EMAIL-05c3ae107b3d
3279144,EMAIL-601679140412
3279146,EMAIL-7db8006395b7
3279177,EMAIL-7db8006395b7
3279214,EMAIL-7db8006395b7
3279229,EMAIL-526472e87484
3279235,EMAIL-526472e87484
3279252,EMAIL-47b8593a2f1d
3279268,EMAIL-7db8006395b7
3279281,EMAIL-7db8006395b7
3279308,EMAIL-526472e87484
3279313,EMAIL-526472e87484
3279325,EMAIL-526472e87484
3279327,EMAIL-526472e87484
3279335,EMAIL-7db8006395b7
3279338,EMAIL-526472e87484
3279340,EMAIL-01cc9250b615
3279420,EMAIL-7db8006395b7
3279428,EMAIL-526472e87484
3279452,EMAIL-7db8006395b7
3279484,EMAIL-7db8006395b7
3279489,EMAIL-7db8006395b7
3279500,EMAIL-7db8006395b7
3279543,EMAIL-7db8006395b7
3279552,EMAIL-05c3ae107b3d
3279561,EMAIL-526472e87484
3279579,EMAIL-526472e87484
3279591,EMAIL-05c3ae107b3d
3279596,EMAIL-526472e87484
3279609,EMAIL-526472e87484
3279624,EMAIL-7db8006395b7
3279686,EMAIL-7db8006395b7
3279726,EMAIL-7db8006395b7
3279756,EMAIL-a45016f2e246
3279836,EMAIL-7db8006395b7
3279869,EMAIL-526472e87484
3279891,EMAIL-7db8006395b7
3279959,EMAIL-526472e87484
3279962,EMAIL-7db8006395b7
3279971,EMAIL-526472e87484
3280037,EMAIL-05c3ae107b3d
3280069,EMAIL-05c3ae107b3d
3280088,EMAIL-7db8006395b7
3280095,EMAIL-05c3ae107b3d
3280120,EMAIL-7db8006395b7
3280129,EMAIL-7db8006395b7
3280132,EMAIL-7db8006395b7
3280136,EMAIL-b71ecbccbf34
3280151,EMAIL-601679140412
3280171,EMAIL-526472e87484
3280178,EMAIL-601679140412
3280179,EMAIL-7db8006395b7
3280230,EMAIL-526472e87484
3280276,EMAIL-601679140412
3280278,EMAIL-526472e87484
3280282,EMAIL-526472e87484
3280308,EMAIL-526472e87484
3280312,EMAIL-7db8006395b7
3280326,EMAIL-526472e87484
3280328,EMAIL-7db8006395b7
3280356,EMAIL-7db8006395b7
3280358,EMAIL-526472e87484
3280361,EMAIL-2c6b2b02a48e
3280384,EMAIL-05c3ae107b3d
3280400,EMAIL-526472e87484
3280423,EMAIL-526472e87484
3280440,EMAIL-7db8006395b7
3280461,EMAIL-7db8006395b7
3280539,EMAIL-526472e87484
3280551,EMAIL-7db8006395b7
3280605,EMAIL-7db8006395b7
3280652,EMAIL-526472e87484
3280670,EMAIL-1221ee4a23d4
3280707,EMAIL-7db8006395b7
3280724,EMAIL-601679140412
3280737,EMAIL-7db8006395b7
3280741,EMAIL-526472e87484
3280771,EMAIL-526472e87484
3280792,EMAIL-7db8006395b7
3280820,EMAIL-2c6b2b02a48e
3280909,EMAIL-05c3ae107b3d
3280934,EMAIL-05c3ae107b3d
3280962,EMAIL-05c3ae107b3d
3280968,EMAIL-526472e87484
3281025,EMAIL-05c3ae107b3d
3281032,EMAIL-526472e87484
3281068,EMAIL-526472e87484
3281127,EMAIL-526472e87484
3281135,EMAIL-526472e87484
3281206,EMAIL-05c3ae107b3d
3281211,EMAIL-526472e87484
3281217,EMAIL-526472e87484
3281225,EMAIL-601679140412
3281256,EMAIL-526472e87484
3281367,EMAIL-7db8006395b7
3281379,EMAIL-05c3ae107b3d
3281427,EMAIL-05c3ae107b3d
3281430,EMAIL-7db8006395b7
3281496,EMAIL-601679140412
3281505,EMAIL-526472e87484
3281531,EMAIL-3a8e7c5c8069
3281547,EMAIL-7db8006395b7
3281584,EMAIL-601679140412
3281594,EMAIL-05c3ae107b3d
3281598,EMAIL-b71ecbccbf34
3281629,EMAIL-526472e87484
3281676,EMAIL-601679140412
3281699,EMAIL-7db8006395b7
3281735,EMAIL-7db8006395b7
3281775,EMAIL-526472e87484
3281826,EMAIL-000db143c437
3281855,EMAIL-05c3ae107b3d
3281918,EMAIL-dfe6a9c7c1a5
3281927,EMAIL-601679140412
3281953,EMAIL-526472e87484
3281975,EMAIL-7db8006395b7
3281980,EMAIL-526472e87484
3282050,EMAIL-7db8006395b7
3282167,EMAIL-7eeee5f261e7
3282178,EMAIL-526472e87484
3282280,EMAIL-526472e87484
3282304,EMAIL-526472e87484
3282310,EMAIL-7db8006395b7
3282333,EMAIL-000db143c437
3282342,EMAIL-601679140412
3282351,EMAIL-601679140412
3282353,EMAIL-b71ecbccbf34
3282364,EMAIL-05c3ae107b3d
3282384,EMAIL-05c3ae107b3d
3282387,EMAIL-7db8006395b7
3282490,EMAIL-0df48815e896
3282542,EMAIL-526472e87484
3282587,EMAIL-01cc9250b615
3282661,EMAIL-526472e87484
3282682,EMAIL-b71ecbccbf34
3282704,EMAIL-dfe6a9c7c1a5
3282766,EMAIL-526472e87484
3282832,EMAIL-b71ecbccbf34
3282835,EMAIL-0df48815e896
3282854,EMAIL-7db8006395b7
3282864,EMAIL-7db8006395b7
3282894,EMAIL-7db8006395b7
3282899,EMAIL-7db8006395b7
3282904,EMAIL-526472e87484
3282968,EMAIL-0df48815e896
3282974,EMAIL-3a8e7c5c8069
3283019,EMAIL-526472e87484
3283068,EMAIL-05c3ae107b3d
3283071,EMAIL-7db8006395b7
3283116,EMAIL-7db8006395b7
3283136,EMAIL-7db8006395b7
3283143,EMAIL-7db8006395b7
3283145,EMAIL-7db8006395b7
3283146,EMAIL-b71ecbccbf34
3283147,EMAIL-7db8006395b7
3283149,EMAIL-7db8006395b7
3283157,EMAIL-05c3ae107b3d
3283158,EMAIL-b71ecbccbf34
3283207,EMAIL-526472e87484
3283218,EMAIL-b71ecbccbf34
3283224,EMAIL-05c3ae107b3d
3283227,EMAIL-7db8006395b7
3283240,EMAIL-7db8006395b7
3283241,EMAIL-05c3ae107b3d
3283304,EMAIL-7db8006395b7
3283307,EMAIL-526472e87484
3283312,EMAIL-a45016f2e246
3283334,EMAIL-7db8006395b7
3283343,EMAIL-7db8006395b7
3283357,EMAIL-7db8006395b7
3283373,EMAIL-601679140412
3283383,EMAIL-601679140412
3283397,EMAIL-7db8006395b7
3283407,EMAIL-7db8006395b7
3283466,EMAIL-526472e87484
3283469,EMAIL-526472e87484
3283517,EMAIL-526472e87484
3283539,EMAIL-7db8006395b7
3283550,EMAIL-526472e87484
3283555,EMAIL-dfe6a9c7c1a5
3283573,EMAIL-05c3ae107b3d
3283597,EMAIL-7db8006395b7
3283657,EMAIL-05c3ae107b3d
3283691,EMAIL-05c3ae107b3d
3283733,EMAIL-526472e87484
3283751,EMAIL-526472e87484
3283795,EMAIL-b71ecbccbf34
3283821,EMAIL-526472e87484
3283845,EMAIL-b71ecbccbf34
3283865,EMAIL-b71ecbccbf34
3283872,EMAIL-f757a40fae92
3283916,EMAIL-7db8006395b7
3283922,EMAIL-7db8006395b7
3283932,EMAIL-7db8006395b7
3283964,EMAIL-05c3ae107b3d
3283994,EMAIL-526472e87484
3284023,EMAIL-526472e87484
3284032,EMAIL-526472e87484
3284060,EMAIL-526472e87484
3284111,EMAIL-526472e87484
3284115,EMAIL-526472e87484
3284144,EMAIL-05c3ae107b3d
3284227,EMAIL-3a8e7c5c8069
3284252,EMAIL-05c3ae107b3d
3284258,EMAIL-526472e87484
3284343,EMAIL-b71ecbccbf34
3284368,EMAIL-601679140412
3284374,EMAIL-6d8c8eb6c5c8
3284394,EMAIL-b71ecbccbf34
3284414,EMAIL-7db8006395b7
3284481,EMAIL-b71ecbccbf34
3284484,EMAIL-7db8006395b7
3284486,EMAIL-526472e87484
3284487,EMAIL-526472e87484
3284488,EMAIL-7db8006395b7
3284562,EMAIL-01cc9250b615
3284606,EMAIL-05c3ae107b3d
3284623,EMAIL-526472e87484
3284630,EMAIL-526472e87484
3284642,EMAIL-01cc9250b615
3284650,EMAIL-526472e87484
3284716,EMAIL-05c3ae107b3d
3284725,EMAIL-526472e87484
3284741,EMAIL-526472e87484
3284768,EMAIL-05c3ae107b3d
3284793,EMAIL-05c3ae107b3d
3284846,EMAIL-526472e87484
3284848,EMAIL-05c3ae107b3d
3284868,EMAIL-526472e87484
3284869,EMAIL-526472e87484
3284885,EMAIL-7db8006395b7
3284974,EMAIL-526472e87484
3285029,EMAIL-526472e87484
3285050,EMAIL-526472e87484
3285077,EMAIL-7db8006395b7
3285090,EMAIL-7db8006395b7
3285097,EMAIL-526472e87484
3285118,EMAIL-526472e87484
3285143,EMAIL-7db8006395b7
3285152,EMAIL-7db8006395b7
3285154,EMAIL-d1684fe68050
3285163,EMAIL-7db8006395b7
3285177,EMAIL-7db8006395b7
3285185,EMAIL-01cc9250b615
3285200,EMAIL-526472e87484
3285211,EMAIL-7db8006395b7
3285226,EMAIL-526472e87484
3285278,EMAIL-b71ecbccbf34
3285279,EMAIL-7db8006395b7
3285289,EMAIL-526472e87484
3285303,EMAIL-526472e87484
3285309,EMAIL-05c3ae107b3d
3285313,EMAIL-526472e87484
3285330,EMAIL-526472e87484
3285358,EMAIL-05c3ae107b3d
3285388,EMAIL-526472e87484
3285526,EMAIL-7db8006395b7
3285544,EMAIL-526472e87484
3285552,EMAIL-526472e87484
3285570,EMAIL-526472e87484
3285572,EMAIL-7db8006395b7
3285648,EMAIL-526472e87484
3285768,EMAIL-05c3ae107b3d
3285792,EMAIL-526472e87484
3285800,EMAIL-dfe6a9c7c1a5
3285842,EMAIL-7db8006395b7
3285857,EMAIL-7db8006395b7
3285884,EMAIL-526472e87484
3285885,EMAIL-601679140412
3285904,EMAIL-01cc9250b615
3285912,EMAIL-05c3ae107b3d
3285920,EMAIL-05c3ae107b3d
3285927,EMAIL-7db8006395b7
3285932,EMAIL-526472e87484
3285961,EMAIL-526472e87484
3285990,EMAIL-601679140412
3285997,EMAIL-0df48815e896
3286032,EMAIL-601679140412
3286035,EMAIL-526472e87484
3286059,EMAIL-7db8006395b7
3286119,EMAIL-526472e87484
3286123,EMAIL-526472e87484
3286160,EMAIL-7db8006395b7
3286179,EMAIL-023f08585708
3286189,EMAIL-05c3ae107b3d
3286236,EMAIL-7db8006395b7
3286249,EMAIL-7db8006395b7
3286252,EMAIL-526472e87484
3286312,EMAIL-526472e87484
3286346,EMAIL-dfe6a9c7c1a5
3286348,EMAIL-7db8006395b7
3286357,EMAIL-7db8006395b7
3286359,EMAIL-7db8006395b7
3286362,EMAIL-dfe6a9c7c1a5
3286388,EMAIL-526472e87484
3286401,EMAIL-a45016f2e246
3286411,EMAIL-05c3ae107b3d
3286436,EMAIL-7db8006395b7
3286437,EMAIL-05c3ae107b3d
3286439,EMAIL-05c3ae107b3d
3286463,EMAIL-526472e87484
3286469,EMAIL-7db8006395b7
3286519,EMAIL-526472e87484
3286531,EMAIL-526472e87484
3286540,EMAIL-a45016f2e246
3286558,EMAIL-526472e87484
3286564,EMAIL-b71ecbccbf34
3286565,EMAIL-05c3ae107b3d
3286569,EMAIL-b71ecbccbf34
3286659,EMAIL-526472e87484
3286660,EMAIL-7db8006395b7
3286666,EMAIL-7db8006395b7
3286684,EMAIL-526472e87484
3286718,EMAIL-526472e87484
3286729,EMAIL-7db8006395b7
3286766,EMAIL-b71ecbccbf34
3286773,EMAIL-05c3ae107b3d
3286794,EMAIL-526472e87484
3286811,EMAIL-526472e87484
3286840,EMAIL-526472e87484
3286847,EMAIL-6d8c8eb6c5c8
3286857,EMAIL-601679140412
3286958,EMAIL-7db8006395b7
3286991,EMAIL-05c3ae107b3d
3287048,EMAIL-526472e87484
3287098,EMAIL-601679140412
3287126,EMAIL-7db8006395b7
3287136,EMAIL-b71ecbccbf34
3287143,EMAIL-7db8006395b7
3287147,EMAIL-b71ecbccbf34
3287162,EMAIL-526472e87484
3287249,EMAIL-526472e87484
3287262,EMAIL-7db8006395b7
3287278,EMAIL-7db8006395b7
3287292,EMAIL-7db8006395b7
3287313,EMAIL-7db8006395b7
3287316,EMAIL-7db8006395b7
3287368,EMAIL-601679140412
3287419,EMAIL-b71ecbccbf34
3287438,EMAIL-a45016f2e246
3287489,EMAIL-7db8006395b7
3287496,EMAIL-05c3ae107b3d
3287506,EMAIL-7db8006395b7
3287538,EMAIL-05c3ae107b3d
3287554,EMAIL-7db8006395b7
3287580,EMAIL-526472e87484
3287582,EMAIL-526472e87484
3287628,EMAIL-526472e87484
3287641,EMAIL-526472e87484
3287663,EMAIL-7db8006395b7
3287675,EMAIL-526472e87484
3287769,EMAIL-526472e87484
3287823,EMAIL-526472e87484
3287838,EMAIL-526472e87484
3287842,EMAIL-05c3ae107b3d
3287892,EMAIL-601679140412
3287920,EMAIL-526472e87484
3287929,EMAIL-526472e87484
3287946,EMAIL-b71ecbccbf34
3287949,EMAIL-7db8006395b7
3287962,EMAIL-526472e87484
3288047,EMAIL-526472e87484
3288051,EMAIL-526472e87484
3288064,EMAIL-526472e87484
3288090,EMAIL-7db8006395b7
3288195,EMAIL-601679140412
3288215,EMAIL-601679140412
3288218,EMAIL-601679140412
3288236,EMAIL-7db8006395b7
3288238,EMAIL-601679140412
3288260,EMAIL-601679140412
3288280,EMAIL-601679140412
3288285,EMAIL-601679140412
3288333,EMAIL-7db8006395b7
3288337,EMAIL-b71ecbccbf34
3288347,EMAIL-601679140412
3288350,EMAIL-7db8006395b7
3288386,EMAIL-526472e87484
3288420,EMAIL-526472e87484
3288463,EMAIL-526472e87484
3288474,EMAIL-7db8006395b7
3288497,EMAIL-7db8006395b7
3288534,EMAIL-526472e87484
3288539,EMAIL-b71ecbccbf34
3288549,EMAIL-7db8006395b7
3288591,EMAIL-05c3ae107b3d
3288617,EMAIL-b71ecbccbf34
3288620,EMAIL-f757a40fae92
3288666,EMAIL-7db8006395b7
3288694,EMAIL-526472e87484
3288753,EMAIL-526472e87484
3288759,EMAIL-526472e87484
3288771,EMAIL-7db8006395b7
3288790,EMAIL-526472e87484
3288799,EMAIL-526472e87484
3288804,EMAIL-601679140412
3288807,EMAIL-526472e87484
3288822,EMAIL-526472e87484
3288848,EMAIL-526472e87484
3288852,EMAIL-7db8006395b7
3288860,EMAIL-526472e87484
3288861,EMAIL-526472e87484
3288885,EMAIL-7db8006395b7
3288902,EMAIL-3a8e7c5c8069
3288905,EMAIL-05c3ae107b3d
3288991,EMAIL-05c3ae107b3d
3289004,EMAIL-526472e87484
3289022,EMAIL-05c3ae107b3d
3289024,EMAIL-526472e87484
3289033,EMAIL-526472e87484
3289038,EMAIL-526472e87484
3289052,EMAIL-7db8006395b7
3289059,EMAIL-7db8006395b7
3289084,EMAIL-526472e87484
3289089,EMAIL-7db8006395b7
3289124,EMAIL-7db8006395b7
3289137,EMAIL-b71ecbccbf34
3289143,EMAIL-dfe6a9c7c1a5
3289159,EMAIL-7db8006395b7
3289182,EMAIL-526472e87484
3289196,EMAIL-7db8006395b7
3289223,EMAIL-526472e87484
3289226,EMAIL-526472e87484
3289254,EMAIL-a45016f2e246
3289255,EMAIL-7db8006395b7
3289266,EMAIL-b71ecbccbf34
3289268,EMAIL-526472e87484
3289270,EMAIL-7db8006395b7
3289283,EMAIL-526472e87484
3289302,EMAIL-05c3ae107b3d
3289315,EMAIL-526472e87484
3289316,EMAIL-526472e87484
3289319,EMAIL-526472e87484
3289322,EMAIL-526472e87484
3289323,EMAIL-526472e87484
3289325,EMAIL-526472e87484
3289328,EMAIL-526472e87484
3289353,EMAIL-526472e87484
3289394,EMAIL-526472e87484
3289410,EMAIL-05c3ae107b3d
3289508,EMAIL-526472e87484
3289513,EMAIL-7db8006395b7
3289539,EMAIL-b71ecbccbf34
3289577,EMAIL-0845c59ff0b1
3289604,EMAIL-526472e87484
3289677,EMAIL-7db8006395b7
3289679,EMAIL-7db8006395b7
3289687,EMAIL-a45016f2e246
3289717,EMAIL-526472e87484
3289729,EMAIL-526472e87484
3289732,EMAIL-05c3ae107b3d
3289750,EMAIL-a45016f2e246
3289753,EMAIL-7db8006395b7
3289762,EMAIL-7db8006395b7
3289768,EMAIL-a45016f2e246
3289785,EMAIL-526472e87484
3289788,EMAIL-526472e87484
3289791,EMAIL-05c3ae107b3d
3289806,EMAIL-a45016f2e246
3289808,EMAIL-05c3ae107b3d
3289809,EMAIL-7db8006395b7
3289811,EMAIL-d1684fe68050
3289876,EMAIL-526472e87484
3289877,EMAIL-526472e87484
3289901,EMAIL-05c3ae107b3d
3289917,EMAIL-601679140412
3289949,EMAIL-526472e87484
3289953,EMAIL-526472e87484
3289966,EMAIL-7db8006395b7
3289987,EMAIL-526472e87484
3289991,EMAIL-7db8006395b7
3290047,EMAIL-7db8006395b7
3290059,EMAIL-526472e87484
3290115,EMAIL-526472e87484
3290136,EMAIL-601679140412
3290145,EMAIL-a45016f2e246
3290168,EMAIL-526472e87484
3290219,EMAIL-526472e87484
3290234,EMAIL-05c3ae107b3d
3290245,EMAIL-526472e87484
3290252,EMAIL-526472e87484
3290257,EMAIL-3a8e7c5c8069
3290264,EMAIL-7db8006395b7
3290268,EMAIL-526472e87484
3290291,EMAIL-662b3791aebd
3290312,EMAIL-7db8006395b7
3290318,EMAIL-526472e87484
3290367,EMAIL-7db8006395b7
3290381,EMAIL-601679140412
3290425,EMAIL-7db8006395b7
3290440,EMAIL-7db8006395b7
3290457,EMAIL-526472e87484
3290473,EMAIL-526472e87484
3290474,EMAIL-a45016f2e246
3290525,EMAIL-526472e87484
3290533,EMAIL-526472e87484
3290536,EMAIL-05c3ae107b3d
3290552,EMAIL-526472e87484
3290565,EMAIL-05c3ae107b3d
3290587,EMAIL-7db8006395b7
3290620,EMAIL-05c3ae107b3d
3290633,EMAIL-7db8006395b7
3290669,EMAIL-7db8006395b7
3290686,EMAIL-526472e87484
3290715,EMAIL-7db8006395b7
3290719,EMAIL-7db8006395b7
3290744,EMAIL-05c3ae107b3d
3290755,EMAIL-526472e87484
3290839,EMAIL-526472e87484
3290859,EMAIL-d1684fe68050
3290937,EMAIL-526472e87484
3290967,EMAIL-526472e87484
3290993,EMAIL-7db8006395b7
3291037,EMAIL-05c3ae107b3d
3291077,EMAIL-01cc9250b615
3291130,EMAIL-7db8006395b7
3291147,EMAIL-05c3ae107b3d
3291158,EMAIL-526472e87484
3291184,EMAIL-526472e87484
3291202,EMAIL-7db8006395b7
3291218,EMAIL-7db8006395b7
3291221,EMAIL-7db8006395b7
3291223,EMAIL-601679140412
3291274,EMAIL-7db8006395b7
3291319,EMAIL-526472e87484
3291336,EMAIL-2c6b2b02a48e
3291337,EMAIL-7db8006395b7
3291350,EMAIL-7db8006395b7
3291363,EMAIL-526472e87484
3291385,EMAIL-05c3ae107b3d
3291393,EMAIL-526472e87484
3291405,EMAIL-526472e87484
3291406,EMAIL-526472e87484
3291457,EMAIL-526472e87484
3291461,EMAIL-526472e87484
3291464,EMAIL-7db8006395b7
3291481,EMAIL-526472e87484
3291512,EMAIL-7db8006395b7
3291523,EMAIL-7db8006395b7
3291531,EMAIL-601679140412
3291580,EMAIL-526472e87484
3291590,EMAIL-dfe6a9c7c1a5
3291626,EMAIL-7db8006395b7
3291630,EMAIL-7db8006395b7
3291638,EMAIL-7db8006395b7
3291655,EMAIL-7db8006395b7
3291672,EMAIL-526472e87484
3291674,EMAIL-526472e87484
3291675,EMAIL-7db8006395b7
3291693,EMAIL-7db8006395b7
3291705,EMAIL-7db8006395b7
3291732,EMAIL-526472e87484
3291737,EMAIL-601679140412
3291753,EMAIL-05c3ae107b3d
3291793,EMAIL-7db8006395b7
3291823,EMAIL-526472e87484
3291828,EMAIL-526472e87484
3291852,EMAIL-7db8006395b7
3291937,EMAIL-a45016f2e246
3291950,EMAIL-526472e87484
3291952,EMAIL-dfe6a9c7c1a5
3291953,EMAIL-7db8006395b7
3291965,EMAIL-7db8006395b7
3291970,EMAIL-526472e87484
3291982,EMAIL-526472e87484
3291984,EMAIL-526472e87484
3291993,EMAIL-7db8006395b7
3292006,EMAIL-7db8006395b7
3292011,EMAIL-526472e87484
3292015,EMAIL-7db8006395b7
3292020,EMAIL-526472e87484
3292026,EMAIL-7db8006395b7
3292058,EMAIL-526472e87484
3292070,EMAIL-d8fc56fc7cd3
3292096,EMAIL-526472e87484
3292106,EMAIL-526472e87484
3292107,EMAIL-526472e87484
3292108,EMAIL-526472e87484
3292131,EMAIL-7db8006395b7
3292134,EMAIL-05c3ae107b3d
3292141,EMAIL-05c3ae107b3d
3292160,EMAIL-dfe6a9c7c1a5
3292186,EMAIL-05c3ae107b3d
3292205,EMAIL-05c3ae107b3d
3292227,EMAIL-b2683a414714
3292271,EMAIL-526472e87484
3292368,EMAIL-05c3ae107b3d
3292373,EMAIL-526472e87484
3292395,EMAIL-05c3ae107b3d
3292408,EMAIL-b71ecbccbf34
3292459,EMAIL-5cac1ed1c3bd
3292469,EMAIL-526472e87484
3292480,EMAIL-7db8006395b7
3292481,EMAIL-7db8006395b7
3292492,EMAIL-7db8006395b7
3292504,EMAIL-526472e87484
3292505,EMAIL-7db8006395b7
3292509,EMAIL-b71ecbccbf34
3292535,EMAIL-7db8006395b7
3292550,EMAIL-b71ecbccbf34
3292587,EMAIL-526472e87484
3292597,EMAIL-05c3ae107b3d
3292609,EMAIL-7db8006395b7
3292627,EMAIL-526472e87484
3292649,EMAIL-05c3ae107b3d
3292706,EMAIL-7db8006395b7
3292710,EMAIL-526472e87484
3292723,EMAIL-526472e87484
3292731,EMAIL-526472e87484
3292732,EMAIL-7db8006395b7
3292739,EMAIL-526472e87484
3292745,EMAIL-601679140412
3292758,EMAIL-7db8006395b7
3292782,EMAIL-b71ecbccbf34
3292829,EMAIL-526472e87484
3292858,EMAIL-601679140412
3292913,EMAIL-526472e87484
3292937,EMAIL-05c3ae107b3d
3292938,EMAIL-05c3ae107b3d
3292955,EMAIL-7db8006395b7
3292981,EMAIL-d1684fe68050
3293003,EMAIL-05c3ae107b3d
3293007,EMAIL-526472e87484
3293076,EMAIL-05c3ae107b3d
3293113,EMAIL-05c3ae107b3d
3293141,EMAIL-05c3ae107b3d
3293187,EMAIL-526472e87484
3293210,EMAIL-526472e87484
3293250,EMAIL-526472e87484
3293317,EMAIL-526472e87484
3293327,EMAIL-8b942685451d
3293330,EMAIL-526472e87484
3293331,EMAIL-526472e87484
3293341,EMAIL-dfe6a9c7c1a5
3293352,EMAIL-526472e87484
3293363,EMAIL-8b942685451d
3293382,EMAIL-601679140412
3293431,EMAIL-05c3ae107b3d
3293505,EMAIL-7db8006395b7
3293553,EMAIL-a45016f2e246
3293554,EMAIL-7db8006395b7
3293555,EMAIL-7db8006395b7
3293556,EMAIL-b71ecbccbf34
3293595,EMAIL-7db8006395b7
3293597,EMAIL-7db8006395b7
3293600,EMAIL-601679140412
3293606,EMAIL-7db8006395b7
3293641,EMAIL-526472e87484
3293677,EMAIL-526472e87484
3293728,EMAIL-7db8006395b7
3293729,EMAIL-526472e87484
3293748,EMAIL-7db8006395b7
3293780,EMAIL-7db8006395b7
3293797,EMAIL-526472e87484
3293807,EMAIL-05c3ae107b3d
3293813,EMAIL-7db8006395b7
3293818,EMAIL-05c3ae107b3d
3293847,EMAIL-526472e87484
3293879,EMAIL-7db8006395b7
3293885,EMAIL-526472e87484
3293891,EMAIL-526472e87484
3293928,EMAIL-526472e87484
3293966,EMAIL-7db8006395b7
3293973,EMAIL-526472e87484
3293992,EMAIL-526472e87484
3293996,EMAIL-7db8006395b7
3294005,EMAIL-023f08585708
3294018,EMAIL-7db8006395b7
3294030,EMAIL-526472e87484
3294031,EMAIL-526472e87484
3294035,EMAIL-526472e87484
3294039,EMAIL-526472e87484
3294069,EMAIL-526472e87484
3294103,EMAIL-7db8006395b7
3294120,EMAIL-526472e87484
3294175,EMAIL-a45016f2e246
3294201,EMAIL-526472e87484
3294278,EMAIL-601679140412
3294279,EMAIL-526472e87484
3294310,EMAIL-526472e87484
3294313,EMAIL-7db8006395b7
3294320,EMAIL-526472e87484
3294346,EMAIL-526472e87484
3294356,EMAIL-b71ecbccbf34
3294390,EMAIL-526472e87484
3294426,EMAIL-526472e87484
3294470,EMAIL-7db8006395b7
3294510,EMAIL-7db8006395b7
3294522,EMAIL-b71ecbccbf34
3294588,EMAIL-7db8006395b7
3294610,EMAIL-526472e87484
3294640,EMAIL-05c3ae107b3d
3294669,EMAIL-526472e87484
3294691,EMAIL-b71ecbccbf34
3294752,EMAIL-7db8006395b7
3294753,EMAIL-526472e87484
3294762,EMAIL-526472e87484
3294766,EMAIL-05c3ae107b3d
3294773,EMAIL-526472e87484
3294774,EMAIL-526472e87484
3294781,EMAIL-601679140412
3294801,EMAIL-05c3ae107b3d
3294805,EMAIL-05c3ae107b3d
3294825,EMAIL-526472e87484
3294833,EMAIL-526472e87484
3294843,EMAIL-7db8006395b7
3294890,EMAIL-b71ecbccbf34
3294923,EMAIL-526472e87484
3294932,EMAIL-526472e87484
3294962,EMAIL-526472e87484
3295001,EMAIL-7db8006395b7
3295118,EMAIL-6d8c8eb6c5c8
3295167,EMAIL-2c6b2b02a48e
3295171,EMAIL-526472e87484
3295183,EMAIL-b71ecbccbf34
3295184,EMAIL-7db8006395b7
3295199,EMAIL-05c3ae107b3d
3295262,EMAIL-526472e87484
3295270,EMAIL-526472e87484
3295286,EMAIL-7db8006395b7
3295348,EMAIL-526472e87484
3295373,EMAIL-b71ecbccbf34
3295414,EMAIL-526472e87484
3295444,EMAIL-a45016f2e246
3295481,EMAIL-526472e87484
3295566,EMAIL-7db8006395b7
3295579,EMAIL-7db8006395b7
3295602,EMAIL-7db8006395b7
3295615,EMAIL-000db143c437
3295622,EMAIL-000db143c437
3295639,EMAIL-7db8006395b7
3295681,EMAIL-7db8006395b7
3295699,EMAIL-b71ecbccbf34
3295778,EMAIL-0df48815e896
3295888,EMAIL-7db8006395b7
3295895,EMAIL-526472e87484
3295952,EMAIL-b71ecbccbf34
3295975,EMAIL-526472e87484
3295985,EMAIL-7db8006395b7
3295994,EMAIL-526472e87484
3296028,EMAIL-526472e87484
3296030,EMAIL-3a8e7c5c8069
3296074,EMAIL-526472e87484
3296105,EMAIL-7db8006395b7
3296114,EMAIL-01cc9250b615
3296116,EMAIL-01cc9250b615
3296129,EMAIL-05c3ae107b3d
3296228,EMAIL-526472e87484
3296263,EMAIL-526472e87484
3296267,EMAIL-526472e87484
3296301,EMAIL-526472e87484
3296303,EMAIL-05c3ae107b3d
3296313,EMAIL-d1684fe68050
3296322,EMAIL-05c3ae107b3d
3296365,EMAIL-526472e87484
3296378,EMAIL-526472e87484
3296379,EMAIL-601679140412
3296389,EMAIL-526472e87484
3296430,EMAIL-526472e87484
3296440,EMAIL-526472e87484
3296453,EMAIL-05c3ae107b3d
3296467,EMAIL-526472e87484
3296537,EMAIL-526472e87484
3296541,EMAIL-526472e87484
3296554,EMAIL-526472e87484
3296579,EMAIL-7db8006395b7
3296595,EMAIL-526472e87484
3296702,EMAIL-526472e87484
3296705,EMAIL-526472e87484
3296727,EMAIL-526472e87484
3296752,EMAIL-05c3ae107b3d
3296770,EMAIL-7db8006395b7
3296787,EMAIL-05c3ae107b3d
3296815,EMAIL-05c3ae107b3d
3296839,EMAIL-000db143c437
3296862,EMAIL-526472e87484
3296893,EMAIL-7db8006395b7
3296905,EMAIL-526472e87484
3297051,EMAIL-7db8006395b7
3297073,EMAIL-526472e87484
3297076,EMAIL-526472e87484
3297080,EMAIL-7db8006395b7
3297115,EMAIL-05c3ae107b3d
3297119,EMAIL-601679140412
3297124,EMAIL-05c3ae107b3d
3297133,EMAIL-526472e87484
3297142,EMAIL-05c3ae107b3d
3297144,EMAIL-05c3ae107b3d
3297176,EMAIL-7db8006395b7
3297183,EMAIL-526472e87484
3297188,EMAIL-05c3ae107b3d
3297189,EMAIL-526472e87484
3297206,EMAIL-05c3ae107b3d
3297216,EMAIL-05c3ae107b3d
3297221,EMAIL-526472e87484
3297252,EMAIL-05c3ae107b3d
3297301,EMAIL-7db8006395b7
3297304,EMAIL-601679140412
3297321,EMAIL-526472e87484
3297342,EMAIL-05c3ae107b3d
3297348,EMAIL-05c3ae107b3d
3297354,EMAIL-05c3ae107b3d
3297369,EMAIL-526472e87484
3297370,EMAIL-05c3ae107b3d
3297403,EMAIL-05c3ae107b3d
3297405,EMAIL-526472e87484
3297455,EMAIL-526472e87484
3297476,EMAIL-601679140412
3297488,EMAIL-526472e87484
3297492,EMAIL-05c3ae107b3d
3297545,EMAIL-b71ecbccbf34
3297547,EMAIL-526472e87484
3297586,EMAIL-526472e87484
3297628,EMAIL-526472e87484
3297635,EMAIL-526472e87484
3297699,EMAIL-526472e87484
3297734,EMAIL-b71ecbccbf34
3297736,EMAIL-7db8006395b7
3297770,EMAIL-7db8006395b7
3297848,EMAIL-526472e87484
3297868,EMAIL-7db8006395b7
3297869,EMAIL-5cac1ed1c3bd
3297875,EMAIL-526472e87484
3297877,EMAIL-7db8006395b7
3297880,EMAIL-7db8006395b7
3297883,EMAIL-7db8006395b7
3297889,EMAIL-7db8006395b7
3297892,EMAIL-7db8006395b7
3297951,EMAIL-526472e87484
3297961,EMAIL-526472e87484
3297971,EMAIL-526472e87484
3297977,EMAIL-526472e87484
3297980,EMAIL-526472e87484
3298152,EMAIL-601679140412
3298176,EMAIL-526472e87484
3298229,EMAIL-7db8006395b7
3298230,EMAIL-7db8006395b7
3298248,EMAIL-7db8006395b7
3298282,EMAIL-7db8006395b7
3298353,EMAIL-7db8006395b7
3298367,EMAIL-7db8006395b7
3298368,EMAIL-526472e87484
3298438,EMAIL-7db8006395b7
3298464,EMAIL-526472e87484
3298558,EMAIL-5cac1ed1c3bd
3298563,EMAIL-526472e87484
3298568,EMAIL-7db8006395b7
3298569,EMAIL-05c3ae107b3d
3298579,EMAIL-dfe6a9c7c1a5
3298608,EMAIL-526472e87484
3298612,EMAIL-7db8006395b7
3298626,EMAIL-7db8006395b7
3298643,EMAIL-526472e87484
3298689,EMAIL-3a8e7c5c8069
3298717,EMAIL-601679140412
3298798,EMAIL-526472e87484
3298804,EMAIL-7db8006395b7
3298810,EMAIL-526472e87484
3298831,EMAIL-dfe6a9c7c1a5
3298835,EMAIL-526472e87484
3298893,EMAIL-526472e87484
3298909,EMAIL-b71ecbccbf34
3298916,EMAIL-526472e87484
3298930,EMAIL-526472e87484
3298934,EMAIL-526472e87484
3298945,EMAIL-526472e87484
3298982,EMAIL-526472e87484
3298998,EMAIL-dfe6a9c7c1a5
3299002,EMAIL-7db8006395b7
3299036,EMAIL-05c3ae107b3d
3299082,EMAIL-601679140412
3299138,EMAIL-526472e87484
3299140,EMAIL-526472e87484
3299146,EMAIL-526472e87484
3299148,EMAIL-601679140412
3299155,EMAIL-7db8006395b7
3299183,EMAIL-05c3ae107b3d
3299194,EMAIL-526472e87484
3299220,EMAIL-526472e87484
3299278,EMAIL-7db8006395b7
3299376,EMAIL-b71ecbccbf34
3299379,EMAIL-526472e87484
3299403,EMAIL-05c3ae107b3d
3299418,EMAIL-526472e87484
3299445,EMAIL-7db8006395b7
3299452,EMAIL-601679140412
3299459,EMAIL-7db8006395b7
3299516,EMAIL-526472e87484
3299554,EMAIL-a45016f2e246
3299575,EMAIL-b71ecbccbf34
3299579,EMAIL-526472e87484
3299649,EMAIL-526472e87484
3299650,EMAIL-a45016f2e246
3299662,EMAIL-b71ecbccbf34
3299700,EMAIL-526472e87484
3299775,EMAIL-05c3ae107b3d
3299889,EMAIL-7db8006395b7
3299904,EMAIL-7db8006395b7
3299907,EMAIL-7db8006395b7
3299918,EMAIL-7db8006395b7
3299977,EMAIL-b71ecbccbf34
3300018,EMAIL-7db8006395b7
3300054,EMAIL-601679140412
3300118,EMAIL-05c3ae107b3d
3300143,EMAIL-526472e87484
3300166,EMAIL-526472e87484
3300250,EMAIL-7db8006395b7
3300279,EMAIL-7db8006395b7
3300280,EMAIL-7db8006395b7
3300323,EMAIL-526472e87484
3300328,EMAIL-601679140412
3300336,EMAIL-526472e87484
3300343,EMAIL-7db8006395b7
3300347,EMAIL-7db8006395b7
3300364,EMAIL-05c3ae107b3d
3300379,EMAIL-7db8006395b7
3300404,EMAIL-b71ecbccbf34
3300430,EMAIL-7db8006395b7
3300499,EMAIL-b71ecbccbf34
3300523,EMAIL-7db8006395b7
3300535,EMAIL-601679140412
3300558,EMAIL-526472e87484
3300569,EMAIL-ddd29d9009e4
3300585,EMAIL-7db8006395b7
3300586,EMAIL-526472e87484
3300590,EMAIL-526472e87484
3300608,EMAIL-601679140412
3300613,EMAIL-7db8006395b7
3300667,EMAIL-526472e87484
3300699,EMAIL-662b3791aebd
3300709,EMAIL-2c6b2b02a48e
3300736,EMAIL-526472e87484
3300749,EMAIL-526472e87484
3300872,EMAIL-526472e87484
3300987,EMAIL-526472e87484
3301030,EMAIL-b71ecbccbf34
3301038,EMAIL-b71ecbccbf34
3301105,EMAIL-526472e87484
3301282,EMAIL-05c3ae107b3d
3301349,EMAIL-526472e87484
3301351,EMAIL-b71ecbccbf34
3301373,EMAIL-526472e87484
3301381,EMAIL-526472e87484
3301419,EMAIL-601679140412
3301489,EMAIL-7db8006395b7
3301540,EMAIL-7db8006395b7
3301645,EMAIL-526472e87484
3301674,EMAIL-7db8006395b7
3301718,EMAIL-601679140412
3301735,EMAIL-526472e87484
3301736,EMAIL-7db8006395b7
3301768,EMAIL-b71ecbccbf34
3301771,EMAIL-526472e87484
3301821,EMAIL-526472e87484
3301851,EMAIL-526472e87484
3301855,EMAIL-7db8006395b7
3301868,EMAIL-526472e87484
3301882,EMAIL-7db8006395b7
3301918,EMAIL-7db8006395b7
3301922,EMAIL-526472e87484
3301923,EMAIL-3a8e7c5c8069
3301935,EMAIL-7db8006395b7
3301976,EMAIL-d1684fe68050
3301990,EMAIL-05c3ae107b3d
3302022,EMAIL-7db8006395b7
3302225,EMAIL-b71ecbccbf34
3302336,EMAIL-526472e87484
3302347,EMAIL-05c3ae107b3d
3302372,EMAIL-526472e87484
3302405,EMAIL-526472e87484
3302409,EMAIL-b615162b121d
3302499,EMAIL-526472e87484
3302547,EMAIL-7db8006395b7
3302587,EMAIL-7db8006395b7
3302646,EMAIL-7db8006395b7
3302665,EMAIL-05c3ae107b3d
3302692,EMAIL-dfe6a9c7c1a5
3302694,EMAIL-526472e87484
3302750,EMAIL-7db8006395b7
3302863,EMAIL-05c3ae107b3d
3302872,EMAIL-b71ecbccbf34
3302878,EMAIL-526472e87484
3302906,EMAIL-b71ecbccbf34
3302966,EMAIL-526472e87484
3302993,EMAIL-601679140412
3303012,EMAIL-526472e87484
3303047,EMAIL-526472e87484
3303194,EMAIL-2c6b2b02a48e
3303250,EMAIL-526472e87484
3303261,EMAIL-526472e87484
3303285,EMAIL-526472e87484
3303319,EMAIL-526472e87484
3303331,EMAIL-05c3ae107b3d
3303335,EMAIL-01cc9250b615
3303369,EMAIL-526472e87484
3303408,EMAIL-b71ecbccbf34
3303412,EMAIL-05c3ae107b3d
3303418,EMAIL-7db8006395b7
3303434,EMAIL-7db8006395b7
3303449,EMAIL-7db8006395b7
3303465,EMAIL-7db8006395b7
3303497,EMAIL-526472e87484
3303518,EMAIL-000db143c437
3303525,EMAIL-05c3ae107b3d
3303541,EMAIL-05c3ae107b3d
3303576,EMAIL-05c3ae107b3d
3303623,EMAIL-601679140412
3303864,EMAIL-526472e87484
3303889,EMAIL-526472e87484
3303926,EMAIL-526472e87484
3303935,EMAIL-7db8006395b7
3303959,EMAIL-526472e87484
3303968,EMAIL-526472e87484
3303980,EMAIL-526472e87484
3303995,EMAIL-526472e87484
3303998,EMAIL-526472e87484
3304065,EMAIL-526472e87484
3304171,EMAIL-601679140412
3304245,EMAIL-7db8006395b7
3304270,EMAIL-526472e87484
3304284,EMAIL-601679140412
3304360,EMAIL-05c3ae107b3d
3304364,EMAIL-b71ecbccbf34
3304418,EMAIL-526472e87484
3304428,EMAIL-7db8006395b7
3304455,EMAIL-526472e87484
3304460,EMAIL-05c3ae107b3d
3304539,EMAIL-a45016f2e246
3304595,EMAIL-7db8006395b7
3304626,EMAIL-526472e87484
3304668,EMAIL-d1684fe68050
3304686,EMAIL-526472e87484
3304714,EMAIL-05c3ae107b3d
3304835,EMAIL-526472e87484
3304980,EMAIL-526472e87484
3305007,EMAIL-7db8006395b7
3305020,EMAIL-526472e87484
3305022,EMAIL-526472e87484
3305094,EMAIL-7db8006395b7
3305132,EMAIL-526472e87484
3305171,EMAIL-b71ecbccbf34
3305173,EMAIL-526472e87484
3305177,EMAIL-7db8006395b7
3305194,EMAIL-7db8006395b7
3305198,EMAIL-05c3ae107b3d
3305201,EMAIL-7db8006395b7
3305219,EMAIL-526472e87484
3305238,EMAIL-526472e87484
3305270,EMAIL-05c3ae107b3d
3305276,EMAIL-7db8006395b7
3305292,EMAIL-526472e87484
3305299,EMAIL-526472e87484
3305359,EMAIL-05c3ae107b3d
3305459,EMAIL-d1684fe68050
3305566,EMAIL-0845c59ff0b1
3305630,EMAIL-526472e87484
3305634,EMAIL-0845c59ff0b1
3305661,EMAIL-05c3ae107b3d
3305663,EMAIL-526472e87484
3305667,EMAIL-601679140412
3305671,EMAIL-526472e87484
3305687,EMAIL-526472e87484
3305698,EMAIL-526472e87484
3305738,EMAIL-526472e87484
3305760,EMAIL-526472e87484
3305775,EMAIL-a45016f2e246
3305795,EMAIL-7db8006395b7
3305815,EMAIL-662b3791aebd
3305880,EMAIL-526472e87484
3305881,EMAIL-a45016f2e246
3305887,EMAIL-7db8006395b7
3305939,EMAIL-7db8006395b7
3305943,EMAIL-7db8006395b7
3305957,EMAIL-526472e87484
3305974,EMAIL-526472e87484
3305975,EMAIL-7db8006395b7
3305990,EMAIL-526472e87484
3306005,EMAIL-b71ecbccbf34
3306008,EMAIL-7db8006395b7
3306013,EMAIL-05c3ae107b3d
3306015,EMAIL-7db8006395b7
3306042,EMAIL-dfe6a9c7c1a5
3306049,EMAIL-01cc9250b615
3306082,EMAIL-7db8006395b7
3306113,EMAIL-601679140412
3306148,EMAIL-7db8006395b7
3306173,EMAIL-526472e87484
3306190,EMAIL-05c3ae107b3d
3306201,EMAIL-526472e87484
3306234,EMAIL-526472e87484
3306397,EMAIL-7db8006395b7
3306432,EMAIL-05c3ae107b3d
3306437,EMAIL-601679140412
3306440,EMAIL-526472e87484
3306447,EMAIL-526472e87484
3306461,EMAIL-526472e87484
3306471,EMAIL-01cc9250b615
3306473,EMAIL-601679140412
3306480,EMAIL-05c3ae107b3d
3306487,EMAIL-526472e87484
3306488,EMAIL-526472e87484
3306498,EMAIL-7db8006395b7
3306527,EMAIL-7db8006395b7
3306574,EMAIL-526472e87484
3306593,EMAIL-7db8006395b7
3306601,EMAIL-526472e87484
3306608,EMAIL-526472e87484
3306610,EMAIL-7db8006395b7
3306629,EMAIL-526472e87484
3306701,EMAIL-526472e87484
3306736,EMAIL-526472e87484
3306844,EMAIL-601679140412
3306875,EMAIL-526472e87484
3306916,EMAIL-7db8006395b7
3306921,EMAIL-7db8006395b7
3306946,EMAIL-7db8006395b7
3306972,EMAIL-526472e87484
3306976,EMAIL-7db8006395b7
3306994,EMAIL-526472e87484
3307037,EMAIL-526472e87484
3307056,EMAIL-526472e87484
3307060,EMAIL-526472e87484
3307068,EMAIL-526472e87484
3307107,EMAIL-05c3ae107b3d
3307113,EMAIL-7db8006395b7
3307116,EMAIL-526472e87484
3307135,EMAIL-526472e87484
3307144,EMAIL-7db8006395b7
3307153,EMAIL-b71ecbccbf34
3307158,EMAIL-526472e87484
3307161,EMAIL-7db8006395b7
3307202,EMAIL-7db8006395b7
3307219,EMAIL-526472e87484
3307228,EMAIL-526472e87484
3307232,EMAIL-05c3ae107b3d
3307244,EMAIL-601679140412
3307245,EMAIL-526472e87484
3307257,EMAIL-526472e87484
3307261,EMAIL-526472e87484
3307264,EMAIL-526472e87484
3307265,EMAIL-526472e87484
3307272,EMAIL-a45016f2e246
3307357,EMAIL-7db8006395b7
3307431,EMAIL-05c3ae107b3d
3307570,EMAIL-662b3791aebd
3307583,EMAIL-05c3ae107b3d
3307598,EMAIL-526472e87484
3307624,EMAIL-526472e87484
3307649,EMAIL-7db8006395b7
3307729,EMAIL-05c3ae107b3d
3307773,EMAIL-526472e87484
3307780,EMAIL-526472e87484
3307844,EMAIL-526472e87484
3307848,EMAIL-7db8006395b7
3307852,EMAIL-b71ecbccbf34
3307865,EMAIL-601679140412
3307960,EMAIL-05c3ae107b3d
3308024,EMAIL-526472e87484
3308067,EMAIL-526472e87484
3308072,EMAIL-526472e87484
3308074,EMAIL-526472e87484
3308087,EMAIL-526472e87484
3308150,EMAIL-662b3791aebd
3308174,EMAIL-526472e87484
3308249,EMAIL-601679140412
3308275,EMAIL-662b3791aebd
3308337,EMAIL-526472e87484
3308499,EMAIL-526472e87484
3308522,EMAIL-526472e87484
3308562,EMAIL-526472e87484
3308572,EMAIL-7db8006395b7
3308616,EMAIL-526472e87484
3308640,EMAIL-526472e87484
3308652,EMAIL-05c3ae107b3d
3308678,EMAIL-526472e87484
3308682,EMAIL-526472e87484
3308704,EMAIL-05c3ae107b3d
3308710,EMAIL-05c3ae107b3d
3308719,EMAIL-526472e87484
3308768,EMAIL-05c3ae107b3d
3308786,EMAIL-526472e87484
3308790,EMAIL-a45016f2e246
3308817,EMAIL-7db8006395b7
3308868,EMAIL-526472e87484
3308869,EMAIL-05c3ae107b3d
3308898,EMAIL-7db8006395b7
3308929,EMAIL-526472e87484
3308935,EMAIL-526472e87484
3308951,EMAIL-7db8006395b7
3308956,EMAIL-526472e87484
3308958,EMAIL-05c3ae107b3d
3308971,EMAIL-526472e87484
3308978,EMAIL-2c6b2b02a48e
3308986,EMAIL-526472e87484
3308991,EMAIL-526472e87484
3308997,EMAIL-526472e87484
3309100,EMAIL-7db8006395b7
3309162,EMAIL-526472e87484
3309174,EMAIL-526472e87484
3309209,EMAIL-526472e87484
3309225,EMAIL-526472e87484
3309233,EMAIL-526472e87484
3309241,EMAIL-526472e87484
3309248,EMAIL-526472e87484
3309258,EMAIL-526472e87484
3309279,EMAIL-526472e87484
3309356,EMAIL-526472e87484
3309362,EMAIL-526472e87484
3309407,EMAIL-7db8006395b7
3309415,EMAIL-526472e87484
3309421,EMAIL-526472e87484
3309431,EMAIL-526472e87484
3309471,EMAIL-601679140412
3309472,EMAIL-526472e87484
3309553,EMAIL-526472e87484
3309586,EMAIL-526472e87484
3309593,EMAIL-526472e87484
3309648,EMAIL-526472e87484
3309652,EMAIL-7db8006395b7
3309664,EMAIL-05c3ae107b3d
3309669,EMAIL-7db8006395b7
3309706,EMAIL-526472e87484
3309712,EMAIL-7db8006395b7
3309733,EMAIL-05c3ae107b3d
3309735,EMAIL-7db8006395b7
3309752,EMAIL-526472e87484
3309758,EMAIL-7db8006395b7
3309784,EMAIL-526472e87484
3309804,EMAIL-05c3ae107b3d
3309821,EMAIL-526472e87484
3309839,EMAIL-7db8006395b7
3309874,EMAIL-526472e87484
3309891,EMAIL-526472e87484
3309908,EMAIL-7db8006395b7
3309936,EMAIL-05c3ae107b3d
3309941,EMAIL-526472e87484
3309965,EMAIL-7db8006395b7
3310005,EMAIL-7db8006395b7
3310025,EMAIL-526472e87484
3310040,EMAIL-526472e87484
3310042,EMAIL-526472e87484
3310058,EMAIL-7db8006395b7
3310062,EMAIL-526472e87484
3310066,EMAIL-526472e87484
3310067,EMAIL-526472e87484
3310070,EMAIL-526472e87484
3310090,EMAIL-7db8006395b7
3310095,EMAIL-526472e87484
3310120,EMAIL-601679140412
3310124,EMAIL-526472e87484
3310131,EMAIL-526472e87484
3310132,EMAIL-526472e87484
3310143,EMAIL-526472e87484
3310145,EMAIL-05c3ae107b3d
3310164,EMAIL-05c3ae107b3d
3310182,EMAIL-7db8006395b7
3310184,EMAIL-7db8006395b7
3310191,EMAIL-526472e87484
3310193,EMAIL-7db8006395b7
3310209,EMAIL-526472e87484
3310221,EMAIL-526472e87484
3310254,EMAIL-526472e87484
3310263,EMAIL-526472e87484
3310296,EMAIL-526472e87484
3310319,EMAIL-7db8006395b7
3310328,EMAIL-7db8006395b7
3310335,EMAIL-7db8006395b7
3310339,EMAIL-526472e87484
3310353,EMAIL-7db8006395b7
3310371,EMAIL-526472e87484
3310390,EMAIL-526472e87484
3310391,EMAIL-526472e87484
3310509,EMAIL-05c3ae107b3d
3310510,EMAIL-526472e87484
3310512,EMAIL-526472e87484
3310521,EMAIL-05c3ae107b3d
3310561,EMAIL-526472e87484
3310568,EMAIL-b71ecbccbf34
3310610,EMAIL-526472e87484
3310622,EMAIL-526472e87484
3310645,EMAIL-526472e87484
3310646,EMAIL-7db8006395b7
3310676,EMAIL-526472e87484
3310694,EMAIL-526472e87484
3310697,EMAIL-526472e87484
3310704,EMAIL-7db8006395b7
3310732,EMAIL-526472e87484
3310737,EMAIL-526472e87484
3310782,EMAIL-0df48815e896
3310791,EMAIL-05c3ae107b3d
3310809,EMAIL-526472e87484
3310864,EMAIL-05c3ae107b3d
3310966,EMAIL-7db8006395b7
3311022,EMAIL-526472e87484
3311032,EMAIL-b71ecbccbf34
3311132,EMAIL-05c3ae107b3d
3311138,EMAIL-526472e87484
3311203,EMAIL-526472e87484
3311243,EMAIL-526472e87484
3311249,EMAIL-601679140412
3311263,EMAIL-8b942685451d
3311271,EMAIL-526472e87484
3311302,EMAIL-526472e87484
3311316,EMAIL-05c3ae107b3d
3311333,EMAIL-526472e87484
3311397,EMAIL-526472e87484
3311425,EMAIL-0df48815e896
3311432,EMAIL-7db8006395b7
3311531,EMAIL-7db8006395b7
3311561,EMAIL-7db8006395b7
3311604,EMAIL-7db8006395b7
3311653,EMAIL-7db8006395b7
3311673,EMAIL-526472e87484
3311734,EMAIL-526472e87484
3311758,EMAIL-526472e87484
3311784,EMAIL-7db8006395b7
3311799,EMAIL-7db8006395b7
3311806,EMAIL-d1684fe68050
3311815,EMAIL-601679140412
3311819,EMAIL-526472e87484
3311839,EMAIL-05c3ae107b3d
3311844,EMAIL-7db8006395b7
3311858,EMAIL-7db8006395b7
3311866,EMAIL-526472e87484
3311870,EMAIL-601679140412
3311960,EMAIL-526472e87484
3312012,EMAIL-7db8006395b7
3312033,EMAIL-526472e87484
3312045,EMAIL-b71ecbccbf34
3312070,EMAIL-526472e87484
3312101,EMAIL-526472e87484
3312181,EMAIL-601679140412
3312186,EMAIL-05c3ae107b3d
3312198,EMAIL-05c3ae107b3d
3312261,EMAIL-526472e87484
3312264,EMAIL-526472e87484
3312267,EMAIL-05c3ae107b3d
3312421,EMAIL-05c3ae107b3d
3312443,EMAIL-526472e87484
3312535,EMAIL-601679140412
3312546,EMAIL-526472e87484
3312580,EMAIL-7db8006395b7
3312605,EMAIL-526472e87484
3312643,EMAIL-526472e87484
3312649,EMAIL-526472e87484
3312651,EMAIL-526472e87484
3312685,EMAIL-7db8006395b7
3312697,EMAIL-05c3ae107b3d
3312704,EMAIL-7db8006395b7
3312720,EMAIL-05c3ae107b3d
3312822,EMAIL-7db8006395b7
3312824,EMAIL-526472e87484
3312841,EMAIL-7db8006395b7
3312852,EMAIL-526472e87484
3312903,EMAIL-526472e87484
3312919,EMAIL-526472e87484
3312929,EMAIL-7db8006395b7
3312953,EMAIL-05c3ae107b3d
3312965,EMAIL-526472e87484
3313008,EMAIL-7db8006395b7
3313046,EMAIL-023f08585708
3313049,EMAIL-7eeee5f261e7
3313166,EMAIL-7db8006395b7
3313173,EMAIL-526472e87484
3313227,EMAIL-05c3ae107b3d
3313253,EMAIL-526472e87484
3313263,EMAIL-526472e87484
3313265,EMAIL-7db8006395b7
3313293,EMAIL-7db8006395b7
3313306,EMAIL-526472e87484
3313313,EMAIL-601679140412
3313352,EMAIL-526472e87484
3313362,EMAIL-01cc9250b615
3313374,EMAIL-526472e87484
3313394,EMAIL-7db8006395b7
3313406,EMAIL-7db8006395b7
3313408,EMAIL-01cc9250b615
3313448,EMAIL-7db8006395b7
3313487,EMAIL-84014014575f
3313524,EMAIL-05c3ae107b3d
3313549,EMAIL-601679140412
3313561,EMAIL-601679140412
3313569,EMAIL-526472e87484
3313577,EMAIL-05c3ae107b3d
3313626,EMAIL-7db8006395b7
3313688,EMAIL-05c3ae107b3d
3313694,EMAIL-d1684fe68050
3313697,EMAIL-526472e87484
3313700,EMAIL-526472e87484
3313705,EMAIL-7db8006395b7
3313724,EMAIL-7db8006395b7
3313727,EMAIL-a45016f2e246
3313748,EMAIL-526472e87484
3313752,EMAIL-526472e87484
3313757,EMAIL-7db8006395b7
3313758,EMAIL-601679140412
3313761,EMAIL-7db8006395b7
3313777,EMAIL-526472e87484
3313798,EMAIL-526472e87484
3313804,EMAIL-526472e87484
3313807,EMAIL-526472e87484
3313808,EMAIL-526472e87484
3313825,EMAIL-526472e87484
3313831,EMAIL-526472e87484
3313834,EMAIL-526472e87484
3313877,EMAIL-7db8006395b7
3313908,EMAIL-526472e87484
3313913,EMAIL-526472e87484
3313948,EMAIL-526472e87484
3313956,EMAIL-526472e87484
3313972,EMAIL-526472e87484
3313978,EMAIL-05c3ae107b3d
3313982,EMAIL-526472e87484
3313985,EMAIL-526472e87484
3313989,EMAIL-526472e87484
3313994,EMAIL-526472e87484
3313996,EMAIL-526472e87484
3313997,EMAIL-2c6b2b02a48e
3314001,EMAIL-526472e87484
3314005,EMAIL-2c6b2b02a48e
3314022,EMAIL-2c6b2b02a48e
3314024,EMAIL-2c6b2b02a48e
3314031,EMAIL-526472e87484
3314037,EMAIL-526472e87484
3314043,EMAIL-526472e87484
3314046,EMAIL-7db8006395b7
3314053,EMAIL-05c3ae107b3d
3314055,EMAIL-526472e87484
3314059,EMAIL-7db8006395b7
3314082,EMAIL-05c3ae107b3d
3314089,EMAIL-526472e87484
3314339,EMAIL-01cc9250b615
3314366,EMAIL-01cc9250b615
3314393,EMAIL-a45016f2e246
3314409,EMAIL-a45016f2e246
3314417,EMAIL-a45016f2e246
3314432,EMAIL-a45016f2e246
3314445,EMAIL-526472e87484
3314513,EMAIL-526472e87484
3314647,EMAIL-05c3ae107b3d
3314676,EMAIL-526472e87484
3314748,EMAIL-526472e87484
3314808,EMAIL-7db8006395b7
3314912,EMAIL-526472e87484
3314999,EMAIL-601679140412
3315099,EMAIL-601679140412
3315118,EMAIL-526472e87484
3315135,EMAIL-601679140412
3315222,EMAIL-7db8006395b7
3315232,EMAIL-b71ecbccbf34
3315234,EMAIL-05c3ae107b3d
3315255,EMAIL-7db8006395b7
3315262,EMAIL-526472e87484
3315275,EMAIL-526472e87484
3315293,EMAIL-7eeee5f261e7
3315448,EMAIL-7db8006395b7
3315459,EMAIL-7db8006395b7
3315462,EMAIL-7db8006395b7
3315474,EMAIL-7db8006395b7
3315481,EMAIL-526472e87484
3315519,EMAIL-b71ecbccbf34
3315527,EMAIL-526472e87484
3315558,EMAIL-601679140412
3315659,EMAIL-7db8006395b7
3315714,EMAIL-dfe6a9c7c1a5
3315718,EMAIL-526472e87484
3315746,EMAIL-526472e87484
3315879,EMAIL-601679140412
3315937,EMAIL-b71ecbccbf34
3315957,EMAIL-8b942685451d
3315960,EMAIL-05c3ae107b3d
3315965,EMAIL-526472e87484
3315973,EMAIL-526472e87484
3316006,EMAIL-526472e87484
3316060,EMAIL-526472e87484
3316148,EMAIL-b71ecbccbf34
3316159,EMAIL-b71ecbccbf34
3316172,EMAIL-b71ecbccbf34
3316182,EMAIL-b71ecbccbf34
3316188,EMAIL-7db8006395b7
3316198,EMAIL-7db8006395b7
3316240,EMAIL-7db8006395b7
3316251,EMAIL-b71ecbccbf34
3316253,EMAIL-b71ecbccbf34
3316345,EMAIL-526472e87484
3316385,EMAIL-05c3ae107b3d
3316466,EMAIL-7db8006395b7
3316467,EMAIL-601679140412
3316524,EMAIL-526472e87484
3316610,EMAIL-01cc9250b615
3316632,EMAIL-7db8006395b7
3316685,EMAIL-601679140412
3316755,EMAIL-601679140412
3316771,EMAIL-05c3ae107b3d
3316781,EMAIL-7db8006395b7
3316787,EMAIL-526472e87484
3316830,EMAIL-000db143c437
3316849,EMAIL-7db8006395b7
3316933,EMAIL-526472e87484
3316974,EMAIL-526472e87484
3316978,EMAIL-83e81c0f7766
3316984,EMAIL-7db8006395b7
3316988,EMAIL-7db8006395b7
3317034,EMAIL-526472e87484
3317045,EMAIL-526472e87484
3317062,EMAIL-7db8006395b7
3317066,EMAIL-7db8006395b7
3317078,EMAIL-7db8006395b7
3317082,EMAIL-526472e87484
3317098,EMAIL-7db8006395b7
3317112,EMAIL-2c6b2b02a48e
3317142,EMAIL-601679140412
3317158,EMAIL-05c3ae107b3d
3317162,EMAIL-7db8006395b7
3317176,EMAIL-526472e87484
3317191,EMAIL-526472e87484
3317203,EMAIL-7db8006395b7
3317227,EMAIL-526472e87484
3317236,EMAIL-7db8006395b7
3317290,EMAIL-526472e87484
3317304,EMAIL-526472e87484
3317307,EMAIL-05c3ae107b3d
3317329,EMAIL-05c3ae107b3d
3317336,EMAIL-05c3ae107b3d
3317339,EMAIL-526472e87484
3317378,EMAIL-526472e87484
3317412,EMAIL-526472e87484
3317455,EMAIL-526472e87484
3317497,EMAIL-526472e87484
3317503,EMAIL-526472e87484
3317513,EMAIL-526472e87484
3317524,EMAIL-b71ecbccbf34
3317549,EMAIL-7db8006395b7
3317586,EMAIL-526472e87484
3317594,EMAIL-526472e87484
3317595,EMAIL-2c6b2b02a48e
3317604,EMAIL-2c6b2b02a48e
3317743,EMAIL-7db8006395b7
3317749,EMAIL-526472e87484
3317755,EMAIL-526472e87484
3317817,EMAIL-7db8006395b7
3317866,EMAIL-526472e87484
3317876,EMAIL-526472e87484
3317889,EMAIL-05c3ae107b3d
3317893,EMAIL-526472e87484
3317927,EMAIL-526472e87484
3317939,EMAIL-526472e87484
3317948,EMAIL-526472e87484
3317954,EMAIL-526472e87484
3317956,EMAIL-526472e87484
3317959,EMAIL-526472e87484
3318034,EMAIL-05c3ae107b3d
3318049,EMAIL-526472e87484
3318081,EMAIL-7db8006395b7
3318110,EMAIL-05c3ae107b3d
3318174,EMAIL-601679140412
3318180,EMAIL-7db8006395b7
3318234,EMAIL-526472e87484
3318283,EMAIL-526472e87484
3318320,EMAIL-7db8006395b7
3318323,EMAIL-526472e87484
3318357,EMAIL-526472e87484
3318368,EMAIL-05c3ae107b3d
3318447,EMAIL-05c3ae107b3d
3318494,EMAIL-05c3ae107b3d
3318524,EMAIL-05c3ae107b3d
3318565,EMAIL-05c3ae107b3d
3318567,EMAIL-05c3ae107b3d
3318573,EMAIL-47b8593a2f1d
3318599,EMAIL-526472e87484
3318621,EMAIL-526472e87484
3318635,EMAIL-526472e87484
3318669,EMAIL-526472e87484
3318686,EMAIL-526472e87484
3318695,EMAIL-601679140412
3318697,EMAIL-526472e87484
3318707,EMAIL-526472e87484
3318714,EMAIL-05c3ae107b3d
3318718,EMAIL-05c3ae107b3d
3318727,EMAIL-526472e87484
3318871,EMAIL-05c3ae107b3d
3318899,EMAIL-b71ecbccbf34
3318926,EMAIL-05c3ae107b3d
3318955,EMAIL-526472e87484
3318981,EMAIL-526472e87484
3318983,EMAIL-05c3ae107b3d
3319041,EMAIL-526472e87484
3319056,EMAIL-601679140412
3319064,EMAIL-601679140412
3319103,EMAIL-05c3ae107b3d
3319123,EMAIL-526472e87484
3319143,EMAIL-7db8006395b7
3319174,EMAIL-526472e87484
3319177,EMAIL-3a8e7c5c8069
3319181,EMAIL-05c3ae107b3d
3319183,EMAIL-526472e87484
3319189,EMAIL-526472e87484
3319198,EMAIL-526472e87484
3319203,EMAIL-7db8006395b7
3319228,EMAIL-05c3ae107b3d
3319234,EMAIL-05c3ae107b3d
3319241,EMAIL-526472e87484
3319250,EMAIL-526472e87484
3319295,EMAIL-05c3ae107b3d
3319304,EMAIL-526472e87484
3319335,EMAIL-05c3ae107b3d
3319337,EMAIL-526472e87484
3319391,EMAIL-526472e87484
3319438,EMAIL-526472e87484
3319469,EMAIL-a45016f2e246
3319498,EMAIL-000db143c437
3319554,EMAIL-526472e87484
3319560,EMAIL-526472e87484
3319582,EMAIL-526472e87484
3319602,EMAIL-601679140412
3319643,EMAIL-526472e87484
3319655,EMAIL-526472e87484
3319672,EMAIL-526472e87484
3319675,EMAIL-526472e87484
3319694,EMAIL-601679140412
3319726,EMAIL-05c3ae107b3d
3319737,EMAIL-526472e87484
3319756,EMAIL-7db8006395b7
3319759,EMAIL-b71ecbccbf34
3319762,EMAIL-7db8006395b7
3319779,EMAIL-526472e87484
3319832,EMAIL-7db8006395b7
3319856,EMAIL-7db8006395b7
3319858,EMAIL-7db8006395b7
3319860,EMAIL-526472e87484
3319878,EMAIL-526472e87484
3319906,EMAIL-526472e87484
3319913,EMAIL-7db8006395b7
3319914,EMAIL-05c3ae107b3d
3319933,EMAIL-526472e87484
3319935,EMAIL-7db8006395b7
3319999,EMAIL-526472e87484
3320014,EMAIL-7db8006395b7
3320017,EMAIL-05c3ae107b3d
3320031,EMAIL-526472e87484
3320038,EMAIL-05c3ae107b3d
3320066,EMAIL-526472e87484
3320086,EMAIL-601679140412
3320099,EMAIL-b71ecbccbf34
3320147,EMAIL-526472e87484
3320153,EMAIL-601679140412
3320182,EMAIL-b71ecbccbf34
3320191,EMAIL-7db8006395b7
3320196,EMAIL-05c3ae107b3d
3320200,EMAIL-05c3ae107b3d
3320228,EMAIL-d1684fe68050
3320235,EMAIL-526472e87484
3320262,EMAIL-526472e87484
3320267,EMAIL-7db8006395b7
3320283,EMAIL-05c3ae107b3d
3320285,EMAIL-7db8006395b7
3320298,EMAIL-526472e87484
3320304,EMAIL-b71ecbccbf34
3320312,EMAIL-7db8006395b7
3320358,EMAIL-05c3ae107b3d
3320359,EMAIL-05c3ae107b3d
3320378,EMAIL-7db8006395b7
3320385,EMAIL-7db8006395b7
3320387,EMAIL-526472e87484
3320392,EMAIL-b71ecbccbf34
3320418,EMAIL-7db8006395b7
3320421,EMAIL-526472e87484
3320449,EMAIL-7db8006395b7
3320483,EMAIL-0df48815e896
3320509,EMAIL-526472e87484
3320555,EMAIL-05c3ae107b3d
3320563,EMAIL-7db8006395b7
3320571,EMAIL-526472e87484
3320572,EMAIL-05c3ae107b3d
3320612,EMAIL-05c3ae107b3d
3320624,EMAIL-7db8006395b7
3320632,EMAIL-0df48815e896
3320653,EMAIL-05c3ae107b3d
3320674,EMAIL-7db8006395b7
3320783,EMAIL-526472e87484
3320795,EMAIL-526472e87484
3320883,EMAIL-05c3ae107b3d
3321006,EMAIL-05c3ae107b3d
3321017,EMAIL-05c3ae107b3d
3321084,EMAIL-526472e87484
3321100,EMAIL-526472e87484
3321163,EMAIL-526472e87484
3321164,EMAIL-7db8006395b7
3321168,EMAIL-7db8006395b7
3321175,EMAIL-05c3ae107b3d
3321179,EMAIL-7db8006395b7
3321231,EMAIL-526472e87484
3321259,EMAIL-526472e87484
3321265,EMAIL-526472e87484
3321267,EMAIL-526472e87484
3321277,EMAIL-526472e87484
3321297,EMAIL-05c3ae107b3d
3321322,EMAIL-7db8006395b7
3321333,EMAIL-7eeee5f261e7
3321344,EMAIL-526472e87484
3321359,EMAIL-526472e87484
3321360,EMAIL-01cc9250b615
3321367,EMAIL-05c3ae107b3d
3321409,EMAIL-b71ecbccbf34
3321434,EMAIL-526472e87484
3321442,EMAIL-b71ecbccbf34
3321453,EMAIL-526472e87484
3321454,EMAIL-526472e87484
3321543,EMAIL-7db8006395b7
3321555,EMAIL-526472e87484
3321573,EMAIL-526472e87484
3321632,EMAIL-b71ecbccbf34
3321640,EMAIL-05c3ae107b3d
3321646,EMAIL-662b3791aebd
3321648,EMAIL-05c3ae107b3d
3321651,EMAIL-7db8006395b7
3321654,EMAIL-05c3ae107b3d
3321689,EMAIL-05c3ae107b3d
3321691,EMAIL-05c3ae107b3d
3321703,EMAIL-601679140412
3321710,EMAIL-05c3ae107b3d
3321721,EMAIL-526472e87484
3321735,EMAIL-05c3ae107b3d
3321752,EMAIL-526472e87484
3321760,EMAIL-526472e87484
3321798,EMAIL-7db8006395b7
3321824,EMAIL-526472e87484
3321865,EMAIL-526472e87484
3321875,EMAIL-000db143c437
3321879,EMAIL-7db8006395b7
3321891,EMAIL-526472e87484
3321928,EMAIL-8b942685451d
3321950,EMAIL-526472e87484
3321971,EMAIL-7db8006395b7
3322019,EMAIL-0845c59ff0b1
3322037,EMAIL-526472e87484
3322052,EMAIL-526472e87484
3322067,EMAIL-526472e87484
3322072,EMAIL-526472e87484
3322129,EMAIL-8b942685451d
3322141,EMAIL-526472e87484
3322200,EMAIL-dfe6a9c7c1a5
3322206,EMAIL-526472e87484
3322212,EMAIL-526472e87484
3322217,EMAIL-05c3ae107b3d
3322262,EMAIL-7db8006395b7
3322319,EMAIL-662b3791aebd
3322382,EMAIL-7db8006395b7
3322397,EMAIL-7db8006395b7
3322461,EMAIL-526472e87484
3322544,EMAIL-526472e87484
3322546,EMAIL-7db8006395b7
3322690,EMAIL-dfe6a9c7c1a5
3322692,EMAIL-0845c59ff0b1
3322716,EMAIL-0845c59ff0b1
3322735,EMAIL-526472e87484
3322750,EMAIL-526472e87484
3322761,EMAIL-526472e87484
3322771,EMAIL-526472e87484
3322790,EMAIL-b71ecbccbf34
3322828,EMAIL-526472e87484
3322847,EMAIL-b71ecbccbf34
3322864,EMAIL-526472e87484
3322872,EMAIL-601679140412
3322877,EMAIL-05c3ae107b3d
3322905,EMAIL-05c3ae107b3d
3322988,EMAIL-6d8c8eb6c5c8
3322994,EMAIL-526472e87484
3322998,EMAIL-000db143c437
3323032,EMAIL-526472e87484
3323071,EMAIL-b71ecbccbf34
3323092,EMAIL-05c3ae107b3d
3323104,EMAIL-b71ecbccbf34
3323108,EMAIL-b71ecbccbf34
3323111,EMAIL-05c3ae107b3d
3323190,EMAIL-05c3ae107b3d
3323232,EMAIL-526472e87484
3323287,EMAIL-526472e87484
3323380,EMAIL-05c3ae107b3d
3323388,EMAIL-7db8006395b7
3323416,EMAIL-526472e87484
3323473,EMAIL-526472e87484
3323475,EMAIL-526472e87484
3323478,EMAIL-05c3ae107b3d
3323489,EMAIL-05c3ae107b3d
3323492,EMAIL-526472e87484
3323521,EMAIL-526472e87484
3323581,EMAIL-b71ecbccbf34
3323590,EMAIL-d1684fe68050
3323613,EMAIL-601679140412
3323643,EMAIL-526472e87484
3323715,EMAIL-7db8006395b7
3323749,EMAIL-05c3ae107b3d
3323766,EMAIL-526472e87484
3323768,EMAIL-7db8006395b7
3323779,EMAIL-a45016f2e246
3323781,EMAIL-526472e87484
3323783,EMAIL-601679140412
3323787,EMAIL-7db8006395b7
3323797,EMAIL-601679140412
3323805,EMAIL-526472e87484
3323813,EMAIL-2c6b2b02a48e
3323814,EMAIL-7db8006395b7
3323819,EMAIL-b71ecbccbf34
3323823,EMAIL-7db8006395b7
3323864,EMAIL-05c3ae107b3d
3323988,EMAIL-526472e87484
3323989,EMAIL-b71ecbccbf34
3323993,EMAIL-526472e87484
3323998,EMAIL-7db8006395b7
3324007,EMAIL-05c3ae107b3d
3324027,EMAIL-526472e87484
3324075,EMAIL-526472e87484
3324081,EMAIL-526472e87484
3324098,EMAIL-05c3ae107b3d
3324101,EMAIL-7db8006395b7
3324108,EMAIL-526472e87484
3324115,EMAIL-05c3ae107b3d
3324132,EMAIL-526472e87484
3324135,EMAIL-601679140412
3324180,EMAIL-662b3791aebd
3324247,EMAIL-526472e87484
3324298,EMAIL-601679140412
3324311,EMAIL-7db8006395b7
3324374,EMAIL-7db8006395b7
3324398,EMAIL-05c3ae107b3d
3324442,EMAIL-526472e87484
3324461,EMAIL-526472e87484
3324464,EMAIL-023f08585708
3324485,EMAIL-526472e87484
3324490,EMAIL-601679140412
3324555,EMAIL-05c3ae107b3d
3324604,EMAIL-7db8006395b7
3324707,EMAIL-526472e87484
3324713,EMAIL-526472e87484
3324722,EMAIL-05c3ae107b3d
3324796,EMAIL-526472e87484
3324816,EMAIL-3a8e7c5c8069
3324860,EMAIL-526472e87484
3324882,EMAIL-526472e87484
3324885,EMAIL-7db8006395b7
3324904,EMAIL-526472e87484
3324923,EMAIL-526472e87484
3324931,EMAIL-526472e87484
3324990,EMAIL-526472e87484
3325115,EMAIL-526472e87484
3325130,EMAIL-7db8006395b7
3325150,EMAIL-526472e87484
3325206,EMAIL-662b3791aebd
3325225,EMAIL-7db8006395b7
3325229,EMAIL-7db8006395b7
3325262,EMAIL-526472e87484
3325290,EMAIL-7db8006395b7
3325292,EMAIL-526472e87484
3325303,EMAIL-7db8006395b7
3325323,EMAIL-7db8006395b7
3325337,EMAIL-526472e87484
3325359,EMAIL-b71ecbccbf34
3325363,EMAIL-7db8006395b7
3325377,EMAIL-023f08585708
3325407,EMAIL-7db8006395b7
3325420,EMAIL-a45016f2e246
3325440,EMAIL-a45016f2e246
3325455,EMAIL-526472e87484
3325469,EMAIL-7db8006395b7
3325495,EMAIL-05c3ae107b3d
3325504,EMAIL-05c3ae107b3d
3325528,EMAIL-526472e87484
3325541,EMAIL-7db8006395b7
3325546,EMAIL-05c3ae107b3d
3325589,EMAIL-05c3ae107b3d
3325599,EMAIL-526472e87484
3325610,EMAIL-601679140412
3325612,EMAIL-d1684fe68050
3325613,EMAIL-526472e87484
3325621,EMAIL-526472e87484
3325643,EMAIL-05c3ae107b3d
3325652,EMAIL-526472e87484
3325655,EMAIL-7db8006395b7
3325676,EMAIL-01cc9250b615
3325702,EMAIL-7db8006395b7
3325716,EMAIL-601679140412
3325725,EMAIL-e867c7c6bcd4
3325740,EMAIL-526472e87484
3325767,EMAIL-7db8006395b7
3325803,EMAIL-7db8006395b7
3325823,EMAIL-601679140412
3325825,EMAIL-7db8006395b7
3325848,EMAIL-7db8006395b7
3325881,EMAIL-54b47bd89cf6
3325882,EMAIL-7db8006395b7
3325905,EMAIL-601679140412
3325919,EMAIL-601679140412
3325938,EMAIL-526472e87484
3325951,EMAIL-dfe6a9c7c1a5
3325970,EMAIL-526472e87484
3325980,EMAIL-526472e87484
3325985,EMAIL-a45016f2e246
3325992,EMAIL-05c3ae107b3d
3326017,EMAIL-a45016f2e246
3326026,EMAIL-e867c7c6bcd4
3326030,EMAIL-526472e87484
3326070,EMAIL-526472e87484
3326080,EMAIL-526472e87484
3326083,EMAIL-7db8006395b7
3326105,EMAIL-601679140412
3326107,EMAIL-526472e87484
3326108,EMAIL-601679140412
3326130,EMAIL-601679140412
3326146,EMAIL-526472e87484
3326158,EMAIL-526472e87484
3326174,EMAIL-526472e87484
3326180,EMAIL-526472e87484
3326191,EMAIL-526472e87484
3326202,EMAIL-7db8006395b7
3326211,EMAIL-7db8006395b7
3326261,EMAIL-526472e87484
3326262,EMAIL-7db8006395b7
3326265,EMAIL-526472e87484
3326282,EMAIL-b71ecbccbf34
3326294,EMAIL-b71ecbccbf34
3326299,EMAIL-526472e87484
3326311,EMAIL-526472e87484
3326330,EMAIL-526472e87484
3326341,EMAIL-a45016f2e246
3326388,EMAIL-526472e87484
3326416,EMAIL-7db8006395b7
3326567,EMAIL-526472e87484
3326580,EMAIL-526472e87484
3326638,EMAIL-05c3ae107b3d
3326641,EMAIL-05c3ae107b3d
3326698,EMAIL-526472e87484
3326704,EMAIL-526472e87484
3326711,EMAIL-526472e87484
3326767,EMAIL-526472e87484
3326795,EMAIL-05c3ae107b3d
3326803,EMAIL-05c3ae107b3d
3326842,EMAIL-526472e87484
3326870,EMAIL-000db143c437
3326884,EMAIL-526472e87484
3326921,EMAIL-526472e87484
3326924,EMAIL-7db8006395b7
3326993,EMAIL-526472e87484
3327005,EMAIL-b71ecbccbf34
3327035,EMAIL-b71ecbccbf34
3327042,EMAIL-7db8006395b7
3327098,EMAIL-01cc9250b615
3327099,EMAIL-526472e87484
3327175,EMAIL-7db8006395b7
3327204,EMAIL-526472e87484
3327212,EMAIL-526472e87484
3327234,EMAIL-526472e87484
3327244,EMAIL-05c3ae107b3d
3327256,EMAIL-526472e87484
3327260,EMAIL-b2683a414714
3327361,EMAIL-b71ecbccbf34
3327370,EMAIL-7db8006395b7
3327380,EMAIL-526472e87484
3327487,EMAIL-05c3ae107b3d
3327559,EMAIL-b71ecbccbf34
3327626,EMAIL-526472e87484
3327710,EMAIL-05c3ae107b3d
3327725,EMAIL-526472e87484
3327729,EMAIL-526472e87484
3327737,EMAIL-526472e87484
3327740,EMAIL-526472e87484
3327758,EMAIL-526472e87484
3327790,EMAIL-526472e87484
3327804,EMAIL-526472e87484
3327901,EMAIL-7db8006395b7
3327941,EMAIL-526472e87484
3327977,EMAIL-526472e87484
3328048,EMAIL-7db8006395b7
3328096,EMAIL-e867c7c6bcd4
3328155,EMAIL-526472e87484
3328177,EMAIL-526472e87484
3328199,EMAIL-7db8006395b7
3328219,EMAIL-526472e87484
3328231,EMAIL-b71ecbccbf34
3328270,EMAIL-7db8006395b7
3328311,EMAIL-e867c7c6bcd4
3328345,EMAIL-7db8006395b7
3328397,EMAIL-526472e87484
3328399,EMAIL-526472e87484
3328501,EMAIL-05c3ae107b3d
3328513,EMAIL-05c3ae107b3d
3328550,EMAIL-526472e87484
3328554,EMAIL-526472e87484
3328591,EMAIL-526472e87484
3328617,EMAIL-7db8006395b7
3328625,EMAIL-7db8006395b7
3328644,EMAIL-526472e87484
3328669,EMAIL-e867c7c6bcd4
3328736,EMAIL-526472e87484
3328784,EMAIL-05c3ae107b3d
3328834,EMAIL-05c3ae107b3d
3328835,EMAIL-526472e87484
3328873,EMAIL-526472e87484
3328893,EMAIL-601679140412
3328924,EMAIL-a45016f2e246
3328968,EMAIL-05c3ae107b3d
3328971,EMAIL-05c3ae107b3d
3329012,EMAIL-601679140412
3329022,EMAIL-05c3ae107b3d
3329035,EMAIL-05c3ae107b3d
3329055,EMAIL-7db8006395b7
3329128,EMAIL-7db8006395b7
3329148,EMAIL-526472e87484
3329150,EMAIL-94f19eddc52f
3329310,EMAIL-526472e87484
3329335,EMAIL-526472e87484
3329363,EMAIL-526472e87484
3329498,EMAIL-b71ecbccbf34
3329551,EMAIL-526472e87484
3329596,EMAIL-526472e87484
3329612,EMAIL-526472e87484
3329654,EMAIL-526472e87484
3329657,EMAIL-526472e87484
3329704,EMAIL-05c3ae107b3d
3329706,EMAIL-526472e87484
3329718,EMAIL-7db8006395b7
3329802,EMAIL-01cc9250b615
3329820,EMAIL-526472e87484
3329841,EMAIL-526472e87484
3329893,EMAIL-526472e87484
3329937,EMAIL-526472e87484
3329979,EMAIL-526472e87484
3330000,EMAIL-526472e87484
3330113,EMAIL-526472e87484
3330125,EMAIL-526472e87484
3330129,EMAIL-7db8006395b7
3330157,EMAIL-b71ecbccbf34
3330180,EMAIL-526472e87484
3330193,EMAIL-05c3ae107b3d
3330275,EMAIL-01cc9250b615
3330355,EMAIL-526472e87484
3330358,EMAIL-7db8006395b7
3330359,EMAIL-7db8006395b7
3330361,EMAIL-dfe6a9c7c1a5
3330382,EMAIL-7db8006395b7
3330396,EMAIL-526472e87484
3330430,EMAIL-526472e87484
3330465,EMAIL-05c3ae107b3d
3330626,EMAIL-01cc9250b615
3330683,EMAIL-d1684fe68050
3330848,EMAIL-526472e87484
3330871,EMAIL-526472e87484
3330892,EMAIL-526472e87484
3330918,EMAIL-526472e87484
3330922,EMAIL-601679140412
3330981,EMAIL-83e81c0f7766
3330984,EMAIL-7db8006395b7
3331016,EMAIL-05c3ae107b3d
3331067,EMAIL-526472e87484
3331082,EMAIL-526472e87484
3331205,EMAIL-7db8006395b7
3331208,EMAIL-7db8006395b7
3331209,EMAIL-601679140412
3331212,EMAIL-526472e87484
3331247,EMAIL-05c3ae107b3d
3331248,EMAIL-05c3ae107b3d
3331272,EMAIL-526472e87484
3331299,EMAIL-601679140412
3331302,EMAIL-526472e87484
3331347,EMAIL-526472e87484
3331377,EMAIL-526472e87484
3331379,EMAIL-526472e87484
3331506,EMAIL-526472e87484
3331564,EMAIL-7db8006395b7
3331572,EMAIL-662b3791aebd
3331575,EMAIL-526472e87484
3331584,EMAIL-526472e87484
3331621,EMAIL-a45016f2e246
3331659,EMAIL-a45016f2e246
3331660,EMAIL-a45016f2e246
3331700,EMAIL-05c3ae107b3d
3331715,EMAIL-05c3ae107b3d
3331716,EMAIL-05c3ae107b3d
3331739,EMAIL-05c3ae107b3d
3331746,EMAIL-526472e87484
3331761,EMAIL-b71ecbccbf34
3331791,EMAIL-7db8006395b7
3331862,EMAIL-b71ecbccbf34
3331898,EMAIL-526472e87484
3332016,EMAIL-526472e87484
3332024,EMAIL-05c3ae107b3d
3332035,EMAIL-7db8006395b7
3332066,EMAIL-05c3ae107b3d
3332110,EMAIL-526472e87484
3332166,EMAIL-b71ecbccbf34
3332194,EMAIL-05c3ae107b3d
3332432,EMAIL-601679140412
3332442,EMAIL-526472e87484
3332604,EMAIL-526472e87484
3332618,EMAIL-526472e87484
3332648,EMAIL-526472e87484
3332674,EMAIL-526472e87484
3332675,EMAIL-526472e87484
3332713,EMAIL-526472e87484
3332721,EMAIL-7db8006395b7
3332739,EMAIL-526472e87484
3332773,EMAIL-526472e87484
3332799,EMAIL-526472e87484
3332841,EMAIL-526472e87484
3332849,EMAIL-526472e87484
3332883,EMAIL-05c3ae107b3d
3332968,EMAIL-7db8006395b7
3332971,EMAIL-526472e87484
3333031,EMAIL-7db8006395b7
3333052,EMAIL-05c3ae107b3d
3333058,EMAIL-526472e87484
3333069,EMAIL-526472e87484
3333098,EMAIL-b71ecbccbf34
3333175,EMAIL-7db8006395b7
3333236,EMAIL-526472e87484
3333337,EMAIL-05c3ae107b3d
3333412,EMAIL-526472e87484
3333417,EMAIL-526472e87484
3333460,EMAIL-601679140412
3333470,EMAIL-526472e87484
3333472,EMAIL-526472e87484
3333501,EMAIL-05c3ae107b3d
3333508,EMAIL-a45016f2e246
3333542,EMAIL-05c3ae107b3d
3333584,EMAIL-601679140412
3333632,EMAIL-601679140412
3333648,EMAIL-526472e87484
3333657,EMAIL-526472e87484
3333701,EMAIL-7db8006395b7
3333716,EMAIL-05c3ae107b3d
3333735,EMAIL-7db8006395b7
3333741,EMAIL-7db8006395b7
3333804,EMAIL-526472e87484
3333807,EMAIL-05c3ae107b3d
3333808,EMAIL-526472e87484
3333818,EMAIL-526472e87484
3333848,EMAIL-526472e87484
3333871,EMAIL-601679140412
3333882,EMAIL-b71ecbccbf34
3333932,EMAIL-05c3ae107b3d
3333939,EMAIL-526472e87484
3333944,EMAIL-05c3ae107b3d
3334007,EMAIL-526472e87484
3334017,EMAIL-dfe6a9c7c1a5
3334018,EMAIL-05c3ae107b3d
3334025,EMAIL-526472e87484
3334067,EMAIL-7db8006395b7
3334077,EMAIL-8b942685451d
3334086,EMAIL-526472e87484
3334122,EMAIL-526472e87484
3334130,EMAIL-5cac1ed1c3bd
3334143,EMAIL-05c3ae107b3d
3334144,EMAIL-01cc9250b615
3334145,EMAIL-05c3ae107b3d
3334161,EMAIL-7db8006395b7
3334182,EMAIL-2c6b2b02a48e
3334195,EMAIL-526472e87484
3334236,EMAIL-526472e87484
3334243,EMAIL-526472e87484
3334245,EMAIL-526472e87484
3334268,EMAIL-526472e87484
3334303,EMAIL-05c3ae107b3d
3334313,EMAIL-526472e87484
3334386,EMAIL-05c3ae107b3d
3334445,EMAIL-526472e87484
3334597,EMAIL-b71ecbccbf34
3334633,EMAIL-05c3ae107b3d
3334649,EMAIL-7db8006395b7
3334675,EMAIL-7db8006395b7
3334677,EMAIL-7db8006395b7
3334686,EMAIL-526472e87484
3334691,EMAIL-7db8006395b7
3334698,EMAIL-526472e87484
3334729,EMAIL-526472e87484
3334733,EMAIL-dfe6a9c7c1a5
3334735,EMAIL-526472e87484
3334743,EMAIL-7db8006395b7
3334745,EMAIL-526472e87484
3334747,EMAIL-05c3ae107b3d
3334786,EMAIL-526472e87484
3334794,EMAIL-526472e87484
3334807,EMAIL-7db8006395b7
3334830,EMAIL-601679140412
3334885,EMAIL-526472e87484
3334996,EMAIL-7db8006395b7
3335017,EMAIL-05c3ae107b3d
3335035,EMAIL-05c3ae107b3d
3335069,EMAIL-526472e87484
3335141,EMAIL-b71ecbccbf34
3335162,EMAIL-526472e87484
3335222,EMAIL-526472e87484
3335227,EMAIL-526472e87484
3335237,EMAIL-601679140412
3335240,EMAIL-526472e87484
3335242,EMAIL-526472e87484
3335295,EMAIL-05c3ae107b3d
3335325,EMAIL-05c3ae107b3d
3335334,EMAIL-7db8006395b7
3335342,EMAIL-7eeee5f261e7
3335346,EMAIL-05c3ae107b3d
3335356,EMAIL-601679140412
3335377,EMAIL-526472e87484
3335409,EMAIL-7db8006395b7
3335423,EMAIL-05c3ae107b3d
3335435,EMAIL-05c3ae107b3d
3335560,EMAIL-6d8c8eb6c5c8
3335648,EMAIL-7db8006395b7
3335743,EMAIL-526472e87484
3335749,EMAIL-05c3ae107b3d
3335874,EMAIL-7db8006395b7
3335906,EMAIL-7db8006395b7
3335929,EMAIL-526472e87484
3335940,EMAIL-05c3ae107b3d
3335973,EMAIL-526472e87484
3336040,EMAIL-7db8006395b7
3336062,EMAIL-7db8006395b7
3336073,EMAIL-526472e87484
3336083,EMAIL-7db8006395b7
3336092,EMAIL-526472e87484
3336169,EMAIL-05c3ae107b3d
3336192,EMAIL-526472e87484
3336194,EMAIL-05c3ae107b3d
3336207,EMAIL-526472e87484
3336269,EMAIL-526472e87484
3336374,EMAIL-7db8006395b7
3336380,EMAIL-526472e87484
3336385,EMAIL-526472e87484
3336428,EMAIL-05c3ae107b3d
3336470,EMAIL-526472e87484
3336473,EMAIL-a45016f2e246
3336510,EMAIL-7db8006395b7
3336533,EMAIL-7db8006395b7
3336545,EMAIL-01cc9250b615
3336547,EMAIL-01cc9250b615
3336571,EMAIL-01cc9250b615
3336573,EMAIL-01cc9250b615
3336609,EMAIL-7db8006395b7
3336612,EMAIL-7db8006395b7
3336696,EMAIL-000db143c437
3336705,EMAIL-05c3ae107b3d
3336721,EMAIL-526472e87484
3336724,EMAIL-7db8006395b7
3336727,EMAIL-7db8006395b7
3336819,EMAIL-526472e87484
3336831,EMAIL-7db8006395b7
3336864,EMAIL-526472e87484
3336865,EMAIL-2c6b2b02a48e
3336905,EMAIL-05c3ae107b3d
3336923,EMAIL-526472e87484
3336941,EMAIL-526472e87484
3336947,EMAIL-7db8006395b7
3336958,EMAIL-05c3ae107b3d
3337023,EMAIL-526472e87484
3337036,EMAIL-526472e87484
3337056,EMAIL-526472e87484
3337178,EMAIL-601679140412
3337188,EMAIL-526472e87484
3337274,EMAIL-526472e87484
3337324,EMAIL-526472e87484
3337350,EMAIL-526472e87484
3337374,EMAIL-526472e87484
3337422,EMAIL-526472e87484
3337423,EMAIL-526472e87484
3337470,EMAIL-526472e87484
3337479,EMAIL-2c6b2b02a48e
3337558,EMAIL-2c6b2b02a48e
3337563,EMAIL-526472e87484
3337615,EMAIL-05c3ae107b3d
3337635,EMAIL-526472e87484
3337679,EMAIL-526472e87484
3337734,EMAIL-05c3ae107b3d
3337797,EMAIL-526472e87484
3337799,EMAIL-7db8006395b7
3337814,EMAIL-526472e87484
3337901,EMAIL-526472e87484
3337934,EMAIL-526472e87484
3337957,EMAIL-526472e87484
3338050,EMAIL-ec599facad20
3338068,EMAIL-526472e87484
3338371,EMAIL-526472e87484
3338479,EMAIL-7db8006395b7
3338486,EMAIL-8b942685451d
3338488,EMAIL-3a8e7c5c8069
3338539,EMAIL-05c3ae107b3d
3338577,EMAIL-526472e87484
3338597,EMAIL-526472e87484
3338787,EMAIL-000db143c437
3338814,EMAIL-526472e87484
3338878,EMAIL-526472e87484
3338967,EMAIL-b71ecbccbf34
3338996,EMAIL-b71ecbccbf34
3339051,EMAIL-000db143c437
3339091,EMAIL-05c3ae107b3d
3339106,EMAIL-526472e87484
3339161,EMAIL-526472e87484
3339174,EMAIL-05c3ae107b3d
3339274,EMAIL-601679140412
3339282,EMAIL-526472e87484
3339319,EMAIL-dfe6a9c7c1a5
3339340,EMAIL-05c3ae107b3d
3339419,EMAIL-526472e87484
3339475,EMAIL-526472e87484
3339494,EMAIL-7db8006395b7
3339500,EMAIL-526472e87484
3339531,EMAIL-526472e87484
3339545,EMAIL-526472e87484
3339565,EMAIL-3a8e7c5c8069
3339638,EMAIL-526472e87484
3339675,EMAIL-05c3ae107b3d
3339676,EMAIL-601679140412
3339687,EMAIL-526472e87484
3339704,EMAIL-526472e87484
3339811,EMAIL-05c3ae107b3d
3339819,EMAIL-b71ecbccbf34
3339835,EMAIL-05c3ae107b3d
3339874,EMAIL-526472e87484
3339972,EMAIL-526472e87484
3339973,EMAIL-526472e87484
3340084,EMAIL-b71ecbccbf34
3340148,EMAIL-526472e87484
3340259,EMAIL-526472e87484
3340303,EMAIL-05c3ae107b3d
3340328,EMAIL-526472e87484
3340408,EMAIL-601679140412
3340418,EMAIL-526472e87484
3340426,EMAIL-b71ecbccbf34
3340496,EMAIL-526472e87484
3340640,EMAIL-526472e87484
3340642,EMAIL-05c3ae107b3d
3340959,EMAIL-000db143c437
3340979,EMAIL-526472e87484
3341015,EMAIL-662b3791aebd
3341029,EMAIL-526472e87484
3341047,EMAIL-526472e87484
3341051,EMAIL-601679140412
3341180,EMAIL-526472e87484
3341232,EMAIL-526472e87484
3341247,EMAIL-526472e87484
3341259,EMAIL-05c3ae107b3d
3341267,EMAIL-05c3ae107b3d
3341296,EMAIL-526472e87484
3341365,EMAIL-526472e87484
3341399,EMAIL-526472e87484
3341425,EMAIL-526472e87484
3341430,EMAIL-526472e87484
3341438,EMAIL-526472e87484
3341520,EMAIL-b71ecbccbf34
3341842,EMAIL-05c3ae107b3d
3341936,EMAIL-601679140412
3341940,EMAIL-526472e87484
3341956,EMAIL-05c3ae107b3d
3341977,EMAIL-05c3ae107b3d
3342053,EMAIL-05c3ae107b3d
3342118,EMAIL-526472e87484
3342129,EMAIL-05c3ae107b3d
3342142,EMAIL-526472e87484
3342214,EMAIL-b71ecbccbf34
3342306,EMAIL-526472e87484
3342395,EMAIL-526472e87484
3342411,EMAIL-526472e87484
3342424,EMAIL-526472e87484
3342496,EMAIL-05c3ae107b3d
3342595,EMAIL-526472e87484
3342599,EMAIL-7db8006395b7
3342636,EMAIL-526472e87484
3342644,EMAIL-526472e87484
3342858,EMAIL-b71ecbccbf34
3342904,EMAIL-526472e87484
3342990,EMAIL-05c3ae107b3d
3342996,EMAIL-526472e87484
3343056,EMAIL-47b8593a2f1d
3343102,EMAIL-526472e87484
3343118,EMAIL-a45016f2e246
3343159,EMAIL-526472e87484
3343172,EMAIL-526472e87484
3343174,EMAIL-05c3ae107b3d
3343199,EMAIL-526472e87484
3343253,EMAIL-601679140412
3343259,EMAIL-526472e87484
3343344,EMAIL-a45016f2e246
3343350,EMAIL-05c3ae107b3d
3343408,EMAIL-b71ecbccbf34
3343467,EMAIL-526472e87484
3343488,EMAIL-b71ecbccbf34
3343587,EMAIL-05c3ae107b3d
3343588,EMAIL-05c3ae107b3d
3343591,EMAIL-b71ecbccbf34
3343661,EMAIL-b71ecbccbf34
3343689,EMAIL-526472e87484
3343722,EMAIL-526472e87484
3343819,EMAIL-5cac1ed1c3bd
3343829,EMAIL-000db143c437
3343836,EMAIL-526472e87484
3343872,EMAIL-05c3ae107b3d
3343893,EMAIL-526472e87484
3343935,EMAIL-05c3ae107b3d
3343949,EMAIL-526472e87484
3343992,EMAIL-a45016f2e246
3344068,EMAIL-05c3ae107b3d
3344081,EMAIL-601679140412
3344340,EMAIL-526472e87484
3344415,EMAIL-7db8006395b7
3344480,EMAIL-05c3ae107b3d
3344497,EMAIL-b71ecbccbf34
3344508,EMAIL-7db8006395b7
3344514,EMAIL-05c3ae107b3d
3344531,EMAIL-05c3ae107b3d
3344700,EMAIL-526472e87484
3344759,EMAIL-526472e87484
3344778,EMAIL-526472e87484
3344825,EMAIL-b71ecbccbf34
3344904,EMAIL-526472e87484
3344946,EMAIL-b71ecbccbf34
3344960,EMAIL-526472e87484
3344978,EMAIL-601679140412
3345013,EMAIL-526472e87484
3345032,EMAIL-526472e87484
3345316,EMAIL-526472e87484
3345322,EMAIL-526472e87484
3345355,EMAIL-7db8006395b7
3345446,EMAIL-526472e87484
3345517,EMAIL-05c3ae107b3d
3345551,EMAIL-526472e87484
3345580,EMAIL-526472e87484
3345616,EMAIL-7db8006395b7
3345626,EMAIL-526472e87484
3345662,EMAIL-601679140412
3345667,EMAIL-526472e87484
3345735,EMAIL-05c3ae107b3d
3345816,EMAIL-526472e87484
3345979,EMAIL-05c3ae107b3d
3345986,EMAIL-b71ecbccbf34
3346033,EMAIL-526472e87484
3346105,EMAIL-5cac1ed1c3bd
3346111,EMAIL-b71ecbccbf34
3346128,EMAIL-526472e87484
3346137,EMAIL-526472e87484
3346200,EMAIL-526472e87484
3346218,EMAIL-526472e87484
3346219,EMAIL-7db8006395b7
3346240,EMAIL-526472e87484
3346263,EMAIL-7db8006395b7
3346266,EMAIL-526472e87484
3346324,EMAIL-05c3ae107b3d
3346371,EMAIL-5a343157d535
3346407,EMAIL-526472e87484
3346412,EMAIL-05c3ae107b3d
3346471,EMAIL-526472e87484
3346486,EMAIL-526472e87484
3346490,EMAIL-05c3ae107b3d
3346596,EMAIL-526472e87484
3346622,EMAIL-b71ecbccbf34
3346639,EMAIL-601679140412
3346690,EMAIL-05c3ae107b3d
3346765,EMAIL-601679140412
3346830,EMAIL-526472e87484
3346892,EMAIL-7db8006395b7
3346924,EMAIL-05c3ae107b3d
3346947,EMAIL-05c3ae107b3d
3346975,EMAIL-526472e87484
3346989,EMAIL-05c3ae107b3d
3347086,EMAIL-526472e87484
3347133,EMAIL-05c3ae107b3d
3347251,EMAIL-000db143c437
3347289,EMAIL-526472e87484
3347293,EMAIL-526472e87484
3347315,EMAIL-601679140412
3347343,EMAIL-526472e87484
3347354,EMAIL-b71ecbccbf34
3347383,EMAIL-601679140412
3347393,EMAIL-05c3ae107b3d
3347464,EMAIL-0df48815e896
3347593,EMAIL-526472e87484
3347612,EMAIL-526472e87484
3347639,EMAIL-05c3ae107b3d
3347678,EMAIL-05c3ae107b3d
3347709,EMAIL-526472e87484
3347770,EMAIL-47b8593a2f1d
3347930,EMAIL-526472e87484
3347940,EMAIL-55d820fb6df4
3347945,EMAIL-7db8006395b7
3347954,EMAIL-b2683a414714
3348011,EMAIL-526472e87484
3348030,EMAIL-526472e87484
3348114,EMAIL-526472e87484
3348189,EMAIL-526472e87484
3348227,EMAIL-526472e87484
3348238,EMAIL-526472e87484
3348241,EMAIL-05c3ae107b3d
3348247,EMAIL-526472e87484
3348314,EMAIL-526472e87484
3348350,EMAIL-b71ecbccbf34
3348425,EMAIL-b71ecbccbf34
3348467,EMAIL-526472e87484
3348594,EMAIL-526472e87484
3348595,EMAIL-526472e87484
3348648,EMAIL-b71ecbccbf34
3348712,EMAIL-b71ecbccbf34
3348770,EMAIL-526472e87484
3348825,EMAIL-b71ecbccbf34
3348830,EMAIL-b71ecbccbf34
3348833,EMAIL-05c3ae107b3d
3348843,EMAIL-b71ecbccbf34
3348858,EMAIL-05c3ae107b3d
3348936,EMAIL-526472e87484
3348939,EMAIL-d1684fe68050
3348994,EMAIL-526472e87484
3349005,EMAIL-b71ecbccbf34
3349012,EMAIL-526472e87484
3349019,EMAIL-526472e87484
3349037,EMAIL-b71ecbccbf34
3349039,EMAIL-b71ecbccbf34
3349053,EMAIL-05c3ae107b3d
3349106,EMAIL-601679140412
3349135,EMAIL-7db8006395b7
3349202,EMAIL-05c3ae107b3d
3349235,EMAIL-05c3ae107b3d
3349244,EMAIL-526472e87484
3349319,EMAIL-05c3ae107b3d
3349415,EMAIL-05c3ae107b3d
3349492,EMAIL-526472e87484
3349582,EMAIL-05c3ae107b3d
3349671,EMAIL-05c3ae107b3d
3349851,EMAIL-05c3ae107b3d
3349859,EMAIL-526472e87484
3349952,EMAIL-526472e87484
3349967,EMAIL-526472e87484
3349993,EMAIL-526472e87484
3350067,EMAIL-b71ecbccbf34
3350092,EMAIL-dfe6a9c7c1a5
3350101,EMAIL-526472e87484
3350128,EMAIL-5a343157d535
3350139,EMAIL-526472e87484
3350178,EMAIL-7db8006395b7
3350211,EMAIL-526472e87484
3350347,EMAIL-7db8006395b7
3350352,EMAIL-05c3ae107b3d
3350472,EMAIL-526472e87484
3350485,EMAIL-05c3ae107b3d
3350508,EMAIL-526472e87484
3350516,EMAIL-526472e87484
3350525,EMAIL-b71ecbccbf34
3350745,EMAIL-b71ecbccbf34
3350771,EMAIL-05c3ae107b3d
3350865,EMAIL-05c3ae107b3d
3350891,EMAIL-526472e87484
3350923,EMAIL-526472e87484
3351042,EMAIL-b71ecbccbf34
3351069,EMAIL-601679140412
3351071,EMAIL-b71ecbccbf34
3351100,EMAIL-526472e87484
3351176,EMAIL-526472e87484
3351256,EMAIL-526472e87484
3351317,EMAIL-526472e87484
3351318,EMAIL-b71ecbccbf34
3351330,EMAIL-5a343157d535
3351333,EMAIL-526472e87484
3351356,EMAIL-526472e87484
3351372,EMAIL-526472e87484
3351409,EMAIL-526472e87484
3351427,EMAIL-526472e87484
3351438,EMAIL-601679140412
3351441,EMAIL-526472e87484
3351480,EMAIL-526472e87484
3351517,EMAIL-05c3ae107b3d
3351552,EMAIL-526472e87484
3351586,EMAIL-000db143c437
3351597,EMAIL-526472e87484
3351632,EMAIL-526472e87484
3351642,EMAIL-526472e87484
3351711,EMAIL-526472e87484
3351712,EMAIL-526472e87484
3351721,EMAIL-526472e87484
3351837,EMAIL-05c3ae107b3d
3351889,EMAIL-526472e87484
3351934,EMAIL-526472e87484
3351935,EMAIL-05c3ae107b3d
3351946,EMAIL-7db8006395b7
3351981,EMAIL-526472e87484
3352061,EMAIL-526472e87484
3352171,EMAIL-526472e87484
3352215,EMAIL-526472e87484
3352250,EMAIL-526472e87484
3352282,EMAIL-05c3ae107b3d
3352342,EMAIL-05c3ae107b3d
3352419,EMAIL-526472e87484
3352424,EMAIL-e867c7c6bcd4
3352449,EMAIL-05c3ae107b3d
3352497,EMAIL-526472e87484
3352538,EMAIL-526472e87484
3352585,EMAIL-526472e87484
3352635,EMAIL-526472e87484
3352672,EMAIL-526472e87484
3352675,EMAIL-0df48815e896
3352679,EMAIL-05c3ae107b3d
3352680,EMAIL-526472e87484
3352711,EMAIL-7db8006395b7
3352755,EMAIL-7db8006395b7
3352785,EMAIL-05c3ae107b3d
3352790,EMAIL-05c3ae107b3d
3352796,EMAIL-526472e87484
3352852,EMAIL-7db8006395b7
3352853,EMAIL-526472e87484
3352871,EMAIL-7db8006395b7
3352878,EMAIL-526472e87484
3352908,EMAIL-05c3ae107b3d
3353042,EMAIL-7db8006395b7
3353060,EMAIL-3a8e7c5c8069
3353130,EMAIL-526472e87484
3353135,EMAIL-526472e87484
3353188,EMAIL-526472e87484
3353219,EMAIL-526472e87484
3353237,EMAIL-526472e87484
3353325,EMAIL-601679140412
3353332,EMAIL-526472e87484
3353370,EMAIL-526472e87484
3353380,EMAIL-7db8006395b7
3353469,EMAIL-7db8006395b7
3353517,EMAIL-526472e87484
3353531,EMAIL-601679140412
3353533,EMAIL-526472e87484
3353617,EMAIL-526472e87484
3353627,EMAIL-05c3ae107b3d
3353630,EMAIL-526472e87484
3353632,EMAIL-526472e87484
3353639,EMAIL-7db8006395b7
3353641,EMAIL-7db8006395b7
3353654,EMAIL-526472e87484
3353676,EMAIL-05c3ae107b3d
3353686,EMAIL-7db8006395b7
3353687,EMAIL-526472e87484
3353702,EMAIL-526472e87484
3353706,EMAIL-526472e87484
3353731,EMAIL-01cc9250b615
3353735,EMAIL-7db8006395b7
3353750,EMAIL-526472e87484
3353762,EMAIL-7db8006395b7
3353807,EMAIL-7db8006395b7
3353813,EMAIL-526472e87484
3353828,EMAIL-526472e87484
3353843,EMAIL-05c3ae107b3d
3353863,EMAIL-526472e87484
3353874,EMAIL-023f08585708
3353886,EMAIL-7db8006395b7
3353905,EMAIL-526472e87484
3353926,EMAIL-526472e87484
3353928,EMAIL-526472e87484
3353945,EMAIL-7db8006395b7
3353946,EMAIL-7db8006395b7
3353970,EMAIL-7db8006395b7
3354034,EMAIL-7db8006395b7
3354036,EMAIL-7db8006395b7
3354043,EMAIL-2c6b2b02a48e
3354055,EMAIL-526472e87484
3354080,EMAIL-526472e87484
3354086,EMAIL-526472e87484
3354126,EMAIL-7db8006395b7
3354138,EMAIL-7db8006395b7
3354207,EMAIL-05c3ae107b3d
3354250,EMAIL-05c3ae107b3d
3354257,EMAIL-526472e87484
3354274,EMAIL-05c3ae107b3d
3354275,EMAIL-05c3ae107b3d
3354298,EMAIL-05c3ae107b3d
3354307,EMAIL-526472e87484
3354334,EMAIL-526472e87484
3354386,EMAIL-526472e87484
3354427,EMAIL-e867c7c6bcd4
3354431,EMAIL-526472e87484
3354445,EMAIL-526472e87484
3354461,EMAIL-b71ecbccbf34
3354487,EMAIL-526472e87484
3354521,EMAIL-526472e87484
3354546,EMAIL-526472e87484
3354547,EMAIL-3a8e7c5c8069
3354573,EMAIL-b71ecbccbf34
3354618,EMAIL-b71ecbccbf34
3354622,EMAIL-b71ecbccbf34
3354636,EMAIL-b71ecbccbf34
3354643,EMAIL-526472e87484
3354712,EMAIL-526472e87484
3354735,EMAIL-601679140412
3354795,EMAIL-7db8006395b7
3354804,EMAIL-a45016f2e246
3354821,EMAIL-b71ecbccbf34
3354861,EMAIL-526472e87484
3354933,EMAIL-526472e87484
3354967,EMAIL-05c3ae107b3d
3355011,EMAIL-526472e87484
3355075,EMAIL-05c3ae107b3d
3355160,EMAIL-7db8006395b7
3355177,EMAIL-526472e87484
3355184,EMAIL-526472e87484
3355196,EMAIL-7db8006395b7
3355231,EMAIL-7db8006395b7
3355242,EMAIL-526472e87484
3355244,EMAIL-7db8006395b7
3355277,EMAIL-526472e87484
3355296,EMAIL-05c3ae107b3d
3355312,EMAIL-71011165e6f4
3355324,EMAIL-01cc9250b615
3355343,EMAIL-526472e87484
3355375,EMAIL-f757a40fae92
3355417,EMAIL-526472e87484
3355419,EMAIL-526472e87484
3355424,EMAIL-7db8006395b7
3355439,EMAIL-601679140412
3355463,EMAIL-526472e87484
3355507,EMAIL-a45016f2e246
3355525,EMAIL-7db8006395b7
3355530,EMAIL-7db8006395b7
3355568,EMAIL-526472e87484
3355592,EMAIL-526472e87484
3355653,EMAIL-7db8006395b7
3355670,EMAIL-601679140412
3355672,EMAIL-b71ecbccbf34
3355699,EMAIL-526472e87484
3355718,EMAIL-526472e87484
3355736,EMAIL-01cc9250b615
3355854,EMAIL-526472e87484
3355864,EMAIL-526472e87484
3355954,EMAIL-526472e87484
3355982,EMAIL-526472e87484
3356014,EMAIL-05c3ae107b3d
3356015,EMAIL-7db8006395b7
3356034,EMAIL-7db8006395b7
3356066,EMAIL-526472e87484
3356081,EMAIL-526472e87484
3356092,EMAIL-7db8006395b7
3356094,EMAIL-601679140412
3356097,EMAIL-601679140412
3356136,EMAIL-7db8006395b7
3356138,EMAIL-05c3ae107b3d
3356180,EMAIL-526472e87484
3356222,EMAIL-601679140412
3356229,EMAIL-05c3ae107b3d
3356270,EMAIL-526472e87484
3356304,EMAIL-526472e87484
3356335,EMAIL-05c3ae107b3d
3356337,EMAIL-7db8006395b7
3356341,EMAIL-526472e87484
3356371,EMAIL-05c3ae107b3d
3356406,EMAIL-526472e87484
3356431,EMAIL-601679140412
3356436,EMAIL-526472e87484
3356440,EMAIL-601679140412
3356448,EMAIL-7db8006395b7
3356455,EMAIL-05c3ae107b3d
3356490,EMAIL-526472e87484
3356491,EMAIL-526472e87484
3356505,EMAIL-526472e87484
3356532,EMAIL-7db8006395b7
3356589,EMAIL-05c3ae107b3d
3356597,EMAIL-a45016f2e246
3356621,EMAIL-526472e87484
3356637,EMAIL-601679140412
3356653,EMAIL-526472e87484
3356668,EMAIL-601679140412
3356674,EMAIL-601679140412
3356675,EMAIL-601679140412
3356680,EMAIL-b71ecbccbf34
3356684,EMAIL-601679140412
3356689,EMAIL-601679140412
3356693,EMAIL-a45016f2e246
3356763,EMAIL-526472e87484
3356767,EMAIL-601679140412
3356772,EMAIL-b71ecbccbf34
3356781,EMAIL-526472e87484
3356788,EMAIL-05c3ae107b3d
3356811,EMAIL-526472e87484
3356840,EMAIL-05c3ae107b3d
3356860,EMAIL-526472e87484
3356877,EMAIL-601679140412
3356885,EMAIL-b71ecbccbf34
3356886,EMAIL-05c3ae107b3d
3356908,EMAIL-05c3ae107b3d
3356926,EMAIL-526472e87484
3356991,EMAIL-526472e87484
3357002,EMAIL-526472e87484
3357004,EMAIL-526472e87484
3357034,EMAIL-526472e87484
3357040,EMAIL-526472e87484
3357041,EMAIL-526472e87484
3357080,EMAIL-526472e87484
3357095,EMAIL-7db8006395b7
3357143,EMAIL-7db8006395b7
3357157,EMAIL-7db8006395b7
3357163,EMAIL-526472e87484
3357170,EMAIL-526472e87484
3357172,EMAIL-526472e87484
3357175,EMAIL-526472e87484
3357181,EMAIL-05c3ae107b3d
3357183,EMAIL-05c3ae107b3d
3357205,EMAIL-05c3ae107b3d
3357210,EMAIL-7db8006395b7
3357214,EMAIL-7db8006395b7
3357226,EMAIL-526472e87484
3357238,EMAIL-526472e87484
3357257,EMAIL-05c3ae107b3d
3357271,EMAIL-526472e87484
3357291,EMAIL-7db8006395b7
3357295,EMAIL-526472e87484
3357300,EMAIL-526472e87484
3357306,EMAIL-526472e87484
3357307,EMAIL-526472e87484
3357372,EMAIL-05c3ae107b3d
3357393,EMAIL-7db8006395b7
3357413,EMAIL-7db8006395b7
3357419,EMAIL-526472e87484
3357463,EMAIL-662b3791aebd
3357477,EMAIL-526472e87484
3357501,EMAIL-526472e87484
3357535,EMAIL-601679140412
3357576,EMAIL-7db8006395b7
3357609,EMAIL-7db8006395b7
3357621,EMAIL-7db8006395b7
3357625,EMAIL-7db8006395b7
3357630,EMAIL-526472e87484
3357639,EMAIL-526472e87484
3357678,EMAIL-05c3ae107b3d
3357680,EMAIL-a45016f2e246
3357689,EMAIL-526472e87484
3357704,EMAIL-7db8006395b7
3357715,EMAIL-526472e87484
3357719,EMAIL-7db8006395b7
3357726,EMAIL-526472e87484
3357739,EMAIL-526472e87484
3357746,EMAIL-7db8006395b7
3357748,EMAIL-05c3ae107b3d
3357760,EMAIL-d1684fe68050
3357765,EMAIL-526472e87484
3357768,EMAIL-05c3ae107b3d
3357823,EMAIL-7eeee5f261e7
3357830,EMAIL-000db143c437
3357889,EMAIL-05c3ae107b3d
3357967,EMAIL-e867c7c6bcd4
3357989,EMAIL-526472e87484
3357995,EMAIL-526472e87484
3358027,EMAIL-05c3ae107b3d
3358063,EMAIL-05c3ae107b3d
3358133,EMAIL-7db8006395b7
3358142,EMAIL-526472e87484
3358184,EMAIL-dfe6a9c7c1a5
3358208,EMAIL-05c3ae107b3d
3358227,EMAIL-526472e87484
3358249,EMAIL-b71ecbccbf34
3358292,EMAIL-b71ecbccbf34
3358320,EMAIL-7db8006395b7
3358348,EMAIL-05c3ae107b3d
3358360,EMAIL-b71ecbccbf34
3358385,EMAIL-a45016f2e246
3358396,EMAIL-b71ecbccbf34
3358400,EMAIL-7db8006395b7
3358411,EMAIL-7db8006395b7
3358412,EMAIL-05c3ae107b3d
3358416,EMAIL-6d8c8eb6c5c8
3358431,EMAIL-7db8006395b7
3358442,EMAIL-dfe6a9c7c1a5
3358446,EMAIL-b71ecbccbf34
3358469,EMAIL-526472e87484
3358478,EMAIL-b71ecbccbf34
3358481,EMAIL-601679140412
3358505,EMAIL-b71ecbccbf34
3358512,EMAIL-0df48815e896
3358578,EMAIL-7db8006395b7
3358584,EMAIL-b71ecbccbf34
3358608,EMAIL-7db8006395b7
3358624,EMAIL-b71ecbccbf34
3358669,EMAIL-526472e87484
3358733,EMAIL-526472e87484
3358748,EMAIL-b71ecbccbf34
3358771,EMAIL-526472e87484
3358785,EMAIL-662b3791aebd
3358803,EMAIL-7db8006395b7
3358809,EMAIL-7db8006395b7
3358816,EMAIL-7db8006395b7
3358860,EMAIL-526472e87484
3358978,EMAIL-526472e87484
3358987,EMAIL-05c3ae107b3d
3359053,EMAIL-526472e87484
3359059,EMAIL-b71ecbccbf34
3359064,EMAIL-dfe6a9c7c1a5
3359065,EMAIL-526472e87484
3359100,EMAIL-526472e87484
3359129,EMAIL-526472e87484
3359202,EMAIL-526472e87484
3359207,EMAIL-05c3ae107b3d
3359235,EMAIL-7db8006395b7
3359258,EMAIL-526472e87484
3359265,EMAIL-526472e87484
3359300,EMAIL-526472e87484
3359313,EMAIL-526472e87484
3359317,EMAIL-526472e87484
3359353,EMAIL-7db8006395b7
3359372,EMAIL-526472e87484
3359405,EMAIL-000db143c437
3359415,EMAIL-a45016f2e246
3359450,EMAIL-662b3791aebd
3359501,EMAIL-601679140412
3359510,EMAIL-7db8006395b7
3359516,EMAIL-05c3ae107b3d
3359533,EMAIL-a45016f2e246
3359554,EMAIL-601679140412
3359608,EMAIL-7db8006395b7
3359611,EMAIL-7db8006395b7
3359650,EMAIL-526472e87484
3359652,EMAIL-526472e87484
3359661,EMAIL-526472e87484
3359673,EMAIL-526472e87484
3359685,EMAIL-526472e87484
3359699,EMAIL-526472e87484
3359707,EMAIL-526472e87484
3359723,EMAIL-526472e87484
3359753,EMAIL-526472e87484
3359783,EMAIL-526472e87484
3359786,EMAIL-601679140412
3359800,EMAIL-526472e87484
3359813,EMAIL-526472e87484
3359828,EMAIL-526472e87484
3359918,EMAIL-526472e87484
3359927,EMAIL-526472e87484
3359931,EMAIL-526472e87484
3359932,EMAIL-526472e87484
3359939,EMAIL-526472e87484
3359956,EMAIL-7db8006395b7
3359969,EMAIL-7db8006395b7
3359981,EMAIL-7db8006395b7
3360000,EMAIL-023f08585708
3360025,EMAIL-05c3ae107b3d
3360061,EMAIL-7db8006395b7
3360081,EMAIL-7eeee5f261e7
3360094,EMAIL-7db8006395b7
3360114,EMAIL-7db8006395b7
3360126,EMAIL-526472e87484
3360131,EMAIL-05c3ae107b3d
3360147,EMAIL-7db8006395b7
3360149,EMAIL-526472e87484
3360151,EMAIL-7db8006395b7
3360156,EMAIL-526472e87484
3360163,EMAIL-601679140412
3360170,EMAIL-7db8006395b7
3360185,EMAIL-7db8006395b7
3360195,EMAIL-7db8006395b7
3360197,EMAIL-526472e87484
3360204,EMAIL-526472e87484
3360213,EMAIL-05c3ae107b3d
3360215,EMAIL-7db8006395b7
3360216,EMAIL-7db8006395b7
3360221,EMAIL-7db8006395b7
3360247,EMAIL-526472e87484
3360248,EMAIL-526472e87484
3360280,EMAIL-526472e87484
3360291,EMAIL-05c3ae107b3d
3360293,EMAIL-05c3ae107b3d
3360297,EMAIL-05c3ae107b3d
3360307,EMAIL-7db8006395b7
3360316,EMAIL-7db8006395b7
3360319,EMAIL-7db8006395b7
3360320,EMAIL-7db8006395b7
3360326,EMAIL-7db8006395b7
3360328,EMAIL-7db8006395b7
3360329,EMAIL-7db8006395b7
3360331,EMAIL-7db8006395b7
3360332,EMAIL-7db8006395b7
3360389,EMAIL-526472e87484
3360449,EMAIL-05c3ae107b3d
3360480,EMAIL-b71ecbccbf34
3360500,EMAIL-5cac1ed1c3bd
3360501,EMAIL-05c3ae107b3d
3360552,EMAIL-e867c7c6bcd4
3360561,EMAIL-526472e87484
3360580,EMAIL-526472e87484
3360598,EMAIL-05c3ae107b3d
3360601,EMAIL-b71ecbccbf34
3360642,EMAIL-7db8006395b7
3360646,EMAIL-526472e87484
3360647,EMAIL-7db8006395b7
3360658,EMAIL-b71ecbccbf34
3360667,EMAIL-dfe6a9c7c1a5
3360674,EMAIL-7db8006395b7
3360679,EMAIL-526472e87484
3360695,EMAIL-05c3ae107b3d
3360770,EMAIL-b71ecbccbf34
3360774,EMAIL-526472e87484
3360801,EMAIL-526472e87484
3360822,EMAIL-b71ecbccbf34
3360842,EMAIL-05c3ae107b3d
3360862,EMAIL-601679140412
3360882,EMAIL-526472e87484
3360884,EMAIL-526472e87484
3360894,EMAIL-b71ecbccbf34
3360911,EMAIL-601679140412
3360917,EMAIL-7db8006395b7
3360926,EMAIL-05c3ae107b3d
3360929,EMAIL-526472e87484
3360996,EMAIL-526472e87484
3361010,EMAIL-526472e87484
3361074,EMAIL-526472e87484
3361076,EMAIL-526472e87484
3361096,EMAIL-7db8006395b7
3361116,EMAIL-526472e87484
3361184,EMAIL-526472e87484
3361186,EMAIL-7db8006395b7
3361189,EMAIL-b71ecbccbf34
3361208,EMAIL-526472e87484
3361233,EMAIL-526472e87484
3361237,EMAIL-526472e87484
3361247,EMAIL-526472e87484
3361287,EMAIL-7db8006395b7
3361311,EMAIL-7db8006395b7
3361393,EMAIL-526472e87484
3361421,EMAIL-526472e87484
3361433,EMAIL-526472e87484
3361442,EMAIL-7db8006395b7
3361502,EMAIL-526472e87484
3361505,EMAIL-7db8006395b7
3361565,EMAIL-05c3ae107b3d
3361588,EMAIL-601679140412
3361599,EMAIL-526472e87484
3361672,EMAIL-526472e87484
3361673,EMAIL-526472e87484
3361689,EMAIL-526472e87484
3361707,EMAIL-601679140412
3361724,EMAIL-526472e87484
3361762,EMAIL-526472e87484
3361775,EMAIL-526472e87484
3361780,EMAIL-526472e87484
3361803,EMAIL-7db8006395b7
3361836,EMAIL-601679140412
3361849,EMAIL-526472e87484
3361861,EMAIL-05c3ae107b3d
3361898,EMAIL-7db8006395b7
3361907,EMAIL-dfe6a9c7c1a5
3361912,EMAIL-7db8006395b7
3361933,EMAIL-05c3ae107b3d
3361935,EMAIL-526472e87484
3361939,EMAIL-526472e87484
3361969,EMAIL-526472e87484
3361971,EMAIL-526472e87484
3361974,EMAIL-526472e87484
3361975,EMAIL-7db8006395b7
3362014,EMAIL-b2683a414714
3362034,EMAIL-b71ecbccbf34
3362093,EMAIL-526472e87484
3362104,EMAIL-526472e87484
3362132,EMAIL-05c3ae107b3d
3362174,EMAIL-05c3ae107b3d
3362177,EMAIL-05c3ae107b3d
3362193,EMAIL-7db8006395b7
3362211,EMAIL-526472e87484
3362219,EMAIL-601679140412
3362265,EMAIL-7db8006395b7
3362266,EMAIL-601679140412
3362301,EMAIL-526472e87484
3362320,EMAIL-601679140412
3362332,EMAIL-601679140412
3362387,EMAIL-05c3ae107b3d
3362426,EMAIL-b71ecbccbf34
3362432,EMAIL-7db8006395b7
3362466,EMAIL-7db8006395b7
3362490,EMAIL-7db8006395b7
3362512,EMAIL-601679140412
3362523,EMAIL-7db8006395b7
3362524,EMAIL-601679140412
3362537,EMAIL-601679140412
3362540,EMAIL-7db8006395b7
3362556,EMAIL-526472e87484
3362575,EMAIL-7db8006395b7
3362648,EMAIL-7db8006395b7
3362660,EMAIL-7db8006395b7
3362677,EMAIL-526472e87484
3362679,EMAIL-7db8006395b7
3362725,EMAIL-7db8006395b7
3362739,EMAIL-526472e87484
3362752,EMAIL-526472e87484
3362757,EMAIL-526472e87484
3362776,EMAIL-526472e87484
3362819,EMAIL-526472e87484
3362825,EMAIL-526472e87484
3362829,EMAIL-526472e87484
3362840,EMAIL-e867c7c6bcd4
3362859,EMAIL-526472e87484
3362874,EMAIL-526472e87484
3362903,EMAIL-526472e87484
3362939,EMAIL-023f08585708
3362949,EMAIL-526472e87484
3362954,EMAIL-526472e87484
3363005,EMAIL-526472e87484
3363015,EMAIL-7db8006395b7
3363019,EMAIL-7db8006395b7
3363024,EMAIL-526472e87484
3363027,EMAIL-dfe6a9c7c1a5
3363030,EMAIL-526472e87484
3363035,EMAIL-7eeee5f261e7
3363087,EMAIL-7db8006395b7
3363091,EMAIL-7db8006395b7
3363096,EMAIL-526472e87484
3363109,EMAIL-7db8006395b7
3363125,EMAIL-05c3ae107b3d
3363127,EMAIL-7db8006395b7
3363128,EMAIL-05c3ae107b3d
3363141,EMAIL-05c3ae107b3d
3363142,EMAIL-7db8006395b7
3363148,EMAIL-7db8006395b7
3363152,EMAIL-7db8006395b7
3363162,EMAIL-526472e87484
3363171,EMAIL-526472e87484
3363181,EMAIL-7db8006395b7
3363198,EMAIL-7db8006395b7
3363204,EMAIL-526472e87484
3363223,EMAIL-662b3791aebd
3363224,EMAIL-526472e87484
3363227,EMAIL-526472e87484
3363244,EMAIL-05c3ae107b3d
3363253,EMAIL-526472e87484
3363254,EMAIL-7db8006395b7
3363259,EMAIL-7db8006395b7
3363270,EMAIL-7db8006395b7
3363271,EMAIL-7db8006395b7
3363273,EMAIL-7db8006395b7
3363275,EMAIL-526472e87484
3363276,EMAIL-7db8006395b7
3363282,EMAIL-7db8006395b7
3363287,EMAIL-526472e87484
3363297,EMAIL-a45016f2e246
3363313,EMAIL-526472e87484
3363326,EMAIL-526472e87484
3363367,EMAIL-526472e87484
3363405,EMAIL-b71ecbccbf34
3363440,EMAIL-601679140412
3363452,EMAIL-601679140412
3363509,EMAIL-526472e87484
3363572,EMAIL-05c3ae107b3d
3363605,EMAIL-7db8006395b7
3363619,EMAIL-83e81c0f7766
3363698,EMAIL-526472e87484
3363700,EMAIL-a45016f2e246
3363719,EMAIL-526472e87484
3363728,EMAIL-7db8006395b7
3363774,EMAIL-526472e87484
3363783,EMAIL-dfe6a9c7c1a5
3363826,EMAIL-526472e87484
3363828,EMAIL-526472e87484
3363862,EMAIL-526472e87484
3363886,EMAIL-7db8006395b7
3363918,EMAIL-7db8006395b7
3363925,EMAIL-526472e87484
3363926,EMAIL-601679140412
3363972,EMAIL-05c3ae107b3d
3363983,EMAIL-526472e87484
3364007,EMAIL-05c3ae107b3d
3364013,EMAIL-601679140412
3364028,EMAIL-601679140412
3364043,EMAIL-601679140412
3364047,EMAIL-7db8006395b7
3364074,EMAIL-7db8006395b7
3364132,EMAIL-7db8006395b7
3364196,EMAIL-83e81c0f7766
3364214,EMAIL-05c3ae107b3d
3364222,EMAIL-526472e87484
3364261,EMAIL-526472e87484
3364267,EMAIL-526472e87484
3364272,EMAIL-601679140412
3364284,EMAIL-7db8006395b7
3364287,EMAIL-601679140412
3364317,EMAIL-526472e87484
3364320,EMAIL-6d8c8eb6c5c8
3364337,EMAIL-526472e87484
3364354,EMAIL-601679140412
3364397,EMAIL-a45016f2e246
3364437,EMAIL-526472e87484
3364448,EMAIL-b71ecbccbf34
3364451,EMAIL-526472e87484
3364520,EMAIL-05c3ae107b3d
3364531,EMAIL-526472e87484
3364570,EMAIL-05c3ae107b3d
3364575,EMAIL-2c6b2b02a48e
3364591,EMAIL-7db8006395b7
3364617,EMAIL-526472e87484
3364629,EMAIL-7db8006395b7
3364651,EMAIL-526472e87484
3364654,EMAIL-05c3ae107b3d
3364688,EMAIL-05c3ae107b3d
3364712,EMAIL-601679140412
3364754,EMAIL-a45016f2e246
3364769,EMAIL-526472e87484
3364812,EMAIL-7db8006395b7
3364832,EMAIL-8b942685451d
3364837,EMAIL-7db8006395b7
3364878,EMAIL-7db8006395b7
3364891,EMAIL-05c3ae107b3d
3364965,EMAIL-7db8006395b7
3365068,EMAIL-526472e87484
3365075,EMAIL-526472e87484
3365095,EMAIL-a45016f2e246
3365099,EMAIL-526472e87484
3365104,EMAIL-526472e87484
3365118,EMAIL-7db8006395b7
3365239,EMAIL-7db8006395b7
3365306,EMAIL-b71ecbccbf34
3365326,EMAIL-526472e87484
3365331,EMAIL-526472e87484
3365346,EMAIL-526472e87484
3365380,EMAIL-526472e87484
3365384,EMAIL-7db8006395b7
3365386,EMAIL-526472e87484
3365395,EMAIL-526472e87484
3365396,EMAIL-05c3ae107b3d
3365400,EMAIL-526472e87484
3365402,EMAIL-05c3ae107b3d
3365407,EMAIL-7db8006395b7
3365414,EMAIL-05c3ae107b3d
3365439,EMAIL-7db8006395b7
3365442,EMAIL-7db8006395b7
3365451,EMAIL-05c3ae107b3d
3365457,EMAIL-526472e87484
3365460,EMAIL-7db8006395b7
3365461,EMAIL-7db8006395b7
3365462,EMAIL-7db8006395b7
3365476,EMAIL-7db8006395b7
3365491,EMAIL-dfe6a9c7c1a5
3365531,EMAIL-526472e87484
3365560,EMAIL-05c3ae107b3d
3365561,EMAIL-dfe6a9c7c1a5
3365564,EMAIL-a45016f2e246
3365565,EMAIL-526472e87484
3365572,EMAIL-526472e87484
3365577,EMAIL-7db8006395b7
3365615,EMAIL-7db8006395b7
3365625,EMAIL-601679140412
3365626,EMAIL-b71ecbccbf34
3365765,EMAIL-526472e87484
3365782,EMAIL-526472e87484
3365789,EMAIL-8b942685451d
3365800,EMAIL-526472e87484
3365863,EMAIL-526472e87484
3365865,EMAIL-526472e87484
3365881,EMAIL-e867c7c6bcd4
3365902,EMAIL-526472e87484
3365922,EMAIL-526472e87484
3365927,EMAIL-526472e87484
3365945,EMAIL-05c3ae107b3d
3365967,EMAIL-7db8006395b7
3365995,EMAIL-526472e87484
3366000,EMAIL-7db8006395b7
3366001,EMAIL-7db8006395b7
3366002,EMAIL-7db8006395b7
3366003,EMAIL-a45016f2e246
3366004,EMAIL-662b3791aebd
3366010,EMAIL-662b3791aebd
3366065,EMAIL-a45016f2e246
3366095,EMAIL-7db8006395b7
3366102,EMAIL-7db8006395b7
3366109,EMAIL-601679140412
3366111,EMAIL-526472e87484
3366112,EMAIL-526472e87484
3366117,EMAIL-01cc9250b615
3366118,EMAIL-526472e87484
3366131,EMAIL-526472e87484
3366137,EMAIL-000db143c437
3366140,EMAIL-526472e87484
3366142,EMAIL-7db8006395b7
3366143,EMAIL-05c3ae107b3d
3366145,EMAIL-526472e87484
3366148,EMAIL-05c3ae107b3d
3366173,EMAIL-7db8006395b7
3366174,EMAIL-7db8006395b7
3366190,EMAIL-526472e87484
3366192,EMAIL-526472e87484
3366198,EMAIL-526472e87484
3366217,EMAIL-7db8006395b7
3366218,EMAIL-526472e87484
3366231,EMAIL-7db8006395b7
3366241,EMAIL-526472e87484
3366260,EMAIL-526472e87484
3366267,EMAIL-526472e87484
3366268,EMAIL-526472e87484
3366269,EMAIL-526472e87484
3366280,EMAIL-526472e87484
3366299,EMAIL-526472e87484
3366319,EMAIL-526472e87484
3366324,EMAIL-05c3ae107b3d
3366337,EMAIL-526472e87484
3366360,EMAIL-526472e87484
3366453,EMAIL-e867c7c6bcd4
3366481,EMAIL-7db8006395b7
3366483,EMAIL-7db8006395b7
3366493,EMAIL-f757a40fae92
3366510,EMAIL-7db8006395b7
3366531,EMAIL-7db8006395b7
3366619,EMAIL-05c3ae107b3d
3366708,EMAIL-526472e87484
3366734,EMAIL-526472e87484
3366738,EMAIL-601679140412
3366754,EMAIL-01cc9250b615
3366764,EMAIL-01cc9250b615
3366778,EMAIL-526472e87484
3366780,EMAIL-526472e87484
3366787,EMAIL-7db8006395b7
3366832,EMAIL-7db8006395b7
3366847,EMAIL-7db8006395b7
3366853,EMAIL-662b3791aebd
3366854,EMAIL-526472e87484
3366874,EMAIL-662b3791aebd
3366901,EMAIL-5cac1ed1c3bd
3366908,EMAIL-526472e87484
3366916,EMAIL-526472e87484
3366933,EMAIL-526472e87484
3366952,EMAIL-05c3ae107b3d
3366964,EMAIL-2c6b2b02a48e
3366973,EMAIL-526472e87484
3366986,EMAIL-e867c7c6bcd4
3367002,EMAIL-2c6b2b02a48e
3367026,EMAIL-3a8e7c5c8069
3367097,EMAIL-05c3ae107b3d
3367103,EMAIL-601679140412
3367104,EMAIL-7db8006395b7
3367121,EMAIL-526472e87484
3367131,EMAIL-526472e87484
3367147,EMAIL-05c3ae107b3d
3367148,EMAIL-e867c7c6bcd4
3367161,EMAIL-05c3ae107b3d
3367162,EMAIL-7db8006395b7
3367179,EMAIL-526472e87484
3367211,EMAIL-7db8006395b7
3367236,EMAIL-05c3ae107b3d
3367237,EMAIL-526472e87484
3367243,EMAIL-526472e87484
3367244,EMAIL-526472e87484
3367270,EMAIL-526472e87484
3367282,EMAIL-e867c7c6bcd4
3367305,EMAIL-526472e87484
3367308,EMAIL-526472e87484
3367325,EMAIL-e867c7c6bcd4
3367338,EMAIL-526472e87484
3367361,EMAIL-526472e87484
3367363,EMAIL-526472e87484
3367372,EMAIL-526472e87484
3367380,EMAIL-b71ecbccbf34
3367405,EMAIL-526472e87484
3367444,EMAIL-b71ecbccbf34
3367451,EMAIL-526472e87484
3367456,EMAIL-526472e87484
3367503,EMAIL-7db8006395b7
3367525,EMAIL-526472e87484
3367528,EMAIL-526472e87484
3367530,EMAIL-526472e87484
3367532,EMAIL-05c3ae107b3d
3367562,EMAIL-526472e87484
3367685,EMAIL-526472e87484
3367711,EMAIL-7db8006395b7
3367722,EMAIL-526472e87484
3367740,EMAIL-526472e87484
3367765,EMAIL-526472e87484
3367795,EMAIL-601679140412
3367812,EMAIL-601679140412
3367924,EMAIL-526472e87484
3367979,EMAIL-05c3ae107b3d
3368002,EMAIL-7db8006395b7
3368009,EMAIL-526472e87484
3368047,EMAIL-7db8006395b7
3368051,EMAIL-601679140412
3368053,EMAIL-7db8006395b7
3368083,EMAIL-a45016f2e246
3368097,EMAIL-7db8006395b7
3368098,EMAIL-7db8006395b7
3368099,EMAIL-526472e87484
3368116,EMAIL-526472e87484
3368191,EMAIL-526472e87484
3368200,EMAIL-b71ecbccbf34
3368201,EMAIL-526472e87484
3368202,EMAIL-05c3ae107b3d
3368229,EMAIL-526472e87484
3368258,EMAIL-7db8006395b7
3368287,EMAIL-b71ecbccbf34
3368294,EMAIL-7db8006395b7
3368301,EMAIL-601679140412
3368346,EMAIL-526472e87484
3368360,EMAIL-601679140412
3368364,EMAIL-526472e87484
3368371,EMAIL-526472e87484
3368387,EMAIL-7db8006395b7
3368401,EMAIL-526472e87484
3368410,EMAIL-7db8006395b7
3368438,EMAIL-7db8006395b7
3368471,EMAIL-7db8006395b7
3368493,EMAIL-05c3ae107b3d
3368547,EMAIL-526472e87484
3368563,EMAIL-b71ecbccbf34
3368572,EMAIL-05c3ae107b3d
3368576,EMAIL-526472e87484
3368582,EMAIL-05c3ae107b3d
3368609,EMAIL-7db8006395b7
3368611,EMAIL-526472e87484
3368627,EMAIL-526472e87484
3368632,EMAIL-526472e87484
3368670,EMAIL-526472e87484
3368688,EMAIL-7db8006395b7
3368735,EMAIL-526472e87484
3368736,EMAIL-526472e87484
3368739,EMAIL-7db8006395b7
3368760,EMAIL-a45016f2e246
3368763,EMAIL-526472e87484
3368778,EMAIL-526472e87484
3368827,EMAIL-526472e87484
3368877,EMAIL-526472e87484
3368896,EMAIL-b71ecbccbf34
3368901,EMAIL-526472e87484
3368958,EMAIL-05c3ae107b3d
3368959,EMAIL-7db8006395b7
3368961,EMAIL-526472e87484
3368964,EMAIL-526472e87484
3368966,EMAIL-7db8006395b7
3368968,EMAIL-526472e87484
3368976,EMAIL-526472e87484
3368978,EMAIL-526472e87484
3369018,EMAIL-7db8006395b7
3369022,EMAIL-526472e87484
3369031,EMAIL-662b3791aebd
3369059,EMAIL-7db8006395b7
3369085,EMAIL-526472e87484
3369117,EMAIL-7db8006395b7
3369118,EMAIL-7db8006395b7
3369147,EMAIL-7db8006395b7
3369148,EMAIL-7db8006395b7
3369150,EMAIL-526472e87484
3369152,EMAIL-7db8006395b7
3369155,EMAIL-7db8006395b7
3369160,EMAIL-7db8006395b7
3369172,EMAIL-7db8006395b7
3369182,EMAIL-526472e87484
3369200,EMAIL-526472e87484
3369264,EMAIL-b71ecbccbf34
3369282,EMAIL-7db8006395b7
3369302,EMAIL-b71ecbccbf34
3369313,EMAIL-7db8006395b7
3369314,EMAIL-7db8006395b7
3369334,EMAIL-7db8006395b7
3369336,EMAIL-b71ecbccbf34
3369344,EMAIL-7db8006395b7
3369365,EMAIL-b71ecbccbf34
3369392,EMAIL-601679140412
3369402,EMAIL-526472e87484
3369434,EMAIL-526472e87484
3369454,EMAIL-dfe6a9c7c1a5
3369468,EMAIL-05c3ae107b3d
3369535,EMAIL-b71ecbccbf34
3369538,EMAIL-b71ecbccbf34
3369545,EMAIL-05c3ae107b3d
3369548,EMAIL-526472e87484
3369550,EMAIL-526472e87484
3369565,EMAIL-526472e87484
3369571,EMAIL-526472e87484
3369585,EMAIL-05c3ae107b3d
3369646,EMAIL-601679140412
3369671,EMAIL-5a343157d535
3369676,EMAIL-526472e87484
3369685,EMAIL-526472e87484
3369700,EMAIL-b71ecbccbf34
3369721,EMAIL-526472e87484
3369764,EMAIL-05c3ae107b3d
3369811,EMAIL-05c3ae107b3d
3369814,EMAIL-526472e87484
3369821,EMAIL-7db8006395b7
3369851,EMAIL-526472e87484
3369874,EMAIL-526472e87484
3369928,EMAIL-662b3791aebd
3369975,EMAIL-526472e87484
3369996,EMAIL-526472e87484
3370000,EMAIL-526472e87484
3370037,EMAIL-526472e87484
3370038,EMAIL-526472e87484
3370071,EMAIL-526472e87484
3370094,EMAIL-05c3ae107b3d
3370160,EMAIL-7db8006395b7
3370161,EMAIL-526472e87484
3370182,EMAIL-a45016f2e246
3370255,EMAIL-7db8006395b7
3370277,EMAIL-7db8006395b7
3370284,EMAIL-05c3ae107b3d
3370297,EMAIL-7db8006395b7
3370324,EMAIL-526472e87484
3370350,EMAIL-526472e87484
3370353,EMAIL-05c3ae107b3d
3370410,EMAIL-601679140412
3370449,EMAIL-526472e87484
3370500,EMAIL-05c3ae107b3d
3370567,EMAIL-526472e87484
3370595,EMAIL-526472e87484
3370631,EMAIL-05c3ae107b3d
3370642,EMAIL-7db8006395b7
3370654,EMAIL-01cc9250b615
3370672,EMAIL-5a343157d535
3370727,EMAIL-05c3ae107b3d
3370729,EMAIL-b71ecbccbf34
3370737,EMAIL-7db8006395b7
3370743,EMAIL-526472e87484
3370745,EMAIL-526472e87484
3370750,EMAIL-01cc9250b615
3370765,EMAIL-7db8006395b7
3370802,EMAIL-526472e87484
3370807,EMAIL-05c3ae107b3d
3370815,EMAIL-526472e87484
3370853,EMAIL-526472e87484
3370877,EMAIL-526472e87484
3370880,EMAIL-05c3ae107b3d
3370885,EMAIL-7db8006395b7
3371012,EMAIL-526472e87484
3371018,EMAIL-526472e87484
3371022,EMAIL-526472e87484
3371023,EMAIL-526472e87484
3371052,EMAIL-526472e87484
3371085,EMAIL-05c3ae107b3d
3371124,EMAIL-526472e87484
3371248,EMAIL-7db8006395b7
3371249,EMAIL-7db8006395b7
3371265,EMAIL-526472e87484
3371307,EMAIL-7db8006395b7
3371313,EMAIL-7db8006395b7
3371321,EMAIL-7db8006395b7
3371354,EMAIL-7db8006395b7
3371365,EMAIL-7db8006395b7
3371435,EMAIL-526472e87484
3371481,EMAIL-526472e87484
3371516,EMAIL-601679140412
3371558,EMAIL-7db8006395b7
3371560,EMAIL-b71ecbccbf34
3371672,EMAIL-05c3ae107b3d
3371740,EMAIL-7db8006395b7
3371777,EMAIL-526472e87484
3371806,EMAIL-a45016f2e246
3371847,EMAIL-2c6b2b02a48e
3371849,EMAIL-7db8006395b7
3371888,EMAIL-526472e87484
3371894,EMAIL-023f08585708
3371923,EMAIL-526472e87484
3371926,EMAIL-7db8006395b7
3371936,EMAIL-f757a40fae92
3371961,EMAIL-05c3ae107b3d
3371989,EMAIL-7db8006395b7
3372014,EMAIL-526472e87484
3372044,EMAIL-7db8006395b7
3372064,EMAIL-526472e87484
3372085,EMAIL-7db8006395b7
3372086,EMAIL-7db8006395b7
3372087,EMAIL-601679140412
3372090,EMAIL-7db8006395b7
3372096,EMAIL-7db8006395b7
3372106,EMAIL-7db8006395b7
3372114,EMAIL-7db8006395b7
3372120,EMAIL-601679140412
3372122,EMAIL-601679140412
3372123,EMAIL-601679140412
3372124,EMAIL-601679140412
3372165,EMAIL-526472e87484
3372171,EMAIL-526472e87484
3372192,EMAIL-b71ecbccbf34
3372215,EMAIL-526472e87484
3372252,EMAIL-526472e87484
3372255,EMAIL-526472e87484
3372266,EMAIL-dfe6a9c7c1a5
3372328,EMAIL-7db8006395b7
3372357,EMAIL-526472e87484
3372408,EMAIL-05c3ae107b3d
3372490,EMAIL-05c3ae107b3d
3372516,EMAIL-526472e87484
3372602,EMAIL-526472e87484
3372671,EMAIL-a45016f2e246
3372679,EMAIL-05c3ae107b3d
3372719,EMAIL-526472e87484
3372734,EMAIL-05c3ae107b3d
3372745,EMAIL-b71ecbccbf34
3372864,EMAIL-7db8006395b7
3372865,EMAIL-662b3791aebd
3372992,EMAIL-526472e87484
3373013,EMAIL-05c3ae107b3d
3373016,EMAIL-7db8006395b7
3373033,EMAIL-7db8006395b7
3373081,EMAIL-526472e87484
3373113,EMAIL-05c3ae107b3d
3373186,EMAIL-05c3ae107b3d
3373200,EMAIL-526472e87484
3373201,EMAIL-601679140412
3373205,EMAIL-526472e87484
3373214,EMAIL-526472e87484
3373226,EMAIL-7db8006395b7
3373245,EMAIL-05c3ae107b3d
3373251,EMAIL-2c6b2b02a48e
3373265,EMAIL-526472e87484
3373274,EMAIL-05c3ae107b3d
3373275,EMAIL-7db8006395b7
3373423,EMAIL-526472e87484
3373443,EMAIL-526472e87484
3373494,EMAIL-7db8006395b7
3373495,EMAIL-7db8006395b7
3373553,EMAIL-526472e87484
3373645,EMAIL-601679140412
3373653,EMAIL-b71ecbccbf34
3373657,EMAIL-526472e87484
3373663,EMAIL-7db8006395b7
3373667,EMAIL-b71ecbccbf34
3373682,EMAIL-a45016f2e246
3373792,EMAIL-7db8006395b7
3373813,EMAIL-7db8006395b7
3373830,EMAIL-526472e87484
3373837,EMAIL-7db8006395b7
3373840,EMAIL-7db8006395b7
3373859,EMAIL-7db8006395b7
3373868,EMAIL-7db8006395b7
3373888,EMAIL-7db8006395b7
3373957,EMAIL-526472e87484
3373968,EMAIL-05c3ae107b3d
3374003,EMAIL-526472e87484
3374015,EMAIL-05c3ae107b3d
3374055,EMAIL-05c3ae107b3d
3374062,EMAIL-05c3ae107b3d
3374093,EMAIL-526472e87484
3374136,EMAIL-526472e87484
3374143,EMAIL-526472e87484
3374146,EMAIL-526472e87484
3374150,EMAIL-2c6b2b02a48e
3374154,EMAIL-526472e87484
3374164,EMAIL-7db8006395b7
3374165,EMAIL-7db8006395b7
3374175,EMAIL-7db8006395b7
3374209,EMAIL-b71ecbccbf34
3374212,EMAIL-526472e87484
3374218,EMAIL-7db8006395b7
3374220,EMAIL-7db8006395b7
3374276,EMAIL-526472e87484
3374299,EMAIL-7db8006395b7
3374300,EMAIL-b71ecbccbf34
3374329,EMAIL-7db8006395b7
3374363,EMAIL-7db8006395b7
3374401,EMAIL-526472e87484
3374420,EMAIL-05c3ae107b3d
3374424,EMAIL-526472e87484
3374510,EMAIL-7db8006395b7
3374516,EMAIL-b71ecbccbf34
3374562,EMAIL-526472e87484
3374563,EMAIL-7db8006395b7
3374576,EMAIL-526472e87484
3374621,EMAIL-7db8006395b7
3374623,EMAIL-7db8006395b7
3374637,EMAIL-526472e87484
3374642,EMAIL-7db8006395b7
3374650,EMAIL-7db8006395b7
3374654,EMAIL-526472e87484
3374671,EMAIL-7db8006395b7
3374693,EMAIL-526472e87484
3374699,EMAIL-7db8006395b7
3374700,EMAIL-7db8006395b7
3374711,EMAIL-05c3ae107b3d
3374717,EMAIL-7db8006395b7
3374723,EMAIL-7db8006395b7
3374728,EMAIL-526472e87484
3374731,EMAIL-7db8006395b7
3374737,EMAIL-7db8006395b7
3374738,EMAIL-7db8006395b7
3374740,EMAIL-7db8006395b7
3374751,EMAIL-7db8006395b7
3374753,EMAIL-526472e87484
3374768,EMAIL-601679140412
3374774,EMAIL-7db8006395b7
3374780,EMAIL-526472e87484
3374785,EMAIL-526472e87484
3374797,EMAIL-05c3ae107b3d
3374815,EMAIL-526472e87484
3374816,EMAIL-a45016f2e246
3374861,EMAIL-a45016f2e246
3374863,EMAIL-7db8006395b7
3374912,EMAIL-526472e87484
3374950,EMAIL-601679140412
3374958,EMAIL-7db8006395b7
3374965,EMAIL-526472e87484
3374966,EMAIL-7db8006395b7
3374984,EMAIL-526472e87484
3374999,EMAIL-526472e87484
3375081,EMAIL-526472e87484
3375082,EMAIL-526472e87484
3375139,EMAIL-7db8006395b7
3375140,EMAIL-7db8006395b7
3375148,EMAIL-7db8006395b7
3375187,EMAIL-526472e87484
3375195,EMAIL-526472e87484
3375228,EMAIL-b71ecbccbf34
3375243,EMAIL-526472e87484
3375273,EMAIL-526472e87484
3375277,EMAIL-526472e87484
3375316,EMAIL-05c3ae107b3d
3375339,EMAIL-05c3ae107b3d
3375341,EMAIL-526472e87484
3375363,EMAIL-7db8006395b7
3375373,EMAIL-526472e87484
3375376,EMAIL-8b942685451d
3375428,EMAIL-526472e87484
3375448,EMAIL-526472e87484
3375451,EMAIL-526472e87484
3375458,EMAIL-526472e87484
3375487,EMAIL-05c3ae107b3d
3375507,EMAIL-b71ecbccbf34
3375525,EMAIL-05c3ae107b3d
3375533,EMAIL-d1684fe68050
3375536,EMAIL-d1684fe68050
3375542,EMAIL-526472e87484
3375587,EMAIL-7db8006395b7
3375609,EMAIL-7db8006395b7
3375647,EMAIL-526472e87484
3375665,EMAIL-526472e87484
3375713,EMAIL-7db8006395b7
3375730,EMAIL-7db8006395b7
3375775,EMAIL-526472e87484
3375828,EMAIL-526472e87484
3375845,EMAIL-526472e87484
3375851,EMAIL-601679140412
3375852,EMAIL-526472e87484
3375875,EMAIL-526472e87484
3375916,EMAIL-526472e87484
3375926,EMAIL-526472e87484
3375989,EMAIL-526472e87484
3376001,EMAIL-05c3ae107b3d
3376003,EMAIL-05c3ae107b3d
3376009,EMAIL-526472e87484
3376144,EMAIL-1221ee4a23d4
3376161,EMAIL-d1684fe68050
3376163,EMAIL-526472e87484
3376187,EMAIL-05c3ae107b3d
3376203,EMAIL-05c3ae107b3d
3376249,EMAIL-7db8006395b7
3376279,EMAIL-526472e87484
3376349,EMAIL-7db8006395b7
3376381,EMAIL-7db8006395b7
3376406,EMAIL-7db8006395b7
3376454,EMAIL-7db8006395b7
3376504,EMAIL-7db8006395b7
3376658,EMAIL-526472e87484
3376695,EMAIL-000db143c437
3376697,EMAIL-526472e87484
3376711,EMAIL-05c3ae107b3d
3376770,EMAIL-526472e87484
3376776,EMAIL-7db8006395b7
3376835,EMAIL-526472e87484
3376842,EMAIL-526472e87484
3376863,EMAIL-b71ecbccbf34
3376881,EMAIL-526472e87484
3376901,EMAIL-7db8006395b7
3376970,EMAIL-526472e87484
3377002,EMAIL-7db8006395b7
3377053,EMAIL-7db8006395b7
3377063,EMAIL-526472e87484
3377070,EMAIL-8b942685451d
3377091,EMAIL-526472e87484
3377136,EMAIL-526472e87484
3377140,EMAIL-526472e87484
3377152,EMAIL-7db8006395b7
3377230,EMAIL-05c3ae107b3d
3377240,EMAIL-7db8006395b7
3377252,EMAIL-7db8006395b7
3377261,EMAIL-526472e87484
3377274,EMAIL-7db8006395b7
3377280,EMAIL-05c3ae107b3d
3377286,EMAIL-526472e87484
3377303,EMAIL-526472e87484
3377350,EMAIL-000db143c437
3377354,EMAIL-7db8006395b7
3377384,EMAIL-526472e87484
3377457,EMAIL-526472e87484
3377469,EMAIL-b71ecbccbf34
3377495,EMAIL-05c3ae107b3d
3377555,EMAIL-7db8006395b7
3377610,EMAIL-526472e87484
3377695,EMAIL-7db8006395b7
3377732,EMAIL-b71ecbccbf34
3377740,EMAIL-7db8006395b7
3377741,EMAIL-7db8006395b7
3377742,EMAIL-7db8006395b7
3377747,EMAIL-05c3ae107b3d
3377804,EMAIL-d1684fe68050
3377834,EMAIL-05c3ae107b3d
3377857,EMAIL-dfe6a9c7c1a5
3377858,EMAIL-05c3ae107b3d
3377864,EMAIL-601679140412
3377879,EMAIL-526472e87484
3377892,EMAIL-7db8006395b7
3377917,EMAIL-526472e87484
3377934,EMAIL-526472e87484
3377939,EMAIL-526472e87484
3377943,EMAIL-526472e87484
3377946,EMAIL-526472e87484
3377960,EMAIL-526472e87484
3377961,EMAIL-526472e87484
3377969,EMAIL-526472e87484
3377975,EMAIL-526472e87484
3377980,EMAIL-7db8006395b7
3377985,EMAIL-01cc9250b615
3377998,EMAIL-7db8006395b7
3378002,EMAIL-01cc9250b615
3378058,EMAIL-7eeee5f261e7
3378072,EMAIL-526472e87484
3378077,EMAIL-7db8006395b7
3378096,EMAIL-526472e87484
3378106,EMAIL-5a343157d535
3378205,EMAIL-526472e87484
3378212,EMAIL-526472e87484
3378247,EMAIL-526472e87484
3378261,EMAIL-526472e87484
3378298,EMAIL-6d8c8eb6c5c8
3378301,EMAIL-526472e87484
3378328,EMAIL-526472e87484
3378343,EMAIL-526472e87484
3378457,EMAIL-b71ecbccbf34
3378504,EMAIL-01cc9250b615
3378534,EMAIL-526472e87484
3378544,EMAIL-526472e87484
3378611,EMAIL-05c3ae107b3d
3378626,EMAIL-526472e87484
3378640,EMAIL-526472e87484
3378674,EMAIL-526472e87484
3378679,EMAIL-526472e87484
3378681,EMAIL-01cc9250b615
3378710,EMAIL-526472e87484
3378725,EMAIL-05c3ae107b3d
3378769,EMAIL-05c3ae107b3d
3378785,EMAIL-526472e87484
3378803,EMAIL-d1684fe68050
3378821,EMAIL-01cc9250b615
3378825,EMAIL-526472e87484
3378861,EMAIL-526472e87484
3378892,EMAIL-526472e87484
3378895,EMAIL-526472e87484
3378897,EMAIL-7db8006395b7
3378911,EMAIL-7db8006395b7
3378921,EMAIL-526472e87484
3378944,EMAIL-526472e87484
3378967,EMAIL-526472e87484
3378970,EMAIL-526472e87484
3379009,EMAIL-526472e87484
3379058,EMAIL-023f08585708
3379101,EMAIL-5a343157d535
3379117,EMAIL-b71ecbccbf34
3379122,EMAIL-7db8006395b7
3379140,EMAIL-526472e87484
3379157,EMAIL-05c3ae107b3d
3379212,EMAIL-7db8006395b7
3379240,EMAIL-05c3ae107b3d
3379249,EMAIL-526472e87484
3379274,EMAIL-526472e87484
3379321,EMAIL-526472e87484
3379327,EMAIL-526472e87484
3379349,EMAIL-7db8006395b7
3379428,EMAIL-7db8006395b7
3379430,EMAIL-3a8e7c5c8069
3379470,EMAIL-526472e87484
3379481,EMAIL-7db8006395b7
3379482,EMAIL-7db8006395b7
3379487,EMAIL-05c3ae107b3d
3379497,EMAIL-526472e87484
3379505,EMAIL-7db8006395b7
3379519,EMAIL-526472e87484
3379540,EMAIL-7db8006395b7
3379583,EMAIL-526472e87484
3379586,EMAIL-526472e87484
3379610,EMAIL-7db8006395b7
3379619,EMAIL-7db8006395b7
3379628,EMAIL-b1be8c968bc2
3379666,EMAIL-b71ecbccbf34
3379679,EMAIL-526472e87484
3379692,EMAIL-05c3ae107b3d
3379740,EMAIL-7db8006395b7
3379743,EMAIL-7db8006395b7
3379760,EMAIL-023f08585708
3379820,EMAIL-526472e87484
3379831,EMAIL-601679140412
3379835,EMAIL-7db8006395b7
3379861,EMAIL-05c3ae107b3d
3379888,EMAIL-526472e87484
3379921,EMAIL-7db8006395b7
3379951,EMAIL-05c3ae107b3d
3379961,EMAIL-526472e87484
3380023,EMAIL-526472e87484
3380027,EMAIL-526472e87484
3380057,EMAIL-526472e87484
3380073,EMAIL-526472e87484
3380096,EMAIL-526472e87484
3380101,EMAIL-526472e87484
3380112,EMAIL-7db8006395b7
3380116,EMAIL-526472e87484
3380157,EMAIL-526472e87484
3380172,EMAIL-7db8006395b7
3380176,EMAIL-526472e87484
3380186,EMAIL-7db8006395b7
3380196,EMAIL-526472e87484
3380215,EMAIL-05c3ae107b3d
3380223,EMAIL-01cc9250b615
3380229,EMAIL-05c3ae107b3d
3380233,EMAIL-526472e87484
3380269,EMAIL-a45016f2e246
3380305,EMAIL-7db8006395b7
3380309,EMAIL-526472e87484
3380318,EMAIL-526472e87484
3380396,EMAIL-7db8006395b7
3380457,EMAIL-7db8006395b7
3380463,EMAIL-526472e87484
3380472,EMAIL-b71ecbccbf34
3380484,EMAIL-05c3ae107b3d
3380512,EMAIL-526472e87484
3380529,EMAIL-601679140412
3380532,EMAIL-526472e87484
3380540,EMAIL-526472e87484
3380594,EMAIL-601679140412
3380649,EMAIL-7db8006395b7
3380735,EMAIL-526472e87484
3380743,EMAIL-7db8006395b7
3380752,EMAIL-7db8006395b7
3380756,EMAIL-7db8006395b7
3380767,EMAIL-dfe6a9c7c1a5
3380770,EMAIL-2c6b2b02a48e
3380802,EMAIL-526472e87484
3380814,EMAIL-7db8006395b7
3380817,EMAIL-526472e87484
3380829,EMAIL-7db8006395b7
3380835,EMAIL-7db8006395b7
3380843,EMAIL-01cc9250b615
3380859,EMAIL-7db8006395b7
3380870,EMAIL-526472e87484
3380874,EMAIL-526472e87484
3380877,EMAIL-7db8006395b7
3380884,EMAIL-526472e87484
3380886,EMAIL-526472e87484
3380906,EMAIL-526472e87484
3380914,EMAIL-7db8006395b7
3380916,EMAIL-b71ecbccbf34
3380927,EMAIL-7db8006395b7
3380939,EMAIL-05c3ae107b3d
3380961,EMAIL-7eeee5f261e7
3380984,EMAIL-526472e87484
3381012,EMAIL-601679140412
3381015,EMAIL-526472e87484
3381019,EMAIL-05c3ae107b3d
3381021,EMAIL-7eeee5f261e7
3381031,EMAIL-526472e87484
3381044,EMAIL-7db8006395b7
3381155,EMAIL-526472e87484
3381192,EMAIL-526472e87484
3381231,EMAIL-526472e87484
3381237,EMAIL-526472e87484
3381244,EMAIL-7db8006395b7
3381263,EMAIL-3a8e7c5c8069
3381277,EMAIL-601679140412
3381291,EMAIL-2c6b2b02a48e
3381323,EMAIL-526472e87484
3381364,EMAIL-05c3ae107b3d
3381383,EMAIL-05c3ae107b3d
3381392,EMAIL-526472e87484
3381419,EMAIL-526472e87484
3381429,EMAIL-b71ecbccbf34
3381464,EMAIL-7db8006395b7
3381470,EMAIL-526472e87484
3381483,EMAIL-05c3ae107b3d
3381491,EMAIL-05c3ae107b3d
3381542,EMAIL-05c3ae107b3d
3381559,EMAIL-526472e87484
3381560,EMAIL-7db8006395b7
3381572,EMAIL-7db8006395b7
3381585,EMAIL-526472e87484
3381601,EMAIL-7db8006395b7
3381619,EMAIL-3a8e7c5c8069
3381628,EMAIL-05c3ae107b3d
3381659,EMAIL-7db8006395b7
3381675,EMAIL-526472e87484
3381683,EMAIL-526472e87484
3381751,EMAIL-05c3ae107b3d
3381758,EMAIL-7db8006395b7
3381768,EMAIL-7db8006395b7
3381779,EMAIL-7db8006395b7
3381793,EMAIL-526472e87484
3381811,EMAIL-526472e87484
3381821,EMAIL-526472e87484
3381827,EMAIL-526472e87484
3381837,EMAIL-601679140412
3381843,EMAIL-526472e87484
3381877,EMAIL-526472e87484
3381937,EMAIL-7eeee5f261e7
3381957,EMAIL-05c3ae107b3d
3381958,EMAIL-526472e87484
3381969,EMAIL-526472e87484
3381974,EMAIL-526472e87484
3381980,EMAIL-526472e87484
3382047,EMAIL-526472e87484
3382054,EMAIL-526472e87484
3382063,EMAIL-526472e87484
3382072,EMAIL-7db8006395b7
3382120,EMAIL-526472e87484
3382128,EMAIL-7db8006395b7
3382160,EMAIL-526472e87484
3382169,EMAIL-526472e87484
3382187,EMAIL-526472e87484
3382190,EMAIL-526472e87484
3382191,EMAIL-526472e87484
3382288,EMAIL-dfe6a9c7c1a5
3382296,EMAIL-526472e87484
3382317,EMAIL-526472e87484
3382318,EMAIL-526472e87484
3382333,EMAIL-526472e87484
3382338,EMAIL-526472e87484
3382347,EMAIL-526472e87484
3382363,EMAIL-7db8006395b7
3382469,EMAIL-601679140412
3382523,EMAIL-dfe6a9c7c1a5
3382539,EMAIL-526472e87484
3382572,EMAIL-7db8006395b7
3382615,EMAIL-526472e87484
3382663,EMAIL-526472e87484
3382666,EMAIL-526472e87484
3382723,EMAIL-601679140412
3382727,EMAIL-7db8006395b7
3382728,EMAIL-526472e87484
3382733,EMAIL-526472e87484
3382741,EMAIL-526472e87484
3382749,EMAIL-526472e87484
3382766,EMAIL-05c3ae107b3d
3382787,EMAIL-526472e87484
3382811,EMAIL-01cc9250b615
3382816,EMAIL-526472e87484
3382838,EMAIL-526472e87484
3382843,EMAIL-7db8006395b7
3382859,EMAIL-526472e87484
3382899,EMAIL-526472e87484
3382934,EMAIL-05c3ae107b3d
3382936,EMAIL-7db8006395b7
3382973,EMAIL-526472e87484
3383005,EMAIL-601679140412
3383009,EMAIL-601679140412
3383083,EMAIL-526472e87484
3383091,EMAIL-05c3ae107b3d
3383104,EMAIL-526472e87484
3383119,EMAIL-05c3ae107b3d
3383131,EMAIL-526472e87484
3383149,EMAIL-526472e87484
3383237,EMAIL-601679140412
3383240,EMAIL-526472e87484
3383278,EMAIL-526472e87484
3383283,EMAIL-7db8006395b7
3383284,EMAIL-526472e87484
3383320,EMAIL-05c3ae107b3d
3383344,EMAIL-7db8006395b7
3383368,EMAIL-7db8006395b7
3383374,EMAIL-05c3ae107b3d
3383391,EMAIL-05c3ae107b3d
3383404,EMAIL-05c3ae107b3d
3383441,EMAIL-526472e87484
3383510,EMAIL-526472e87484
3383537,EMAIL-5a343157d535
3383538,EMAIL-7db8006395b7
3383541,EMAIL-601679140412
3383560,EMAIL-01cc9250b615
3383563,EMAIL-601679140412
3383575,EMAIL-05c3ae107b3d
3383602,EMAIL-526472e87484
3383609,EMAIL-7db8006395b7
3383614,EMAIL-526472e87484
3383619,EMAIL-526472e87484
3383622,EMAIL-526472e87484
3383625,EMAIL-526472e87484
3383626,EMAIL-7db8006395b7
3383672,EMAIL-526472e87484
3383674,EMAIL-dfe6a9c7c1a5
3383694,EMAIL-526472e87484
3383700,EMAIL-662b3791aebd
3383705,EMAIL-662b3791aebd
3383746,EMAIL-05c3ae107b3d
3383757,EMAIL-526472e87484
3383763,EMAIL-526472e87484
3383776,EMAIL-601679140412
3383789,EMAIL-7db8006395b7
3383848,EMAIL-05c3ae107b3d
3383855,EMAIL-2c6b2b02a48e
3383874,EMAIL-7db8006395b7
3383883,EMAIL-2c6b2b02a48e
3383898,EMAIL-05c3ae107b3d
3383900,EMAIL-526472e87484
3383918,EMAIL-526472e87484
3383923,EMAIL-601679140412
3383924,EMAIL-7db8006395b7
3383939,EMAIL-a45016f2e246
3383954,EMAIL-526472e87484
3383968,EMAIL-526472e87484
3383969,EMAIL-526472e87484
3383974,EMAIL-526472e87484
3383978,EMAIL-526472e87484
3383980,EMAIL-526472e87484
3383984,EMAIL-b71ecbccbf34
3384000,EMAIL-526472e87484
3384131,EMAIL-526472e87484
3384179,EMAIL-526472e87484
3384217,EMAIL-7db8006395b7
3384220,EMAIL-05c3ae107b3d
3384221,EMAIL-526472e87484
3384302,EMAIL-6d8c8eb6c5c8
3384316,EMAIL-526472e87484
3384318,EMAIL-526472e87484
3384332,EMAIL-05c3ae107b3d
3384341,EMAIL-526472e87484
3384351,EMAIL-526472e87484
3384417,EMAIL-526472e87484
3384438,EMAIL-7db8006395b7
3384456,EMAIL-5a343157d535
3384468,EMAIL-526472e87484
3384482,EMAIL-7db8006395b7
3384490,EMAIL-7db8006395b7
3384497,EMAIL-526472e87484
3384523,EMAIL-7db8006395b7
3384526,EMAIL-7db8006395b7
3384540,EMAIL-601679140412
3384564,EMAIL-7db8006395b7
3384580,EMAIL-526472e87484
3384585,EMAIL-601679140412
3384595,EMAIL-526472e87484
3384616,EMAIL-7db8006395b7
3384656,EMAIL-526472e87484
3384713,EMAIL-7db8006395b7
3384724,EMAIL-7db8006395b7
3384785,EMAIL-526472e87484
3384835,EMAIL-7db8006395b7
3384844,EMAIL-526472e87484
3384848,EMAIL-7db8006395b7
3384866,EMAIL-7db8006395b7
3384872,EMAIL-7db8006395b7
3384883,EMAIL-526472e87484
3384887,EMAIL-526472e87484
3384933,EMAIL-7db8006395b7
3384953,EMAIL-526472e87484
3384965,EMAIL-b71ecbccbf34
3384970,EMAIL-526472e87484
3384981,EMAIL-7db8006395b7
3384997,EMAIL-526472e87484
3385015,EMAIL-526472e87484
3385079,EMAIL-a45016f2e246
3385101,EMAIL-526472e87484
3385128,EMAIL-526472e87484
3385129,EMAIL-601679140412
3385141,EMAIL-7db8006395b7
3385152,EMAIL-7db8006395b7
3385159,EMAIL-526472e87484
3385162,EMAIL-7db8006395b7
3385193,EMAIL-526472e87484
3385224,EMAIL-526472e87484
3385241,EMAIL-7db8006395b7
3385271,EMAIL-526472e87484
3385286,EMAIL-526472e87484
3385349,EMAIL-526472e87484
3385372,EMAIL-05c3ae107b3d
3385375,EMAIL-526472e87484
3385493,EMAIL-05c3ae107b3d
3385530,EMAIL-7db8006395b7
3385561,EMAIL-601679140412
3385581,EMAIL-526472e87484
3385589,EMAIL-05c3ae107b3d
3385595,EMAIL-526472e87484
3385617,EMAIL-526472e87484
3385629,EMAIL-526472e87484
3385700,EMAIL-7db8006395b7
3385723,EMAIL-526472e87484
3385756,EMAIL-05c3ae107b3d
3385775,EMAIL-dfe6a9c7c1a5
3385818,EMAIL-7db8006395b7
3385863,EMAIL-7db8006395b7
3385898,EMAIL-526472e87484
3385917,EMAIL-526472e87484
3385930,EMAIL-7db8006395b7
3385946,EMAIL-526472e87484
3385952,EMAIL-526472e87484
3385966,EMAIL-526472e87484
3385998,EMAIL-526472e87484
3386017,EMAIL-7db8006395b7
3386019,EMAIL-7db8006395b7
3386055,EMAIL-526472e87484
3386076,EMAIL-526472e87484
3386129,EMAIL-b71ecbccbf34
3386171,EMAIL-526472e87484
3386172,EMAIL-05c3ae107b3d
3386176,EMAIL-526472e87484
3386188,EMAIL-526472e87484
3386264,EMAIL-05c3ae107b3d
3386278,EMAIL-05c3ae107b3d
3386289,EMAIL-dfe6a9c7c1a5
3386311,EMAIL-7db8006395b7
3386319,EMAIL-7db8006395b7
3386343,EMAIL-526472e87484
3386354,EMAIL-7db8006395b7
3386439,EMAIL-526472e87484
3386445,EMAIL-601679140412
3386446,EMAIL-526472e87484
3386447,EMAIL-7db8006395b7
3386466,EMAIL-526472e87484
3386495,EMAIL-05c3ae107b3d
3386501,EMAIL-05c3ae107b3d
3386531,EMAIL-dfe6a9c7c1a5
3386561,EMAIL-a45016f2e246
3386577,EMAIL-b71ecbccbf34
3386591,EMAIL-7db8006395b7
3386598,EMAIL-7db8006395b7
3386604,EMAIL-05c3ae107b3d
3386621,EMAIL-a45016f2e246
3386628,EMAIL-526472e87484
3386659,EMAIL-526472e87484
3386660,EMAIL-526472e87484
3386673,EMAIL-526472e87484
3386677,EMAIL-7db8006395b7
3386718,EMAIL-601679140412
3386727,EMAIL-526472e87484
3386737,EMAIL-526472e87484
3386749,EMAIL-7db8006395b7
3386752,EMAIL-526472e87484
3386755,EMAIL-526472e87484
3386770,EMAIL-526472e87484
3386774,EMAIL-7db8006395b7
3386789,EMAIL-601679140412
3386802,EMAIL-526472e87484
3386813,EMAIL-526472e87484
3386819,EMAIL-601679140412
3386822,EMAIL-601679140412
3386823,EMAIL-601679140412
3386824,EMAIL-601679140412
3386837,EMAIL-05c3ae107b3d
3386850,EMAIL-601679140412
3386862,EMAIL-7db8006395b7
3386865,EMAIL-601679140412
3386874,EMAIL-5a7e696acd63
3386876,EMAIL-601679140412
3386877,EMAIL-601679140412
3386879,EMAIL-601679140412
3386905,EMAIL-7db8006395b7
3386912,EMAIL-526472e87484
3386923,EMAIL-526472e87484
3386945,EMAIL-7db8006395b7
3386952,EMAIL-526472e87484
3386979,EMAIL-47b8593a2f1d
3386981,EMAIL-526472e87484
3386983,EMAIL-526472e87484
3387001,EMAIL-526472e87484
3387006,EMAIL-7db8006395b7
3387007,EMAIL-526472e87484
3387009,EMAIL-dfe6a9c7c1a5
3387013,EMAIL-526472e87484
3387023,EMAIL-7db8006395b7
3387043,EMAIL-05c3ae107b3d
3387189,EMAIL-526472e87484
3387226,EMAIL-526472e87484
3387237,EMAIL-7db8006395b7
3387286,EMAIL-05c3ae107b3d
3387306,EMAIL-7db8006395b7
3387341,EMAIL-05c3ae107b3d
3387398,EMAIL-526472e87484
3387435,EMAIL-526472e87484
3387473,EMAIL-7db8006395b7
3387484,EMAIL-7db8006395b7
3387498,EMAIL-f757a40fae92
3387533,EMAIL-601679140412
3387566,EMAIL-05c3ae107b3d
3387611,EMAIL-526472e87484
3387618,EMAIL-526472e87484
3387622,EMAIL-526472e87484
3387655,EMAIL-7db8006395b7
3387675,EMAIL-7db8006395b7
3387768,EMAIL-7db8006395b7
3387770,EMAIL-526472e87484
3387774,EMAIL-7db8006395b7
3387780,EMAIL-7db8006395b7
3387801,EMAIL-7db8006395b7
3387808,EMAIL-526472e87484
3387823,EMAIL-05c3ae107b3d
3387832,EMAIL-05c3ae107b3d
3387840,EMAIL-7db8006395b7
3387850,EMAIL-7db8006395b7
3387854,EMAIL-526472e87484
3387870,EMAIL-526472e87484
3387871,EMAIL-7db8006395b7
3387872,EMAIL-7db8006395b7
3387875,EMAIL-526472e87484
3387881,EMAIL-7db8006395b7
3387884,EMAIL-526472e87484
3387886,EMAIL-7db8006395b7
3387902,EMAIL-7db8006395b7
3387970,EMAIL-526472e87484
3387976,EMAIL-526472e87484
3387983,EMAIL-7db8006395b7
3388056,EMAIL-526472e87484
3388070,EMAIL-526472e87484
3388082,EMAIL-526472e87484
3388114,EMAIL-7db8006395b7
3388187,EMAIL-01cc9250b615
3388208,EMAIL-526472e87484
3388226,EMAIL-7db8006395b7
3388243,EMAIL-526472e87484
3388279,EMAIL-526472e87484
3388289,EMAIL-526472e87484
3388310,EMAIL-526472e87484
3388319,EMAIL-7db8006395b7
3388332,EMAIL-05c3ae107b3d
3388350,EMAIL-526472e87484
3388355,EMAIL-526472e87484
3388370,EMAIL-526472e87484
3388410,EMAIL-b71ecbccbf34
3388419,EMAIL-7db8006395b7
3388458,EMAIL-05c3ae107b3d
3388538,EMAIL-526472e87484
3388574,EMAIL-b71ecbccbf34
3388659,EMAIL-526472e87484
3388696,EMAIL-7db8006395b7
3388708,EMAIL-526472e87484
3388713,EMAIL-526472e87484
3388737,EMAIL-b71ecbccbf34
3388751,EMAIL-526472e87484
3388785,EMAIL-05c3ae107b3d
3388812,EMAIL-526472e87484
3388862,EMAIL-b71ecbccbf34
3388877,EMAIL-526472e87484
3388887,EMAIL-a45016f2e246
3388919,EMAIL-526472e87484
3388986,EMAIL-7db8006395b7
3389042,EMAIL-601679140412
3389085,EMAIL-7db8006395b7
3389108,EMAIL-526472e87484
3389116,EMAIL-7db8006395b7
3389127,EMAIL-526472e87484
3389144,EMAIL-7db8006395b7
3389161,EMAIL-526472e87484
3389167,EMAIL-7db8006395b7
3389206,EMAIL-dfe6a9c7c1a5
3389261,EMAIL-526472e87484
3389273,EMAIL-526472e87484
3389299,EMAIL-601679140412
3389350,EMAIL-526472e87484
3389400,EMAIL-7db8006395b7
3389403,EMAIL-526472e87484
3389415,EMAIL-526472e87484
3389452,EMAIL-526472e87484
3389472,EMAIL-7db8006395b7
3389493,EMAIL-526472e87484
3389498,EMAIL-601679140412
3389499,EMAIL-7db8006395b7
3389515,EMAIL-a45016f2e246
3389523,EMAIL-526472e87484
3389533,EMAIL-526472e87484
3389538,EMAIL-05c3ae107b3d
3389542,EMAIL-526472e87484
3389543,EMAIL-526472e87484
3389545,EMAIL-7db8006395b7
3389567,EMAIL-526472e87484
3389584,EMAIL-526472e87484
3389586,EMAIL-526472e87484
3389636,EMAIL-05c3ae107b3d
3389643,EMAIL-526472e87484
3389664,EMAIL-7db8006395b7
3389687,EMAIL-7db8006395b7
3389701,EMAIL-526472e87484
3389728,EMAIL-7db8006395b7
3389731,EMAIL-526472e87484
3389732,EMAIL-526472e87484
3389769,EMAIL-7db8006395b7
3389776,EMAIL-7db8006395b7
3389806,EMAIL-7db8006395b7
3389836,EMAIL-526472e87484
3389854,EMAIL-7db8006395b7
3389875,EMAIL-7db8006395b7
3389922,EMAIL-05c3ae107b3d
3389929,EMAIL-05c3ae107b3d
3389934,EMAIL-7db8006395b7
3389941,EMAIL-526472e87484
3389952,EMAIL-526472e87484
3389953,EMAIL-a45016f2e246
3389954,EMAIL-526472e87484
3389957,EMAIL-526472e87484
3389963,EMAIL-05c3ae107b3d
3389987,EMAIL-526472e87484
3390022,EMAIL-526472e87484
3390069,EMAIL-526472e87484
3390115,EMAIL-d1684fe68050
3390205,EMAIL-526472e87484
3390307,EMAIL-526472e87484
3390335,EMAIL-526472e87484
3390360,EMAIL-526472e87484
3390441,EMAIL-526472e87484
3390485,EMAIL-526472e87484
3390494,EMAIL-7db8006395b7
3390525,EMAIL-526472e87484
3390541,EMAIL-7db8006395b7
3390547,EMAIL-601679140412
3390567,EMAIL-526472e87484
3390572,EMAIL-05c3ae107b3d
3390616,EMAIL-7db8006395b7
3390629,EMAIL-3a8e7c5c8069
3390634,EMAIL-7db8006395b7
3390666,EMAIL-526472e87484
3390669,EMAIL-05c3ae107b3d
3390678,EMAIL-526472e87484
3390686,EMAIL-526472e87484
3390713,EMAIL-b71ecbccbf34
3390742,EMAIL-05c3ae107b3d
3390769,EMAIL-526472e87484
3390770,EMAIL-526472e87484
3390801,EMAIL-7db8006395b7
3390820,EMAIL-526472e87484
3390856,EMAIL-05c3ae107b3d
3390889,EMAIL-526472e87484
3390895,EMAIL-a45016f2e246
3390940,EMAIL-a45016f2e246
3390953,EMAIL-a45016f2e246
3390957,EMAIL-05c3ae107b3d
3390989,EMAIL-526472e87484
3391017,EMAIL-526472e87484
3391019,EMAIL-7db8006395b7
3391025,EMAIL-526472e87484
3391056,EMAIL-7db8006395b7
3391065,EMAIL-7db8006395b7
3391079,EMAIL-526472e87484
3391084,EMAIL-7db8006395b7
3391101,EMAIL-7db8006395b7
3391112,EMAIL-526472e87484
3391116,EMAIL-7db8006395b7
3391130,EMAIL-526472e87484
3391137,EMAIL-b71ecbccbf34
3391201,EMAIL-7db8006395b7
3391213,EMAIL-526472e87484
3391220,EMAIL-7db8006395b7
3391229,EMAIL-7db8006395b7
3391235,EMAIL-7db8006395b7
3391258,EMAIL-7db8006395b7
3391324,EMAIL-7db8006395b7
3391349,EMAIL-7db8006395b7
3391390,EMAIL-05c3ae107b3d
3391401,EMAIL-526472e87484
3391433,EMAIL-b71ecbccbf34
3391458,EMAIL-526472e87484
3391484,EMAIL-7db8006395b7
3391499,EMAIL-7db8006395b7
3391509,EMAIL-a45016f2e246
3391572,EMAIL-5a7e696acd63
3391586,EMAIL-a45016f2e246
3391670,EMAIL-7db8006395b7
3391696,EMAIL-7db8006395b7
3391874,EMAIL-b71ecbccbf34
3391994,EMAIL-05c3ae107b3d
3392012,EMAIL-7db8006395b7
3392048,EMAIL-7db8006395b7
3392079,EMAIL-526472e87484
3392099,EMAIL-662b3791aebd
3392104,EMAIL-526472e87484
3392122,EMAIL-526472e87484
3392140,EMAIL-526472e87484
3392148,EMAIL-526472e87484
3392163,EMAIL-526472e87484
3392168,EMAIL-526472e87484
3392181,EMAIL-526472e87484
3392234,EMAIL-526472e87484
3392285,EMAIL-7db8006395b7
3392293,EMAIL-526472e87484
3392318,EMAIL-526472e87484
3392352,EMAIL-05c3ae107b3d
3392392,EMAIL-526472e87484
3392418,EMAIL-526472e87484
3392440,EMAIL-526472e87484
3392461,EMAIL-7db8006395b7
3392477,EMAIL-526472e87484
3392507,EMAIL-526472e87484
3392517,EMAIL-7db8006395b7
3392575,EMAIL-b71ecbccbf34
3392601,EMAIL-526472e87484
3392602,EMAIL-526472e87484
3392609,EMAIL-b71ecbccbf34
3392622,EMAIL-7db8006395b7
3392627,EMAIL-526472e87484
3392631,EMAIL-526472e87484
3392637,EMAIL-526472e87484
3392653,EMAIL-526472e87484
3392668,EMAIL-526472e87484
3392671,EMAIL-526472e87484
3392676,EMAIL-526472e87484
3392677,EMAIL-601679140412
3392678,EMAIL-05c3ae107b3d
3392703,EMAIL-526472e87484
3392712,EMAIL-2c6b2b02a48e
3392718,EMAIL-526472e87484
3392810,EMAIL-526472e87484
3392824,EMAIL-7db8006395b7
3392839,EMAIL-7db8006395b7
3392856,EMAIL-526472e87484
3392872,EMAIL-7db8006395b7
3392880,EMAIL-7db8006395b7
3392910,EMAIL-526472e87484
3392913,EMAIL-7db8006395b7
3392947,EMAIL-526472e87484
3393031,EMAIL-526472e87484
3393147,EMAIL-05c3ae107b3d
3393270,EMAIL-526472e87484
3393298,EMAIL-526472e87484
3393341,EMAIL-05c3ae107b3d
3393367,EMAIL-7db8006395b7
3393377,EMAIL-05c3ae107b3d
3393397,EMAIL-526472e87484
3393401,EMAIL-526472e87484
3393437,EMAIL-7db8006395b7
3393482,EMAIL-526472e87484
3393513,EMAIL-526472e87484
3393517,EMAIL-526472e87484
3393555,EMAIL-526472e87484
3393591,EMAIL-526472e87484
3393607,EMAIL-526472e87484
3393654,EMAIL-7db8006395b7
3393727,EMAIL-7db8006395b7
3393740,EMAIL-7db8006395b7
3393742,EMAIL-526472e87484
3393745,EMAIL-526472e87484
3393784,EMAIL-526472e87484
3393808,EMAIL-7db8006395b7
3393830,EMAIL-601679140412
3393846,EMAIL-601679140412
3393878,EMAIL-3a8e7c5c8069
3393903,EMAIL-7db8006395b7
3393940,EMAIL-526472e87484
3393960,EMAIL-7db8006395b7
3393983,EMAIL-601679140412
3394019,EMAIL-526472e87484
3394043,EMAIL-601679140412
3394047,EMAIL-601679140412
3394070,EMAIL-526472e87484
3394071,EMAIL-601679140412
3394088,EMAIL-526472e87484
3394089,EMAIL-526472e87484
3394113,EMAIL-526472e87484
3394193,EMAIL-526472e87484
3394222,EMAIL-526472e87484
3394223,EMAIL-05c3ae107b3d
3394226,EMAIL-526472e87484
3394238,EMAIL-526472e87484
3394250,EMAIL-7db8006395b7
3394295,EMAIL-7db8006395b7
3394329,EMAIL-7db8006395b7
3394377,EMAIL-526472e87484
3394398,EMAIL-526472e87484
3394430,EMAIL-7db8006395b7
3394463,EMAIL-526472e87484
3394480,EMAIL-526472e87484
3394481,EMAIL-7db8006395b7
3394493,EMAIL-526472e87484
3394504,EMAIL-7db8006395b7
3394514,EMAIL-526472e87484
3394549,EMAIL-526472e87484
3394563,EMAIL-662b3791aebd
3394572,EMAIL-526472e87484
3394593,EMAIL-526472e87484
3394627,EMAIL-526472e87484
3394634,EMAIL-526472e87484
3394663,EMAIL-05c3ae107b3d
3394667,EMAIL-7db8006395b7
3394676,EMAIL-05c3ae107b3d
3394708,EMAIL-b71ecbccbf34
3394744,EMAIL-01cc9250b615
3394772,EMAIL-05c3ae107b3d
3394836,EMAIL-05c3ae107b3d
3394848,EMAIL-7db8006395b7
3394876,EMAIL-601679140412
3394920,EMAIL-526472e87484
3394997,EMAIL-526472e87484
3395014,EMAIL-526472e87484
3395022,EMAIL-05c3ae107b3d
3395047,EMAIL-05c3ae107b3d
3395055,EMAIL-526472e87484
3395059,EMAIL-526472e87484
3395063,EMAIL-526472e87484
3395081,EMAIL-526472e87484
3395086,EMAIL-601679140412
3395095,EMAIL-601679140412
3395113,EMAIL-526472e87484
3395133,EMAIL-d1684fe68050
3395143,EMAIL-526472e87484
3395152,EMAIL-05c3ae107b3d
3395163,EMAIL-601679140412
3395178,EMAIL-526472e87484
3395181,EMAIL-7db8006395b7
3395182,EMAIL-7db8006395b7
3395191,EMAIL-dfe6a9c7c1a5
3395221,EMAIL-7db8006395b7
3395241,EMAIL-05c3ae107b3d
3395247,EMAIL-526472e87484
3395251,EMAIL-526472e87484
3395254,EMAIL-526472e87484
3395266,EMAIL-5cac1ed1c3bd
3395274,EMAIL-526472e87484
3395284,EMAIL-526472e87484
3395304,EMAIL-7eeee5f261e7
3395337,EMAIL-526472e87484
3395347,EMAIL-5a343157d535
3395369,EMAIL-526472e87484
3395385,EMAIL-526472e87484
3395414,EMAIL-526472e87484
3395417,EMAIL-b71ecbccbf34
3395426,EMAIL-526472e87484
3395435,EMAIL-526472e87484
3395472,EMAIL-526472e87484
3395479,EMAIL-526472e87484
3395513,EMAIL-662b3791aebd
3395550,EMAIL-05c3ae107b3d
3395577,EMAIL-526472e87484
3395633,EMAIL-526472e87484
3395638,EMAIL-7db8006395b7
3395640,EMAIL-526472e87484
3395656,EMAIL-526472e87484
3395662,EMAIL-526472e87484
3395663,EMAIL-05c3ae107b3d
3395686,EMAIL-526472e87484
3395691,EMAIL-526472e87484
3395693,EMAIL-7db8006395b7
3395721,EMAIL-526472e87484
3395722,EMAIL-526472e87484
3395724,EMAIL-7db8006395b7
3395725,EMAIL-7db8006395b7
3395731,EMAIL-dfe6a9c7c1a5
3395732,EMAIL-05c3ae107b3d
3395762,EMAIL-dfe6a9c7c1a5
3395785,EMAIL-7db8006395b7
3395824,EMAIL-526472e87484
3395830,EMAIL-7db8006395b7
3395836,EMAIL-7db8006395b7
3395846,EMAIL-526472e87484
3395848,EMAIL-526472e87484
3395849,EMAIL-526472e87484
3395866,EMAIL-7db8006395b7
3395880,EMAIL-7db8006395b7
3395888,EMAIL-7db8006395b7
3395892,EMAIL-2c6b2b02a48e
3395897,EMAIL-526472e87484
3395901,EMAIL-01cc9250b615
3395902,EMAIL-601679140412
3395907,EMAIL-526472e87484
3395929,EMAIL-526472e87484
3395952,EMAIL-7db8006395b7
3395956,EMAIL-526472e87484
3395959,EMAIL-7db8006395b7
3395971,EMAIL-7db8006395b7
3395985,EMAIL-7db8006395b7
3395988,EMAIL-7db8006395b7
3395994,EMAIL-526472e87484
3396013,EMAIL-526472e87484
3396031,EMAIL-05c3ae107b3d
3396053,EMAIL-526472e87484
3396076,EMAIL-05c3ae107b3d
3396080,EMAIL-000db143c437
3396107,EMAIL-0df48815e896
3396113,EMAIL-05c3ae107b3d
3396123,EMAIL-b71ecbccbf34
3396129,EMAIL-526472e87484
3396163,EMAIL-526472e87484
3396164,EMAIL-526472e87484
3396195,EMAIL-526472e87484
3396208,EMAIL-601679140412
3396218,EMAIL-7db8006395b7
3396222,EMAIL-7db8006395b7
3396254,EMAIL-7db8006395b7
3396266,EMAIL-526472e87484
3396276,EMAIL-526472e87484
3396277,EMAIL-526472e87484
3396311,EMAIL-526472e87484
3396317,EMAIL-526472e87484
3396354,EMAIL-526472e87484
3396387,EMAIL-526472e87484
3396394,EMAIL-601679140412
3396434,EMAIL-023f08585708
3396461,EMAIL-601679140412
3396504,EMAIL-7db8006395b7
3396545,EMAIL-526472e87484
3396604,EMAIL-526472e87484
3396616,EMAIL-05c3ae107b3d
3396618,EMAIL-526472e87484
3396634,EMAIL-526472e87484
3396638,EMAIL-3a8e7c5c8069
3396644,EMAIL-a45016f2e246
3396654,EMAIL-526472e87484
3396660,EMAIL-6d8c8eb6c5c8
3396664,EMAIL-a45016f2e246
3396699,EMAIL-01cc9250b615
3396709,EMAIL-05c3ae107b3d
3396714,EMAIL-7db8006395b7
3396717,EMAIL-526472e87484
3396774,EMAIL-526472e87484
3396787,EMAIL-526472e87484
3396839,EMAIL-7db8006395b7
3396910,EMAIL-526472e87484
3396929,EMAIL-7db8006395b7
3396940,EMAIL-526472e87484
3396954,EMAIL-526472e87484
3396976,EMAIL-526472e87484
3396985,EMAIL-7db8006395b7
3396998,EMAIL-7db8006395b7
3397018,EMAIL-7db8006395b7
3397022,EMAIL-526472e87484
3397028,EMAIL-526472e87484
3397055,EMAIL-7db8006395b7
3397058,EMAIL-526472e87484
3397096,EMAIL-7db8006395b7
3397117,EMAIL-05c3ae107b3d
3397129,EMAIL-7db8006395b7
3397133,EMAIL-526472e87484
3397136,EMAIL-a45016f2e246
3397176,EMAIL-7db8006395b7
3397179,EMAIL-05c3ae107b3d
3397182,EMAIL-526472e87484
3397184,EMAIL-526472e87484
3397194,EMAIL-526472e87484
3397202,EMAIL-05c3ae107b3d
3397203,EMAIL-05c3ae107b3d
3397211,EMAIL-526472e87484
3397233,EMAIL-526472e87484
3397253,EMAIL-05c3ae107b3d
3397258,EMAIL-601679140412
3397259,EMAIL-7db8006395b7
3397283,EMAIL-526472e87484
3397305,EMAIL-526472e87484
3397310,EMAIL-05c3ae107b3d
3397312,EMAIL-526472e87484
3397357,EMAIL-05c3ae107b3d
3397397,EMAIL-05c3ae107b3d
3397399,EMAIL-526472e87484
3397420,EMAIL-7db8006395b7
3397439,EMAIL-526472e87484
3397483,EMAIL-7db8006395b7
3397536,EMAIL-526472e87484
3397540,EMAIL-526472e87484
3397574,EMAIL-7db8006395b7
3397619,EMAIL-05c3ae107b3d
3397657,EMAIL-526472e87484
3397660,EMAIL-7db8006395b7
3397669,EMAIL-05c3ae107b3d
3397680,EMAIL-05c3ae107b3d
3397709,EMAIL-05c3ae107b3d
3397723,EMAIL-05c3ae107b3d
3397736,EMAIL-dfe6a9c7c1a5
3397741,EMAIL-7db8006395b7
3397756,EMAIL-7db8006395b7
3397765,EMAIL-7db8006395b7
3397844,EMAIL-05c3ae107b3d
3397883,EMAIL-7db8006395b7
3397884,EMAIL-a45016f2e246
3397907,EMAIL-7db8006395b7
3397934,EMAIL-05c3ae107b3d
3397944,EMAIL-7db8006395b7
3397958,EMAIL-7db8006395b7
3397960,EMAIL-7db8006395b7
3397982,EMAIL-7db8006395b7
3398007,EMAIL-05c3ae107b3d
3398020,EMAIL-7db8006395b7
3398023,EMAIL-7db8006395b7
3398044,EMAIL-7db8006395b7
3398046,EMAIL-7db8006395b7
3398078,EMAIL-7db8006395b7
3398107,EMAIL-601679140412
3398109,EMAIL-601679140412
3398110,EMAIL-7db8006395b7
3398116,EMAIL-526472e87484
3398128,EMAIL-7db8006395b7
3398147,EMAIL-2c6b2b02a48e
3398151,EMAIL-526472e87484
3398154,EMAIL-526472e87484
3398160,EMAIL-526472e87484
3398186,EMAIL-601679140412
3398198,EMAIL-7db8006395b7
3398201,EMAIL-7db8006395b7
3398210,EMAIL-7db8006395b7
3398216,EMAIL-7db8006395b7
3398218,EMAIL-601679140412
3398222,EMAIL-526472e87484
3398224,EMAIL-526472e87484
3398247,EMAIL-526472e87484
3398262,EMAIL-7db8006395b7
3398340,EMAIL-7db8006395b7
3398372,EMAIL-05c3ae107b3d
3398390,EMAIL-526472e87484
3398397,EMAIL-b71ecbccbf34
3398446,EMAIL-526472e87484
3398488,EMAIL-05c3ae107b3d
3398492,EMAIL-7db8006395b7
3398516,EMAIL-7db8006395b7
3398545,EMAIL-05c3ae107b3d
3398546,EMAIL-7db8006395b7
3398569,EMAIL-526472e87484
3398572,EMAIL-05c3ae107b3d
3398575,EMAIL-05c3ae107b3d
3398606,EMAIL-05c3ae107b3d
3398620,EMAIL-05c3ae107b3d
3398639,EMAIL-526472e87484
3398646,EMAIL-526472e87484
3398653,EMAIL-dfe6a9c7c1a5
3398656,EMAIL-526472e87484
3398663,EMAIL-05c3ae107b3d
3398674,EMAIL-601679140412
3398681,EMAIL-526472e87484
3398684,EMAIL-7db8006395b7
3398690,EMAIL-526472e87484
3398736,EMAIL-7db8006395b7
3398760,EMAIL-a45016f2e246
3398766,EMAIL-601679140412
3398797,EMAIL-7db8006395b7
3398810,EMAIL-05c3ae107b3d
3398812,EMAIL-7db8006395b7
3398823,EMAIL-b2683a414714
3398827,EMAIL-7db8006395b7
3398861,EMAIL-526472e87484
3398900,EMAIL-01cc9250b615
3398905,EMAIL-7db8006395b7
3398916,EMAIL-526472e87484
3398919,EMAIL-7db8006395b7
3398925,EMAIL-526472e87484
3398958,EMAIL-05c3ae107b3d
3398959,EMAIL-7db8006395b7
3398963,EMAIL-05c3ae107b3d
3398977,EMAIL-2c6b2b02a48e
3399002,EMAIL-526472e87484
3399067,EMAIL-526472e87484
3399117,EMAIL-5c6241391e67
3399119,EMAIL-526472e87484
3399155,EMAIL-526472e87484
3399167,EMAIL-526472e87484
3399218,EMAIL-526472e87484
3399260,EMAIL-7db8006395b7
3399262,EMAIL-7db8006395b7
3399263,EMAIL-7db8006395b7
3399302,EMAIL-526472e87484
3399316,EMAIL-7db8006395b7
3399317,EMAIL-526472e87484
3399371,EMAIL-526472e87484
3399384,EMAIL-526472e87484
3399390,EMAIL-7db8006395b7
3399402,EMAIL-526472e87484
3399404,EMAIL-526472e87484
3399412,EMAIL-526472e87484
3399439,EMAIL-7db8006395b7
3399539,EMAIL-526472e87484
3399554,EMAIL-7db8006395b7
3399567,EMAIL-05c3ae107b3d
3399582,EMAIL-7db8006395b7
3399585,EMAIL-7db8006395b7
3399592,EMAIL-526472e87484
3399595,EMAIL-526472e87484
3399665,EMAIL-01cc9250b615
3399695,EMAIL-526472e87484
3399701,EMAIL-601679140412
3399703,EMAIL-a45016f2e246
3399710,EMAIL-526472e87484
3399712,EMAIL-7db8006395b7
3399713,EMAIL-526472e87484
3399772,EMAIL-601679140412
3399776,EMAIL-526472e87484
3399806,EMAIL-7db8006395b7
3399810,EMAIL-526472e87484
3399816,EMAIL-601679140412
3399832,EMAIL-7eeee5f261e7
3399833,EMAIL-7db8006395b7
3399836,EMAIL-526472e87484
3399851,EMAIL-7db8006395b7
3399852,EMAIL-7db8006395b7
3399862,EMAIL-7db8006395b7
3399894,EMAIL-7db8006395b7
3399897,EMAIL-526472e87484
3399914,EMAIL-526472e87484
3399949,EMAIL-7db8006395b7
3399961,EMAIL-05c3ae107b3d
3399971,EMAIL-526472e87484
3400029,EMAIL-601679140412
3400034,EMAIL-7db8006395b7
3400053,EMAIL-601679140412
3400058,EMAIL-601679140412
3400154,EMAIL-7db8006395b7
3400155,EMAIL-7db8006395b7
3400200,EMAIL-05c3ae107b3d
3400222,EMAIL-526472e87484
3400223,EMAIL-526472e87484
3400231,EMAIL-b71ecbccbf34
3400239,EMAIL-7db8006395b7
3400243,EMAIL-7db8006395b7
3400252,EMAIL-05c3ae107b3d
3400295,EMAIL-7db8006395b7
3400331,EMAIL-526472e87484
3400334,EMAIL-601679140412
3400339,EMAIL-7db8006395b7
3400361,EMAIL-7db8006395b7
3400362,EMAIL-7db8006395b7
3400365,EMAIL-7db8006395b7
3400385,EMAIL-601679140412
3400391,EMAIL-a45016f2e246
3400393,EMAIL-7db8006395b7
3400395,EMAIL-601679140412
3400406,EMAIL-601679140412
3400436,EMAIL-601679140412
3400451,EMAIL-601679140412
3400494,EMAIL-601679140412
3400507,EMAIL-601679140412
3400511,EMAIL-601679140412
3400535,EMAIL-526472e87484
3400552,EMAIL-601679140412
3400570,EMAIL-526472e87484
3400583,EMAIL-526472e87484
3400602,EMAIL-a45016f2e246
3400612,EMAIL-7db8006395b7
3400619,EMAIL-a45016f2e246
3400620,EMAIL-526472e87484
3400629,EMAIL-a45016f2e246
3400695,EMAIL-526472e87484
3400699,EMAIL-526472e87484
3400710,EMAIL-526472e87484
3400716,EMAIL-526472e87484
3400717,EMAIL-526472e87484
3400762,EMAIL-526472e87484
3400777,EMAIL-2c6b2b02a48e
3400803,EMAIL-526472e87484
3400855,EMAIL-601679140412
3400881,EMAIL-601679140412
3400886,EMAIL-526472e87484
3400931,EMAIL-526472e87484
3400935,EMAIL-526472e87484
3400939,EMAIL-b71ecbccbf34
3400948,EMAIL-526472e87484
3400984,EMAIL-7db8006395b7
3401000,EMAIL-526472e87484
3401025,EMAIL-05c3ae107b3d
3401029,EMAIL-7db8006395b7
3401047,EMAIL-526472e87484
3401070,EMAIL-526472e87484
3401093,EMAIL-526472e87484
3401097,EMAIL-526472e87484
3401099,EMAIL-a45016f2e246
3401107,EMAIL-7db8006395b7
3401120,EMAIL-601679140412
3401134,EMAIL-7db8006395b7
3401141,EMAIL-526472e87484
3401165,EMAIL-526472e87484
3401180,EMAIL-526472e87484
3401187,EMAIL-601679140412
3401200,EMAIL-526472e87484
3401244,EMAIL-7db8006395b7
3401253,EMAIL-526472e87484
3401271,EMAIL-526472e87484
3401291,EMAIL-7db8006395b7
3401317,EMAIL-526472e87484
3401319,EMAIL-b71ecbccbf34
3401322,EMAIL-526472e87484
3401336,EMAIL-526472e87484
3401337,EMAIL-b71ecbccbf34
3401352,EMAIL-7db8006395b7
3401370,EMAIL-526472e87484
3401389,EMAIL-7db8006395b7
3401392,EMAIL-7db8006395b7
3401406,EMAIL-526472e87484
3401415,EMAIL-01cc9250b615
3401427,EMAIL-b1be8c968bc2
3401432,EMAIL-7db8006395b7
3401436,EMAIL-b71ecbccbf34
3401439,EMAIL-7db8006395b7
3401440,EMAIL-526472e87484
3401452,EMAIL-526472e87484
3401454,EMAIL-526472e87484
3401458,EMAIL-05c3ae107b3d
3401470,EMAIL-526472e87484
3401492,EMAIL-7db8006395b7
3401559,EMAIL-526472e87484
3401571,EMAIL-7db8006395b7
3401592,EMAIL-526472e87484
3401594,EMAIL-7db8006395b7
3401604,EMAIL-526472e87484
3401616,EMAIL-526472e87484
3401628,EMAIL-526472e87484
3401639,EMAIL-05c3ae107b3d
3401645,EMAIL-526472e87484
3401646,EMAIL-2c6b2b02a48e
3401656,EMAIL-526472e87484
3401657,EMAIL-7db8006395b7
3401689,EMAIL-7db8006395b7
3401696,EMAIL-526472e87484
3401697,EMAIL-7db8006395b7
3401702,EMAIL-b71ecbccbf34
3401703,EMAIL-7db8006395b7
3401707,EMAIL-7db8006395b7
3401722,EMAIL-7db8006395b7
3401724,EMAIL-526472e87484
3401728,EMAIL-526472e87484
3401738,EMAIL-526472e87484
3401745,EMAIL-7db8006395b7
3401747,EMAIL-b71ecbccbf34
3401750,EMAIL-7db8006395b7
3401769,EMAIL-05c3ae107b3d
3401772,EMAIL-b71ecbccbf34
3401794,EMAIL-7db8006395b7
3401795,EMAIL-7db8006395b7
3401818,EMAIL-526472e87484
3401872,EMAIL-05c3ae107b3d
3401880,EMAIL-526472e87484
3401911,EMAIL-526472e87484
3401956,EMAIL-526472e87484
3401965,EMAIL-7db8006395b7
3401975,EMAIL-526472e87484
3401981,EMAIL-526472e87484
3401986,EMAIL-526472e87484
3401989,EMAIL-526472e87484
3401990,EMAIL-7db8006395b7
3401999,EMAIL-526472e87484
3402000,EMAIL-526472e87484
3402007,EMAIL-526472e87484
3402008,EMAIL-526472e87484
3402015,EMAIL-526472e87484
3402028,EMAIL-7db8006395b7
3402052,EMAIL-a45016f2e246
3402154,EMAIL-7db8006395b7
3402163,EMAIL-dfe6a9c7c1a5
3402178,EMAIL-526472e87484
3402199,EMAIL-526472e87484
3402203,EMAIL-526472e87484
3402210,EMAIL-526472e87484
3402214,EMAIL-7db8006395b7
3402217,EMAIL-7db8006395b7
3402241,EMAIL-7db8006395b7
3402323,EMAIL-526472e87484
3402349,EMAIL-526472e87484
3402359,EMAIL-526472e87484
3402367,EMAIL-526472e87484
3402399,EMAIL-526472e87484
3402413,EMAIL-7db8006395b7
3402416,EMAIL-526472e87484
3402421,EMAIL-b71ecbccbf34
3402422,EMAIL-526472e87484
3402429,EMAIL-526472e87484
3402448,EMAIL-526472e87484
3402464,EMAIL-7db8006395b7
3402520,EMAIL-526472e87484
3402538,EMAIL-601679140412
3402540,EMAIL-526472e87484
3402562,EMAIL-b71ecbccbf34
3402564,EMAIL-7db8006395b7
3402570,EMAIL-7db8006395b7
3402581,EMAIL-05c3ae107b3d
3402585,EMAIL-7db8006395b7
3402611,EMAIL-05c3ae107b3d
3402615,EMAIL-01cc9250b615
3402616,EMAIL-526472e87484
3402696,EMAIL-7db8006395b7
3402711,EMAIL-7db8006395b7
3402714,EMAIL-526472e87484
3402749,EMAIL-526472e87484
3402753,EMAIL-7db8006395b7
3402758,EMAIL-05c3ae107b3d
3402785,EMAIL-526472e87484
3402837,EMAIL-526472e87484
3402852,EMAIL-2c6b2b02a48e
3402860,EMAIL-526472e87484
3402877,EMAIL-526472e87484
3402895,EMAIL-526472e87484
3402917,EMAIL-526472e87484
3402978,EMAIL-526472e87484
3403019,EMAIL-7db8006395b7
3403091,EMAIL-601679140412
3403189,EMAIL-5a343157d535
3403203,EMAIL-dfe6a9c7c1a5
3403226,EMAIL-7db8006395b7
3403232,EMAIL-526472e87484
3403242,EMAIL-2c6b2b02a48e
3403245,EMAIL-7db8006395b7
3403276,EMAIL-7db8006395b7
3403287,EMAIL-7db8006395b7
3403309,EMAIL-7db8006395b7
3403346,EMAIL-526472e87484
3403390,EMAIL-526472e87484
3403395,EMAIL-dfe6a9c7c1a5
3403408,EMAIL-526472e87484
3403554,EMAIL-7db8006395b7
3403593,EMAIL-601679140412
3403622,EMAIL-05c3ae107b3d
3403644,EMAIL-7db8006395b7
3403659,EMAIL-01cc9250b615
3403681,EMAIL-7db8006395b7
3403693,EMAIL-7db8006395b7
3403723,EMAIL-601679140412
3403774,EMAIL-7db8006395b7
3403832,EMAIL-7db8006395b7
3403833,EMAIL-601679140412
3403862,EMAIL-526472e87484
3403882,EMAIL-601679140412
3403904,EMAIL-05c3ae107b3d
3403910,EMAIL-7db8006395b7
3403917,EMAIL-a45016f2e246
3403924,EMAIL-526472e87484
3403957,EMAIL-526472e87484
3403958,EMAIL-526472e87484
3403970,EMAIL-7db8006395b7
3403972,EMAIL-526472e87484
3404009,EMAIL-601679140412
3404014,EMAIL-3a8e7c5c8069
3404015,EMAIL-05c3ae107b3d
3404035,EMAIL-05c3ae107b3d
3404038,EMAIL-526472e87484
3404050,EMAIL-dfe6a9c7c1a5
3404069,EMAIL-b71ecbccbf34
3404071,EMAIL-526472e87484
3404086,EMAIL-7db8006395b7
3404098,EMAIL-526472e87484
3404114,EMAIL-7db8006395b7
3404121,EMAIL-601679140412
3404182,EMAIL-7db8006395b7
3404190,EMAIL-526472e87484
3404205,EMAIL-7db8006395b7
3404235,EMAIL-7db8006395b7
3404238,EMAIL-526472e87484
3404244,EMAIL-526472e87484
3404248,EMAIL-526472e87484
3404260,EMAIL-526472e87484
3404280,EMAIL-601679140412
3404298,EMAIL-7db8006395b7
3404302,EMAIL-7db8006395b7
3404311,EMAIL-7db8006395b7
3404326,EMAIL-526472e87484
3404354,EMAIL-526472e87484
3404362,EMAIL-7db8006395b7
3404438,EMAIL-526472e87484
3404453,EMAIL-526472e87484
3404484,EMAIL-526472e87484
3404512,EMAIL-526472e87484
3404540,EMAIL-83e81c0f7766
3404558,EMAIL-a45016f2e246
3404589,EMAIL-7db8006395b7
3404607,EMAIL-526472e87484
3404614,EMAIL-526472e87484
3404622,EMAIL-526472e87484
3404627,EMAIL-526472e87484
3404643,EMAIL-601679140412
3404651,EMAIL-526472e87484
3404670,EMAIL-526472e87484
3404719,EMAIL-526472e87484
3404746,EMAIL-526472e87484
3404747,EMAIL-7db8006395b7
3404752,EMAIL-526472e87484
3404753,EMAIL-05c3ae107b3d
3404811,EMAIL-601679140412
3404826,EMAIL-526472e87484
3404840,EMAIL-7db8006395b7
3404849,EMAIL-526472e87484
3404863,EMAIL-7db8006395b7
3404869,EMAIL-526472e87484
3404880,EMAIL-7db8006395b7
3404901,EMAIL-7db8006395b7
3404918,EMAIL-7db8006395b7
3404925,EMAIL-7db8006395b7
3404926,EMAIL-526472e87484
3404930,EMAIL-01cc9250b615
3404955,EMAIL-05c3ae107b3d
3404986,EMAIL-526472e87484
3404990,EMAIL-526472e87484
3405023,EMAIL-a45016f2e246
3405032,EMAIL-526472e87484
3405039,EMAIL-526472e87484
3405055,EMAIL-7db8006395b7
3405065,EMAIL-526472e87484
3405110,EMAIL-526472e87484
3405113,EMAIL-2c6b2b02a48e
3405124,EMAIL-b71ecbccbf34
3405134,EMAIL-7db8006395b7
3405146,EMAIL-526472e87484
3405240,EMAIL-05c3ae107b3d
3405284,EMAIL-526472e87484
3405318,EMAIL-7db8006395b7
3405324,EMAIL-526472e87484
3405333,EMAIL-526472e87484
3405362,EMAIL-526472e87484
3405399,EMAIL-b71ecbccbf34
3405409,EMAIL-526472e87484
3405413,EMAIL-b71ecbccbf34
3405425,EMAIL-601679140412
3405515,EMAIL-526472e87484
3405520,EMAIL-526472e87484
3405544,EMAIL-526472e87484
3405554,EMAIL-526472e87484
3405566,EMAIL-dfe6a9c7c1a5
3405588,EMAIL-7db8006395b7
3405614,EMAIL-3a8e7c5c8069
3405628,EMAIL-05c3ae107b3d
3405631,EMAIL-526472e87484
3405665,EMAIL-7db8006395b7
3405693,EMAIL-7db8006395b7
3405708,EMAIL-023f08585708
3405735,EMAIL-7db8006395b7
3405778,EMAIL-05c3ae107b3d
3405791,EMAIL-05c3ae107b3d
3405801,EMAIL-05c3ae107b3d
3405815,EMAIL-526472e87484
3405817,EMAIL-05c3ae107b3d
3405833,EMAIL-7db8006395b7
3405887,EMAIL-3a8e7c5c8069
3405926,EMAIL-05c3ae107b3d
3406026,EMAIL-601679140412
3406032,EMAIL-526472e87484
3406054,EMAIL-526472e87484
3406055,EMAIL-526472e87484
3406061,EMAIL-526472e87484
3406074,EMAIL-526472e87484
3406103,EMAIL-7db8006395b7
3406116,EMAIL-05c3ae107b3d
3406155,EMAIL-526472e87484
3406169,EMAIL-526472e87484
3406175,EMAIL-05c3ae107b3d
3406183,EMAIL-7db8006395b7
3406185,EMAIL-7db8006395b7
3406197,EMAIL-7db8006395b7
3406202,EMAIL-7db8006395b7
3406208,EMAIL-6d8c8eb6c5c8
3406215,EMAIL-7db8006395b7
3406248,EMAIL-7db8006395b7
3406284,EMAIL-526472e87484
3406295,EMAIL-526472e87484
3406331,EMAIL-7db8006395b7
3406335,EMAIL-7db8006395b7
3406339,EMAIL-7db8006395b7
3406362,EMAIL-526472e87484
3406369,EMAIL-b71ecbccbf34
3406390,EMAIL-05c3ae107b3d
3406405,EMAIL-526472e87484
3406411,EMAIL-023f08585708
3406416,EMAIL-05c3ae107b3d
3406419,EMAIL-05c3ae107b3d
3406459,EMAIL-526472e87484
3406464,EMAIL-526472e87484
3406471,EMAIL-05c3ae107b3d
3406477,EMAIL-526472e87484
3406501,EMAIL-b71ecbccbf34
3406524,EMAIL-7db8006395b7
3406609,EMAIL-526472e87484
3406615,EMAIL-a45016f2e246
3406641,EMAIL-526472e87484
3406666,EMAIL-7db8006395b7
3406677,EMAIL-7db8006395b7
3406713,EMAIL-526472e87484
3406724,EMAIL-a45016f2e246
3406737,EMAIL-05c3ae107b3d
3406744,EMAIL-526472e87484
3406773,EMAIL-526472e87484
3406786,EMAIL-526472e87484
3406792,EMAIL-7db8006395b7
3406821,EMAIL-526472e87484
3406835,EMAIL-662b3791aebd
3406887,EMAIL-83e81c0f7766
3406895,EMAIL-526472e87484
3406896,EMAIL-9f7909255943
3406898,EMAIL-05c3ae107b3d
3406906,EMAIL-7db8006395b7
3406935,EMAIL-05c3ae107b3d
3406937,EMAIL-526472e87484
3406940,EMAIL-526472e87484
3406957,EMAIL-526472e87484
3406960,EMAIL-7db8006395b7
3406980,EMAIL-526472e87484
3406993,EMAIL-05c3ae107b3d
3407025,EMAIL-526472e87484
3407035,EMAIL-2c6b2b02a48e
3407086,EMAIL-526472e87484
3407110,EMAIL-7db8006395b7
3407124,EMAIL-526472e87484
3407135,EMAIL-601679140412
3407175,EMAIL-526472e87484
3407202,EMAIL-526472e87484
3407204,EMAIL-01cc9250b615
3407238,EMAIL-7db8006395b7
3407240,EMAIL-05c3ae107b3d
3407259,EMAIL-526472e87484
3407275,EMAIL-05c3ae107b3d
3407309,EMAIL-526472e87484
3407323,EMAIL-7db8006395b7
3407332,EMAIL-7db8006395b7
3407355,EMAIL-7db8006395b7
3407364,EMAIL-7db8006395b7
3407387,EMAIL-526472e87484
3407401,EMAIL-dfe6a9c7c1a5
3407407,EMAIL-2c6b2b02a48e
3407535,EMAIL-526472e87484
3407536,EMAIL-526472e87484
3407545,EMAIL-05c3ae107b3d
3407588,EMAIL-b71ecbccbf34
3407602,EMAIL-526472e87484
3407633,EMAIL-526472e87484
3407646,EMAIL-05c3ae107b3d
3407666,EMAIL-526472e87484
3407695,EMAIL-526472e87484
3407698,EMAIL-05c3ae107b3d
3407711,EMAIL-526472e87484
3407753,EMAIL-7db8006395b7
3407782,EMAIL-526472e87484
3407786,EMAIL-7db8006395b7
3407801,EMAIL-526472e87484
3407812,EMAIL-526472e87484
3407845,EMAIL-526472e87484
3407877,EMAIL-526472e87484
3407879,EMAIL-526472e87484
3407887,EMAIL-7db8006395b7
3407899,EMAIL-601679140412
3407904,EMAIL-7db8006395b7
3407930,EMAIL-526472e87484
3407949,EMAIL-2c6b2b02a48e
3407958,EMAIL-7db8006395b7
3407964,EMAIL-7db8006395b7
3407973,EMAIL-7db8006395b7
3407988,EMAIL-526472e87484
3408002,EMAIL-7db8006395b7
3408030,EMAIL-526472e87484
3408058,EMAIL-526472e87484
3408066,EMAIL-526472e87484
3408072,EMAIL-526472e87484
3408090,EMAIL-526472e87484
3408137,EMAIL-7db8006395b7
3408139,EMAIL-526472e87484
3408153,EMAIL-d1684fe68050
3408160,EMAIL-7db8006395b7
3408178,EMAIL-526472e87484
3408183,EMAIL-526472e87484
3408185,EMAIL-a45016f2e246
3408187,EMAIL-526472e87484
3408195,EMAIL-526472e87484
3408273,EMAIL-526472e87484
3408298,EMAIL-526472e87484
3408311,EMAIL-526472e87484
3408337,EMAIL-526472e87484
3408361,EMAIL-7db8006395b7
3408368,EMAIL-05c3ae107b3d
3408371,EMAIL-662b3791aebd
3408414,EMAIL-a45016f2e246
3408437,EMAIL-7db8006395b7
3408444,EMAIL-526472e87484
3408452,EMAIL-526472e87484
3408458,EMAIL-526472e87484
3408468,EMAIL-b71ecbccbf34
3408521,EMAIL-7db8006395b7
3408525,EMAIL-05c3ae107b3d
3408537,EMAIL-526472e87484
3408610,EMAIL-601679140412
3408636,EMAIL-05c3ae107b3d
3408640,EMAIL-601679140412
3408643,EMAIL-7db8006395b7
3408684,EMAIL-b71ecbccbf34
3408706,EMAIL-7db8006395b7
3408752,EMAIL-526472e87484
3408763,EMAIL-05c3ae107b3d
3408943,EMAIL-526472e87484
3408945,EMAIL-526472e87484
3408955,EMAIL-b71ecbccbf34
3408992,EMAIL-526472e87484
3409014,EMAIL-05c3ae107b3d
3409019,EMAIL-526472e87484
3409067,EMAIL-7db8006395b7
3409143,EMAIL-526472e87484
3409144,EMAIL-7db8006395b7
3409177,EMAIL-b71ecbccbf34
3409207,EMAIL-7db8006395b7
3409255,EMAIL-05c3ae107b3d
3409348,EMAIL-05c3ae107b3d
3409370,EMAIL-5cac1ed1c3bd
3409422,EMAIL-526472e87484
3409428,EMAIL-b71ecbccbf34
3409433,EMAIL-526472e87484
3409507,EMAIL-7db8006395b7
3409532,EMAIL-526472e87484
3409560,EMAIL-526472e87484
3409576,EMAIL-7db8006395b7
3409577,EMAIL-7db8006395b7
3409633,EMAIL-526472e87484
3409634,EMAIL-05c3ae107b3d
3409639,EMAIL-526472e87484
3409680,EMAIL-526472e87484
3409685,EMAIL-526472e87484
3409726,EMAIL-7db8006395b7
3409753,EMAIL-526472e87484
3409775,EMAIL-05c3ae107b3d
3409800,EMAIL-9f7909255943
3409804,EMAIL-7db8006395b7
3409807,EMAIL-05c3ae107b3d
3409840,EMAIL-7db8006395b7
3409843,EMAIL-526472e87484
3409868,EMAIL-526472e87484
3409871,EMAIL-7db8006395b7
3409872,EMAIL-526472e87484
3409911,EMAIL-526472e87484
3409915,EMAIL-526472e87484
3409959,EMAIL-05c3ae107b3d
3409977,EMAIL-526472e87484
3410022,EMAIL-05c3ae107b3d
3410024,EMAIL-526472e87484
3410029,EMAIL-526472e87484
3410041,EMAIL-000db143c437
3410053,EMAIL-526472e87484
3410056,EMAIL-526472e87484
3410072,EMAIL-526472e87484
3410074,EMAIL-526472e87484
3410096,EMAIL-000db143c437
3410155,EMAIL-05c3ae107b3d
3410159,EMAIL-b71ecbccbf34
3410199,EMAIL-662b3791aebd
3410223,EMAIL-05c3ae107b3d
3410278,EMAIL-05c3ae107b3d
3410284,EMAIL-7db8006395b7
3410297,EMAIL-526472e87484
3410316,EMAIL-662b3791aebd
3410347,EMAIL-526472e87484
3410364,EMAIL-526472e87484
3410397,EMAIL-526472e87484
3410414,EMAIL-05c3ae107b3d
3410444,EMAIL-05c3ae107b3d
3410477,EMAIL-7db8006395b7
3410485,EMAIL-526472e87484
3410503,EMAIL-526472e87484
3410568,EMAIL-b71ecbccbf34
3410573,EMAIL-05c3ae107b3d
3410589,EMAIL-05c3ae107b3d
3410591,EMAIL-601679140412
3410601,EMAIL-b71ecbccbf34
3410604,EMAIL-662b3791aebd
3410610,EMAIL-526472e87484
3410620,EMAIL-7db8006395b7
3410625,EMAIL-526472e87484
3410642,EMAIL-7db8006395b7
3410652,EMAIL-7db8006395b7
3410679,EMAIL-526472e87484
3410694,EMAIL-526472e87484
3410755,EMAIL-b71ecbccbf34
3410773,EMAIL-7db8006395b7
3410809,EMAIL-526472e87484
3410846,EMAIL-7db8006395b7
3410856,EMAIL-526472e87484
3410868,EMAIL-7db8006395b7
3410894,EMAIL-526472e87484
3410924,EMAIL-526472e87484
3410936,EMAIL-7db8006395b7
3410938,EMAIL-05c3ae107b3d
3410944,EMAIL-83e81c0f7766
3410985,EMAIL-526472e87484
3411034,EMAIL-526472e87484
3411036,EMAIL-601679140412
3411043,EMAIL-526472e87484
3411056,EMAIL-7db8006395b7
3411087,EMAIL-526472e87484
3411089,EMAIL-526472e87484
3411091,EMAIL-526472e87484
3411147,EMAIL-7db8006395b7
3411150,EMAIL-b71ecbccbf34
3411190,EMAIL-05c3ae107b3d
3411193,EMAIL-dfe6a9c7c1a5
3411198,EMAIL-526472e87484
3411234,EMAIL-526472e87484
3411246,EMAIL-601679140412
3411278,EMAIL-526472e87484
3411293,EMAIL-526472e87484
3411295,EMAIL-526472e87484
3411302,EMAIL-7db8006395b7
3411305,EMAIL-7db8006395b7
3411323,EMAIL-526472e87484
3411328,EMAIL-526472e87484
3411343,EMAIL-526472e87484
3411359,EMAIL-05c3ae107b3d
3411369,EMAIL-526472e87484
3411399,EMAIL-526472e87484
3411402,EMAIL-526472e87484
3411406,EMAIL-7db8006395b7
3411411,EMAIL-7db8006395b7
3411415,EMAIL-7db8006395b7
3411416,EMAIL-526472e87484
3411418,EMAIL-7db8006395b7
3411423,EMAIL-7db8006395b7
3411427,EMAIL-7db8006395b7
3411430,EMAIL-01cc9250b615
3411432,EMAIL-526472e87484
3411438,EMAIL-7db8006395b7
3411447,EMAIL-7db8006395b7
3411450,EMAIL-526472e87484
3411457,EMAIL-7db8006395b7
3411462,EMAIL-526472e87484
3411478,EMAIL-dfe6a9c7c1a5
3411532,EMAIL-7db8006395b7
3411540,EMAIL-526472e87484
3411565,EMAIL-526472e87484
3411628,EMAIL-526472e87484
3411631,EMAIL-05c3ae107b3d
3411715,EMAIL-526472e87484
3411726,EMAIL-dfe6a9c7c1a5
3411771,EMAIL-526472e87484
3411808,EMAIL-526472e87484
3411846,EMAIL-526472e87484
3411876,EMAIL-526472e87484
3411877,EMAIL-526472e87484
3411891,EMAIL-526472e87484
3411896,EMAIL-526472e87484
3411960,EMAIL-526472e87484
3412012,EMAIL-7db8006395b7
3412032,EMAIL-526472e87484
3412072,EMAIL-7db8006395b7
3412090,EMAIL-05c3ae107b3d
3412139,EMAIL-526472e87484
3412161,EMAIL-526472e87484
3412170,EMAIL-7db8006395b7
3412177,EMAIL-526472e87484
3412206,EMAIL-526472e87484
3412215,EMAIL-526472e87484
3412243,EMAIL-526472e87484
3412270,EMAIL-526472e87484
3412290,EMAIL-526472e87484
3412349,EMAIL-526472e87484
3412378,EMAIL-7db8006395b7
3412408,EMAIL-05c3ae107b3d
3412427,EMAIL-05c3ae107b3d
3412430,EMAIL-7db8006395b7
3412449,EMAIL-526472e87484
3412494,EMAIL-7db8006395b7
3412510,EMAIL-7db8006395b7
3412514,EMAIL-7db8006395b7
3412524,EMAIL-b71ecbccbf34
3412525,EMAIL-8b942685451d
3412538,EMAIL-7db8006395b7
3412551,EMAIL-526472e87484
3412613,EMAIL-601679140412
3412658,EMAIL-526472e87484
3412665,EMAIL-05c3ae107b3d
3412669,EMAIL-2c6b2b02a48e
3412675,EMAIL-526472e87484
3412701,EMAIL-6d8c8eb6c5c8
3412721,EMAIL-526472e87484
3412729,EMAIL-526472e87484
3412752,EMAIL-05c3ae107b3d
3412821,EMAIL-526472e87484
3412895,EMAIL-601679140412
3412899,EMAIL-526472e87484
3412930,EMAIL-7db8006395b7
3412954,EMAIL-7db8006395b7
3412988,EMAIL-7db8006395b7
3412994,EMAIL-526472e87484
3413045,EMAIL-526472e87484
3413051,EMAIL-526472e87484
3413068,EMAIL-526472e87484
3413071,EMAIL-7db8006395b7
3413072,EMAIL-7db8006395b7
3413128,EMAIL-7db8006395b7
3413132,EMAIL-526472e87484
3413145,EMAIL-526472e87484
3413146,EMAIL-526472e87484
3413154,EMAIL-7db8006395b7
3413157,EMAIL-526472e87484
3413173,EMAIL-526472e87484
3413177,EMAIL-526472e87484
3413179,EMAIL-526472e87484
3413183,EMAIL-526472e87484
3413190,EMAIL-7db8006395b7
3413250,EMAIL-526472e87484
3413252,EMAIL-526472e87484
3413269,EMAIL-526472e87484
3413312,EMAIL-526472e87484
3413352,EMAIL-526472e87484
3413357,EMAIL-526472e87484
3413395,EMAIL-05c3ae107b3d
3413410,EMAIL-526472e87484
3413416,EMAIL-526472e87484
3413437,EMAIL-8b942685451d
3413441,EMAIL-b71ecbccbf34
3413450,EMAIL-526472e87484
3413456,EMAIL-601679140412
3413471,EMAIL-526472e87484
3413594,EMAIL-526472e87484
3413607,EMAIL-05c3ae107b3d
3413608,EMAIL-526472e87484
3413609,EMAIL-7db8006395b7
3413628,EMAIL-7db8006395b7
3413631,EMAIL-526472e87484
3413638,EMAIL-7db8006395b7
3413647,EMAIL-7db8006395b7
3413659,EMAIL-526472e87484
3413665,EMAIL-526472e87484
3413679,EMAIL-05c3ae107b3d
3413750,EMAIL-526472e87484
3413763,EMAIL-7db8006395b7
3413795,EMAIL-05c3ae107b3d
3413871,EMAIL-05c3ae107b3d
3413891,EMAIL-526472e87484
3413894,EMAIL-526472e87484
3413901,EMAIL-b71ecbccbf34
3413941,EMAIL-b71ecbccbf34
3413962,EMAIL-7db8006395b7
3413974,EMAIL-526472e87484
3413977,EMAIL-526472e87484
3413979,EMAIL-526472e87484
3414014,EMAIL-526472e87484
3414038,EMAIL-526472e87484
3414053,EMAIL-526472e87484
3414062,EMAIL-526472e87484
3414065,EMAIL-526472e87484
3414090,EMAIL-526472e87484
3414107,EMAIL-05c3ae107b3d
3414115,EMAIL-b71ecbccbf34
3414163,EMAIL-7db8006395b7
3414180,EMAIL-7db8006395b7
3414205,EMAIL-601679140412
3414230,EMAIL-7db8006395b7
3414249,EMAIL-05c3ae107b3d
3414275,EMAIL-7db8006395b7
3414299,EMAIL-05c3ae107b3d
3414302,EMAIL-05c3ae107b3d
3414307,EMAIL-601679140412
3414326,EMAIL-7db8006395b7
3414327,EMAIL-7db8006395b7
3414328,EMAIL-05c3ae107b3d
3414364,EMAIL-601679140412
3414372,EMAIL-526472e87484
3414453,EMAIL-05c3ae107b3d
3414479,EMAIL-526472e87484
3414487,EMAIL-05c3ae107b3d
3414501,EMAIL-526472e87484
3414506,EMAIL-7db8006395b7
3414513,EMAIL-05c3ae107b3d
3414517,EMAIL-526472e87484
3414521,EMAIL-526472e87484
3414528,EMAIL-05c3ae107b3d
3414537,EMAIL-526472e87484
3414540,EMAIL-05c3ae107b3d
3414562,EMAIL-526472e87484
3414576,EMAIL-7db8006395b7
3414590,EMAIL-7db8006395b7
3414609,EMAIL-7db8006395b7
3414617,EMAIL-526472e87484
3414621,EMAIL-05c3ae107b3d
3414686,EMAIL-526472e87484
3414693,EMAIL-05c3ae107b3d
3414714,EMAIL-7db8006395b7
3414726,EMAIL-526472e87484
3414728,EMAIL-05c3ae107b3d
3414734,EMAIL-526472e87484
3414753,EMAIL-526472e87484
3414754,EMAIL-526472e87484
3414790,EMAIL-526472e87484
3414815,EMAIL-526472e87484
3414825,EMAIL-526472e87484
3414899,EMAIL-526472e87484
3415004,EMAIL-601679140412
3415059,EMAIL-05c3ae107b3d
3415093,EMAIL-526472e87484
3415156,EMAIL-526472e87484
3415175,EMAIL-526472e87484
3415179,EMAIL-526472e87484
3415185,EMAIL-526472e87484
3415270,EMAIL-526472e87484
3415299,EMAIL-b71ecbccbf34
3415303,EMAIL-526472e87484
3415330,EMAIL-526472e87484
3415370,EMAIL-05c3ae107b3d
3415373,EMAIL-526472e87484
3415419,EMAIL-01cc9250b615
3415420,EMAIL-526472e87484
3415425,EMAIL-526472e87484
3415433,EMAIL-7db8006395b7
3415471,EMAIL-7db8006395b7
3415476,EMAIL-526472e87484
3415529,EMAIL-7db8006395b7
3415547,EMAIL-526472e87484
3415554,EMAIL-526472e87484
3415593,EMAIL-526472e87484
3415663,EMAIL-526472e87484
3415715,EMAIL-2c6b2b02a48e
3415728,EMAIL-526472e87484
3415740,EMAIL-526472e87484
3415759,EMAIL-526472e87484
3415880,EMAIL-601679140412
3415894,EMAIL-b71ecbccbf34
3415896,EMAIL-526472e87484
3415959,EMAIL-7db8006395b7
3415997,EMAIL-7db8006395b7
3416075,EMAIL-7db8006395b7
3416081,EMAIL-526472e87484
3416147,EMAIL-7db8006395b7
3416163,EMAIL-526472e87484
3416182,EMAIL-526472e87484
3416186,EMAIL-526472e87484
3416248,EMAIL-526472e87484
3416274,EMAIL-526472e87484
3416275,EMAIL-7db8006395b7
3416283,EMAIL-526472e87484
3416345,EMAIL-b71ecbccbf34
3416468,EMAIL-05c3ae107b3d
3416472,EMAIL-b71ecbccbf34
3416525,EMAIL-526472e87484
3416552,EMAIL-526472e87484
3416580,EMAIL-a45016f2e246
3416635,EMAIL-526472e87484
3416681,EMAIL-7db8006395b7
3416724,EMAIL-05c3ae107b3d
3416730,EMAIL-526472e87484
3416737,EMAIL-526472e87484
3416797,EMAIL-05c3ae107b3d
3416806,EMAIL-526472e87484
3416836,EMAIL-526472e87484
3416888,EMAIL-05c3ae107b3d
3416917,EMAIL-526472e87484
3416921,EMAIL-526472e87484
3416944,EMAIL-526472e87484
3417005,EMAIL-526472e87484
3417039,EMAIL-526472e87484
3417067,EMAIL-526472e87484
3417087,EMAIL-7db8006395b7
3417092,EMAIL-526472e87484
3417111,EMAIL-7db8006395b7
3417132,EMAIL-526472e87484
3417137,EMAIL-05c3ae107b3d
3417152,EMAIL-05c3ae107b3d
3417170,EMAIL-05c3ae107b3d
3417176,EMAIL-526472e87484
3417221,EMAIL-526472e87484
3417250,EMAIL-05c3ae107b3d
3417260,EMAIL-526472e87484
3417275,EMAIL-526472e87484
3417343,EMAIL-526472e87484
3417383,EMAIL-01cc9250b615
3417407,EMAIL-b71ecbccbf34
3417444,EMAIL-526472e87484
3417451,EMAIL-7db8006395b7
3417611,EMAIL-7db8006395b7
3417616,EMAIL-526472e87484
3417622,EMAIL-7db8006395b7
3417679,EMAIL-526472e87484
3417702,EMAIL-526472e87484
3417709,EMAIL-526472e87484
3417762,EMAIL-526472e87484
3417807,EMAIL-526472e87484
3417812,EMAIL-7db8006395b7
3417834,EMAIL-526472e87484
3417854,EMAIL-05c3ae107b3d
3417872,EMAIL-526472e87484
3417960,EMAIL-05c3ae107b3d
3418007,EMAIL-7db8006395b7
3418012,EMAIL-526472e87484
3418015,EMAIL-526472e87484
3418029,EMAIL-526472e87484
3418040,EMAIL-7db8006395b7
3418042,EMAIL-7db8006395b7
3418045,EMAIL-7db8006395b7
3418092,EMAIL-526472e87484
3418097,EMAIL-7db8006395b7
3418119,EMAIL-05c3ae107b3d
3418129,EMAIL-526472e87484
3418135,EMAIL-7db8006395b7
3418182,EMAIL-7db8006395b7
3418187,EMAIL-7db8006395b7
3418214,EMAIL-601679140412
3418230,EMAIL-526472e87484
3418232,EMAIL-05c3ae107b3d
3418243,EMAIL-b71ecbccbf34
3418288,EMAIL-526472e87484
3418357,EMAIL-526472e87484
3418479,EMAIL-7db8006395b7
3418490,EMAIL-526472e87484
3418496,EMAIL-b71ecbccbf34
3418499,EMAIL-526472e87484
3418547,EMAIL-7db8006395b7
3418662,EMAIL-7db8006395b7
3418737,EMAIL-7db8006395b7
3418761,EMAIL-05c3ae107b3d
3418766,EMAIL-0df48815e896
3418787,EMAIL-7db8006395b7
3418802,EMAIL-526472e87484
3418868,EMAIL-526472e87484
3418919,EMAIL-526472e87484
3418978,EMAIL-7db8006395b7
3418995,EMAIL-526472e87484
3419033,EMAIL-05c3ae107b3d
3419055,EMAIL-7db8006395b7
3419057,EMAIL-05c3ae107b3d
3419080,EMAIL-05c3ae107b3d
3419110,EMAIL-601679140412
3419174,EMAIL-526472e87484
3419182,EMAIL-526472e87484
3419198,EMAIL-526472e87484
3419220,EMAIL-05c3ae107b3d
3419224,EMAIL-7db8006395b7
3419231,EMAIL-3a8e7c5c8069
3419323,EMAIL-601679140412
3419325,EMAIL-05c3ae107b3d
3419333,EMAIL-3a8e7c5c8069
3419383,EMAIL-0df48815e896
3419400,EMAIL-05c3ae107b3d
3419407,EMAIL-526472e87484
3419456,EMAIL-a45016f2e246
3419463,EMAIL-05c3ae107b3d
3419468,EMAIL-05c3ae107b3d
3419471,EMAIL-05c3ae107b3d
3419544,EMAIL-05c3ae107b3d
3419555,EMAIL-b71ecbccbf34
3419584,EMAIL-05c3ae107b3d
3419585,EMAIL-601679140412
3419620,EMAIL-05c3ae107b3d
3419625,EMAIL-3a8e7c5c8069
3419637,EMAIL-47b8593a2f1d
3419644,EMAIL-7db8006395b7
3419657,EMAIL-526472e87484
3419659,EMAIL-526472e87484
3419702,EMAIL-7db8006395b7
3419710,EMAIL-7db8006395b7
3419841,EMAIL-7db8006395b7
3419853,EMAIL-7db8006395b7
3419889,EMAIL-526472e87484
3419925,EMAIL-05c3ae107b3d
3419945,EMAIL-526472e87484
3419958,EMAIL-526472e87484
3419959,EMAIL-05c3ae107b3d
3419987,EMAIL-05c3ae107b3d
3420026,EMAIL-526472e87484
3420085,EMAIL-526472e87484
3420102,EMAIL-526472e87484
3420108,EMAIL-526472e87484
3420126,EMAIL-05c3ae107b3d
3420158,EMAIL-2c6b2b02a48e
3420165,EMAIL-526472e87484
3420186,EMAIL-7db8006395b7
3420212,EMAIL-526472e87484
3420261,EMAIL-601679140412
3420312,EMAIL-7db8006395b7
3420321,EMAIL-dfe6a9c7c1a5
3420327,EMAIL-05c3ae107b3d
3420352,EMAIL-7db8006395b7
3420363,EMAIL-526472e87484
3420381,EMAIL-05c3ae107b3d
3420396,EMAIL-05c3ae107b3d
3420416,EMAIL-526472e87484
3420456,EMAIL-7db8006395b7
3420466,EMAIL-7db8006395b7
3420524,EMAIL-526472e87484
3420550,EMAIL-47b8593a2f1d
3420628,EMAIL-7db8006395b7
3420654,EMAIL-601679140412
3420706,EMAIL-dfe6a9c7c1a5
3420720,EMAIL-526472e87484
3420737,EMAIL-526472e87484
3420749,EMAIL-601679140412
3420775,EMAIL-7db8006395b7
3420777,EMAIL-526472e87484
3420814,EMAIL-05c3ae107b3d
3420824,EMAIL-b71ecbccbf34
3420830,EMAIL-526472e87484
3420848,EMAIL-526472e87484
3420893,EMAIL-526472e87484
3420913,EMAIL-526472e87484
3420935,EMAIL-526472e87484
3420943,EMAIL-b71ecbccbf34
3420951,EMAIL-7eeee5f261e7
3420969,EMAIL-601679140412
3421066,EMAIL-526472e87484
3421075,EMAIL-526472e87484
3421078,EMAIL-526472e87484
3421083,EMAIL-526472e87484
3421088,EMAIL-7db8006395b7
3421093,EMAIL-601679140412
3421104,EMAIL-526472e87484
3421116,EMAIL-7db8006395b7
3421175,EMAIL-526472e87484
3421193,EMAIL-526472e87484
3421195,EMAIL-526472e87484
3421225,EMAIL-05c3ae107b3d
3421272,EMAIL-526472e87484
3421288,EMAIL-526472e87484
3421295,EMAIL-526472e87484
3421302,EMAIL-526472e87484
3421323,EMAIL-7db8006395b7
3421350,EMAIL-05c3ae107b3d
3421356,EMAIL-526472e87484
3421376,EMAIL-05c3ae107b3d
3421399,EMAIL-526472e87484
3421437,EMAIL-7db8006395b7
3421453,EMAIL-526472e87484
3421471,EMAIL-7db8006395b7
3421561,EMAIL-7db8006395b7
3421600,EMAIL-b71ecbccbf34
3421644,EMAIL-05c3ae107b3d
3421661,EMAIL-526472e87484
3421690,EMAIL-526472e87484
3421711,EMAIL-526472e87484
3421740,EMAIL-526472e87484
3421853,EMAIL-526472e87484
3421895,EMAIL-526472e87484
3421918,EMAIL-05c3ae107b3d
3421953,EMAIL-b71ecbccbf34
3422099,EMAIL-526472e87484
3422216,EMAIL-526472e87484
3422313,EMAIL-601679140412
3422336,EMAIL-601679140412
3422356,EMAIL-05c3ae107b3d
3422435,EMAIL-dfe6a9c7c1a5
3422446,EMAIL-05c3ae107b3d
3422456,EMAIL-601679140412
3422458,EMAIL-526472e87484
3422527,EMAIL-526472e87484
3422554,EMAIL-526472e87484
3422593,EMAIL-05c3ae107b3d
3422757,EMAIL-526472e87484
3422788,EMAIL-7db8006395b7
3422838,EMAIL-526472e87484
3422852,EMAIL-05c3ae107b3d
3422896,EMAIL-601679140412
3422911,EMAIL-7db8006395b7
3423033,EMAIL-5cac1ed1c3bd
3423035,EMAIL-526472e87484
3423135,EMAIL-526472e87484
3423141,EMAIL-5cac1ed1c3bd
3423164,EMAIL-601679140412
3423312,EMAIL-526472e87484
3423323,EMAIL-7db8006395b7
3423357,EMAIL-05c3ae107b3d
3423384,EMAIL-526472e87484
3423514,EMAIL-526472e87484
3423549,EMAIL-526472e87484
3423571,EMAIL-05c3ae107b3d
3423589,EMAIL-d1684fe68050
3423642,EMAIL-526472e87484
3423665,EMAIL-526472e87484
3423679,EMAIL-526472e87484
3423683,EMAIL-526472e87484
3423704,EMAIL-526472e87484
3423730,EMAIL-d1684fe68050
3423739,EMAIL-526472e87484
3423755,EMAIL-526472e87484
3423765,EMAIL-05c3ae107b3d
3423780,EMAIL-526472e87484
3423783,EMAIL-526472e87484
3423787,EMAIL-05c3ae107b3d
3423797,EMAIL-05c3ae107b3d
3423801,EMAIL-526472e87484
3423809,EMAIL-05c3ae107b3d
3423829,EMAIL-7db8006395b7
3423834,EMAIL-526472e87484
3423851,EMAIL-526472e87484
3423856,EMAIL-526472e87484
3423857,EMAIL-601679140412
3423860,EMAIL-526472e87484
3423936,EMAIL-7db8006395b7
3423955,EMAIL-601679140412
3424005,EMAIL-7db8006395b7
3424013,EMAIL-526472e87484
3424031,EMAIL-526472e87484
3424161,EMAIL-526472e87484
3424172,EMAIL-526472e87484
3424189,EMAIL-01cc9250b615
3424215,EMAIL-dfe6a9c7c1a5
3424264,EMAIL-526472e87484
3424333,EMAIL-526472e87484
3424341,EMAIL-526472e87484
3424376,EMAIL-b71ecbccbf34
3424422,EMAIL-7db8006395b7
3424513,EMAIL-526472e87484
3424567,EMAIL-05c3ae107b3d
3424591,EMAIL-526472e87484
3424650,EMAIL-7db8006395b7
3424700,EMAIL-05c3ae107b3d
3424725,EMAIL-05c3ae107b3d
3424853,EMAIL-526472e87484
3424859,EMAIL-7db8006395b7
3424862,EMAIL-526472e87484
3424866,EMAIL-7db8006395b7
3424872,EMAIL-05c3ae107b3d
3424920,EMAIL-7db8006395b7
3424925,EMAIL-7db8006395b7
3424928,EMAIL-7db8006395b7
3424943,EMAIL-7db8006395b7
3424976,EMAIL-526472e87484
3424990,EMAIL-601679140412
3424993,EMAIL-526472e87484
3425014,EMAIL-526472e87484
3425050,EMAIL-526472e87484
3425075,EMAIL-05c3ae107b3d
3425079,EMAIL-05c3ae107b3d
3425087,EMAIL-526472e87484
3425112,EMAIL-526472e87484
3425148,EMAIL-601679140412
3425155,EMAIL-7db8006395b7
3425185,EMAIL-526472e87484
3425191,EMAIL-526472e87484
3425192,EMAIL-526472e87484
3425195,EMAIL-526472e87484
3425199,EMAIL-526472e87484
3425202,EMAIL-526472e87484
3425206,EMAIL-526472e87484
3425211,EMAIL-05c3ae107b3d
3425216,EMAIL-526472e87484
3425225,EMAIL-526472e87484
3425232,EMAIL-526472e87484
3425293,EMAIL-b71ecbccbf34
3425321,EMAIL-526472e87484
3425324,EMAIL-526472e87484
3425398,EMAIL-b71ecbccbf34
3425418,EMAIL-7db8006395b7
3425436,EMAIL-526472e87484
3425476,EMAIL-526472e87484
3425539,EMAIL-b71ecbccbf34
3425604,EMAIL-526472e87484
3425631,EMAIL-05c3ae107b3d
3425753,EMAIL-601679140412
3425775,EMAIL-526472e87484
3425803,EMAIL-526472e87484
3425816,EMAIL-1221ee4a23d4
3425891,EMAIL-7db8006395b7
3425893,EMAIL-526472e87484
3425932,EMAIL-526472e87484
3425949,EMAIL-7db8006395b7
3425986,EMAIL-5cac1ed1c3bd
3426019,EMAIL-601679140412
3426020,EMAIL-526472e87484
3426024,EMAIL-526472e87484
3426076,EMAIL-b71ecbccbf34
3426096,EMAIL-526472e87484
3426214,EMAIL-601679140412
3426218,EMAIL-601679140412
3426222,EMAIL-601679140412
3426239,EMAIL-d1684fe68050
3426250,EMAIL-526472e87484
3426304,EMAIL-526472e87484
3426315,EMAIL-01cc9250b615
3426319,EMAIL-7db8006395b7
3426330,EMAIL-05c3ae107b3d
3426366,EMAIL-7db8006395b7
3426408,EMAIL-526472e87484
3426429,EMAIL-8b942685451d
3426431,EMAIL-05c3ae107b3d
3426455,EMAIL-526472e87484
3426458,EMAIL-526472e87484
3426502,EMAIL-d1684fe68050
3426505,EMAIL-7db8006395b7
3426537,EMAIL-526472e87484
3426541,EMAIL-526472e87484
3426569,EMAIL-05c3ae107b3d
3426586,EMAIL-526472e87484
3426603,EMAIL-7db8006395b7
3426620,EMAIL-526472e87484
3426627,EMAIL-05c3ae107b3d
3426650,EMAIL-526472e87484
3426672,EMAIL-05c3ae107b3d
3426692,EMAIL-526472e87484
3426699,EMAIL-526472e87484
3426718,EMAIL-7db8006395b7
3426727,EMAIL-526472e87484
3426738,EMAIL-526472e87484
3426747,EMAIL-526472e87484
3426752,EMAIL-05c3ae107b3d
3426857,EMAIL-05c3ae107b3d
3426858,EMAIL-526472e87484
3426920,EMAIL-7db8006395b7
3426932,EMAIL-526472e87484
3426993,EMAIL-526472e87484
3427013,EMAIL-526472e87484
3427026,EMAIL-601679140412
3427029,EMAIL-5a343157d535
3427043,EMAIL-526472e87484
3427044,EMAIL-5a343157d535
3427061,EMAIL-526472e87484
3427084,EMAIL-526472e87484
3427104,EMAIL-5a343157d535
3427172,EMAIL-7db8006395b7
3427226,EMAIL-601679140412
3427237,EMAIL-05c3ae107b3d
3427325,EMAIL-dfe6a9c7c1a5
3427336,EMAIL-526472e87484
3427345,EMAIL-dfe6a9c7c1a5
3427348,EMAIL-05c3ae107b3d
3427380,EMAIL-dfe6a9c7c1a5
3427409,EMAIL-526472e87484
3427446,EMAIL-526472e87484
3427459,EMAIL-7db8006395b7
3427494,EMAIL-7db8006395b7
3427574,EMAIL-526472e87484
3427590,EMAIL-526472e87484
3427603,EMAIL-601679140412
3427605,EMAIL-526472e87484
3427646,EMAIL-7db8006395b7
3427703,EMAIL-526472e87484
3427710,EMAIL-7db8006395b7
3427734,EMAIL-526472e87484
3427771,EMAIL-526472e87484
3427847,EMAIL-526472e87484
3427852,EMAIL-05c3ae107b3d
3427876,EMAIL-526472e87484
3427955,EMAIL-7db8006395b7
3428033,EMAIL-7db8006395b7
3428035,EMAIL-7db8006395b7
3428044,EMAIL-05c3ae107b3d
3428058,EMAIL-7db8006395b7
3428085,EMAIL-b71ecbccbf34
3428138,EMAIL-526472e87484
3428141,EMAIL-b71ecbccbf34
3428162,EMAIL-a45016f2e246
3428201,EMAIL-526472e87484
3428206,EMAIL-526472e87484
3428212,EMAIL-526472e87484
3428269,EMAIL-526472e87484
3428285,EMAIL-526472e87484
3428286,EMAIL-526472e87484
3428293,EMAIL-7db8006395b7
3428328,EMAIL-2c6b2b02a48e
3428334,EMAIL-7db8006395b7
3428366,EMAIL-526472e87484
3428397,EMAIL-7db8006395b7
3428403,EMAIL-7db8006395b7
3428407,EMAIL-526472e87484
3428437,EMAIL-526472e87484
3428445,EMAIL-05c3ae107b3d
3428460,EMAIL-601679140412
3428465,EMAIL-7db8006395b7
3428488,EMAIL-7db8006395b7
3428558,EMAIL-526472e87484
3428566,EMAIL-526472e87484
3428582,EMAIL-526472e87484
3428614,EMAIL-526472e87484
3428618,EMAIL-05c3ae107b3d
3428757,EMAIL-526472e87484
3428780,EMAIL-526472e87484
3428857,EMAIL-526472e87484
3428887,EMAIL-b71ecbccbf34
3428931,EMAIL-601679140412
3428952,EMAIL-601679140412
3428979,EMAIL-526472e87484
3429005,EMAIL-7db8006395b7
3429039,EMAIL-7db8006395b7
3429041,EMAIL-7db8006395b7
3429062,EMAIL-526472e87484
3429088,EMAIL-b71ecbccbf34
3429099,EMAIL-526472e87484
3429104,EMAIL-526472e87484
3429107,EMAIL-7db8006395b7
3429135,EMAIL-526472e87484
3429192,EMAIL-7db8006395b7
3429334,EMAIL-601679140412
3429335,EMAIL-dfe6a9c7c1a5
3429349,EMAIL-526472e87484
3429409,EMAIL-7db8006395b7
3429413,EMAIL-601679140412
3429458,EMAIL-7db8006395b7
3429462,EMAIL-601679140412
3429499,EMAIL-7db8006395b7
3429511,EMAIL-d1684fe68050
3429514,EMAIL-526472e87484
3429520,EMAIL-7db8006395b7
3429539,EMAIL-d1684fe68050
3429608,EMAIL-d1684fe68050
3429653,EMAIL-601679140412
3429658,EMAIL-7db8006395b7
3429679,EMAIL-601679140412
3429696,EMAIL-526472e87484
3429743,EMAIL-526472e87484
3429849,EMAIL-5cac1ed1c3bd
3429859,EMAIL-526472e87484
3429878,EMAIL-526472e87484
3429902,EMAIL-526472e87484
3429935,EMAIL-526472e87484
3429959,EMAIL-526472e87484
3429982,EMAIL-7db8006395b7
3429985,EMAIL-526472e87484
3430050,EMAIL-526472e87484
3430079,EMAIL-7db8006395b7
3430099,EMAIL-526472e87484
3430117,EMAIL-7db8006395b7
3430174,EMAIL-526472e87484
3430189,EMAIL-b71ecbccbf34
3430220,EMAIL-526472e87484
3430238,EMAIL-526472e87484
3430305,EMAIL-05c3ae107b3d
3430358,EMAIL-526472e87484
3430375,EMAIL-7db8006395b7
3430388,EMAIL-7db8006395b7
3430420,EMAIL-05c3ae107b3d
3430429,EMAIL-526472e87484
3430433,EMAIL-601679140412
3430448,EMAIL-01cc9250b615
3430453,EMAIL-526472e87484
3430457,EMAIL-01cc9250b615
3430462,EMAIL-601679140412
3430480,EMAIL-526472e87484
3430507,EMAIL-526472e87484
3430519,EMAIL-b71ecbccbf34
3430528,EMAIL-01cc9250b615
3430540,EMAIL-7db8006395b7
3430584,EMAIL-601679140412
3430630,EMAIL-526472e87484
3430665,EMAIL-526472e87484
3430670,EMAIL-526472e87484
3430683,EMAIL-526472e87484
3430698,EMAIL-05c3ae107b3d
3430718,EMAIL-7db8006395b7
3430725,EMAIL-7db8006395b7
3430726,EMAIL-601679140412
3430739,EMAIL-05c3ae107b3d
3430755,EMAIL-526472e87484
3430756,EMAIL-7db8006395b7
3430810,EMAIL-601679140412
3430822,EMAIL-8b942685451d
3430856,EMAIL-7db8006395b7
3430863,EMAIL-8b942685451d
3430874,EMAIL-7db8006395b7
3430878,EMAIL-8b942685451d
3430887,EMAIL-526472e87484
3430923,EMAIL-526472e87484
3430925,EMAIL-526472e87484
3430962,EMAIL-7db8006395b7
3430998,EMAIL-b71ecbccbf34
3431078,EMAIL-526472e87484
3431139,EMAIL-05c3ae107b3d
3431143,EMAIL-b71ecbccbf34
3431165,EMAIL-7db8006395b7
3431237,EMAIL-7db8006395b7
3431244,EMAIL-b71ecbccbf34
3431281,EMAIL-7db8006395b7
3431290,EMAIL-b71ecbccbf34
3431305,EMAIL-526472e87484
3431315,EMAIL-526472e87484
3431325,EMAIL-7db8006395b7
3431339,EMAIL-526472e87484
3431350,EMAIL-7db8006395b7
3431375,EMAIL-526472e87484
3431378,EMAIL-7db8006395b7
3431381,EMAIL-526472e87484
3431403,EMAIL-a45016f2e246
3431419,EMAIL-a45016f2e246
3431423,EMAIL-7db8006395b7
3431449,EMAIL-7db8006395b7
3431464,EMAIL-7db8006395b7
3431510,EMAIL-05c3ae107b3d
3431515,EMAIL-7db8006395b7
3431546,EMAIL-526472e87484
3431551,EMAIL-601679140412
3431552,EMAIL-05c3ae107b3d
3431574,EMAIL-526472e87484
3431627,EMAIL-601679140412
3431629,EMAIL-7db8006395b7
3431637,EMAIL-d8fc56fc7cd3
3431730,EMAIL-7db8006395b7
3431749,EMAIL-526472e87484
3431769,EMAIL-526472e87484
3431771,EMAIL-526472e87484
3431784,EMAIL-526472e87484
3431872,EMAIL-601679140412
3431878,EMAIL-526472e87484
3431916,EMAIL-601679140412
3431936,EMAIL-7db8006395b7
3431955,EMAIL-05c3ae107b3d
3432046,EMAIL-526472e87484
3432060,EMAIL-0df48815e896
3432096,EMAIL-526472e87484
3432141,EMAIL-526472e87484
3432170,EMAIL-526472e87484
3432181,EMAIL-526472e87484
3432193,EMAIL-526472e87484
3432200,EMAIL-601679140412
3432206,EMAIL-526472e87484
3432226,EMAIL-b71ecbccbf34
3432255,EMAIL-05c3ae107b3d
3432257,EMAIL-3a8e7c5c8069
3432317,EMAIL-7db8006395b7
3432321,EMAIL-526472e87484
3432364,EMAIL-526472e87484
3432378,EMAIL-b71ecbccbf34
3432417,EMAIL-601679140412
3432422,EMAIL-601679140412
3432424,EMAIL-601679140412
3432433,EMAIL-601679140412
3432459,EMAIL-526472e87484
3432475,EMAIL-526472e87484
3432500,EMAIL-05c3ae107b3d
3432505,EMAIL-526472e87484
3432535,EMAIL-526472e87484
3432540,EMAIL-b71ecbccbf34
3432554,EMAIL-05c3ae107b3d
3432558,EMAIL-000db143c437
3432572,EMAIL-7db8006395b7
3432596,EMAIL-526472e87484
3432604,EMAIL-601679140412
3432679,EMAIL-601679140412
3432701,EMAIL-526472e87484
3432708,EMAIL-526472e87484
3432731,EMAIL-05c3ae107b3d
3432732,EMAIL-05c3ae107b3d
3432789,EMAIL-3a8e7c5c8069
3432792,EMAIL-7db8006395b7
3432810,EMAIL-7db8006395b7
3432821,EMAIL-7db8006395b7
3432877,EMAIL-526472e87484
3432906,EMAIL-526472e87484
3432940,EMAIL-526472e87484
3433026,EMAIL-526472e87484
3433046,EMAIL-526472e87484
3433054,EMAIL-526472e87484
3433128,EMAIL-526472e87484
3433130,EMAIL-526472e87484
3433143,EMAIL-526472e87484
3433172,EMAIL-7db8006395b7
3433178,EMAIL-7db8006395b7
3433186,EMAIL-05c3ae107b3d
3433189,EMAIL-d1684fe68050
3433203,EMAIL-526472e87484
3433207,EMAIL-7db8006395b7
3433208,EMAIL-7db8006395b7
3433214,EMAIL-7db8006395b7
3433228,EMAIL-526472e87484
3433232,EMAIL-05c3ae107b3d
3433245,EMAIL-526472e87484
3433259,EMAIL-7db8006395b7
3433268,EMAIL-526472e87484
3433297,EMAIL-601679140412
3433316,EMAIL-526472e87484
3433334,EMAIL-b71ecbccbf34
3433348,EMAIL-7db8006395b7
3433355,EMAIL-7db8006395b7
3433372,EMAIL-526472e87484
3433374,EMAIL-526472e87484
3433401,EMAIL-7db8006395b7
3433414,EMAIL-05c3ae107b3d
3433465,EMAIL-05c3ae107b3d
3433525,EMAIL-d1684fe68050
3433535,EMAIL-526472e87484
3433541,EMAIL-7db8006395b7
3433542,EMAIL-7db8006395b7
3433544,EMAIL-7db8006395b7
3433571,EMAIL-526472e87484
3433588,EMAIL-05c3ae107b3d
3433589,EMAIL-526472e87484
3433607,EMAIL-7db8006395b7
3433608,EMAIL-526472e87484
3433628,EMAIL-526472e87484
3433641,EMAIL-526472e87484
3433769,EMAIL-526472e87484
3433855,EMAIL-05c3ae107b3d
3433862,EMAIL-526472e87484
3433883,EMAIL-526472e87484
3433899,EMAIL-526472e87484
3433934,EMAIL-526472e87484
3433976,EMAIL-526472e87484
3433977,EMAIL-526472e87484
3433997,EMAIL-05c3ae107b3d
3434025,EMAIL-7db8006395b7
3434037,EMAIL-7db8006395b7
3434072,EMAIL-526472e87484
3434077,EMAIL-7db8006395b7
3434091,EMAIL-05c3ae107b3d
3434096,EMAIL-526472e87484
3434097,EMAIL-7db8006395b7
3434114,EMAIL-526472e87484
3434120,EMAIL-526472e87484
3434190,EMAIL-05c3ae107b3d
3434202,EMAIL-a45016f2e246
3434212,EMAIL-526472e87484
3434223,EMAIL-7db8006395b7
3434225,EMAIL-526472e87484
3434245,EMAIL-526472e87484
3434266,EMAIL-526472e87484
3434346,EMAIL-05c3ae107b3d
3434378,EMAIL-526472e87484
3434390,EMAIL-526472e87484
3434395,EMAIL-526472e87484
3434421,EMAIL-7db8006395b7
3434436,EMAIL-526472e87484
3434453,EMAIL-05c3ae107b3d
3434462,EMAIL-526472e87484
3434467,EMAIL-662b3791aebd
3434494,EMAIL-7db8006395b7
3434497,EMAIL-05c3ae107b3d
3434502,EMAIL-526472e87484
3434518,EMAIL-526472e87484
3434530,EMAIL-526472e87484
3434542,EMAIL-05c3ae107b3d
3434553,EMAIL-526472e87484
3434568,EMAIL-526472e87484
3434571,EMAIL-526472e87484
3434572,EMAIL-7db8006395b7
3434640,EMAIL-05c3ae107b3d
3434660,EMAIL-7db8006395b7
3434736,EMAIL-526472e87484
3434738,EMAIL-526472e87484
3434767,EMAIL-526472e87484
3434793,EMAIL-01cc9250b615
3434797,EMAIL-526472e87484
3434802,EMAIL-01cc9250b615
3434810,EMAIL-01cc9250b615
3434827,EMAIL-526472e87484
3434840,EMAIL-b71ecbccbf34
3434892,EMAIL-7db8006395b7
3434908,EMAIL-7db8006395b7
3434918,EMAIL-7db8006395b7
3434940,EMAIL-7db8006395b7
3435015,EMAIL-526472e87484
3435028,EMAIL-526472e87484
3435037,EMAIL-05c3ae107b3d
3435053,EMAIL-526472e87484
3435084,EMAIL-526472e87484
3435093,EMAIL-b71ecbccbf34
3435246,EMAIL-526472e87484
3435247,EMAIL-526472e87484
3435268,EMAIL-526472e87484
3435296,EMAIL-526472e87484
3435305,EMAIL-b71ecbccbf34
3435311,EMAIL-7db8006395b7
3435388,EMAIL-526472e87484
3435397,EMAIL-601679140412
3435421,EMAIL-05c3ae107b3d
3435430,EMAIL-05c3ae107b3d
3435431,EMAIL-05c3ae107b3d
3435434,EMAIL-526472e87484
3435453,EMAIL-526472e87484
3435460,EMAIL-7db8006395b7
3435474,EMAIL-5cac1ed1c3bd
3435488,EMAIL-7db8006395b7
3435502,EMAIL-a45016f2e246
3435517,EMAIL-526472e87484
3435524,EMAIL-7db8006395b7
3435540,EMAIL-526472e87484
3435558,EMAIL-7db8006395b7
3435577,EMAIL-7db8006395b7
3435613,EMAIL-05c3ae107b3d
3435658,EMAIL-7db8006395b7
3435681,EMAIL-05c3ae107b3d
3435705,EMAIL-526472e87484
3435807,EMAIL-601679140412
3435832,EMAIL-b71ecbccbf34
3435848,EMAIL-05c3ae107b3d
3435873,EMAIL-05c3ae107b3d
3435882,EMAIL-526472e87484
3435912,EMAIL-05c3ae107b3d
3435915,EMAIL-dfe6a9c7c1a5
3435926,EMAIL-7db8006395b7
3435941,EMAIL-7db8006395b7
3435947,EMAIL-05c3ae107b3d
3436002,EMAIL-47b8593a2f1d
3436006,EMAIL-526472e87484
3436042,EMAIL-dfe6a9c7c1a5
3436075,EMAIL-7db8006395b7
3436085,EMAIL-83e81c0f7766
3436105,EMAIL-662b3791aebd
3436118,EMAIL-05c3ae107b3d
3436180,EMAIL-526472e87484
3436204,EMAIL-526472e87484
3436213,EMAIL-7db8006395b7
3436277,EMAIL-526472e87484
3436282,EMAIL-01cc9250b615
3436337,EMAIL-526472e87484
3436371,EMAIL-601679140412
3436374,EMAIL-7db8006395b7
3436394,EMAIL-7db8006395b7
3436419,EMAIL-01cc9250b615
3436485,EMAIL-526472e87484
3436529,EMAIL-023f08585708
3436536,EMAIL-b71ecbccbf34
3436579,EMAIL-05c3ae107b3d
3436592,EMAIL-05c3ae107b3d
3436646,EMAIL-526472e87484
3436659,EMAIL-526472e87484
3436705,EMAIL-05c3ae107b3d
3436707,EMAIL-05c3ae107b3d
3436710,EMAIL-05c3ae107b3d
3436713,EMAIL-7db8006395b7
3436724,EMAIL-7db8006395b7
3436762,EMAIL-05c3ae107b3d
3436877,EMAIL-526472e87484
3436880,EMAIL-05c3ae107b3d
3436891,EMAIL-526472e87484
3436934,EMAIL-526472e87484
3436946,EMAIL-05c3ae107b3d
3436974,EMAIL-a45016f2e246
3437065,EMAIL-7db8006395b7
3437087,EMAIL-526472e87484
3437115,EMAIL-526472e87484
3437128,EMAIL-526472e87484
3437140,EMAIL-526472e87484
3437141,EMAIL-7db8006395b7
3437157,EMAIL-526472e87484
3437162,EMAIL-05c3ae107b3d
3437252,EMAIL-526472e87484
3437257,EMAIL-7db8006395b7
3437324,EMAIL-526472e87484
3437327,EMAIL-526472e87484
3437330,EMAIL-526472e87484
3437333,EMAIL-526472e87484
3437344,EMAIL-7db8006395b7
3437346,EMAIL-526472e87484
3437353,EMAIL-526472e87484
3437362,EMAIL-526472e87484
3437375,EMAIL-526472e87484
3437418,EMAIL-7db8006395b7
3437447,EMAIL-7eeee5f261e7
3437487,EMAIL-526472e87484
3437497,EMAIL-7db8006395b7
3437500,EMAIL-7db8006395b7
3437559,EMAIL-7db8006395b7
3437567,EMAIL-526472e87484
3437617,EMAIL-601679140412
3437622,EMAIL-601679140412
3437633,EMAIL-01cc9250b615
3437676,EMAIL-01cc9250b615
3437699,EMAIL-05c3ae107b3d
3437712,EMAIL-05c3ae107b3d
3437728,EMAIL-01cc9250b615
3437771,EMAIL-7db8006395b7
3437786,EMAIL-7db8006395b7
3437789,EMAIL-7db8006395b7
3437797,EMAIL-05c3ae107b3d
3437873,EMAIL-601679140412
3438023,EMAIL-526472e87484
3438093,EMAIL-b71ecbccbf34
3438118,EMAIL-526472e87484
3438128,EMAIL-526472e87484
3438141,EMAIL-526472e87484
3438151,EMAIL-7db8006395b7
3438213,EMAIL-526472e87484
3438269,EMAIL-7db8006395b7
3438285,EMAIL-526472e87484
3438301,EMAIL-601679140412
3438317,EMAIL-526472e87484
3438318,EMAIL-05c3ae107b3d
3438324,EMAIL-2c6b2b02a48e
3438342,EMAIL-2c6b2b02a48e
3438364,EMAIL-526472e87484
3438377,EMAIL-f757a40fae92
3438413,EMAIL-526472e87484
3438503,EMAIL-526472e87484
3438525,EMAIL-526472e87484
3438533,EMAIL-b71ecbccbf34
3438553,EMAIL-05c3ae107b3d
3438594,EMAIL-526472e87484
3438636,EMAIL-7db8006395b7
3438697,EMAIL-526472e87484
3438732,EMAIL-526472e87484
3438735,EMAIL-b71ecbccbf34
3438755,EMAIL-526472e87484
3438783,EMAIL-526472e87484
3438784,EMAIL-b71ecbccbf34
3438806,EMAIL-5cac1ed1c3bd
3438809,EMAIL-526472e87484
3438831,EMAIL-526472e87484
3438847,EMAIL-526472e87484
3438856,EMAIL-526472e87484
3438879,EMAIL-526472e87484
3438943,EMAIL-7db8006395b7
3438980,EMAIL-7db8006395b7
3439020,EMAIL-526472e87484
3439030,EMAIL-526472e87484
3439052,EMAIL-05c3ae107b3d
3439054,EMAIL-05c3ae107b3d
3439067,EMAIL-05c3ae107b3d
3439073,EMAIL-b71ecbccbf34
3439084,EMAIL-526472e87484
3439088,EMAIL-526472e87484
3439117,EMAIL-601679140412
3439163,EMAIL-526472e87484
3439198,EMAIL-05c3ae107b3d
3439233,EMAIL-526472e87484
3439235,EMAIL-05c3ae107b3d
3439237,EMAIL-b71ecbccbf34
3439261,EMAIL-7db8006395b7
3439270,EMAIL-526472e87484
3439294,EMAIL-05c3ae107b3d
3439311,EMAIL-05c3ae107b3d
3439323,EMAIL-05c3ae107b3d
3439404,EMAIL-526472e87484
3439423,EMAIL-b71ecbccbf34
3439471,EMAIL-7db8006395b7
3439475,EMAIL-b71ecbccbf34
3439478,EMAIL-601679140412
3439519,EMAIL-526472e87484
3439566,EMAIL-601679140412
3439623,EMAIL-7db8006395b7
3439665,EMAIL-601679140412
3439685,EMAIL-7db8006395b7
3439706,EMAIL-526472e87484
3439725,EMAIL-7db8006395b7
3439758,EMAIL-526472e87484
3439830,EMAIL-526472e87484
3439839,EMAIL-601679140412
3439910,EMAIL-b71ecbccbf34
3439934,EMAIL-dfe6a9c7c1a5
3439983,EMAIL-7db8006395b7
3439993,EMAIL-05c3ae107b3d
3440043,EMAIL-601679140412
3440066,EMAIL-7db8006395b7
3440094,EMAIL-05c3ae107b3d
3440157,EMAIL-601679140412
3440163,EMAIL-01cc9250b615
3440170,EMAIL-05c3ae107b3d
3440177,EMAIL-601679140412
3440178,EMAIL-7db8006395b7
3440186,EMAIL-526472e87484
3440191,EMAIL-b71ecbccbf34
3440195,EMAIL-526472e87484
3440197,EMAIL-526472e87484
3440217,EMAIL-526472e87484
3440289,EMAIL-526472e87484
3440300,EMAIL-601679140412
3440324,EMAIL-601679140412
3440340,EMAIL-526472e87484
3440363,EMAIL-526472e87484
3440366,EMAIL-7db8006395b7
3440399,EMAIL-526472e87484
3440417,EMAIL-7db8006395b7
3440432,EMAIL-7db8006395b7
3440452,EMAIL-01cc9250b615
3440453,EMAIL-7db8006395b7
3440455,EMAIL-01cc9250b615
3440463,EMAIL-7db8006395b7
3440465,EMAIL-526472e87484
3440492,EMAIL-526472e87484
3440505,EMAIL-526472e87484
3440518,EMAIL-d1684fe68050
3440519,EMAIL-d1684fe68050
3440526,EMAIL-526472e87484
3440527,EMAIL-d1684fe68050
3440531,EMAIL-d1684fe68050
3440535,EMAIL-601679140412
3440540,EMAIL-d1684fe68050
3440543,EMAIL-526472e87484
3440545,EMAIL-d1684fe68050
3440547,EMAIL-b71ecbccbf34
3440556,EMAIL-526472e87484
3440566,EMAIL-526472e87484
3440590,EMAIL-601679140412
3440591,EMAIL-9b83605c656f
3440628,EMAIL-526472e87484
3440633,EMAIL-526472e87484
3440644,EMAIL-3a8e7c5c8069
3440703,EMAIL-526472e87484
3440723,EMAIL-526472e87484
3440735,EMAIL-7db8006395b7
3440766,EMAIL-7db8006395b7
3440808,EMAIL-526472e87484
3440825,EMAIL-526472e87484
3440839,EMAIL-0df48815e896
3440852,EMAIL-526472e87484
3440856,EMAIL-526472e87484
3440901,EMAIL-601679140412
3440943,EMAIL-7db8006395b7
3440950,EMAIL-601679140412
3440951,EMAIL-526472e87484
3440956,EMAIL-526472e87484
3440984,EMAIL-05c3ae107b3d
3440987,EMAIL-601679140412
3440994,EMAIL-526472e87484
3441000,EMAIL-526472e87484
3441001,EMAIL-601679140412
3441003,EMAIL-526472e87484
3441054,EMAIL-526472e87484
3441101,EMAIL-7db8006395b7
3441176,EMAIL-05c3ae107b3d
3441197,EMAIL-05c3ae107b3d
3441215,EMAIL-601679140412
3441240,EMAIL-526472e87484
3441332,EMAIL-526472e87484
3441337,EMAIL-05c3ae107b3d
3441392,EMAIL-b71ecbccbf34
3441448,EMAIL-7db8006395b7
3441479,EMAIL-526472e87484
3441480,EMAIL-526472e87484
3441542,EMAIL-526472e87484
3441578,EMAIL-526472e87484
3441630,EMAIL-526472e87484
3441670,EMAIL-b71ecbccbf34
3441742,EMAIL-526472e87484
3441745,EMAIL-601679140412
3441751,EMAIL-526472e87484
3441775,EMAIL-526472e87484
3441783,EMAIL-526472e87484
3441789,EMAIL-526472e87484
3441800,EMAIL-526472e87484
3441813,EMAIL-05c3ae107b3d
3441833,EMAIL-83e81c0f7766
3441845,EMAIL-7db8006395b7
3441854,EMAIL-b71ecbccbf34
3441866,EMAIL-526472e87484
3441880,EMAIL-05c3ae107b3d
3441889,EMAIL-526472e87484
3441944,EMAIL-526472e87484
3441962,EMAIL-b71ecbccbf34
3441991,EMAIL-526472e87484
3442039,EMAIL-7db8006395b7
3442065,EMAIL-526472e87484
3442107,EMAIL-05c3ae107b3d
3442222,EMAIL-526472e87484
3442275,EMAIL-526472e87484
3442339,EMAIL-526472e87484
3442375,EMAIL-526472e87484
3442385,EMAIL-526472e87484
3442400,EMAIL-b71ecbccbf34
3442424,EMAIL-526472e87484
3442445,EMAIL-b71ecbccbf34
3442469,EMAIL-526472e87484
3442533,EMAIL-05c3ae107b3d
3442537,EMAIL-05c3ae107b3d
3442555,EMAIL-7db8006395b7
3442574,EMAIL-7db8006395b7
3442640,EMAIL-526472e87484
3442646,EMAIL-526472e87484
3442678,EMAIL-7db8006395b7
3442680,EMAIL-526472e87484
3442690,EMAIL-7db8006395b7
3442730,EMAIL-5cac1ed1c3bd
3442746,EMAIL-526472e87484
3442757,EMAIL-526472e87484
3442768,EMAIL-01cc9250b615
3442790,EMAIL-7db8006395b7
3442798,EMAIL-5cac1ed1c3bd
3442831,EMAIL-05c3ae107b3d
3442871,EMAIL-526472e87484
3442880,EMAIL-526472e87484
3442882,EMAIL-526472e87484
3442931,EMAIL-05c3ae107b3d
3442940,EMAIL-b71ecbccbf34
3442942,EMAIL-7db8006395b7
3442963,EMAIL-05c3ae107b3d
3442973,EMAIL-7db8006395b7
3443000,EMAIL-7db8006395b7
3443010,EMAIL-526472e87484
3443040,EMAIL-526472e87484
3443049,EMAIL-526472e87484
3443075,EMAIL-01cc9250b615
3443088,EMAIL-01cc9250b615
3443106,EMAIL-601679140412
3443123,EMAIL-7db8006395b7
3443128,EMAIL-526472e87484
3443129,EMAIL-7db8006395b7
3443143,EMAIL-7db8006395b7
3443145,EMAIL-a45016f2e246
3443147,EMAIL-a45016f2e246
3443159,EMAIL-a45016f2e246
3443177,EMAIL-a45016f2e246
3443191,EMAIL-01cc9250b615
3443207,EMAIL-a45016f2e246
3443242,EMAIL-7db8006395b7
3443246,EMAIL-01cc9250b615
3443275,EMAIL-526472e87484
3443312,EMAIL-526472e87484
3443324,EMAIL-526472e87484
3443326,EMAIL-01cc9250b615
3443331,EMAIL-526472e87484
3443467,EMAIL-526472e87484
3443475,EMAIL-526472e87484
3443493,EMAIL-526472e87484
3443495,EMAIL-05c3ae107b3d
3443505,EMAIL-662b3791aebd
3443534,EMAIL-526472e87484
3443547,EMAIL-7db8006395b7
3443548,EMAIL-526472e87484
3443587,EMAIL-05c3ae107b3d
3443606,EMAIL-526472e87484
3443613,EMAIL-526472e87484
3443617,EMAIL-05c3ae107b3d
3443699,EMAIL-b71ecbccbf34
3443711,EMAIL-7db8006395b7
3443772,EMAIL-526472e87484
3443781,EMAIL-526472e87484
3443792,EMAIL-526472e87484
3443869,EMAIL-526472e87484
3443874,EMAIL-dfe6a9c7c1a5
3443893,EMAIL-526472e87484
3443910,EMAIL-601679140412
3443920,EMAIL-526472e87484
3443924,EMAIL-7db8006395b7
3443942,EMAIL-7db8006395b7
3443968,EMAIL-526472e87484
3443973,EMAIL-526472e87484
3443976,EMAIL-b71ecbccbf34
3444025,EMAIL-526472e87484
3444045,EMAIL-526472e87484
3444049,EMAIL-526472e87484
3444050,EMAIL-526472e87484
3444067,EMAIL-526472e87484
3444083,EMAIL-526472e87484
3444100,EMAIL-05c3ae107b3d
3444123,EMAIL-526472e87484
3444134,EMAIL-05c3ae107b3d
3444216,EMAIL-05c3ae107b3d
3444231,EMAIL-526472e87484
3444271,EMAIL-601679140412
3444327,EMAIL-05c3ae107b3d
3444344,EMAIL-05c3ae107b3d
3444352,EMAIL-601679140412
3444431,EMAIL-05c3ae107b3d
3444439,EMAIL-662b3791aebd
3444460,EMAIL-7db8006395b7
3444463,EMAIL-526472e87484
3444496,EMAIL-d1684fe68050
3444530,EMAIL-526472e87484
3444533,EMAIL-526472e87484
3444565,EMAIL-b71ecbccbf34
3444573,EMAIL-526472e87484
3444613,EMAIL-7db8006395b7
3444631,EMAIL-526472e87484
3444636,EMAIL-601679140412
3444645,EMAIL-7db8006395b7
3444659,EMAIL-601679140412
3444666,EMAIL-526472e87484
3444682,EMAIL-601679140412
3444688,EMAIL-7db8006395b7
3444694,EMAIL-05c3ae107b3d
3444714,EMAIL-05c3ae107b3d
3444746,EMAIL-7db8006395b7
3444761,EMAIL-7db8006395b7
3444763,EMAIL-7db8006395b7
3444767,EMAIL-7db8006395b7
3444783,EMAIL-526472e87484
3444789,EMAIL-7db8006395b7
3444828,EMAIL-05c3ae107b3d
3444841,EMAIL-526472e87484
3444920,EMAIL-526472e87484
3444960,EMAIL-526472e87484
3444972,EMAIL-526472e87484
3445004,EMAIL-526472e87484
3445047,EMAIL-601679140412
3445064,EMAIL-526472e87484
3445073,EMAIL-526472e87484
3445074,EMAIL-05c3ae107b3d
3445101,EMAIL-05c3ae107b3d
3445158,EMAIL-526472e87484
3445188,EMAIL-2c6b2b02a48e
3445237,EMAIL-526472e87484
3445255,EMAIL-526472e87484
3445260,EMAIL-7db8006395b7
3445287,EMAIL-526472e87484
3445325,EMAIL-526472e87484
3445329,EMAIL-526472e87484
3445358,EMAIL-05c3ae107b3d
3445443,EMAIL-7db8006395b7
3445449,EMAIL-526472e87484
3445474,EMAIL-601679140412
3445484,EMAIL-b2683a414714
3445489,EMAIL-526472e87484
3445500,EMAIL-7db8006395b7
3445601,EMAIL-7db8006395b7
3445714,EMAIL-526472e87484
3445716,EMAIL-526472e87484
3445745,EMAIL-601679140412
3445800,EMAIL-526472e87484
3445806,EMAIL-601679140412
3445809,EMAIL-601679140412
3445849,EMAIL-023f08585708
3445866,EMAIL-05c3ae107b3d
3445881,EMAIL-7db8006395b7
3445888,EMAIL-7db8006395b7
3445897,EMAIL-526472e87484
3445929,EMAIL-526472e87484
3445938,EMAIL-7db8006395b7
3445942,EMAIL-7db8006395b7
3445958,EMAIL-7db8006395b7
3445961,EMAIL-a45016f2e246
3445962,EMAIL-7db8006395b7
3445963,EMAIL-7db8006395b7
3445980,EMAIL-7db8006395b7
3445983,EMAIL-7db8006395b7
3445996,EMAIL-05c3ae107b3d
3445998,EMAIL-7db8006395b7
3446007,EMAIL-7db8006395b7
3446039,EMAIL-526472e87484
3446045,EMAIL-526472e87484
3446058,EMAIL-7db8006395b7
3446059,EMAIL-05c3ae107b3d
3446078,EMAIL-05c3ae107b3d
3446119,EMAIL-601679140412
3446131,EMAIL-526472e87484
3446136,EMAIL-601679140412
3446137,EMAIL-7db8006395b7
3446150,EMAIL-7db8006395b7
3446184,EMAIL-5cac1ed1c3bd
3446188,EMAIL-526472e87484
3446190,EMAIL-601679140412
3446255,EMAIL-dfe6a9c7c1a5
3446272,EMAIL-526472e87484
3446310,EMAIL-a45016f2e246
3446325,EMAIL-526472e87484
3446368,EMAIL-a45016f2e246
3446385,EMAIL-000db143c437
3446395,EMAIL-05c3ae107b3d
3446397,EMAIL-526472e87484
3446406,EMAIL-7db8006395b7
3446418,EMAIL-526472e87484
3446423,EMAIL-7db8006395b7
3446466,EMAIL-526472e87484
3446476,EMAIL-526472e87484
3446488,EMAIL-526472e87484
3446506,EMAIL-526472e87484
3446508,EMAIL-05c3ae107b3d
3446533,EMAIL-3a8e7c5c8069
3446544,EMAIL-601679140412
3446596,EMAIL-601679140412
3446608,EMAIL-5cac1ed1c3bd
3446615,EMAIL-7db8006395b7
3446622,EMAIL-601679140412
3446624,EMAIL-526472e87484
3446639,EMAIL-526472e87484
3446685,EMAIL-0df48815e896
3446689,EMAIL-526472e87484
3446800,EMAIL-526472e87484
3446825,EMAIL-b71ecbccbf34
3446829,EMAIL-526472e87484
3446832,EMAIL-7db8006395b7
3446835,EMAIL-a45016f2e246
3446881,EMAIL-526472e87484
3446893,EMAIL-05c3ae107b3d
3446900,EMAIL-526472e87484
3446912,EMAIL-b71ecbccbf34
3446970,EMAIL-526472e87484
3446972,EMAIL-526472e87484
3446976,EMAIL-05c3ae107b3d
3446980,EMAIL-8b942685451d
3446983,EMAIL-526472e87484
3446990,EMAIL-526472e87484
3447008,EMAIL-601679140412
3447015,EMAIL-526472e87484
3447043,EMAIL-05c3ae107b3d
3447092,EMAIL-8b942685451d
3447104,EMAIL-05c3ae107b3d
3447144,EMAIL-526472e87484
3447191,EMAIL-7db8006395b7
3447207,EMAIL-526472e87484
3447211,EMAIL-023b965c6243
3447220,EMAIL-526472e87484
3447265,EMAIL-a45016f2e246
3447270,EMAIL-526472e87484
3447293,EMAIL-b71ecbccbf34
3447295,EMAIL-7db8006395b7
3447323,EMAIL-05c3ae107b3d
3447347,EMAIL-7db8006395b7
3447388,EMAIL-601679140412
3447564,EMAIL-526472e87484
3447597,EMAIL-601679140412
3447624,EMAIL-601679140412
3447632,EMAIL-8b942685451d
3447666,EMAIL-5a7e696acd63
3447684,EMAIL-a45016f2e246
3447696,EMAIL-601679140412
3447723,EMAIL-7db8006395b7
3447728,EMAIL-662b3791aebd
3447742,EMAIL-662b3791aebd
3447765,EMAIL-662b3791aebd
3447793,EMAIL-b71ecbccbf34
3447828,EMAIL-526472e87484
3447846,EMAIL-5cac1ed1c3bd
3447886,EMAIL-601679140412
3447894,EMAIL-7eeee5f261e7
3447915,EMAIL-526472e87484
3447925,EMAIL-7db8006395b7
3447927,EMAIL-601679140412
3447982,EMAIL-526472e87484
3447995,EMAIL-7db8006395b7
3448056,EMAIL-b71ecbccbf34
3448076,EMAIL-526472e87484
3448087,EMAIL-526472e87484
3448103,EMAIL-526472e87484
3448107,EMAIL-05c3ae107b3d
3448157,EMAIL-05c3ae107b3d
3448174,EMAIL-526472e87484
3448178,EMAIL-526472e87484
3448212,EMAIL-526472e87484
3448224,EMAIL-526472e87484
3448227,EMAIL-526472e87484
3448240,EMAIL-526472e87484
3448250,EMAIL-7db8006395b7
3448261,EMAIL-526472e87484
3448283,EMAIL-b71ecbccbf34
3448355,EMAIL-7db8006395b7
3448389,EMAIL-7db8006395b7
3448397,EMAIL-526472e87484
3448417,EMAIL-526472e87484
3448426,EMAIL-526472e87484
3448437,EMAIL-7db8006395b7
3448508,EMAIL-05c3ae107b3d
3448536,EMAIL-7db8006395b7
3448547,EMAIL-7db8006395b7
3448554,EMAIL-7db8006395b7
3448560,EMAIL-526472e87484
3448573,EMAIL-7db8006395b7
3448583,EMAIL-a45016f2e246
3448593,EMAIL-526472e87484
3448595,EMAIL-05c3ae107b3d
3448597,EMAIL-526472e87484
3448603,EMAIL-526472e87484
3448626,EMAIL-526472e87484
3448638,EMAIL-526472e87484
3448656,EMAIL-526472e87484
3448657,EMAIL-601679140412
3448677,EMAIL-7db8006395b7
3448687,EMAIL-01cc9250b615
3448704,EMAIL-01cc9250b615
3448716,EMAIL-526472e87484
3448721,EMAIL-526472e87484
3448773,EMAIL-7eeee5f261e7
3448839,EMAIL-05c3ae107b3d
3448861,EMAIL-7db8006395b7
3448865,EMAIL-601679140412
3448891,EMAIL-526472e87484
3448940,EMAIL-526472e87484
3448970,EMAIL-526472e87484
3448976,EMAIL-526472e87484
3448984,EMAIL-601679140412
3449034,EMAIL-7db8006395b7
3449054,EMAIL-7db8006395b7
3449065,EMAIL-d1684fe68050
3449072,EMAIL-7db8006395b7
3449251,EMAIL-526472e87484
3449268,EMAIL-526472e87484
3449274,EMAIL-05c3ae107b3d
3449284,EMAIL-601679140412
3449299,EMAIL-7db8006395b7
3449348,EMAIL-601679140412
3449357,EMAIL-526472e87484
3449358,EMAIL-526472e87484
3449363,EMAIL-601679140412
3449382,EMAIL-601679140412
3449404,EMAIL-7db8006395b7
3449405,EMAIL-526472e87484
3449432,EMAIL-601679140412
3449482,EMAIL-526472e87484
3449512,EMAIL-526472e87484
3449515,EMAIL-601679140412
3449547,EMAIL-601679140412
3449571,EMAIL-526472e87484
3449577,EMAIL-526472e87484
3449603,EMAIL-526472e87484
3449624,EMAIL-7db8006395b7
3449630,EMAIL-7db8006395b7
3449634,EMAIL-023f08585708
3449656,EMAIL-526472e87484
3449681,EMAIL-526472e87484
3449686,EMAIL-526472e87484
3449699,EMAIL-7db8006395b7
3449706,EMAIL-7db8006395b7
3449711,EMAIL-7db8006395b7
3449743,EMAIL-7db8006395b7
3449751,EMAIL-526472e87484
3449764,EMAIL-526472e87484
3449785,EMAIL-7db8006395b7
3449786,EMAIL-1221ee4a23d4
3449794,EMAIL-526472e87484
3449825,EMAIL-7db8006395b7
3449859,EMAIL-526472e87484
3449864,EMAIL-7db8006395b7
3449871,EMAIL-526472e87484
3449872,EMAIL-05c3ae107b3d
3449874,EMAIL-526472e87484
3449882,EMAIL-526472e87484
3449888,EMAIL-000db143c437
3449892,EMAIL-526472e87484
3449918,EMAIL-526472e87484
3449921,EMAIL-526472e87484
3449924,EMAIL-a45016f2e246
3449942,EMAIL-526472e87484
3449943,EMAIL-b71ecbccbf34
3449959,EMAIL-526472e87484
3449968,EMAIL-526472e87484
3449971,EMAIL-526472e87484
3449985,EMAIL-526472e87484
3450020,EMAIL-7db8006395b7
3450027,EMAIL-526472e87484
3450034,EMAIL-7db8006395b7
3450035,EMAIL-7db8006395b7
3450055,EMAIL-601679140412
3450078,EMAIL-526472e87484
3450166,EMAIL-7db8006395b7
3450190,EMAIL-526472e87484
3450191,EMAIL-526472e87484
3450195,EMAIL-526472e87484
3450206,EMAIL-7db8006395b7
3450211,EMAIL-526472e87484
3450232,EMAIL-526472e87484
3450233,EMAIL-5a343157d535
3450264,EMAIL-7db8006395b7
3450283,EMAIL-526472e87484
3450285,EMAIL-526472e87484
3450316,EMAIL-526472e87484
3450383,EMAIL-05c3ae107b3d
3450389,EMAIL-601679140412
3450393,EMAIL-526472e87484
3450414,EMAIL-526472e87484
3450436,EMAIL-601679140412
3450448,EMAIL-05c3ae107b3d
3450478,EMAIL-601679140412
3450494,EMAIL-b71ecbccbf34
3450503,EMAIL-601679140412
3450507,EMAIL-526472e87484
3450510,EMAIL-526472e87484
3450550,EMAIL-601679140412
3450580,EMAIL-601679140412
3450629,EMAIL-601679140412
3450667,EMAIL-7db8006395b7
3450671,EMAIL-526472e87484
3450700,EMAIL-023f08585708
3450725,EMAIL-01cc9250b615
3450777,EMAIL-b71ecbccbf34
3450786,EMAIL-05c3ae107b3d
3450801,EMAIL-526472e87484
3450810,EMAIL-526472e87484
3450832,EMAIL-526472e87484
3450921,EMAIL-2c6b2b02a48e
3450943,EMAIL-7db8006395b7
3450951,EMAIL-526472e87484
3450969,EMAIL-526472e87484
3451000,EMAIL-7db8006395b7
3451008,EMAIL-7db8006395b7
3451031,EMAIL-7db8006395b7
3451069,EMAIL-601679140412
3451074,EMAIL-b71ecbccbf34
3451103,EMAIL-a45016f2e246
3451104,EMAIL-7db8006395b7
3451107,EMAIL-7db8006395b7
3451142,EMAIL-526472e87484
3451149,EMAIL-526472e87484
3451151,EMAIL-526472e87484
3451157,EMAIL-601679140412
3451178,EMAIL-7db8006395b7
3451179,EMAIL-2c6b2b02a48e
3451187,EMAIL-526472e87484
3451206,EMAIL-526472e87484
3451207,EMAIL-7db8006395b7
3451210,EMAIL-b71ecbccbf34
3451218,EMAIL-601679140412
3451222,EMAIL-526472e87484
3451223,EMAIL-526472e87484
3451236,EMAIL-526472e87484
3451238,EMAIL-526472e87484
3451243,EMAIL-b71ecbccbf34
3451254,EMAIL-526472e87484
3451268,EMAIL-01cc9250b615
3451289,EMAIL-526472e87484
3451297,EMAIL-526472e87484
3451328,EMAIL-526472e87484
3451360,EMAIL-526472e87484
3451438,EMAIL-526472e87484
3451461,EMAIL-526472e87484
3451499,EMAIL-526472e87484
3451507,EMAIL-526472e87484
3451570,EMAIL-526472e87484
3451598,EMAIL-526472e87484
3451601,EMAIL-a45016f2e246
3451604,EMAIL-526472e87484
3451613,EMAIL-3a8e7c5c8069
3451622,EMAIL-3a8e7c5c8069
3451670,EMAIL-526472e87484
3451693,EMAIL-601679140412
3451715,EMAIL-526472e87484
3451718,EMAIL-023f08585708
3451751,EMAIL-023f08585708
3451761,EMAIL-526472e87484
3451772,EMAIL-7db8006395b7
3451789,EMAIL-023f08585708
3451803,EMAIL-7db8006395b7
3451820,EMAIL-7db8006395b7
3451832,EMAIL-526472e87484
3451837,EMAIL-601679140412
3451855,EMAIL-7db8006395b7
3451863,EMAIL-526472e87484
3451875,EMAIL-526472e87484
3451880,EMAIL-526472e87484
3451896,EMAIL-526472e87484
3451916,EMAIL-b71ecbccbf34
3451918,EMAIL-b71ecbccbf34
3451926,EMAIL-dfe6a9c7c1a5
3451963,EMAIL-526472e87484
3451988,EMAIL-9f7909255943
3451990,EMAIL-526472e87484
3452003,EMAIL-83e81c0f7766
3452049,EMAIL-b71ecbccbf34
3452057,EMAIL-05c3ae107b3d
3452088,EMAIL-526472e87484
3452180,EMAIL-601679140412
3452259,EMAIL-05c3ae107b3d
3452281,EMAIL-05c3ae107b3d
3452321,EMAIL-526472e87484
3452344,EMAIL-05c3ae107b3d
3452371,EMAIL-a45016f2e246
3452391,EMAIL-05c3ae107b3d
3452392,EMAIL-1221ee4a23d4
3452402,EMAIL-1221ee4a23d4
3452404,EMAIL-05c3ae107b3d
3452426,EMAIL-05c3ae107b3d
3452468,EMAIL-526472e87484
3452470,EMAIL-526472e87484
3452483,EMAIL-526472e87484
3452501,EMAIL-1221ee4a23d4
3452542,EMAIL-526472e87484
3452547,EMAIL-526472e87484
3452568,EMAIL-000db143c437
3452570,EMAIL-526472e87484
3452613,EMAIL-05c3ae107b3d
3452661,EMAIL-601679140412
3452671,EMAIL-7db8006395b7
3452722,EMAIL-7db8006395b7
3452782,EMAIL-601679140412
3452789,EMAIL-601679140412
3452836,EMAIL-05c3ae107b3d
3452918,EMAIL-526472e87484
3452978,EMAIL-601679140412
3452987,EMAIL-526472e87484
3453046,EMAIL-05c3ae107b3d
3453090,EMAIL-526472e87484
3453092,EMAIL-526472e87484
3453106,EMAIL-05c3ae107b3d
3453124,EMAIL-05c3ae107b3d
3453127,EMAIL-526472e87484
3453132,EMAIL-526472e87484
3453134,EMAIL-526472e87484
3453150,EMAIL-7db8006395b7
3453159,EMAIL-526472e87484
3453167,EMAIL-7db8006395b7
3453168,EMAIL-526472e87484
3453169,EMAIL-7db8006395b7
3453180,EMAIL-7eeee5f261e7
3453183,EMAIL-526472e87484
3453222,EMAIL-526472e87484
3453227,EMAIL-7db8006395b7
3453240,EMAIL-526472e87484
3453256,EMAIL-526472e87484
3453286,EMAIL-526472e87484
3453332,EMAIL-526472e87484
3453337,EMAIL-7db8006395b7
3453343,EMAIL-7db8006395b7
3453373,EMAIL-05c3ae107b3d
3453396,EMAIL-8b942685451d
3453416,EMAIL-7db8006395b7
3453433,EMAIL-7db8006395b7
3453461,EMAIL-526472e87484
3453468,EMAIL-7db8006395b7
3453537,EMAIL-05c3ae107b3d
3453550,EMAIL-526472e87484
3453597,EMAIL-601679140412
3453604,EMAIL-7db8006395b7
3453607,EMAIL-526472e87484
3453682,EMAIL-01cc9250b615
3453710,EMAIL-526472e87484
3453722,EMAIL-526472e87484
3453725,EMAIL-662b3791aebd
3453726,EMAIL-526472e87484
3453739,EMAIL-526472e87484
3453752,EMAIL-526472e87484
3453773,EMAIL-526472e87484
3453784,EMAIL-b71ecbccbf34
3453785,EMAIL-526472e87484
3453795,EMAIL-b71ecbccbf34
3453802,EMAIL-05c3ae107b3d
3453828,EMAIL-526472e87484
3453839,EMAIL-7db8006395b7
3453848,EMAIL-526472e87484
3453850,EMAIL-526472e87484
3453860,EMAIL-7db8006395b7
3453861,EMAIL-a45016f2e246
3453875,EMAIL-526472e87484
3453876,EMAIL-526472e87484
3453898,EMAIL-05c3ae107b3d
3453902,EMAIL-2c6b2b02a48e
3453909,EMAIL-01cc9250b615
3453926,EMAIL-526472e87484
3453966,EMAIL-526472e87484
3453971,EMAIL-05c3ae107b3d
3454030,EMAIL-05c3ae107b3d
3454035,EMAIL-05c3ae107b3d
3454086,EMAIL-7db8006395b7
3454159,EMAIL-601679140412
3454177,EMAIL-023f08585708
3454212,EMAIL-526472e87484
3454239,EMAIL-526472e87484
3454249,EMAIL-526472e87484
3454252,EMAIL-526472e87484
3454258,EMAIL-526472e87484
3454283,EMAIL-47b8593a2f1d
3454307,EMAIL-526472e87484
3454317,EMAIL-7db8006395b7
3454333,EMAIL-601679140412
3454352,EMAIL-526472e87484
3454362,EMAIL-7db8006395b7
3454365,EMAIL-7db8006395b7
3454367,EMAIL-526472e87484
3454422,EMAIL-7db8006395b7
3454435,EMAIL-05c3ae107b3d
3454471,EMAIL-05c3ae107b3d
3454489,EMAIL-05c3ae107b3d
3454497,EMAIL-7db8006395b7
3454519,EMAIL-7db8006395b7
3454538,EMAIL-7db8006395b7
3454573,EMAIL-b71ecbccbf34
3454579,EMAIL-05c3ae107b3d
3454590,EMAIL-601679140412
3454598,EMAIL-601679140412
3454601,EMAIL-601679140412
3454616,EMAIL-601679140412
3454629,EMAIL-526472e87484
3454639,EMAIL-05c3ae107b3d
3454694,EMAIL-05c3ae107b3d
3454728,EMAIL-601679140412
3454741,EMAIL-7db8006395b7
3454742,EMAIL-601679140412
3454744,EMAIL-7db8006395b7
3454747,EMAIL-05c3ae107b3d
3454768,EMAIL-05c3ae107b3d
3454778,EMAIL-526472e87484
3454781,EMAIL-05c3ae107b3d
3454812,EMAIL-b71ecbccbf34
3454834,EMAIL-526472e87484
3454839,EMAIL-526472e87484
3454850,EMAIL-662b3791aebd
3454856,EMAIL-01cc9250b615
3454861,EMAIL-7db8006395b7
3454865,EMAIL-526472e87484
3454915,EMAIL-05c3ae107b3d
3454926,EMAIL-526472e87484
3454945,EMAIL-526472e87484
3454985,EMAIL-7db8006395b7
3454987,EMAIL-526472e87484
3454990,EMAIL-05c3ae107b3d
3455005,EMAIL-7db8006395b7
3455010,EMAIL-05c3ae107b3d
3455050,EMAIL-526472e87484
3455135,EMAIL-601679140412
3455150,EMAIL-526472e87484
3455171,EMAIL-a45016f2e246
3455231,EMAIL-526472e87484
3455257,EMAIL-7db8006395b7
3455282,EMAIL-601679140412
3455288,EMAIL-601679140412
3455312,EMAIL-b71ecbccbf34
3455357,EMAIL-526472e87484
3455377,EMAIL-526472e87484
3455390,EMAIL-7db8006395b7
3455410,EMAIL-526472e87484
3455446,EMAIL-05c3ae107b3d
3455447,EMAIL-526472e87484
3455465,EMAIL-526472e87484
3455483,EMAIL-526472e87484
3455487,EMAIL-d1684fe68050
3455503,EMAIL-7db8006395b7
3455516,EMAIL-01cc9250b615
3455520,EMAIL-7db8006395b7
3455578,EMAIL-05c3ae107b3d
3455610,EMAIL-526472e87484
3455618,EMAIL-526472e87484
3455632,EMAIL-526472e87484
3455671,EMAIL-7db8006395b7
3455704,EMAIL-05c3ae107b3d
3455729,EMAIL-526472e87484
3455752,EMAIL-7db8006395b7
3455778,EMAIL-526472e87484
3455809,EMAIL-526472e87484
3455834,EMAIL-7db8006395b7
3455838,EMAIL-d1684fe68050
3455844,EMAIL-7db8006395b7
3455854,EMAIL-526472e87484
3455864,EMAIL-b71ecbccbf34
3455877,EMAIL-526472e87484
3455879,EMAIL-7db8006395b7
3455886,EMAIL-7db8006395b7
3455889,EMAIL-05c3ae107b3d
3455893,EMAIL-b71ecbccbf34
3455911,EMAIL-7db8006395b7
3455913,EMAIL-7db8006395b7
3455933,EMAIL-526472e87484
3455947,EMAIL-526472e87484
3455948,EMAIL-7db8006395b7
3455955,EMAIL-05c3ae107b3d
3455968,EMAIL-7db8006395b7
3456001,EMAIL-526472e87484
3456018,EMAIL-7db8006395b7
3456047,EMAIL-dfe6a9c7c1a5
3456049,EMAIL-526472e87484
3456050,EMAIL-b71ecbccbf34
3456071,EMAIL-526472e87484
3456077,EMAIL-526472e87484
3456107,EMAIL-526472e87484
3456119,EMAIL-526472e87484
3456124,EMAIL-05c3ae107b3d
3456149,EMAIL-05c3ae107b3d
3456158,EMAIL-526472e87484
3456169,EMAIL-526472e87484
3456179,EMAIL-05c3ae107b3d
3456211,EMAIL-7db8006395b7
3456238,EMAIL-526472e87484
3456278,EMAIL-526472e87484
3456328,EMAIL-526472e87484
3456336,EMAIL-05c3ae107b3d
3456349,EMAIL-7db8006395b7
3456398,EMAIL-526472e87484
3456430,EMAIL-526472e87484
3456433,EMAIL-7db8006395b7
3456435,EMAIL-526472e87484
3456449,EMAIL-a45016f2e246
3456463,EMAIL-526472e87484
3456467,EMAIL-7db8006395b7
3456473,EMAIL-601679140412
3456478,EMAIL-7db8006395b7
3456488,EMAIL-601679140412
3456500,EMAIL-7db8006395b7
3456501,EMAIL-601679140412
3456512,EMAIL-7db8006395b7
3456515,EMAIL-601679140412
3456520,EMAIL-7db8006395b7
3456566,EMAIL-2c6b2b02a48e
3456700,EMAIL-526472e87484
3456705,EMAIL-05c3ae107b3d
3456710,EMAIL-526472e87484
3456738,EMAIL-526472e87484
3456759,EMAIL-526472e87484
3456836,EMAIL-526472e87484
3456871,EMAIL-526472e87484
3456986,EMAIL-526472e87484
3457033,EMAIL-601679140412
3457114,EMAIL-526472e87484
3457119,EMAIL-05c3ae107b3d
3457149,EMAIL-526472e87484
3457150,EMAIL-601679140412
3457157,EMAIL-01cc9250b615
3457174,EMAIL-526472e87484
3457188,EMAIL-526472e87484
3457208,EMAIL-7db8006395b7
3457213,EMAIL-526472e87484
3457231,EMAIL-000db143c437
3457258,EMAIL-7db8006395b7
3457274,EMAIL-05c3ae107b3d
3457281,EMAIL-601679140412
3457332,EMAIL-526472e87484
3457431,EMAIL-526472e87484
3457540,EMAIL-526472e87484
3457559,EMAIL-526472e87484
3457561,EMAIL-526472e87484
3457587,EMAIL-601679140412
3457602,EMAIL-7db8006395b7
3457628,EMAIL-526472e87484
3457648,EMAIL-601679140412
3457649,EMAIL-601679140412
3457692,EMAIL-601679140412
3457696,EMAIL-526472e87484
3457703,EMAIL-601679140412
3457706,EMAIL-05c3ae107b3d
3457739,EMAIL-526472e87484
3457741,EMAIL-05c3ae107b3d
3457743,EMAIL-526472e87484
3457752,EMAIL-526472e87484
3457754,EMAIL-b71ecbccbf34
3457784,EMAIL-526472e87484
3457789,EMAIL-526472e87484
3457825,EMAIL-526472e87484
3457865,EMAIL-601679140412
3457905,EMAIL-526472e87484
3457908,EMAIL-601679140412
3457917,EMAIL-601679140412
3457931,EMAIL-a45016f2e246
3457994,EMAIL-526472e87484
3458014,EMAIL-7db8006395b7
3458033,EMAIL-b71ecbccbf34
3458045,EMAIL-526472e87484
3458046,EMAIL-05c3ae107b3d
3458079,EMAIL-7db8006395b7
3458124,EMAIL-526472e87484
3458137,EMAIL-526472e87484
3458204,EMAIL-526472e87484
3458220,EMAIL-601679140412
3458259,EMAIL-526472e87484
3458276,EMAIL-601679140412
3458285,EMAIL-526472e87484
3458288,EMAIL-7db8006395b7
3458294,EMAIL-526472e87484
3458299,EMAIL-05c3ae107b3d
3458357,EMAIL-526472e87484
3458367,EMAIL-526472e87484
3458400,EMAIL-05c3ae107b3d
3458404,EMAIL-05c3ae107b3d
3458405,EMAIL-526472e87484
3458419,EMAIL-601679140412
3458424,EMAIL-b71ecbccbf34
3458432,EMAIL-526472e87484
3458439,EMAIL-7db8006395b7
3458446,EMAIL-b71ecbccbf34
3458453,EMAIL-526472e87484
3458455,EMAIL-05c3ae107b3d
3458457,EMAIL-a45016f2e246
3458468,EMAIL-05c3ae107b3d
3458489,EMAIL-7db8006395b7
3458495,EMAIL-a45016f2e246
3458532,EMAIL-526472e87484
3458548,EMAIL-7db8006395b7
3458571,EMAIL-05c3ae107b3d
3458591,EMAIL-7db8006395b7
3458603,EMAIL-526472e87484
3458641,EMAIL-526472e87484
3458698,EMAIL-526472e87484
3458699,EMAIL-601679140412
3458725,EMAIL-05c3ae107b3d
3458731,EMAIL-7db8006395b7
3458762,EMAIL-526472e87484
3458787,EMAIL-05c3ae107b3d
3458799,EMAIL-a45016f2e246
3458814,EMAIL-601679140412
3458859,EMAIL-a45016f2e246
3458896,EMAIL-526472e87484
3458945,EMAIL-a45016f2e246
3458947,EMAIL-526472e87484
3458957,EMAIL-05c3ae107b3d
3459028,EMAIL-526472e87484
3459067,EMAIL-526472e87484
3459127,EMAIL-526472e87484
3459132,EMAIL-526472e87484
3459135,EMAIL-526472e87484
3459145,EMAIL-7db8006395b7
3459168,EMAIL-7db8006395b7
3459174,EMAIL-526472e87484
3459176,EMAIL-526472e87484
3459187,EMAIL-7db8006395b7
3459194,EMAIL-a45016f2e246
3459197,EMAIL-526472e87484
3459198,EMAIL-526472e87484
3459292,EMAIL-526472e87484
3459319,EMAIL-526472e87484
3459376,EMAIL-526472e87484
3459413,EMAIL-601679140412
3459417,EMAIL-526472e87484
3459452,EMAIL-526472e87484
3459462,EMAIL-526472e87484
3459469,EMAIL-05c3ae107b3d
3459486,EMAIL-526472e87484
3459504,EMAIL-b71ecbccbf34
3459522,EMAIL-526472e87484
3459533,EMAIL-526472e87484
3459534,EMAIL-526472e87484
3459550,EMAIL-8b942685451d
3459563,EMAIL-526472e87484
3459577,EMAIL-a45016f2e246
3459602,EMAIL-526472e87484
3459652,EMAIL-526472e87484
3459653,EMAIL-526472e87484
3459672,EMAIL-601679140412
3459692,EMAIL-05c3ae107b3d
3459716,EMAIL-526472e87484
3459718,EMAIL-526472e87484
3459731,EMAIL-526472e87484
3459783,EMAIL-601679140412
3459795,EMAIL-601679140412
3459797,EMAIL-05c3ae107b3d
3459841,EMAIL-526472e87484
3459854,EMAIL-526472e87484
3459863,EMAIL-526472e87484
3459881,EMAIL-7db8006395b7
3459923,EMAIL-601679140412
3459943,EMAIL-601679140412
3460002,EMAIL-7db8006395b7
3460093,EMAIL-000db143c437
3460122,EMAIL-7db8006395b7
3460124,EMAIL-601679140412
3460125,EMAIL-526472e87484
3460157,EMAIL-601679140412
3460184,EMAIL-526472e87484
3460294,EMAIL-526472e87484
3460320,EMAIL-b71ecbccbf34
3460346,EMAIL-526472e87484
3460360,EMAIL-601679140412
3460367,EMAIL-526472e87484
3460389,EMAIL-526472e87484
3460392,EMAIL-601679140412
3460403,EMAIL-526472e87484
3460413,EMAIL-7db8006395b7
3460416,EMAIL-526472e87484
3460417,EMAIL-526472e87484
3460429,EMAIL-526472e87484
3460436,EMAIL-526472e87484
3460440,EMAIL-526472e87484
3460442,EMAIL-05c3ae107b3d
3460465,EMAIL-000db143c437
3460485,EMAIL-526472e87484
3460486,EMAIL-526472e87484
3460495,EMAIL-526472e87484
3460503,EMAIL-3a8e7c5c8069
3460511,EMAIL-526472e87484
3460561,EMAIL-601679140412
3460565,EMAIL-05c3ae107b3d
3460613,EMAIL-526472e87484
3460627,EMAIL-05c3ae107b3d
3460634,EMAIL-05c3ae107b3d
3460645,EMAIL-526472e87484
3460675,EMAIL-526472e87484
3460696,EMAIL-601679140412
3460711,EMAIL-526472e87484
3460720,EMAIL-526472e87484
3460742,EMAIL-526472e87484
3460767,EMAIL-526472e87484
3460770,EMAIL-05c3ae107b3d
3460773,EMAIL-7db8006395b7
3460803,EMAIL-b71ecbccbf34
3460825,EMAIL-526472e87484
3460826,EMAIL-05c3ae107b3d
3460832,EMAIL-526472e87484
3460864,EMAIL-526472e87484
3460866,EMAIL-526472e87484
3460878,EMAIL-526472e87484
3460881,EMAIL-7db8006395b7
3460895,EMAIL-b71ecbccbf34
3460901,EMAIL-526472e87484
3460906,EMAIL-601679140412
3460919,EMAIL-526472e87484
3460943,EMAIL-526472e87484
3460998,EMAIL-d1684fe68050
3461018,EMAIL-05c3ae107b3d
3461032,EMAIL-526472e87484
3461073,EMAIL-05c3ae107b3d
3461135,EMAIL-526472e87484
3461166,EMAIL-526472e87484
3461216,EMAIL-05c3ae107b3d
3461217,EMAIL-601679140412
3461241,EMAIL-05c3ae107b3d
3461254,EMAIL-526472e87484
3461283,EMAIL-526472e87484
3461323,EMAIL-7db8006395b7
3461362,EMAIL-526472e87484
3461366,EMAIL-526472e87484
3461424,EMAIL-526472e87484
3461505,EMAIL-7db8006395b7
3461511,EMAIL-526472e87484
3461515,EMAIL-01cc9250b615
3461522,EMAIL-526472e87484
3461531,EMAIL-601679140412
3461532,EMAIL-526472e87484
3461534,EMAIL-526472e87484
3461568,EMAIL-05c3ae107b3d
3461639,EMAIL-05c3ae107b3d
3461643,EMAIL-05c3ae107b3d
3461658,EMAIL-526472e87484
3461680,EMAIL-7db8006395b7
3461700,EMAIL-7db8006395b7
3461734,EMAIL-05c3ae107b3d
3461736,EMAIL-526472e87484
3461768,EMAIL-526472e87484
3461773,EMAIL-526472e87484
3461777,EMAIL-7db8006395b7
3461794,EMAIL-7db8006395b7
3461795,EMAIL-7db8006395b7
3461799,EMAIL-526472e87484
3461800,EMAIL-601679140412
3461826,EMAIL-7db8006395b7
3461834,EMAIL-7db8006395b7
3461847,EMAIL-01cc9250b615
3461864,EMAIL-7db8006395b7
3461892,EMAIL-05c3ae107b3d
3461942,EMAIL-2c6b2b02a48e
3461949,EMAIL-05c3ae107b3d
3461972,EMAIL-01cc9250b615
3462053,EMAIL-7db8006395b7
3462060,EMAIL-b71ecbccbf34
3462062,EMAIL-526472e87484
3462067,EMAIL-b71ecbccbf34
3462077,EMAIL-7db8006395b7
3462119,EMAIL-526472e87484
3462128,EMAIL-601679140412
3462129,EMAIL-b71ecbccbf34
3462149,EMAIL-b71ecbccbf34
3462159,EMAIL-601679140412
3462188,EMAIL-b71ecbccbf34
3462190,EMAIL-dfe6a9c7c1a5
3462193,EMAIL-601679140412
3462202,EMAIL-05c3ae107b3d
3462216,EMAIL-601679140412
3462218,EMAIL-526472e87484
3462234,EMAIL-526472e87484
3462268,EMAIL-7db8006395b7
3462285,EMAIL-7db8006395b7
3462322,EMAIL-526472e87484
3462325,EMAIL-601679140412
3462327,EMAIL-526472e87484
3462332,EMAIL-526472e87484
3462363,EMAIL-000db143c437
3462370,EMAIL-7db8006395b7
3462385,EMAIL-601679140412
3462387,EMAIL-601679140412
3462394,EMAIL-526472e87484
3462404,EMAIL-601679140412
3462417,EMAIL-601679140412
3462433,EMAIL-7db8006395b7
3462441,EMAIL-7db8006395b7
3462503,EMAIL-526472e87484
3462525,EMAIL-526472e87484
3462565,EMAIL-526472e87484
3462586,EMAIL-7db8006395b7
3462636,EMAIL-526472e87484
3462661,EMAIL-000db143c437
3462688,EMAIL-526472e87484
3462708,EMAIL-b71ecbccbf34
3462722,EMAIL-526472e87484
3462723,EMAIL-526472e87484
3462743,EMAIL-526472e87484
3462762,EMAIL-601679140412
3462763,EMAIL-526472e87484
3462770,EMAIL-526472e87484
3462778,EMAIL-526472e87484
3462785,EMAIL-526472e87484
3462791,EMAIL-526472e87484
3462792,EMAIL-526472e87484
3462799,EMAIL-b71ecbccbf34
3462800,EMAIL-601679140412
3462820,EMAIL-601679140412
3462833,EMAIL-7db8006395b7
3462835,EMAIL-b71ecbccbf34
3462839,EMAIL-526472e87484
3462856,EMAIL-7db8006395b7
3462857,EMAIL-526472e87484
3462868,EMAIL-7db8006395b7
3462879,EMAIL-526472e87484
3462900,EMAIL-601679140412
3462912,EMAIL-7db8006395b7
3462917,EMAIL-601679140412
3462922,EMAIL-526472e87484
3462946,EMAIL-000db143c437
3462962,EMAIL-b71ecbccbf34
3463014,EMAIL-601679140412
3463038,EMAIL-dfe6a9c7c1a5
3463052,EMAIL-7db8006395b7
3463077,EMAIL-7db8006395b7
3463103,EMAIL-526472e87484
3463130,EMAIL-05c3ae107b3d
3463173,EMAIL-b71ecbccbf34
3463196,EMAIL-601679140412
3463229,EMAIL-526472e87484
3463231,EMAIL-526472e87484
3463233,EMAIL-526472e87484
3463259,EMAIL-526472e87484
3463267,EMAIL-7db8006395b7
3463283,EMAIL-526472e87484
3463287,EMAIL-7db8006395b7
3463316,EMAIL-7db8006395b7
3463352,EMAIL-7db8006395b7
3463367,EMAIL-7db8006395b7
3463379,EMAIL-601679140412
3463387,EMAIL-b71ecbccbf34
3463419,EMAIL-05c3ae107b3d
3463432,EMAIL-526472e87484
3463439,EMAIL-601679140412
3463467,EMAIL-601679140412
3463496,EMAIL-05c3ae107b3d
3463523,EMAIL-7db8006395b7
3463525,EMAIL-526472e87484
3463534,EMAIL-526472e87484
3463553,EMAIL-dfe6a9c7c1a5
3463595,EMAIL-601679140412
3463605,EMAIL-526472e87484
3463612,EMAIL-526472e87484
3463672,EMAIL-526472e87484
3463715,EMAIL-526472e87484
3463743,EMAIL-7db8006395b7
3463777,EMAIL-526472e87484
3463806,EMAIL-526472e87484
3463810,EMAIL-7db8006395b7
3463839,EMAIL-526472e87484
3463868,EMAIL-a45016f2e246
3463874,EMAIL-7db8006395b7
3463967,EMAIL-3a8e7c5c8069
3464008,EMAIL-a45016f2e246
3464047,EMAIL-526472e87484
3464066,EMAIL-526472e87484
3464148,EMAIL-526472e87484
3464161,EMAIL-5cac1ed1c3bd
3464181,EMAIL-a45016f2e246
3464182,EMAIL-05c3ae107b3d
3464193,EMAIL-7db8006395b7
3464201,EMAIL-601679140412
3464206,EMAIL-526472e87484
3464219,EMAIL-526472e87484
3464221,EMAIL-a45016f2e246
3464262,EMAIL-526472e87484
3464298,EMAIL-526472e87484
3464302,EMAIL-526472e87484
3464331,EMAIL-601679140412
3464338,EMAIL-05c3ae107b3d
3464339,EMAIL-7db8006395b7
3464371,EMAIL-7db8006395b7
3464387,EMAIL-526472e87484
3464401,EMAIL-526472e87484
3464409,EMAIL-7db8006395b7
3464421,EMAIL-526472e87484
3464429,EMAIL-7db8006395b7
3464437,EMAIL-601679140412
3464438,EMAIL-601679140412
3464439,EMAIL-601679140412
3464442,EMAIL-526472e87484
3464475,EMAIL-7db8006395b7
3464484,EMAIL-7db8006395b7
3464501,EMAIL-05c3ae107b3d
3464512,EMAIL-023f08585708
3464545,EMAIL-526472e87484
3464566,EMAIL-7db8006395b7
3464629,EMAIL-b71ecbccbf34
3464671,EMAIL-526472e87484
3464682,EMAIL-526472e87484
3464689,EMAIL-7db8006395b7
3464691,EMAIL-526472e87484
3464750,EMAIL-526472e87484
3464766,EMAIL-05c3ae107b3d
3464769,EMAIL-526472e87484
3464781,EMAIL-05c3ae107b3d
3464810,EMAIL-05c3ae107b3d
3464869,EMAIL-601679140412
3464888,EMAIL-7db8006395b7
3464889,EMAIL-526472e87484
3464914,EMAIL-526472e87484
3464986,EMAIL-601679140412
3465027,EMAIL-526472e87484
3465055,EMAIL-601679140412
3465063,EMAIL-526472e87484
3465103,EMAIL-05c3ae107b3d
3465114,EMAIL-b71ecbccbf34
3465120,EMAIL-526472e87484
3465136,EMAIL-526472e87484
3465143,EMAIL-601679140412
3465154,EMAIL-601679140412
3465179,EMAIL-526472e87484
3465188,EMAIL-601679140412
3465194,EMAIL-b71ecbccbf34
3465233,EMAIL-526472e87484
3465254,EMAIL-526472e87484
3465266,EMAIL-7db8006395b7
3465290,EMAIL-601679140412
3465379,EMAIL-601679140412
3465441,EMAIL-05c3ae107b3d
3465510,EMAIL-7db8006395b7
3465520,EMAIL-7db8006395b7
3465521,EMAIL-7db8006395b7
3465524,EMAIL-a45016f2e246
3465532,EMAIL-dfe6a9c7c1a5
3465543,EMAIL-526472e87484
3465644,EMAIL-526472e87484
3465689,EMAIL-601679140412
3465695,EMAIL-601679140412
3465704,EMAIL-601679140412
3465705,EMAIL-8b942685451d
3465781,EMAIL-526472e87484
3465797,EMAIL-7db8006395b7
3465801,EMAIL-526472e87484
3465808,EMAIL-05c3ae107b3d
3465810,EMAIL-526472e87484
3465813,EMAIL-526472e87484
3465815,EMAIL-a45016f2e246
3465845,EMAIL-526472e87484
3465917,EMAIL-b71ecbccbf34
3465918,EMAIL-526472e87484
3465927,EMAIL-7db8006395b7
3465977,EMAIL-526472e87484
3465978,EMAIL-05c3ae107b3d
3465989,EMAIL-b71ecbccbf34
3466014,EMAIL-526472e87484
3466059,EMAIL-526472e87484
3466061,EMAIL-526472e87484
3466072,EMAIL-7db8006395b7
3466081,EMAIL-526472e87484
3466109,EMAIL-05c3ae107b3d
3466110,EMAIL-526472e87484
3466166,EMAIL-526472e87484
3466243,EMAIL-b71ecbccbf34
3466256,EMAIL-7db8006395b7
3466259,EMAIL-601679140412
3466263,EMAIL-05c3ae107b3d
3466303,EMAIL-526472e87484
3466313,EMAIL-526472e87484
3466315,EMAIL-526472e87484
3466320,EMAIL-526472e87484
3466332,EMAIL-7db8006395b7
3466409,EMAIL-526472e87484
3466466,EMAIL-7db8006395b7
3466474,EMAIL-05c3ae107b3d
3466478,EMAIL-7db8006395b7
3466569,EMAIL-526472e87484
3466584,EMAIL-526472e87484
3466599,EMAIL-526472e87484
3466600,EMAIL-05c3ae107b3d
3466602,EMAIL-05c3ae107b3d
3466619,EMAIL-526472e87484
3466641,EMAIL-7db8006395b7
3466649,EMAIL-526472e87484
3466666,EMAIL-526472e87484
3466667,EMAIL-526472e87484
3466675,EMAIL-a45016f2e246
3466693,EMAIL-526472e87484
3466704,EMAIL-7db8006395b7
3466721,EMAIL-526472e87484
3466726,EMAIL-526472e87484
3466737,EMAIL-526472e87484
3466741,EMAIL-05c3ae107b3d
3466750,EMAIL-526472e87484
3466768,EMAIL-526472e87484
3466791,EMAIL-7db8006395b7
3466804,EMAIL-05c3ae107b3d
3466818,EMAIL-7db8006395b7
3466870,EMAIL-526472e87484
3466920,EMAIL-7db8006395b7
3466969,EMAIL-526472e87484
3466986,EMAIL-05c3ae107b3d
3467009,EMAIL-526472e87484
3467019,EMAIL-662b3791aebd
3467029,EMAIL-05c3ae107b3d
3467035,EMAIL-05c3ae107b3d
3467063,EMAIL-05c3ae107b3d
3467074,EMAIL-526472e87484
3467098,EMAIL-526472e87484
3467109,EMAIL-7db8006395b7
3467157,EMAIL-526472e87484
3467166,EMAIL-526472e87484
3467211,EMAIL-601679140412
3467223,EMAIL-7db8006395b7
3467250,EMAIL-526472e87484
3467341,EMAIL-526472e87484
3467352,EMAIL-d1684fe68050
3467354,EMAIL-526472e87484
3467359,EMAIL-526472e87484
3467377,EMAIL-526472e87484
3467400,EMAIL-526472e87484
3467427,EMAIL-526472e87484
3467460,EMAIL-526472e87484
3467481,EMAIL-05c3ae107b3d
3467489,EMAIL-526472e87484
3467494,EMAIL-526472e87484
3467498,EMAIL-526472e87484
3467507,EMAIL-526472e87484
3467513,EMAIL-526472e87484
3467528,EMAIL-05c3ae107b3d
3467533,EMAIL-526472e87484
3467544,EMAIL-526472e87484
3467556,EMAIL-601679140412
3467610,EMAIL-05c3ae107b3d
3467611,EMAIL-05c3ae107b3d
3467621,EMAIL-05c3ae107b3d
3467635,EMAIL-526472e87484
3467648,EMAIL-526472e87484
3467660,EMAIL-7db8006395b7
3467691,EMAIL-05c3ae107b3d
3467725,EMAIL-526472e87484
3467744,EMAIL-5a343157d535
3467751,EMAIL-b71ecbccbf34
3467764,EMAIL-05c3ae107b3d
3467775,EMAIL-526472e87484
3467783,EMAIL-526472e87484
3467785,EMAIL-526472e87484
3467790,EMAIL-7db8006395b7
3467828,EMAIL-526472e87484
3467835,EMAIL-5a343157d535
3467870,EMAIL-05c3ae107b3d
3467894,EMAIL-526472e87484
3467907,EMAIL-7db8006395b7
3467924,EMAIL-05c3ae107b3d
3467932,EMAIL-94f19eddc52f
3467982,EMAIL-526472e87484
3467986,EMAIL-601679140412
3468059,EMAIL-526472e87484
3468070,EMAIL-526472e87484
3468074,EMAIL-7db8006395b7
3468097,EMAIL-7db8006395b7
3468126,EMAIL-526472e87484
3468133,EMAIL-526472e87484
3468137,EMAIL-526472e87484
3468142,EMAIL-526472e87484
3468151,EMAIL-526472e87484
3468154,EMAIL-0df48815e896
3468195,EMAIL-526472e87484
3468211,EMAIL-526472e87484
3468225,EMAIL-526472e87484
3468226,EMAIL-601679140412
3468248,EMAIL-05c3ae107b3d
3468249,EMAIL-7db8006395b7
3468251,EMAIL-601679140412
3468261,EMAIL-526472e87484
3468267,EMAIL-526472e87484
3468314,EMAIL-05c3ae107b3d
3468363,EMAIL-601679140412
3468378,EMAIL-526472e87484
3468389,EMAIL-526472e87484
3468392,EMAIL-7db8006395b7
3468395,EMAIL-526472e87484
3468415,EMAIL-05c3ae107b3d
3468457,EMAIL-526472e87484
3468463,EMAIL-526472e87484
3468484,EMAIL-526472e87484
3468491,EMAIL-601679140412
3468568,EMAIL-601679140412
3468581,EMAIL-b71ecbccbf34
3468596,EMAIL-601679140412
3468628,EMAIL-601679140412
3468643,EMAIL-05c3ae107b3d
3468647,EMAIL-601679140412
3468658,EMAIL-526472e87484
3468698,EMAIL-601679140412
3468725,EMAIL-526472e87484
3468768,EMAIL-526472e87484
3468778,EMAIL-601679140412
3468782,EMAIL-526472e87484
3468789,EMAIL-526472e87484
3468808,EMAIL-526472e87484
3468810,EMAIL-526472e87484
3468826,EMAIL-7db8006395b7
3468839,EMAIL-8b942685451d
3468905,EMAIL-526472e87484
3468912,EMAIL-526472e87484
3468939,EMAIL-b71ecbccbf34
3468946,EMAIL-b71ecbccbf34
3468957,EMAIL-b71ecbccbf34
3468977,EMAIL-b71ecbccbf34
3469049,EMAIL-526472e87484
3469056,EMAIL-7db8006395b7
3469068,EMAIL-05c3ae107b3d
3469096,EMAIL-7db8006395b7
3469136,EMAIL-a45016f2e246
3469176,EMAIL-526472e87484
3469197,EMAIL-7db8006395b7
3469217,EMAIL-05c3ae107b3d
3469279,EMAIL-7db8006395b7
3469283,EMAIL-601679140412
3469375,EMAIL-526472e87484
3469404,EMAIL-05c3ae107b3d
3469420,EMAIL-7db8006395b7
3469512,EMAIL-05c3ae107b3d
3469530,EMAIL-601679140412
3469547,EMAIL-526472e87484
3469572,EMAIL-7db8006395b7
3469585,EMAIL-05c3ae107b3d
3469597,EMAIL-7db8006395b7
3469648,EMAIL-526472e87484
3469685,EMAIL-01cc9250b615
3469686,EMAIL-526472e87484
3469718,EMAIL-7db8006395b7
3469730,EMAIL-b71ecbccbf34
3469751,EMAIL-526472e87484
3469771,EMAIL-526472e87484
3469775,EMAIL-601679140412
3469790,EMAIL-7db8006395b7
3469792,EMAIL-a45016f2e246
3469793,EMAIL-7db8006395b7
3469803,EMAIL-b71ecbccbf34
3469843,EMAIL-7db8006395b7
3469844,EMAIL-526472e87484
3469848,EMAIL-526472e87484
3469850,EMAIL-a45016f2e246
3469856,EMAIL-a45016f2e246
3469858,EMAIL-a45016f2e246
3469863,EMAIL-a45016f2e246
3469864,EMAIL-526472e87484
3469867,EMAIL-a45016f2e246
3469869,EMAIL-a45016f2e246
3469874,EMAIL-a45016f2e246
3469878,EMAIL-7db8006395b7
3469883,EMAIL-a45016f2e246
3469920,EMAIL-b71ecbccbf34
3469951,EMAIL-7db8006395b7
3469959,EMAIL-526472e87484
3469960,EMAIL-526472e87484
3469970,EMAIL-526472e87484
3469979,EMAIL-526472e87484
3470080,EMAIL-05c3ae107b3d
3470087,EMAIL-526472e87484
3470133,EMAIL-7db8006395b7
3470154,EMAIL-526472e87484
3470188,EMAIL-526472e87484
3470239,EMAIL-b71ecbccbf34
3470245,EMAIL-0df48815e896
3470269,EMAIL-b71ecbccbf34
3470347,EMAIL-526472e87484
3470420,EMAIL-7db8006395b7
3470428,EMAIL-526472e87484
3470434,EMAIL-7db8006395b7
3470504,EMAIL-526472e87484
3470595,EMAIL-526472e87484
3470601,EMAIL-526472e87484
3470610,EMAIL-526472e87484
3470621,EMAIL-526472e87484
3470662,EMAIL-05c3ae107b3d
3470663,EMAIL-526472e87484
3470700,EMAIL-526472e87484
3470707,EMAIL-05c3ae107b3d
3470748,EMAIL-05c3ae107b3d
3470763,EMAIL-05c3ae107b3d
3470772,EMAIL-526472e87484
3470795,EMAIL-526472e87484
3470823,EMAIL-601679140412
3470839,EMAIL-601679140412
3470857,EMAIL-526472e87484
3470892,EMAIL-7db8006395b7
3470913,EMAIL-7db8006395b7
3470920,EMAIL-7db8006395b7
3470930,EMAIL-b71ecbccbf34
3470932,EMAIL-526472e87484
3470937,EMAIL-7db8006395b7
3470938,EMAIL-dfe6a9c7c1a5
3470950,EMAIL-7db8006395b7
3470963,EMAIL-b71ecbccbf34
3470966,EMAIL-7db8006395b7
3471008,EMAIL-601679140412
3471021,EMAIL-7db8006395b7
3471053,EMAIL-a45016f2e246
3471056,EMAIL-05c3ae107b3d
3471057,EMAIL-01cc9250b615
3471078,EMAIL-05c3ae107b3d
3471143,EMAIL-526472e87484
3471236,EMAIL-05c3ae107b3d
3471289,EMAIL-526472e87484
3471338,EMAIL-526472e87484
3471340,EMAIL-526472e87484
3471372,EMAIL-526472e87484
3471401,EMAIL-526472e87484
3471471,EMAIL-526472e87484
3471548,EMAIL-05c3ae107b3d
3471562,EMAIL-526472e87484
3471636,EMAIL-05c3ae107b3d
3471684,EMAIL-601679140412
3471705,EMAIL-526472e87484
3471740,EMAIL-601679140412
3471761,EMAIL-526472e87484
3471839,EMAIL-05c3ae107b3d
3471882,EMAIL-526472e87484
3471897,EMAIL-601679140412
3471982,EMAIL-2c6b2b02a48e
3472034,EMAIL-dfe6a9c7c1a5
3472040,EMAIL-526472e87484
3472065,EMAIL-b71ecbccbf34
3472066,EMAIL-7db8006395b7
3472086,EMAIL-7eeee5f261e7
3472150,EMAIL-526472e87484
3472173,EMAIL-05c3ae107b3d
3472201,EMAIL-526472e87484
3472234,EMAIL-05c3ae107b3d
3472271,EMAIL-526472e87484
3472272,EMAIL-05c3ae107b3d
3472298,EMAIL-7db8006395b7
3472302,EMAIL-526472e87484
3472419,EMAIL-526472e87484
3472485,EMAIL-526472e87484
3472489,EMAIL-05c3ae107b3d
3472493,EMAIL-05c3ae107b3d
3472559,EMAIL-05c3ae107b3d
3472560,EMAIL-05c3ae107b3d
3472578,EMAIL-7db8006395b7
3472667,EMAIL-05c3ae107b3d
3472668,EMAIL-01cc9250b615
3472672,EMAIL-01cc9250b615
3472756,EMAIL-526472e87484
3472759,EMAIL-526472e87484
3472778,EMAIL-526472e87484
3472809,EMAIL-05c3ae107b3d
3472874,EMAIL-b71ecbccbf34
3472893,EMAIL-526472e87484
3472923,EMAIL-601679140412
3472959,EMAIL-526472e87484
3473012,EMAIL-601679140412
3473050,EMAIL-05c3ae107b3d
3473057,EMAIL-526472e87484
3473099,EMAIL-526472e87484
3473129,EMAIL-b71ecbccbf34
3473135,EMAIL-526472e87484
3473145,EMAIL-b71ecbccbf34
3473150,EMAIL-05c3ae107b3d
3473158,EMAIL-526472e87484
3473187,EMAIL-b71ecbccbf34
3473188,EMAIL-05c3ae107b3d
3473191,EMAIL-526472e87484
3473197,EMAIL-662b3791aebd
3473205,EMAIL-662b3791aebd
3473262,EMAIL-7db8006395b7
3473292,EMAIL-7db8006395b7
3473320,EMAIL-b71ecbccbf34
3473368,EMAIL-526472e87484
3473417,EMAIL-05c3ae107b3d
3473438,EMAIL-601679140412
3473453,EMAIL-526472e87484
3473455,EMAIL-601679140412
3473475,EMAIL-526472e87484
3473483,EMAIL-7db8006395b7
3473485,EMAIL-7db8006395b7
3473489,EMAIL-000db143c437
3473516,EMAIL-b71ecbccbf34
3473531,EMAIL-7db8006395b7
3473539,EMAIL-526472e87484
3473572,EMAIL-7db8006395b7
3473573,EMAIL-526472e87484
3473575,EMAIL-7db8006395b7
3473577,EMAIL-7db8006395b7
3473588,EMAIL-7db8006395b7
3473590,EMAIL-7db8006395b7
3473596,EMAIL-526472e87484
3473623,EMAIL-7db8006395b7
3473639,EMAIL-526472e87484
3473749,EMAIL-3a8e7c5c8069
3473758,EMAIL-05c3ae107b3d
3473765,EMAIL-7db8006395b7
3473788,EMAIL-b71ecbccbf34
3473811,EMAIL-7db8006395b7
3473840,EMAIL-05c3ae107b3d
3473870,EMAIL-526472e87484
3473911,EMAIL-05c3ae107b3d
3473977,EMAIL-b71ecbccbf34
3473980,EMAIL-7db8006395b7
3474036,EMAIL-526472e87484
3474049,EMAIL-7db8006395b7
3474053,EMAIL-526472e87484
3474057,EMAIL-526472e87484
3474058,EMAIL-7db8006395b7
3474070,EMAIL-7db8006395b7
3474081,EMAIL-7db8006395b7
3474089,EMAIL-7db8006395b7
3474092,EMAIL-7db8006395b7
3474110,EMAIL-7db8006395b7
3474173,EMAIL-7db8006395b7
3474190,EMAIL-526472e87484
3474192,EMAIL-b71ecbccbf34
3474194,EMAIL-526472e87484
3474213,EMAIL-526472e87484
3474222,EMAIL-7db8006395b7
3474229,EMAIL-526472e87484
3474245,EMAIL-7db8006395b7
3474255,EMAIL-1275669f6557
3474270,EMAIL-526472e87484
3474306,EMAIL-7db8006395b7
3474318,EMAIL-b71ecbccbf34
3474399,EMAIL-526472e87484
3474400,EMAIL-05c3ae107b3d
3474405,EMAIL-b71ecbccbf34
3474445,EMAIL-526472e87484
3474477,EMAIL-05c3ae107b3d
3474508,EMAIL-01cc9250b615
3474558,EMAIL-601679140412
3474560,EMAIL-7db8006395b7
3474564,EMAIL-526472e87484
3474589,EMAIL-526472e87484
3474600,EMAIL-7db8006395b7
3474607,EMAIL-05c3ae107b3d
3474725,EMAIL-601679140412
3474789,EMAIL-526472e87484
3474794,EMAIL-526472e87484
3474860,EMAIL-05c3ae107b3d
3474888,EMAIL-7db8006395b7
3474929,EMAIL-05c3ae107b3d
3474954,EMAIL-526472e87484
3474996,EMAIL-601679140412
3475002,EMAIL-7db8006395b7
3475056,EMAIL-526472e87484
3475094,EMAIL-526472e87484
3475108,EMAIL-526472e87484
3475136,EMAIL-601679140412
3475138,EMAIL-526472e87484
3475143,EMAIL-526472e87484
3475150,EMAIL-7db8006395b7
3475176,EMAIL-526472e87484
3475205,EMAIL-526472e87484
3475211,EMAIL-526472e87484
3475225,EMAIL-526472e87484
3475237,EMAIL-7db8006395b7
3475248,EMAIL-526472e87484
3475252,EMAIL-526472e87484
3475290,EMAIL-526472e87484
3475310,EMAIL-7db8006395b7
3475350,EMAIL-526472e87484
3475406,EMAIL-526472e87484
3475471,EMAIL-526472e87484
3475615,EMAIL-b71ecbccbf34
3475826,EMAIL-526472e87484
3475842,EMAIL-7db8006395b7
3475870,EMAIL-05c3ae107b3d
3475875,EMAIL-b71ecbccbf34
3475881,EMAIL-7db8006395b7
3475999,EMAIL-526472e87484
3476000,EMAIL-7db8006395b7
3476006,EMAIL-526472e87484
3476038,EMAIL-526472e87484
3476135,EMAIL-7db8006395b7
3476174,EMAIL-526472e87484
3476179,EMAIL-526472e87484
3476190,EMAIL-526472e87484
3476202,EMAIL-a45016f2e246
3476208,EMAIL-7db8006395b7
3476213,EMAIL-05c3ae107b3d
3476277,EMAIL-526472e87484
3476279,EMAIL-7db8006395b7
3476378,EMAIL-05c3ae107b3d
3476382,EMAIL-7db8006395b7
3476453,EMAIL-526472e87484
3476480,EMAIL-01cc9250b615
3476494,EMAIL-01cc9250b615
3476532,EMAIL-526472e87484
3476533,EMAIL-526472e87484
3476555,EMAIL-01cc9250b615
3476569,EMAIL-05c3ae107b3d
3476586,EMAIL-1221ee4a23d4
3476602,EMAIL-526472e87484
3476633,EMAIL-05c3ae107b3d
3476665,EMAIL-05c3ae107b3d
3476682,EMAIL-526472e87484
3476711,EMAIL-7db8006395b7
3476730,EMAIL-b71ecbccbf34
3476735,EMAIL-526472e87484
3476780,EMAIL-526472e87484
3476812,EMAIL-7db8006395b7
3476932,EMAIL-7db8006395b7
3476938,EMAIL-526472e87484
3476976,EMAIL-526472e87484
3477015,EMAIL-05c3ae107b3d
3477063,EMAIL-526472e87484
3477073,EMAIL-7db8006395b7
3477117,EMAIL-7db8006395b7
3477127,EMAIL-526472e87484
3477180,EMAIL-526472e87484
3477226,EMAIL-05c3ae107b3d
3477263,EMAIL-b71ecbccbf34
3477269,EMAIL-a45016f2e246
3477319,EMAIL-526472e87484
3477344,EMAIL-601679140412
3477364,EMAIL-b71ecbccbf34
3477386,EMAIL-526472e87484
3477426,EMAIL-7db8006395b7
3477428,EMAIL-526472e87484
3477438,EMAIL-526472e87484
3477493,EMAIL-526472e87484
3477517,EMAIL-601679140412
3477559,EMAIL-526472e87484
3477560,EMAIL-526472e87484
3477578,EMAIL-526472e87484
3477580,EMAIL-526472e87484
3477586,EMAIL-526472e87484
3477600,EMAIL-05c3ae107b3d
3477605,EMAIL-05c3ae107b3d
3477606,EMAIL-b71ecbccbf34
3477607,EMAIL-526472e87484
3477609,EMAIL-b71ecbccbf34
3477622,EMAIL-05c3ae107b3d
3477626,EMAIL-05c3ae107b3d
3477655,EMAIL-05c3ae107b3d
3477659,EMAIL-526472e87484
3477665,EMAIL-526472e87484
3477671,EMAIL-05c3ae107b3d
3477695,EMAIL-526472e87484
3477702,EMAIL-526472e87484
3477752,EMAIL-b71ecbccbf34
3477765,EMAIL-01cc9250b615
3477802,EMAIL-526472e87484
3477916,EMAIL-dfe6a9c7c1a5
3477942,EMAIL-526472e87484
3477971,EMAIL-05c3ae107b3d
3478037,EMAIL-526472e87484
3478049,EMAIL-526472e87484
3478060,EMAIL-526472e87484
3478061,EMAIL-d1684fe68050
3478112,EMAIL-526472e87484
3478133,EMAIL-526472e87484
3478162,EMAIL-05c3ae107b3d
3478163,EMAIL-526472e87484
3478172,EMAIL-7db8006395b7
3478178,EMAIL-3a8e7c5c8069
3478189,EMAIL-526472e87484
3478191,EMAIL-526472e87484
3478195,EMAIL-526472e87484
3478249,EMAIL-526472e87484
3478285,EMAIL-05c3ae107b3d
3478295,EMAIL-01cc9250b615
3478324,EMAIL-601679140412
3478347,EMAIL-05c3ae107b3d
3478409,EMAIL-05c3ae107b3d
3478416,EMAIL-05c3ae107b3d
3478478,EMAIL-7db8006395b7
3478481,EMAIL-526472e87484
3478486,EMAIL-601679140412
3478493,EMAIL-05c3ae107b3d
3478561,EMAIL-05c3ae107b3d
3478625,EMAIL-05c3ae107b3d
3478665,EMAIL-05c3ae107b3d
3478667,EMAIL-7db8006395b7
3478687,EMAIL-05c3ae107b3d
3478693,EMAIL-05c3ae107b3d
3478706,EMAIL-526472e87484
3478740,EMAIL-7db8006395b7
3478743,EMAIL-b71ecbccbf34
3478767,EMAIL-b71ecbccbf34
3478780,EMAIL-601679140412
3478782,EMAIL-7db8006395b7
3478808,EMAIL-b71ecbccbf34
3478866,EMAIL-05c3ae107b3d
3478877,EMAIL-05c3ae107b3d
3478881,EMAIL-526472e87484
3478886,EMAIL-526472e87484
3478892,EMAIL-526472e87484
3478901,EMAIL-b71ecbccbf34
3478915,EMAIL-05c3ae107b3d
3478933,EMAIL-b71ecbccbf34
3478938,EMAIL-526472e87484
3478964,EMAIL-526472e87484
3478977,EMAIL-601679140412
3479064,EMAIL-526472e87484
3479108,EMAIL-05c3ae107b3d
3479122,EMAIL-7db8006395b7
3479206,EMAIL-526472e87484
3479219,EMAIL-526472e87484
3479233,EMAIL-526472e87484
3479268,EMAIL-526472e87484
3479283,EMAIL-526472e87484
3479329,EMAIL-601679140412
3479379,EMAIL-7db8006395b7
3479397,EMAIL-526472e87484
3479417,EMAIL-526472e87484
3479467,EMAIL-05c3ae107b3d
3479521,EMAIL-526472e87484
3479538,EMAIL-526472e87484
3479544,EMAIL-05c3ae107b3d
3479568,EMAIL-7db8006395b7
3479644,EMAIL-526472e87484
3479690,EMAIL-05c3ae107b3d
3479716,EMAIL-526472e87484
3479771,EMAIL-526472e87484
3479810,EMAIL-526472e87484
3479815,EMAIL-526472e87484
3479817,EMAIL-7db8006395b7
3479875,EMAIL-526472e87484
3479890,EMAIL-526472e87484
3479908,EMAIL-526472e87484
3479971,EMAIL-526472e87484
3480047,EMAIL-526472e87484
3480060,EMAIL-7db8006395b7
3480063,EMAIL-526472e87484
3480066,EMAIL-7db8006395b7
3480077,EMAIL-b71ecbccbf34
3480105,EMAIL-526472e87484
3480117,EMAIL-526472e87484
3480131,EMAIL-526472e87484
3480204,EMAIL-526472e87484
3480256,EMAIL-526472e87484
3480294,EMAIL-526472e87484
3480322,EMAIL-dfe6a9c7c1a5
3480324,EMAIL-dfe6a9c7c1a5
3480328,EMAIL-526472e87484
3480330,EMAIL-dfe6a9c7c1a5
3480377,EMAIL-5a343157d535
3480418,EMAIL-05c3ae107b3d
3480457,EMAIL-526472e87484
3480495,EMAIL-05c3ae107b3d
3480496,EMAIL-7db8006395b7
3480525,EMAIL-526472e87484
3480528,EMAIL-526472e87484
3480537,EMAIL-05c3ae107b3d
3480560,EMAIL-05c3ae107b3d
3480604,EMAIL-526472e87484
3480652,EMAIL-526472e87484
3480669,EMAIL-526472e87484
3480675,EMAIL-7db8006395b7
3480736,EMAIL-05c3ae107b3d
3480743,EMAIL-526472e87484
3480744,EMAIL-526472e87484
3480752,EMAIL-05c3ae107b3d
3480753,EMAIL-526472e87484
3480811,EMAIL-601679140412
3480867,EMAIL-7db8006395b7
3480979,EMAIL-526472e87484
3480984,EMAIL-526472e87484
3481000,EMAIL-526472e87484
3481019,EMAIL-b71ecbccbf34
3481030,EMAIL-7db8006395b7
3481063,EMAIL-3a8e7c5c8069
3481115,EMAIL-526472e87484
3481130,EMAIL-526472e87484
3481136,EMAIL-05c3ae107b3d
3481169,EMAIL-05c3ae107b3d
3481202,EMAIL-b71ecbccbf34
3481232,EMAIL-526472e87484
3481255,EMAIL-b71ecbccbf34
3481256,EMAIL-7db8006395b7
3481298,EMAIL-dfe6a9c7c1a5
3481343,EMAIL-526472e87484
3481354,EMAIL-526472e87484
3481363,EMAIL-601679140412
3481408,EMAIL-526472e87484
3481538,EMAIL-b71ecbccbf34
3481554,EMAIL-526472e87484
3481566,EMAIL-47b8593a2f1d
3481596,EMAIL-526472e87484
3481613,EMAIL-526472e87484
3481614,EMAIL-526472e87484
3481653,EMAIL-526472e87484
3481669,EMAIL-05c3ae107b3d
3481673,EMAIL-526472e87484
3481688,EMAIL-601679140412
3481730,EMAIL-7db8006395b7
3481766,EMAIL-601679140412
3481768,EMAIL-b71ecbccbf34
3481781,EMAIL-526472e87484
3481789,EMAIL-526472e87484
3481799,EMAIL-526472e87484
3481807,EMAIL-b71ecbccbf34
3481818,EMAIL-526472e87484
3481873,EMAIL-05c3ae107b3d
3481913,EMAIL-b71ecbccbf34
3481953,EMAIL-05c3ae107b3d
3482037,EMAIL-05c3ae107b3d
3482047,EMAIL-7db8006395b7
3482062,EMAIL-526472e87484
3482092,EMAIL-2c6b2b02a48e
3482097,EMAIL-601679140412
3482159,EMAIL-01cc9250b615
3482171,EMAIL-b71ecbccbf34
3482188,EMAIL-526472e87484
3482194,EMAIL-01cc9250b615
3482233,EMAIL-05c3ae107b3d
3482283,EMAIL-526472e87484
3482298,EMAIL-526472e87484
3482368,EMAIL-526472e87484
3482454,EMAIL-7db8006395b7
3482491,EMAIL-b71ecbccbf34
3482499,EMAIL-526472e87484
3482536,EMAIL-526472e87484
3482540,EMAIL-05c3ae107b3d
3482574,EMAIL-526472e87484
3482611,EMAIL-7db8006395b7
3482613,EMAIL-526472e87484
3482659,EMAIL-a45016f2e246
3482663,EMAIL-05c3ae107b3d
3482666,EMAIL-526472e87484
3482683,EMAIL-7db8006395b7
3482687,EMAIL-526472e87484
3482695,EMAIL-526472e87484
3482719,EMAIL-526472e87484
3482742,EMAIL-526472e87484
3482774,EMAIL-526472e87484
3482812,EMAIL-05c3ae107b3d
3482820,EMAIL-7db8006395b7
3482839,EMAIL-05c3ae107b3d
3482860,EMAIL-05c3ae107b3d
3482867,EMAIL-526472e87484
3482924,EMAIL-601679140412
3482928,EMAIL-601679140412
3482929,EMAIL-601679140412
3482956,EMAIL-7db8006395b7
3483005,EMAIL-05c3ae107b3d
3483059,EMAIL-526472e87484
3483072,EMAIL-526472e87484
3483080,EMAIL-526472e87484
3483152,EMAIL-7db8006395b7
3483178,EMAIL-526472e87484
3483220,EMAIL-526472e87484
3483233,EMAIL-7db8006395b7
3483355,EMAIL-b2683a414714
3483357,EMAIL-b71ecbccbf34
3483365,EMAIL-05c3ae107b3d
3483381,EMAIL-526472e87484
3483384,EMAIL-662b3791aebd
3483390,EMAIL-0df48815e896
3483447,EMAIL-05c3ae107b3d
3483489,EMAIL-05c3ae107b3d
3483515,EMAIL-7db8006395b7
3483525,EMAIL-7db8006395b7
3483535,EMAIL-526472e87484
3483580,EMAIL-7db8006395b7
3483760,EMAIL-526472e87484
3483774,EMAIL-b71ecbccbf34
3483812,EMAIL-05c3ae107b3d
3483843,EMAIL-526472e87484
3483848,EMAIL-526472e87484
3483869,EMAIL-7db8006395b7
3483877,EMAIL-526472e87484
3483892,EMAIL-526472e87484
3483898,EMAIL-b71ecbccbf34
3483903,EMAIL-526472e87484
3483921,EMAIL-05c3ae107b3d
3483938,EMAIL-601679140412
3483969,EMAIL-7db8006395b7
3483971,EMAIL-526472e87484
3483981,EMAIL-526472e87484
3484005,EMAIL-05c3ae107b3d
3484013,EMAIL-05c3ae107b3d
3484023,EMAIL-526472e87484
3484024,EMAIL-05c3ae107b3d
3484045,EMAIL-05c3ae107b3d
3484065,EMAIL-526472e87484
3484074,EMAIL-526472e87484
3484092,EMAIL-526472e87484
3484115,EMAIL-526472e87484
3484128,EMAIL-05c3ae107b3d
3484181,EMAIL-05c3ae107b3d
3484197,EMAIL-526472e87484
3484226,EMAIL-05c3ae107b3d
3484249,EMAIL-526472e87484
3484251,EMAIL-a45016f2e246
3484252,EMAIL-526472e87484
3484291,EMAIL-526472e87484
3484332,EMAIL-05c3ae107b3d
3484378,EMAIL-526472e87484
3484429,EMAIL-601679140412
3484469,EMAIL-05c3ae107b3d
3484491,EMAIL-526472e87484
3484506,EMAIL-05c3ae107b3d
3484548,EMAIL-7db8006395b7
3484572,EMAIL-b71ecbccbf34
3484623,EMAIL-526472e87484
3484634,EMAIL-526472e87484
3484649,EMAIL-526472e87484
3484661,EMAIL-526472e87484
3484673,EMAIL-7db8006395b7
3484687,EMAIL-7db8006395b7
3484713,EMAIL-7db8006395b7
3484746,EMAIL-526472e87484
3484830,EMAIL-05c3ae107b3d
3484870,EMAIL-01cc9250b615
3484880,EMAIL-05c3ae107b3d
3484949,EMAIL-b71ecbccbf34
3485025,EMAIL-601679140412
3485064,EMAIL-526472e87484
3485090,EMAIL-7db8006395b7
3485105,EMAIL-526472e87484
3485108,EMAIL-526472e87484
3485143,EMAIL-05c3ae107b3d
3485179,EMAIL-7db8006395b7
3485327,EMAIL-526472e87484
3485360,EMAIL-526472e87484
3485377,EMAIL-526472e87484
3485410,EMAIL-526472e87484
3485417,EMAIL-7db8006395b7
3485446,EMAIL-7db8006395b7
3485489,EMAIL-7db8006395b7
3485552,EMAIL-526472e87484
3485560,EMAIL-b71ecbccbf34
3485574,EMAIL-7db8006395b7
3485594,EMAIL-7db8006395b7
3485596,EMAIL-526472e87484
3485603,EMAIL-526472e87484
3485609,EMAIL-7db8006395b7
3485651,EMAIL-526472e87484
3485658,EMAIL-05c3ae107b3d
3485664,EMAIL-2c6b2b02a48e
3485666,EMAIL-526472e87484
3485677,EMAIL-526472e87484
3485727,EMAIL-526472e87484
3485762,EMAIL-526472e87484
3485765,EMAIL-526472e87484
3485766,EMAIL-526472e87484
3485801,EMAIL-526472e87484
3485808,EMAIL-a45016f2e246
3485810,EMAIL-526472e87484
3485836,EMAIL-601679140412
3485848,EMAIL-526472e87484
3485864,EMAIL-526472e87484
3485877,EMAIL-7db8006395b7
3485910,EMAIL-05c3ae107b3d
3485933,EMAIL-05c3ae107b3d
3485948,EMAIL-05c3ae107b3d
3485973,EMAIL-7db8006395b7
3485997,EMAIL-7db8006395b7
3485998,EMAIL-8b942685451d
3486001,EMAIL-601679140412
3486009,EMAIL-526472e87484
3486038,EMAIL-526472e87484
3486046,EMAIL-05c3ae107b3d
3486049,EMAIL-601679140412
3486073,EMAIL-7db8006395b7
3486080,EMAIL-05c3ae107b3d
3486111,EMAIL-7db8006395b7
3486128,EMAIL-526472e87484
3486132,EMAIL-7db8006395b7
3486178,EMAIL-05c3ae107b3d
3486190,EMAIL-601679140412
3486192,EMAIL-b71ecbccbf34
3486224,EMAIL-526472e87484
3486246,EMAIL-05c3ae107b3d
3486261,EMAIL-7db8006395b7
3486266,EMAIL-526472e87484
3486315,EMAIL-05c3ae107b3d
3486341,EMAIL-7db8006395b7
3486451,EMAIL-05c3ae107b3d
3486462,EMAIL-526472e87484
3486466,EMAIL-601679140412
3486507,EMAIL-b71ecbccbf34
3486522,EMAIL-7db8006395b7
3486559,EMAIL-526472e87484
3486581,EMAIL-526472e87484
3486603,EMAIL-7db8006395b7
3486620,EMAIL-526472e87484
3486657,EMAIL-526472e87484
3486700,EMAIL-7db8006395b7
3486718,EMAIL-7db8006395b7
3486725,EMAIL-526472e87484
3486750,EMAIL-526472e87484
3486755,EMAIL-601679140412
3486803,EMAIL-83e81c0f7766
3486816,EMAIL-526472e87484
3486823,EMAIL-526472e87484
3486897,EMAIL-526472e87484
3486914,EMAIL-a45016f2e246
3486949,EMAIL-05c3ae107b3d
3486951,EMAIL-526472e87484
3486954,EMAIL-7db8006395b7
3486963,EMAIL-7db8006395b7
3486965,EMAIL-7db8006395b7
3486966,EMAIL-05c3ae107b3d
3487021,EMAIL-7db8006395b7
3487032,EMAIL-601679140412
3487050,EMAIL-526472e87484
3487082,EMAIL-05c3ae107b3d
3487100,EMAIL-526472e87484
3487112,EMAIL-526472e87484
3487162,EMAIL-526472e87484
3487253,EMAIL-7db8006395b7
3487257,EMAIL-526472e87484
3487311,EMAIL-526472e87484
3487337,EMAIL-526472e87484
3487397,EMAIL-05c3ae107b3d
3487401,EMAIL-526472e87484
3487415,EMAIL-05c3ae107b3d
3487421,EMAIL-7db8006395b7
3487425,EMAIL-05c3ae107b3d
3487430,EMAIL-05c3ae107b3d
3487444,EMAIL-601679140412
3487470,EMAIL-05c3ae107b3d
3487482,EMAIL-05c3ae107b3d
3487493,EMAIL-05c3ae107b3d
3487509,EMAIL-05c3ae107b3d
3487520,EMAIL-526472e87484
3487549,EMAIL-526472e87484
3487553,EMAIL-7db8006395b7
3487555,EMAIL-601679140412
3487557,EMAIL-05c3ae107b3d
3487567,EMAIL-526472e87484
3487570,EMAIL-601679140412
3487571,EMAIL-601679140412
3487573,EMAIL-601679140412
3487585,EMAIL-601679140412
3487600,EMAIL-601679140412
3487604,EMAIL-05c3ae107b3d
3487610,EMAIL-601679140412
3487614,EMAIL-b71ecbccbf34
3487632,EMAIL-526472e87484
3487659,EMAIL-526472e87484
3487665,EMAIL-05c3ae107b3d
3487685,EMAIL-526472e87484
3487694,EMAIL-526472e87484
3487738,EMAIL-526472e87484
3487774,EMAIL-05c3ae107b3d
3487810,EMAIL-05c3ae107b3d
3487816,EMAIL-05c3ae107b3d
3487833,EMAIL-526472e87484
3487841,EMAIL-7db8006395b7
3487843,EMAIL-01cc9250b615
3487850,EMAIL-526472e87484
3487860,EMAIL-7db8006395b7
3487905,EMAIL-b71ecbccbf34
3487947,EMAIL-526472e87484
3487973,EMAIL-05c3ae107b3d
3487984,EMAIL-526472e87484
3487985,EMAIL-05c3ae107b3d
3487994,EMAIL-05c3ae107b3d
3488000,EMAIL-05c3ae107b3d
3488001,EMAIL-526472e87484
3488006,EMAIL-b71ecbccbf34
3488015,EMAIL-05c3ae107b3d
3488023,EMAIL-05c3ae107b3d
3488044,EMAIL-05c3ae107b3d
3488056,EMAIL-b71ecbccbf34
3488061,EMAIL-05c3ae107b3d
3488077,EMAIL-601679140412
3488103,EMAIL-b71ecbccbf34
3488106,EMAIL-2c6b2b02a48e
3488116,EMAIL-b71ecbccbf34
3488118,EMAIL-526472e87484
3488132,EMAIL-526472e87484
3488153,EMAIL-526472e87484
3488287,EMAIL-7eeee5f261e7
3488306,EMAIL-05c3ae107b3d
3488325,EMAIL-b71ecbccbf34
3488371,EMAIL-b71ecbccbf34
3488381,EMAIL-526472e87484
3488391,EMAIL-526472e87484
3488433,EMAIL-526472e87484
3488462,EMAIL-526472e87484
3488476,EMAIL-d1684fe68050
3488490,EMAIL-526472e87484
3488502,EMAIL-601679140412
3488570,EMAIL-526472e87484
3488576,EMAIL-526472e87484
3488601,EMAIL-b71ecbccbf34
3488698,EMAIL-7db8006395b7
3488736,EMAIL-526472e87484
3488749,EMAIL-05c3ae107b3d
3488755,EMAIL-526472e87484
3488761,EMAIL-526472e87484
3488795,EMAIL-a45016f2e246
3488828,EMAIL-7db8006395b7
3488844,EMAIL-601679140412
3488852,EMAIL-7db8006395b7
3488866,EMAIL-b71ecbccbf34
3488891,EMAIL-47b8593a2f1d
3488893,EMAIL-7db8006395b7
3488904,EMAIL-7db8006395b7
3488922,EMAIL-d1684fe68050
3488954,EMAIL-526472e87484
3488967,EMAIL-526472e87484
3488992,EMAIL-7db8006395b7
3489007,EMAIL-7db8006395b7
3489012,EMAIL-7db8006395b7
3489019,EMAIL-05c3ae107b3d
3489121,EMAIL-0df48815e896
3489132,EMAIL-526472e87484
3489134,EMAIL-7db8006395b7
3489157,EMAIL-526472e87484
3489203,EMAIL-601679140412
3489290,EMAIL-526472e87484
3489320,EMAIL-05c3ae107b3d
3489350,EMAIL-601679140412
3489383,EMAIL-526472e87484
3489390,EMAIL-7db8006395b7
3489428,EMAIL-526472e87484
3489437,EMAIL-526472e87484
3489497,EMAIL-05c3ae107b3d
3489509,EMAIL-05c3ae107b3d
3489515,EMAIL-05c3ae107b3d
3489531,EMAIL-526472e87484
3489635,EMAIL-526472e87484
3489691,EMAIL-526472e87484
3489703,EMAIL-7db8006395b7
3489717,EMAIL-526472e87484
3489720,EMAIL-05c3ae107b3d
3489772,EMAIL-526472e87484
3489813,EMAIL-526472e87484
3489863,EMAIL-05c3ae107b3d
3489904,EMAIL-526472e87484
3489922,EMAIL-601679140412
3489981,EMAIL-7db8006395b7
3490019,EMAIL-601679140412
3490069,EMAIL-526472e87484
3490114,EMAIL-dfe6a9c7c1a5
3490121,EMAIL-601679140412
3490173,EMAIL-526472e87484
3490180,EMAIL-526472e87484
3490190,EMAIL-05c3ae107b3d
3490239,EMAIL-526472e87484
3490289,EMAIL-526472e87484
3490305,EMAIL-601679140412
3490307,EMAIL-05c3ae107b3d
3490330,EMAIL-601679140412
3490338,EMAIL-526472e87484
3490411,EMAIL-5cac1ed1c3bd
3490414,EMAIL-526472e87484
3490424,EMAIL-05c3ae107b3d
3490434,EMAIL-526472e87484
3490444,EMAIL-b71ecbccbf34
3490511,EMAIL-b71ecbccbf34
3490532,EMAIL-526472e87484
3490554,EMAIL-05c3ae107b3d
3490585,EMAIL-526472e87484
3490594,EMAIL-05c3ae107b3d
3490630,EMAIL-526472e87484
3490655,EMAIL-b71ecbccbf34
3490727,EMAIL-526472e87484
3490771,EMAIL-601679140412
3490787,EMAIL-526472e87484
3490824,EMAIL-601679140412
3490885,EMAIL-7db8006395b7
3490890,EMAIL-05c3ae107b3d
3490919,EMAIL-7db8006395b7
3490961,EMAIL-05c3ae107b3d
3490974,EMAIL-05c3ae107b3d
3491042,EMAIL-526472e87484
3491089,EMAIL-526472e87484
3491111,EMAIL-7db8006395b7
3491157,EMAIL-7db8006395b7
3491227,EMAIL-05c3ae107b3d
3491271,EMAIL-05c3ae107b3d
3491334,EMAIL-601679140412
3491379,EMAIL-526472e87484
3491454,EMAIL-7db8006395b7
3491469,EMAIL-601679140412
3491515,EMAIL-05c3ae107b3d
3491537,EMAIL-b71ecbccbf34
3491586,EMAIL-526472e87484
3491624,EMAIL-05c3ae107b3d
3491643,EMAIL-05c3ae107b3d
3491653,EMAIL-05c3ae107b3d
3491668,EMAIL-7db8006395b7
3491680,EMAIL-526472e87484
3491753,EMAIL-526472e87484
3491774,EMAIL-526472e87484
3491793,EMAIL-526472e87484
3491794,EMAIL-526472e87484
3491797,EMAIL-526472e87484
3491856,EMAIL-05c3ae107b3d
3491872,EMAIL-662b3791aebd
3491884,EMAIL-526472e87484
3491971,EMAIL-601679140412
3491977,EMAIL-526472e87484
3491988,EMAIL-601679140412
3492018,EMAIL-601679140412
3492059,EMAIL-5a343157d535
3492076,EMAIL-601679140412
3492083,EMAIL-526472e87484
3492086,EMAIL-0df48815e896
3492105,EMAIL-526472e87484
3492116,EMAIL-526472e87484
3492168,EMAIL-601679140412
3492219,EMAIL-526472e87484
3492221,EMAIL-601679140412
3492240,EMAIL-526472e87484
3492243,EMAIL-526472e87484
3492245,EMAIL-7db8006395b7
3492248,EMAIL-7db8006395b7
3492269,EMAIL-526472e87484
3492278,EMAIL-b71ecbccbf34
3492288,EMAIL-526472e87484
3492300,EMAIL-3a8e7c5c8069
3492306,EMAIL-526472e87484
3492310,EMAIL-526472e87484
3492335,EMAIL-526472e87484
3492336,EMAIL-526472e87484
3492354,EMAIL-526472e87484
3492357,EMAIL-526472e87484
3492405,EMAIL-b71ecbccbf34
3492418,EMAIL-526472e87484
3492458,EMAIL-526472e87484
3492538,EMAIL-526472e87484
3492544,EMAIL-526472e87484
3492558,EMAIL-7db8006395b7
3492559,EMAIL-7db8006395b7
3492637,EMAIL-05c3ae107b3d
3492694,EMAIL-7db8006395b7
3492782,EMAIL-7db8006395b7
3492783,EMAIL-05c3ae107b3d
3492889,EMAIL-526472e87484
3492901,EMAIL-601679140412
3492968,EMAIL-b71ecbccbf34
3492992,EMAIL-05c3ae107b3d
3493006,EMAIL-601679140412
3493040,EMAIL-526472e87484
3493044,EMAIL-7db8006395b7
3493061,EMAIL-b71ecbccbf34
3493114,EMAIL-05c3ae107b3d
3493118,EMAIL-b71ecbccbf34
3493212,EMAIL-7db8006395b7
3493229,EMAIL-05c3ae107b3d
3493254,EMAIL-05c3ae107b3d
3493258,EMAIL-7db8006395b7
3493279,EMAIL-7db8006395b7
3493293,EMAIL-601679140412
3493295,EMAIL-b71ecbccbf34
3493301,EMAIL-b71ecbccbf34
3493314,EMAIL-7db8006395b7
3493319,EMAIL-05c3ae107b3d
3493321,EMAIL-7db8006395b7
3493380,EMAIL-526472e87484
3493403,EMAIL-7db8006395b7
3493411,EMAIL-526472e87484
3493416,EMAIL-7db8006395b7
3493418,EMAIL-023f08585708
3493424,EMAIL-023f08585708
3493475,EMAIL-dfe6a9c7c1a5
3493489,EMAIL-526472e87484
3493519,EMAIL-7db8006395b7
3493522,EMAIL-7db8006395b7
3493544,EMAIL-05c3ae107b3d
3493550,EMAIL-526472e87484
3493555,EMAIL-05c3ae107b3d
3493598,EMAIL-526472e87484
3493649,EMAIL-05c3ae107b3d
3493660,EMAIL-601679140412
3493682,EMAIL-526472e87484
3493707,EMAIL-526472e87484
3493708,EMAIL-7db8006395b7
3493757,EMAIL-526472e87484
3493799,EMAIL-526472e87484
3493830,EMAIL-601679140412
3493835,EMAIL-a45016f2e246
3493839,EMAIL-526472e87484
3493891,EMAIL-7db8006395b7
3493922,EMAIL-662b3791aebd
3493982,EMAIL-b71ecbccbf34
3494038,EMAIL-526472e87484
3494054,EMAIL-7db8006395b7
3494067,EMAIL-7db8006395b7
3494074,EMAIL-7db8006395b7
3494109,EMAIL-526472e87484
3494140,EMAIL-7db8006395b7
3494157,EMAIL-526472e87484
3494170,EMAIL-7db8006395b7
3494202,EMAIL-7db8006395b7
3494226,EMAIL-7db8006395b7
3494271,EMAIL-601679140412
3494277,EMAIL-601679140412
3494283,EMAIL-526472e87484
3494297,EMAIL-526472e87484
3494313,EMAIL-05c3ae107b3d
3494337,EMAIL-526472e87484
3494372,EMAIL-7db8006395b7
3494378,EMAIL-7db8006395b7
3494395,EMAIL-526472e87484
3494405,EMAIL-7db8006395b7
3494409,EMAIL-526472e87484
3494410,EMAIL-7db8006395b7
3494413,EMAIL-7db8006395b7
3494455,EMAIL-6617a7d96b17
3494472,EMAIL-526472e87484
3494500,EMAIL-526472e87484
3494503,EMAIL-7db8006395b7
3494526,EMAIL-526472e87484
3494560,EMAIL-526472e87484
3494567,EMAIL-7db8006395b7
3494569,EMAIL-526472e87484
3494576,EMAIL-526472e87484
3494577,EMAIL-7db8006395b7
3494590,EMAIL-526472e87484
3494597,EMAIL-7db8006395b7
3494602,EMAIL-f757a40fae92
3494615,EMAIL-7db8006395b7
3494625,EMAIL-526472e87484
3494637,EMAIL-526472e87484
3494642,EMAIL-7db8006395b7
3494675,EMAIL-526472e87484
3494681,EMAIL-05c3ae107b3d
3494691,EMAIL-7db8006395b7
3494772,EMAIL-526472e87484
3494795,EMAIL-526472e87484
3494835,EMAIL-7db8006395b7
3494863,EMAIL-526472e87484
3494867,EMAIL-7db8006395b7
3494913,EMAIL-7db8006395b7
3494914,EMAIL-526472e87484
3494949,EMAIL-526472e87484
3494951,EMAIL-05c3ae107b3d
3494979,EMAIL-526472e87484
3494986,EMAIL-526472e87484
3495007,EMAIL-2c6b2b02a48e
3495033,EMAIL-7db8006395b7
3495037,EMAIL-526472e87484
3495052,EMAIL-526472e87484
3495053,EMAIL-526472e87484
3495061,EMAIL-526472e87484
3495066,EMAIL-526472e87484
3495090,EMAIL-526472e87484
3495111,EMAIL-05c3ae107b3d
3495116,EMAIL-526472e87484
3495125,EMAIL-9f7909255943
3495143,EMAIL-05c3ae107b3d
3495181,EMAIL-526472e87484
3495232,EMAIL-526472e87484
3495325,EMAIL-b71ecbccbf34
3495379,EMAIL-7db8006395b7
3495389,EMAIL-7db8006395b7
3495392,EMAIL-05c3ae107b3d
3495400,EMAIL-05c3ae107b3d
3495441,EMAIL-7db8006395b7
3495448,EMAIL-526472e87484
3495460,EMAIL-7db8006395b7
3495504,EMAIL-526472e87484
3495507,EMAIL-526472e87484
3495532,EMAIL-526472e87484
3495563,EMAIL-7db8006395b7
3495595,EMAIL-d1684fe68050
3495617,EMAIL-d1684fe68050
3495684,EMAIL-b71ecbccbf34
3495731,EMAIL-526472e87484
3495751,EMAIL-526472e87484
3495770,EMAIL-7db8006395b7
3495821,EMAIL-05c3ae107b3d
3495828,EMAIL-7db8006395b7
3495859,EMAIL-7db8006395b7
3495863,EMAIL-7db8006395b7
3495904,EMAIL-b71ecbccbf34
3495908,EMAIL-05c3ae107b3d
3495952,EMAIL-05c3ae107b3d
3495961,EMAIL-526472e87484
3495976,EMAIL-2c6b2b02a48e
3495996,EMAIL-7db8006395b7
3495998,EMAIL-526472e87484
3496054,EMAIL-526472e87484
3496074,EMAIL-526472e87484
3496077,EMAIL-526472e87484
3496085,EMAIL-526472e87484
3496141,EMAIL-526472e87484
3496170,EMAIL-05c3ae107b3d
3496190,EMAIL-526472e87484
3496216,EMAIL-526472e87484
3496222,EMAIL-05c3ae107b3d
3496239,EMAIL-05c3ae107b3d
3496252,EMAIL-526472e87484
3496257,EMAIL-526472e87484
3496278,EMAIL-526472e87484
3496288,EMAIL-526472e87484
3496335,EMAIL-05c3ae107b3d
3496340,EMAIL-05c3ae107b3d
3496429,EMAIL-7db8006395b7
3496446,EMAIL-526472e87484
3496461,EMAIL-526472e87484
3496468,EMAIL-526472e87484
3496473,EMAIL-526472e87484
3496532,EMAIL-526472e87484
3496552,EMAIL-7db8006395b7
3496579,EMAIL-526472e87484
3496611,EMAIL-526472e87484
3496642,EMAIL-05c3ae107b3d
3496647,EMAIL-7db8006395b7
3496648,EMAIL-526472e87484
3496681,EMAIL-7db8006395b7
3496694,EMAIL-526472e87484
3496717,EMAIL-526472e87484
3496718,EMAIL-a45016f2e246
3496730,EMAIL-7db8006395b7
3496796,EMAIL-526472e87484
3496807,EMAIL-05c3ae107b3d
3496814,EMAIL-05c3ae107b3d
3496839,EMAIL-05c3ae107b3d
3496867,EMAIL-7db8006395b7
3496880,EMAIL-526472e87484
3496956,EMAIL-7db8006395b7
3497029,EMAIL-601679140412
3497060,EMAIL-05c3ae107b3d
3497078,EMAIL-526472e87484
3497092,EMAIL-b71ecbccbf34
3497123,EMAIL-601679140412
3497135,EMAIL-7db8006395b7
3497187,EMAIL-05c3ae107b3d
3497188,EMAIL-601679140412
3497201,EMAIL-526472e87484
3497213,EMAIL-7db8006395b7
3497262,EMAIL-7db8006395b7
3497265,EMAIL-526472e87484
3497338,EMAIL-526472e87484
3497358,EMAIL-05c3ae107b3d
3497368,EMAIL-7db8006395b7
3497391,EMAIL-526472e87484
3497394,EMAIL-601679140412
3497417,EMAIL-b71ecbccbf34
3497451,EMAIL-526472e87484
3497452,EMAIL-526472e87484
3497497,EMAIL-601679140412
3497503,EMAIL-7db8006395b7
3497509,EMAIL-2c6b2b02a48e
3497514,EMAIL-05c3ae107b3d
3497527,EMAIL-05c3ae107b3d
3497536,EMAIL-601679140412
3497540,EMAIL-05c3ae107b3d
3497541,EMAIL-7eeee5f261e7
3497544,EMAIL-7db8006395b7
3497594,EMAIL-526472e87484
3497600,EMAIL-7db8006395b7
3497620,EMAIL-526472e87484
3497644,EMAIL-526472e87484
3497647,EMAIL-05c3ae107b3d
3497681,EMAIL-7db8006395b7
3497696,EMAIL-526472e87484
3497738,EMAIL-5cac1ed1c3bd
3497740,EMAIL-7db8006395b7
3497751,EMAIL-b71ecbccbf34
3497798,EMAIL-526472e87484
3497812,EMAIL-526472e87484
3497813,EMAIL-05c3ae107b3d
3497820,EMAIL-526472e87484
3497821,EMAIL-526472e87484
3497847,EMAIL-526472e87484
3497883,EMAIL-526472e87484
3497911,EMAIL-526472e87484
3497924,EMAIL-05c3ae107b3d
3497928,EMAIL-601679140412
3497943,EMAIL-526472e87484
3498031,EMAIL-526472e87484
3498043,EMAIL-526472e87484
3498106,EMAIL-526472e87484
3498111,EMAIL-526472e87484
3498132,EMAIL-526472e87484
3498150,EMAIL-7db8006395b7
3498158,EMAIL-526472e87484
3498193,EMAIL-526472e87484
3498196,EMAIL-526472e87484
3498204,EMAIL-526472e87484
3498213,EMAIL-601679140412
3498255,EMAIL-526472e87484
3498266,EMAIL-526472e87484
3498293,EMAIL-05c3ae107b3d
3498332,EMAIL-526472e87484
3498355,EMAIL-7db8006395b7
3498413,EMAIL-b71ecbccbf34
3498428,EMAIL-05c3ae107b3d
3498429,EMAIL-7db8006395b7
3498434,EMAIL-7db8006395b7
3498451,EMAIL-7db8006395b7
3498499,EMAIL-05c3ae107b3d
3498531,EMAIL-05c3ae107b3d
3498533,EMAIL-526472e87484
3498605,EMAIL-b71ecbccbf34
3498654,EMAIL-526472e87484
3498659,EMAIL-83e81c0f7766
3498690,EMAIL-7db8006395b7
3498702,EMAIL-05c3ae107b3d
3498728,EMAIL-526472e87484
3498731,EMAIL-05c3ae107b3d
3498736,EMAIL-526472e87484
3498844,EMAIL-7db8006395b7
3498881,EMAIL-526472e87484
3498907,EMAIL-7db8006395b7
3498908,EMAIL-526472e87484
3498931,EMAIL-526472e87484
3498958,EMAIL-526472e87484
3498962,EMAIL-526472e87484
3498966,EMAIL-526472e87484
3498969,EMAIL-526472e87484
3498977,EMAIL-7db8006395b7
3498981,EMAIL-526472e87484
3498988,EMAIL-05c3ae107b3d
3499031,EMAIL-526472e87484
3499033,EMAIL-526472e87484
3499049,EMAIL-05c3ae107b3d
3499098,EMAIL-7db8006395b7
3499109,EMAIL-526472e87484
3499141,EMAIL-526472e87484
3499165,EMAIL-7db8006395b7
3499168,EMAIL-526472e87484
3499170,EMAIL-05c3ae107b3d
3499188,EMAIL-526472e87484
3499218,EMAIL-601679140412
3499223,EMAIL-526472e87484
3499229,EMAIL-7db8006395b7
3499250,EMAIL-526472e87484
3499326,EMAIL-a45016f2e246
3499346,EMAIL-05c3ae107b3d
3499349,EMAIL-601679140412
3499352,EMAIL-526472e87484
3499370,EMAIL-b71ecbccbf34
3499391,EMAIL-526472e87484
3499405,EMAIL-b71ecbccbf34
3499408,EMAIL-526472e87484
3499409,EMAIL-526472e87484
3499411,EMAIL-526472e87484
3499424,EMAIL-526472e87484
3499499,EMAIL-526472e87484
3499509,EMAIL-b71ecbccbf34
3499512,EMAIL-526472e87484
3499550,EMAIL-7db8006395b7
3499587,EMAIL-7db8006395b7
3499610,EMAIL-526472e87484
3499615,EMAIL-7db8006395b7
3499633,EMAIL-526472e87484
3499653,EMAIL-05c3ae107b3d
3499657,EMAIL-8b942685451d
3499662,EMAIL-05c3ae107b3d
3499690,EMAIL-05c3ae107b3d
3499751,EMAIL-7db8006395b7
3499775,EMAIL-b71ecbccbf34
3499793,EMAIL-526472e87484
3499916,EMAIL-526472e87484
3499956,EMAIL-05c3ae107b3d
3499976,EMAIL-601679140412
3499982,EMAIL-526472e87484
3499998,EMAIL-05c3ae107b3d
3500027,EMAIL-526472e87484
3500061,EMAIL-526472e87484
3500094,EMAIL-dfe6a9c7c1a5
3500126,EMAIL-526472e87484
3500155,EMAIL-05c3ae107b3d
3500173,EMAIL-526472e87484
3500193,EMAIL-7db8006395b7
3500203,EMAIL-526472e87484
3500256,EMAIL-526472e87484
3500276,EMAIL-526472e87484
3500293,EMAIL-526472e87484
3500299,EMAIL-7db8006395b7
3500304,EMAIL-601679140412
3500332,EMAIL-526472e87484
3500360,EMAIL-526472e87484
3500405,EMAIL-7db8006395b7
3500429,EMAIL-05c3ae107b3d
3500433,EMAIL-7db8006395b7
3500440,EMAIL-601679140412
3500441,EMAIL-526472e87484
3500445,EMAIL-05c3ae107b3d
3500452,EMAIL-526472e87484
3500474,EMAIL-601679140412
3500544,EMAIL-7db8006395b7
3500569,EMAIL-526472e87484
3500576,EMAIL-526472e87484
3500577,EMAIL-601679140412
3500584,EMAIL-b71ecbccbf34
3500631,EMAIL-526472e87484
3500670,EMAIL-2c6b2b02a48e
3500672,EMAIL-526472e87484
3500707,EMAIL-b71ecbccbf34
3500708,EMAIL-a45016f2e246
3500736,EMAIL-526472e87484
3500738,EMAIL-7db8006395b7
3500759,EMAIL-526472e87484
3500788,EMAIL-601679140412
3500820,EMAIL-8b942685451d
3500844,EMAIL-601679140412
3500864,EMAIL-7db8006395b7
3500865,EMAIL-7db8006395b7
3500896,EMAIL-526472e87484
3500903,EMAIL-526472e87484
3500907,EMAIL-05c3ae107b3d
3500910,EMAIL-b71ecbccbf34
3500934,EMAIL-526472e87484
3500959,EMAIL-b71ecbccbf34
3500962,EMAIL-b71ecbccbf34
3500980,EMAIL-b71ecbccbf34
3500983,EMAIL-05c3ae107b3d
3500984,EMAIL-05c3ae107b3d
3500991,EMAIL-526472e87484
3501028,EMAIL-000db143c437
3501031,EMAIL-526472e87484
3501043,EMAIL-526472e87484
3501048,EMAIL-526472e87484
3501067,EMAIL-a45016f2e246
3501181,EMAIL-05c3ae107b3d
3501202,EMAIL-b71ecbccbf34
3501233,EMAIL-526472e87484
3501245,EMAIL-526472e87484
3501263,EMAIL-b71ecbccbf34
3501264,EMAIL-b71ecbccbf34
3501304,EMAIL-05c3ae107b3d
3501398,EMAIL-601679140412
3501422,EMAIL-526472e87484
3501428,EMAIL-526472e87484
3501458,EMAIL-526472e87484
3501484,EMAIL-601679140412
3501510,EMAIL-526472e87484
3501512,EMAIL-000db143c437
3501538,EMAIL-526472e87484
3501550,EMAIL-526472e87484
3501566,EMAIL-601679140412
3501567,EMAIL-526472e87484
3501569,EMAIL-526472e87484
3501611,EMAIL-7db8006395b7
3501613,EMAIL-dfe6a9c7c1a5
3501636,EMAIL-05c3ae107b3d
3501650,EMAIL-526472e87484
3501659,EMAIL-526472e87484
3501669,EMAIL-7db8006395b7
3501684,EMAIL-7db8006395b7
3501728,EMAIL-601679140412
3501732,EMAIL-526472e87484
3501751,EMAIL-7db8006395b7
3501790,EMAIL-526472e87484
3501807,EMAIL-a45016f2e246
3501815,EMAIL-05c3ae107b3d
3501827,EMAIL-b71ecbccbf34
3501832,EMAIL-05c3ae107b3d
3501841,EMAIL-a45016f2e246
3501873,EMAIL-05c3ae107b3d
3501878,EMAIL-601679140412
3501882,EMAIL-05c3ae107b3d
3501890,EMAIL-05c3ae107b3d
3501892,EMAIL-a45016f2e246
3501896,EMAIL-a45016f2e246
3501935,EMAIL-526472e87484
3501964,EMAIL-7db8006395b7
3501966,EMAIL-a45016f2e246
3501981,EMAIL-a45016f2e246
3501983,EMAIL-a45016f2e246
3502003,EMAIL-a45016f2e246
3502055,EMAIL-a45016f2e246
3502073,EMAIL-a45016f2e246
3502100,EMAIL-05c3ae107b3d
3502200,EMAIL-526472e87484
3502203,EMAIL-526472e87484
3502213,EMAIL-7db8006395b7
3502215,EMAIL-526472e87484
3502279,EMAIL-05c3ae107b3d
3502280,EMAIL-05c3ae107b3d
3502332,EMAIL-05c3ae107b3d
3502365,EMAIL-526472e87484
3502509,EMAIL-7db8006395b7
3502548,EMAIL-526472e87484
3502592,EMAIL-526472e87484
3502604,EMAIL-526472e87484
3502612,EMAIL-526472e87484
3502642,EMAIL-05c3ae107b3d
3502654,EMAIL-526472e87484
3502657,EMAIL-b71ecbccbf34
3502669,EMAIL-05c3ae107b3d
3502698,EMAIL-526472e87484
3502702,EMAIL-526472e87484
3502707,EMAIL-526472e87484
3502719,EMAIL-526472e87484
3502724,EMAIL-05c3ae107b3d
3502746,EMAIL-7db8006395b7
3502750,EMAIL-526472e87484
3502768,EMAIL-526472e87484
3502776,EMAIL-526472e87484
3502790,EMAIL-526472e87484
3502802,EMAIL-526472e87484
3502812,EMAIL-526472e87484
3502824,EMAIL-526472e87484
3502841,EMAIL-7db8006395b7
3502932,EMAIL-b71ecbccbf34
3503096,EMAIL-526472e87484
3503107,EMAIL-526472e87484
3503143,EMAIL-526472e87484
3503256,EMAIL-601679140412
3503260,EMAIL-b71ecbccbf34
3503345,EMAIL-05c3ae107b3d
3503373,EMAIL-b71ecbccbf34
3503412,EMAIL-05c3ae107b3d
3503421,EMAIL-526472e87484
3503463,EMAIL-000db143c437
3503478,EMAIL-601679140412
3503538,EMAIL-dfe6a9c7c1a5
3503552,EMAIL-526472e87484
3503594,EMAIL-526472e87484
3503608,EMAIL-7db8006395b7
3503623,EMAIL-05c3ae107b3d
3503751,EMAIL-b71ecbccbf34
3503774,EMAIL-f757a40fae92
3503776,EMAIL-526472e87484
3503802,EMAIL-05c3ae107b3d
3503835,EMAIL-601679140412
3503849,EMAIL-601679140412
3503878,EMAIL-5cac1ed1c3bd
3503909,EMAIL-526472e87484
3503949,EMAIL-526472e87484
3503988,EMAIL-5cac1ed1c3bd
3503998,EMAIL-526472e87484
3504053,EMAIL-b71ecbccbf34
3504113,EMAIL-526472e87484
3504192,EMAIL-7db8006395b7
3504202,EMAIL-7db8006395b7
3504212,EMAIL-7db8006395b7
3504222,EMAIL-526472e87484
3504239,EMAIL-7db8006395b7
3504245,EMAIL-7db8006395b7
3504246,EMAIL-7db8006395b7
3504265,EMAIL-7db8006395b7
3504280,EMAIL-526472e87484
3504295,EMAIL-7db8006395b7
3504328,EMAIL-526472e87484
3504344,EMAIL-05c3ae107b3d
3504364,EMAIL-526472e87484
3504365,EMAIL-526472e87484
3504433,EMAIL-526472e87484
3504511,EMAIL-7db8006395b7
3504514,EMAIL-dfe6a9c7c1a5
3504540,EMAIL-662b3791aebd
3504549,EMAIL-526472e87484
3504570,EMAIL-601679140412
3504602,EMAIL-526472e87484
3504609,EMAIL-526472e87484
3504615,EMAIL-526472e87484
3504633,EMAIL-05c3ae107b3d
3504639,EMAIL-526472e87484
3504646,EMAIL-05c3ae107b3d
3504647,EMAIL-7db8006395b7
3504708,EMAIL-b71ecbccbf34
3504714,EMAIL-05c3ae107b3d
3504749,EMAIL-526472e87484
3504757,EMAIL-526472e87484
3504766,EMAIL-7db8006395b7
3504778,EMAIL-7db8006395b7
3504806,EMAIL-526472e87484
3504847,EMAIL-7db8006395b7
3504897,EMAIL-7db8006395b7
3504910,EMAIL-05c3ae107b3d
3504947,EMAIL-526472e87484
3504950,EMAIL-601679140412
3504987,EMAIL-526472e87484
3505025,EMAIL-526472e87484
3505036,EMAIL-7db8006395b7
3505044,EMAIL-7db8006395b7
3505068,EMAIL-601679140412
3505105,EMAIL-526472e87484
3505155,EMAIL-526472e87484
3505157,EMAIL-7db8006395b7
3505167,EMAIL-05c3ae107b3d
3505202,EMAIL-526472e87484
3505250,EMAIL-526472e87484
3505280,EMAIL-526472e87484
3505303,EMAIL-7db8006395b7
3505316,EMAIL-526472e87484
3505361,EMAIL-7db8006395b7
3505372,EMAIL-7db8006395b7
3505386,EMAIL-526472e87484
3505440,EMAIL-526472e87484
3505454,EMAIL-05c3ae107b3d
3505543,EMAIL-05c3ae107b3d
3505560,EMAIL-7db8006395b7
3505566,EMAIL-526472e87484
3505606,EMAIL-526472e87484
3505647,EMAIL-601679140412
3505652,EMAIL-7db8006395b7
3505668,EMAIL-7db8006395b7
3505702,EMAIL-526472e87484
3505721,EMAIL-662b3791aebd
3505734,EMAIL-7db8006395b7
3505736,EMAIL-526472e87484
3505740,EMAIL-526472e87484
3505744,EMAIL-7db8006395b7
3505755,EMAIL-526472e87484
3505758,EMAIL-526472e87484
3505759,EMAIL-05c3ae107b3d
3505814,EMAIL-05c3ae107b3d
3505830,EMAIL-7db8006395b7
3505844,EMAIL-7db8006395b7
3505872,EMAIL-526472e87484
3505874,EMAIL-601679140412
3505880,EMAIL-526472e87484
3505892,EMAIL-526472e87484
3505894,EMAIL-dfe6a9c7c1a5
3505907,EMAIL-7db8006395b7
3505918,EMAIL-526472e87484
3505936,EMAIL-526472e87484
3505982,EMAIL-05c3ae107b3d
3506045,EMAIL-05c3ae107b3d
3506055,EMAIL-526472e87484
3506093,EMAIL-d1684fe68050
3506164,EMAIL-7db8006395b7
3506177,EMAIL-526472e87484
3506211,EMAIL-526472e87484
3506216,EMAIL-05c3ae107b3d
3506222,EMAIL-dfe6a9c7c1a5
3506229,EMAIL-526472e87484
3506231,EMAIL-526472e87484
3506235,EMAIL-526472e87484
3506241,EMAIL-526472e87484
3506256,EMAIL-526472e87484
3506261,EMAIL-5cac1ed1c3bd
3506263,EMAIL-526472e87484
3506270,EMAIL-526472e87484
3506329,EMAIL-7db8006395b7
3506374,EMAIL-05c3ae107b3d
3506407,EMAIL-526472e87484
3506425,EMAIL-05c3ae107b3d
3506455,EMAIL-526472e87484
3506459,EMAIL-526472e87484
3506490,EMAIL-526472e87484
3506530,EMAIL-526472e87484
3506532,EMAIL-526472e87484
3506550,EMAIL-526472e87484
3506582,EMAIL-526472e87484
3506588,EMAIL-526472e87484
3506603,EMAIL-7db8006395b7
3506637,EMAIL-526472e87484
3506685,EMAIL-01cc9250b615
3506690,EMAIL-526472e87484
3506704,EMAIL-83e81c0f7766
3506725,EMAIL-601679140412
3506761,EMAIL-526472e87484
3506763,EMAIL-526472e87484
3506789,EMAIL-526472e87484
3506949,EMAIL-526472e87484
3506960,EMAIL-7db8006395b7
3506971,EMAIL-b71ecbccbf34
3507052,EMAIL-b71ecbccbf34
3507057,EMAIL-5cac1ed1c3bd
3507069,EMAIL-b71ecbccbf34
3507120,EMAIL-526472e87484
3507156,EMAIL-05c3ae107b3d
3507179,EMAIL-000db143c437
3507207,EMAIL-b71ecbccbf34
3507210,EMAIL-7db8006395b7
3507312,EMAIL-7db8006395b7
3507323,EMAIL-526472e87484
3507330,EMAIL-b71ecbccbf34
3507369,EMAIL-526472e87484
3507397,EMAIL-526472e87484
3507399,EMAIL-05c3ae107b3d
3507435,EMAIL-601679140412
3507437,EMAIL-526472e87484
3507443,EMAIL-526472e87484
3507456,EMAIL-526472e87484
3507472,EMAIL-05c3ae107b3d
3507486,EMAIL-7db8006395b7
3507487,EMAIL-7db8006395b7
3507497,EMAIL-526472e87484
3507597,EMAIL-7db8006395b7
3507753,EMAIL-526472e87484
3507758,EMAIL-7db8006395b7
3507764,EMAIL-526472e87484
3507797,EMAIL-601679140412
3507806,EMAIL-05c3ae107b3d
3507807,EMAIL-526472e87484
3507832,EMAIL-526472e87484
3507841,EMAIL-05c3ae107b3d
3507863,EMAIL-526472e87484
3507897,EMAIL-7db8006395b7
3507900,EMAIL-526472e87484
3507908,EMAIL-526472e87484
3507926,EMAIL-b71ecbccbf34
3507956,EMAIL-b71ecbccbf34
3507979,EMAIL-526472e87484
3507980,EMAIL-7db8006395b7
3508039,EMAIL-7db8006395b7
3508083,EMAIL-05c3ae107b3d
3508101,EMAIL-526472e87484
3508106,EMAIL-7db8006395b7
3508114,EMAIL-526472e87484
3508122,EMAIL-662b3791aebd
3508124,EMAIL-526472e87484
3508141,EMAIL-601679140412
3508155,EMAIL-526472e87484
3508207,EMAIL-7db8006395b7
3508232,EMAIL-05c3ae107b3d
3508241,EMAIL-7db8006395b7
3508294,EMAIL-526472e87484
3508296,EMAIL-601679140412
3508325,EMAIL-526472e87484
3508330,EMAIL-601679140412
3508342,EMAIL-601679140412
3508357,EMAIL-526472e87484
3508384,EMAIL-526472e87484
3508409,EMAIL-7db8006395b7
3508411,EMAIL-526472e87484
3508458,EMAIL-47b8593a2f1d
3508459,EMAIL-526472e87484
3508487,EMAIL-526472e87484
3508498,EMAIL-526472e87484
3508513,EMAIL-b71ecbccbf34
3508536,EMAIL-526472e87484
3508555,EMAIL-526472e87484
3508558,EMAIL-601679140412
3508594,EMAIL-526472e87484
3508606,EMAIL-7db8006395b7
3508617,EMAIL-b71ecbccbf34
3508621,EMAIL-7db8006395b7
3508636,EMAIL-526472e87484
3508647,EMAIL-05c3ae107b3d
3508675,EMAIL-526472e87484
3508708,EMAIL-7db8006395b7
3508716,EMAIL-05c3ae107b3d
3508725,EMAIL-526472e87484
3508753,EMAIL-d1684fe68050
3508802,EMAIL-7db8006395b7
3508815,EMAIL-7db8006395b7
3508853,EMAIL-601679140412
3508877,EMAIL-b71ecbccbf34
3508931,EMAIL-526472e87484
3508945,EMAIL-526472e87484
3508946,EMAIL-05c3ae107b3d
3509083,EMAIL-526472e87484
3509180,EMAIL-526472e87484
3509230,EMAIL-526472e87484
3509233,EMAIL-01cc9250b615
3509253,EMAIL-05c3ae107b3d
3509282,EMAIL-7db8006395b7
3509298,EMAIL-7db8006395b7
3509359,EMAIL-05c3ae107b3d
3509376,EMAIL-526472e87484
3509422,EMAIL-7db8006395b7
3509441,EMAIL-526472e87484
3509459,EMAIL-526472e87484
3509466,EMAIL-526472e87484
3509470,EMAIL-526472e87484
3509486,EMAIL-b71ecbccbf34
3509510,EMAIL-b71ecbccbf34
3509514,EMAIL-023f08585708
3509515,EMAIL-b71ecbccbf34
3509562,EMAIL-526472e87484
3509571,EMAIL-526472e87484
3509606,EMAIL-05c3ae107b3d
3509622,EMAIL-7db8006395b7
3509734,EMAIL-05c3ae107b3d
3509740,EMAIL-05c3ae107b3d
3509742,EMAIL-dfe6a9c7c1a5
3509755,EMAIL-526472e87484
3509828,EMAIL-526472e87484
3509831,EMAIL-526472e87484
3509844,EMAIL-526472e87484
3509940,EMAIL-05c3ae107b3d
3509941,EMAIL-526472e87484
3509946,EMAIL-05c3ae107b3d
3509949,EMAIL-526472e87484
3509976,EMAIL-526472e87484
3510005,EMAIL-526472e87484
3510037,EMAIL-05c3ae107b3d
3510071,EMAIL-526472e87484
3510096,EMAIL-b71ecbccbf34
3510190,EMAIL-7db8006395b7
3510206,EMAIL-7db8006395b7
3510215,EMAIL-526472e87484
3510225,EMAIL-526472e87484
3510234,EMAIL-b71ecbccbf34
3510259,EMAIL-05c3ae107b3d
3510275,EMAIL-7db8006395b7
3510297,EMAIL-662b3791aebd
3510344,EMAIL-526472e87484
3510367,EMAIL-526472e87484
3510398,EMAIL-526472e87484
3510453,EMAIL-526472e87484
3510455,EMAIL-2c6b2b02a48e
3510463,EMAIL-5a343157d535
3510505,EMAIL-526472e87484
3510532,EMAIL-526472e87484
3510562,EMAIL-05c3ae107b3d
3510603,EMAIL-526472e87484
3510617,EMAIL-526472e87484
3510700,EMAIL-05c3ae107b3d
3510711,EMAIL-526472e87484
3510764,EMAIL-526472e87484
3510783,EMAIL-b71ecbccbf34
3510806,EMAIL-526472e87484
3510823,EMAIL-526472e87484
3510897,EMAIL-526472e87484
3510914,EMAIL-526472e87484
3510933,EMAIL-526472e87484
3510969,EMAIL-05c3ae107b3d
3511000,EMAIL-01cc9250b615
3511001,EMAIL-05c3ae107b3d
3511021,EMAIL-dfe6a9c7c1a5
3511093,EMAIL-526472e87484
3511094,EMAIL-526472e87484
3511122,EMAIL-7db8006395b7
3511128,EMAIL-526472e87484
3511209,EMAIL-3a8e7c5c8069
3511285,EMAIL-05c3ae107b3d
3511309,EMAIL-7db8006395b7
3511353,EMAIL-01cc9250b615
3511371,EMAIL-526472e87484
3511404,EMAIL-05c3ae107b3d
3511482,EMAIL-526472e87484
3511515,EMAIL-526472e87484
3511523,EMAIL-7db8006395b7
3511534,EMAIL-94f19eddc52f
3511554,EMAIL-7db8006395b7
3511557,EMAIL-601679140412
3511561,EMAIL-dfe6a9c7c1a5
3511564,EMAIL-d1684fe68050
3511573,EMAIL-b2683a414714
3511576,EMAIL-94f19eddc52f
3511577,EMAIL-601679140412
3511579,EMAIL-94f19eddc52f
3511596,EMAIL-526472e87484
3511607,EMAIL-526472e87484
3511613,EMAIL-526472e87484
3511625,EMAIL-7db8006395b7
3511626,EMAIL-526472e87484
3511631,EMAIL-7db8006395b7
3511662,EMAIL-526472e87484
3511664,EMAIL-526472e87484
3511669,EMAIL-7db8006395b7
3511680,EMAIL-526472e87484
3511709,EMAIL-526472e87484
3511732,EMAIL-526472e87484
3511741,EMAIL-526472e87484
3511742,EMAIL-526472e87484
3511749,EMAIL-7db8006395b7
3511781,EMAIL-526472e87484
3511788,EMAIL-526472e87484
3511806,EMAIL-526472e87484
3511834,EMAIL-a45016f2e246
3511845,EMAIL-526472e87484
3511865,EMAIL-7db8006395b7
3511884,EMAIL-526472e87484
3511885,EMAIL-05c3ae107b3d
3511931,EMAIL-7db8006395b7
3511937,EMAIL-526472e87484
3511961,EMAIL-05c3ae107b3d
3511968,EMAIL-7db8006395b7
3512010,EMAIL-601679140412
3512187,EMAIL-526472e87484
3512252,EMAIL-05c3ae107b3d
3512256,EMAIL-526472e87484
3512267,EMAIL-526472e87484
3512271,EMAIL-7db8006395b7
3512275,EMAIL-7db8006395b7
3512300,EMAIL-a45016f2e246
3512302,EMAIL-526472e87484
3512323,EMAIL-7db8006395b7
3512351,EMAIL-526472e87484
3512365,EMAIL-526472e87484
3512408,EMAIL-05c3ae107b3d
3512424,EMAIL-05c3ae107b3d
3512439,EMAIL-7db8006395b7
3512449,EMAIL-526472e87484
3512451,EMAIL-526472e87484
3512456,EMAIL-7db8006395b7
3512560,EMAIL-526472e87484
3512564,EMAIL-526472e87484
3512595,EMAIL-05c3ae107b3d
3512612,EMAIL-05c3ae107b3d
3512671,EMAIL-b71ecbccbf34
3512690,EMAIL-526472e87484
3512695,EMAIL-526472e87484
3512716,EMAIL-526472e87484
3512741,EMAIL-526472e87484
3512751,EMAIL-526472e87484
3512765,EMAIL-7db8006395b7
3512787,EMAIL-526472e87484
3512849,EMAIL-526472e87484
3512900,EMAIL-7db8006395b7
3512919,EMAIL-dfe6a9c7c1a5
3512942,EMAIL-526472e87484
3512945,EMAIL-7db8006395b7
3512947,EMAIL-b71ecbccbf34
3512966,EMAIL-526472e87484
3513073,EMAIL-526472e87484
3513079,EMAIL-d1684fe68050
3513124,EMAIL-7db8006395b7
3513150,EMAIL-526472e87484
3513185,EMAIL-601679140412
3513225,EMAIL-000db143c437
3513235,EMAIL-000db143c437
3513246,EMAIL-601679140412
3513308,EMAIL-7db8006395b7
3513342,EMAIL-05c3ae107b3d
3513351,EMAIL-05c3ae107b3d
3513366,EMAIL-8b942685451d
3513392,EMAIL-05c3ae107b3d
3513417,EMAIL-526472e87484
3513444,EMAIL-526472e87484
3513448,EMAIL-601679140412
3513474,EMAIL-601679140412
3513495,EMAIL-05c3ae107b3d
3513508,EMAIL-7db8006395b7
3513512,EMAIL-d1684fe68050
3513522,EMAIL-7db8006395b7
3513527,EMAIL-05c3ae107b3d
3513528,EMAIL-7db8006395b7
3513533,EMAIL-526472e87484
3513537,EMAIL-601679140412
3513542,EMAIL-7db8006395b7
3513543,EMAIL-7db8006395b7
3513569,EMAIL-7db8006395b7
3513574,EMAIL-5cac1ed1c3bd
3513593,EMAIL-526472e87484
3513647,EMAIL-5cac1ed1c3bd
3513650,EMAIL-01cc9250b615
3513660,EMAIL-601679140412
3513662,EMAIL-526472e87484
3513664,EMAIL-526472e87484
3513666,EMAIL-7db8006395b7
3513670,EMAIL-601679140412
3513690,EMAIL-05c3ae107b3d
3513707,EMAIL-526472e87484
3513759,EMAIL-3a8e7c5c8069
3513781,EMAIL-526472e87484
3513814,EMAIL-526472e87484
3513872,EMAIL-526472e87484
3513881,EMAIL-d1684fe68050
3513892,EMAIL-b71ecbccbf34
3513930,EMAIL-526472e87484
3513998,EMAIL-526472e87484
3514058,EMAIL-526472e87484
3514092,EMAIL-526472e87484
3514122,EMAIL-526472e87484
3514137,EMAIL-05c3ae107b3d
3514145,EMAIL-05c3ae107b3d
3514153,EMAIL-526472e87484
3514168,EMAIL-526472e87484
3514199,EMAIL-526472e87484
3514204,EMAIL-526472e87484
3514278,EMAIL-7db8006395b7
3514309,EMAIL-7db8006395b7
3514335,EMAIL-526472e87484
3514365,EMAIL-7db8006395b7
3514370,EMAIL-526472e87484
3514400,EMAIL-601679140412
3514532,EMAIL-05c3ae107b3d
3514573,EMAIL-05c3ae107b3d
3514634,EMAIL-05c3ae107b3d
3514656,EMAIL-526472e87484
3514674,EMAIL-a45016f2e246
3514680,EMAIL-05c3ae107b3d
3514703,EMAIL-a45016f2e246
3514796,EMAIL-7db8006395b7
3514845,EMAIL-7db8006395b7
3514846,EMAIL-526472e87484
3514868,EMAIL-05c3ae107b3d
3514876,EMAIL-601679140412
3514881,EMAIL-05c3ae107b3d
3514918,EMAIL-526472e87484
3514948,EMAIL-526472e87484
3515011,EMAIL-7db8006395b7
3515019,EMAIL-2c6b2b02a48e
3515024,EMAIL-526472e87484
3515034,EMAIL-526472e87484
3515045,EMAIL-526472e87484
3515072,EMAIL-05c3ae107b3d
3515088,EMAIL-b71ecbccbf34
3515111,EMAIL-05c3ae107b3d
3515128,EMAIL-b71ecbccbf34
3515140,EMAIL-526472e87484
3515148,EMAIL-526472e87484
3515162,EMAIL-526472e87484
3515167,EMAIL-601679140412
3515188,EMAIL-526472e87484
3515202,EMAIL-05c3ae107b3d
3515207,EMAIL-05c3ae107b3d
3515214,EMAIL-7db8006395b7
3515231,EMAIL-7db8006395b7
3515258,EMAIL-7db8006395b7
3515275,EMAIL-7db8006395b7
3515321,EMAIL-7db8006395b7
3515326,EMAIL-05c3ae107b3d
3515338,EMAIL-7db8006395b7
3515340,EMAIL-7db8006395b7
3515348,EMAIL-7db8006395b7
3515352,EMAIL-526472e87484
3515360,EMAIL-05c3ae107b3d
3515368,EMAIL-526472e87484
3515373,EMAIL-7db8006395b7
3515375,EMAIL-526472e87484
3515381,EMAIL-7db8006395b7
3515382,EMAIL-7db8006395b7
3515386,EMAIL-601679140412
3515400,EMAIL-526472e87484
3515404,EMAIL-601679140412
3515437,EMAIL-7db8006395b7
3515438,EMAIL-7db8006395b7
3515439,EMAIL-526472e87484
3515483,EMAIL-526472e87484
3515484,EMAIL-7db8006395b7
3515485,EMAIL-7db8006395b7
3515509,EMAIL-7db8006395b7
3515518,EMAIL-526472e87484
3515580,EMAIL-526472e87484
3515597,EMAIL-526472e87484
3515607,EMAIL-526472e87484
3515684,EMAIL-526472e87484
3515709,EMAIL-7db8006395b7
3515732,EMAIL-526472e87484
3515751,EMAIL-526472e87484
3515752,EMAIL-7db8006395b7
3515761,EMAIL-526472e87484
3515777,EMAIL-601679140412
3515778,EMAIL-526472e87484
3515789,EMAIL-7db8006395b7
3515812,EMAIL-526472e87484
3515829,EMAIL-526472e87484
3515886,EMAIL-05c3ae107b3d
3515892,EMAIL-526472e87484
3515902,EMAIL-526472e87484
3515903,EMAIL-05c3ae107b3d
3515907,EMAIL-7db8006395b7
3515911,EMAIL-526472e87484
3515912,EMAIL-526472e87484
3515982,EMAIL-526472e87484
3515993,EMAIL-526472e87484
3515994,EMAIL-7db8006395b7
3516000,EMAIL-526472e87484
3516036,EMAIL-526472e87484
3516098,EMAIL-7db8006395b7
3516149,EMAIL-05c3ae107b3d
3516192,EMAIL-526472e87484
3516205,EMAIL-526472e87484
3516208,EMAIL-05c3ae107b3d
3516217,EMAIL-526472e87484
3516242,EMAIL-526472e87484
3516250,EMAIL-7db8006395b7
3516273,EMAIL-7db8006395b7
3516282,EMAIL-7eeee5f261e7
3516293,EMAIL-526472e87484
3516324,EMAIL-7db8006395b7
3516330,EMAIL-7db8006395b7
3516387,EMAIL-000db143c437
3516400,EMAIL-8b942685451d
3516410,EMAIL-526472e87484
3516470,EMAIL-526472e87484
3516499,EMAIL-526472e87484
3516554,EMAIL-526472e87484
3516603,EMAIL-7db8006395b7
3516774,EMAIL-526472e87484
3516788,EMAIL-526472e87484
3516828,EMAIL-526472e87484
3516842,EMAIL-526472e87484
3516852,EMAIL-05c3ae107b3d
3516866,EMAIL-526472e87484
3516867,EMAIL-601679140412
3516868,EMAIL-05c3ae107b3d
3516889,EMAIL-526472e87484
3516904,EMAIL-526472e87484
3516942,EMAIL-526472e87484
3517093,EMAIL-000db143c437
3517109,EMAIL-526472e87484
3517130,EMAIL-000db143c437
3517148,EMAIL-526472e87484
3517191,EMAIL-7db8006395b7
3517195,EMAIL-05c3ae107b3d
3517196,EMAIL-601679140412
3517198,EMAIL-526472e87484
3517210,EMAIL-7db8006395b7
3517219,EMAIL-526472e87484
3517246,EMAIL-7db8006395b7
3517255,EMAIL-601679140412
3517259,EMAIL-b71ecbccbf34
3517262,EMAIL-601679140412
3517274,EMAIL-601679140412
3517307,EMAIL-526472e87484
3517308,EMAIL-7db8006395b7
3517314,EMAIL-526472e87484
3517346,EMAIL-7db8006395b7
3517353,EMAIL-7db8006395b7
3517376,EMAIL-662b3791aebd
3517403,EMAIL-05c3ae107b3d
3517413,EMAIL-2c6b2b02a48e
3517460,EMAIL-526472e87484
3517498,EMAIL-7db8006395b7
3517500,EMAIL-601679140412
3517514,EMAIL-601679140412
3517519,EMAIL-526472e87484
3517543,EMAIL-7db8006395b7
3517567,EMAIL-526472e87484
3517572,EMAIL-601679140412
3517598,EMAIL-05c3ae107b3d
3517613,EMAIL-7db8006395b7
3517630,EMAIL-526472e87484
3517645,EMAIL-05c3ae107b3d
3517677,EMAIL-b71ecbccbf34
3517689,EMAIL-526472e87484
3517715,EMAIL-a45016f2e246
3517749,EMAIL-7db8006395b7
3517757,EMAIL-7db8006395b7
3517784,EMAIL-05c3ae107b3d
3517791,EMAIL-05c3ae107b3d
3517836,EMAIL-a45016f2e246
3517873,EMAIL-526472e87484
3517875,EMAIL-526472e87484
3517887,EMAIL-601679140412
3517895,EMAIL-7db8006395b7
3517968,EMAIL-526472e87484
3517969,EMAIL-526472e87484
3517973,EMAIL-a45016f2e246
3518015,EMAIL-7db8006395b7
3518030,EMAIL-05c3ae107b3d
3518054,EMAIL-526472e87484
3518078,EMAIL-526472e87484
3518125,EMAIL-b71ecbccbf34
3518133,EMAIL-601679140412
3518160,EMAIL-526472e87484
3518168,EMAIL-526472e87484
3518180,EMAIL-601679140412
3518233,EMAIL-526472e87484
3518238,EMAIL-526472e87484
3518259,EMAIL-526472e87484
3518288,EMAIL-526472e87484
3518299,EMAIL-526472e87484
3518305,EMAIL-7db8006395b7
3518330,EMAIL-01cc9250b615
3518341,EMAIL-a45016f2e246
3518355,EMAIL-023f08585708
3518371,EMAIL-023f08585708
3518372,EMAIL-7db8006395b7
3518388,EMAIL-05c3ae107b3d
3518392,EMAIL-526472e87484
3518393,EMAIL-526472e87484
3518396,EMAIL-05c3ae107b3d
3518402,EMAIL-526472e87484
3518407,EMAIL-526472e87484
3518429,EMAIL-526472e87484
3518432,EMAIL-526472e87484
3518449,EMAIL-526472e87484
3518455,EMAIL-05c3ae107b3d
3518520,EMAIL-526472e87484
3518531,EMAIL-526472e87484
3518536,EMAIL-b71ecbccbf34
3518566,EMAIL-05c3ae107b3d
3518588,EMAIL-526472e87484
3518610,EMAIL-b71ecbccbf34
3518661,EMAIL-05c3ae107b3d
3518668,EMAIL-526472e87484
3518769,EMAIL-05c3ae107b3d
3518784,EMAIL-b71ecbccbf34
3518796,EMAIL-526472e87484
3518800,EMAIL-526472e87484
3518819,EMAIL-3a8e7c5c8069
3518834,EMAIL-526472e87484
3518836,EMAIL-526472e87484
3518854,EMAIL-526472e87484
3518879,EMAIL-526472e87484
3518894,EMAIL-7db8006395b7
3518939,EMAIL-526472e87484
3518943,EMAIL-7db8006395b7
3518969,EMAIL-7db8006395b7
3518972,EMAIL-7db8006395b7
3518977,EMAIL-526472e87484
3519064,EMAIL-526472e87484
3519088,EMAIL-05c3ae107b3d
3519140,EMAIL-05c3ae107b3d
3519145,EMAIL-05c3ae107b3d
3519180,EMAIL-7db8006395b7
3519193,EMAIL-7db8006395b7
3519218,EMAIL-526472e87484
3519222,EMAIL-526472e87484
3519239,EMAIL-526472e87484
3519244,EMAIL-05c3ae107b3d
3519264,EMAIL-526472e87484
3519301,EMAIL-526472e87484
3519318,EMAIL-526472e87484
3519381,EMAIL-526472e87484
3519385,EMAIL-526472e87484
3519414,EMAIL-526472e87484
3519459,EMAIL-7db8006395b7
3519461,EMAIL-526472e87484
3519507,EMAIL-b71ecbccbf34
3519520,EMAIL-526472e87484
3519548,EMAIL-526472e87484
3519562,EMAIL-526472e87484
3519565,EMAIL-05c3ae107b3d
3519576,EMAIL-a45016f2e246
3519600,EMAIL-526472e87484
3519613,EMAIL-7db8006395b7
3519617,EMAIL-526472e87484
3519637,EMAIL-a45016f2e246
3519654,EMAIL-526472e87484
3519763,EMAIL-7db8006395b7
3519812,EMAIL-05c3ae107b3d
3519837,EMAIL-526472e87484
3519858,EMAIL-601679140412
3519921,EMAIL-7db8006395b7
3519950,EMAIL-526472e87484
3519977,EMAIL-05c3ae107b3d
3520015,EMAIL-7db8006395b7
3520045,EMAIL-526472e87484
3520064,EMAIL-526472e87484
3520133,EMAIL-d1684fe68050
3520136,EMAIL-526472e87484
3520143,EMAIL-000db143c437
3520177,EMAIL-7db8006395b7
3520198,EMAIL-526472e87484
3520213,EMAIL-601679140412
3520219,EMAIL-05c3ae107b3d
3520227,EMAIL-7db8006395b7
3520244,EMAIL-a45016f2e246
3520279,EMAIL-526472e87484
3520285,EMAIL-05c3ae107b3d
3520289,EMAIL-526472e87484
3520297,EMAIL-601679140412
3520325,EMAIL-b1be8c968bc2
3520333,EMAIL-94f19eddc52f
3520344,EMAIL-526472e87484
3520346,EMAIL-7db8006395b7
3520356,EMAIL-526472e87484
3520357,EMAIL-05c3ae107b3d
3520373,EMAIL-601679140412
3520397,EMAIL-601679140412
3520422,EMAIL-526472e87484
3520460,EMAIL-526472e87484
3520461,EMAIL-526472e87484
3520462,EMAIL-7db8006395b7
3520501,EMAIL-05c3ae107b3d
3520528,EMAIL-526472e87484
3520555,EMAIL-b71ecbccbf34
3520592,EMAIL-7db8006395b7
3520593,EMAIL-7db8006395b7
3520612,EMAIL-526472e87484
3520625,EMAIL-526472e87484
3520635,EMAIL-601679140412
3520659,EMAIL-526472e87484
3520662,EMAIL-601679140412
3520664,EMAIL-7db8006395b7
3520683,EMAIL-7db8006395b7
3520685,EMAIL-7db8006395b7
3520698,EMAIL-b71ecbccbf34
3520701,EMAIL-7db8006395b7
3520752,EMAIL-7db8006395b7
3520772,EMAIL-601679140412
3520794,EMAIL-526472e87484
3520802,EMAIL-526472e87484
3520814,EMAIL-7db8006395b7
3520826,EMAIL-526472e87484
3520842,EMAIL-526472e87484
3520856,EMAIL-526472e87484
3520870,EMAIL-526472e87484
3520887,EMAIL-7db8006395b7
3520897,EMAIL-7db8006395b7
3520925,EMAIL-526472e87484
3520941,EMAIL-526472e87484
3520979,EMAIL-526472e87484
3521003,EMAIL-526472e87484
3521048,EMAIL-7db8006395b7
3521063,EMAIL-05c3ae107b3d
3521067,EMAIL-7db8006395b7
3521089,EMAIL-7db8006395b7
3521131,EMAIL-526472e87484
3521140,EMAIL-2c6b2b02a48e
3521159,EMAIL-526472e87484
3521188,EMAIL-05c3ae107b3d
3521196,EMAIL-dfe6a9c7c1a5
3521199,EMAIL-7db8006395b7
3521218,EMAIL-7db8006395b7
3521219,EMAIL-7db8006395b7
3521229,EMAIL-526472e87484
3521237,EMAIL-526472e87484
3521243,EMAIL-01cc9250b615
3521248,EMAIL-b71ecbccbf34
3521253,EMAIL-7db8006395b7
3521292,EMAIL-05c3ae107b3d
3521313,EMAIL-7db8006395b7
3521343,EMAIL-7db8006395b7
3521344,EMAIL-7db8006395b7
3521346,EMAIL-7db8006395b7
3521347,EMAIL-601679140412
3521350,EMAIL-7db8006395b7
3521385,EMAIL-526472e87484
3521393,EMAIL-a45016f2e246
3521397,EMAIL-526472e87484
3521401,EMAIL-05c3ae107b3d
3521425,EMAIL-05c3ae107b3d
3521427,EMAIL-05c3ae107b3d
3521432,EMAIL-526472e87484
3521454,EMAIL-0845c59ff0b1
3521458,EMAIL-7db8006395b7
3521465,EMAIL-526472e87484
3521468,EMAIL-526472e87484
3521480,EMAIL-526472e87484
3521518,EMAIL-526472e87484
3521522,EMAIL-662b3791aebd
3521524,EMAIL-662b3791aebd
3521544,EMAIL-05c3ae107b3d
3521616,EMAIL-601679140412
3521628,EMAIL-526472e87484
3521629,EMAIL-526472e87484
3521661,EMAIL-7db8006395b7
3521710,EMAIL-000db143c437
3521713,EMAIL-526472e87484
3521751,EMAIL-601679140412
3521781,EMAIL-526472e87484
3521786,EMAIL-a45016f2e246
3521799,EMAIL-526472e87484
3521801,EMAIL-601679140412
3521839,EMAIL-05c3ae107b3d
3521852,EMAIL-526472e87484
3521865,EMAIL-dfe6a9c7c1a5
3521874,EMAIL-05c3ae107b3d
3521883,EMAIL-526472e87484
3521913,EMAIL-05c3ae107b3d
3521934,EMAIL-526472e87484
3521945,EMAIL-2c6b2b02a48e
3521946,EMAIL-05c3ae107b3d
3521949,EMAIL-7db8006395b7
3521962,EMAIL-05c3ae107b3d
3521971,EMAIL-7db8006395b7
3521987,EMAIL-7db8006395b7
3521997,EMAIL-05c3ae107b3d
3522006,EMAIL-b71ecbccbf34
3522013,EMAIL-526472e87484
3522034,EMAIL-526472e87484
3522090,EMAIL-05c3ae107b3d
3522133,EMAIL-526472e87484
3522172,EMAIL-b71ecbccbf34
3522212,EMAIL-05c3ae107b3d
3522232,EMAIL-526472e87484
3522248,EMAIL-526472e87484
3522258,EMAIL-526472e87484
3522377,EMAIL-7db8006395b7
3522382,EMAIL-526472e87484
3522386,EMAIL-7db8006395b7
3522454,EMAIL-526472e87484
3522455,EMAIL-526472e87484
3522498,EMAIL-526472e87484
3522536,EMAIL-526472e87484
3522544,EMAIL-662b3791aebd
3522556,EMAIL-b71ecbccbf34
3522566,EMAIL-7db8006395b7
3522577,EMAIL-526472e87484
3522600,EMAIL-7db8006395b7
3522627,EMAIL-526472e87484
3522646,EMAIL-526472e87484
3522649,EMAIL-526472e87484
3522674,EMAIL-526472e87484
3522696,EMAIL-f757a40fae92
3522758,EMAIL-601679140412
3522775,EMAIL-601679140412
3522781,EMAIL-601679140412
3522790,EMAIL-526472e87484
3522793,EMAIL-526472e87484
3522821,EMAIL-d1684fe68050
3522833,EMAIL-05c3ae107b3d
3522836,EMAIL-526472e87484
3522885,EMAIL-526472e87484
3522895,EMAIL-526472e87484
3522905,EMAIL-526472e87484
3522940,EMAIL-7db8006395b7
3522941,EMAIL-83e81c0f7766
3522947,EMAIL-83e81c0f7766
3522955,EMAIL-526472e87484
3522981,EMAIL-526472e87484
3522982,EMAIL-526472e87484
3522983,EMAIL-83e81c0f7766
3523009,EMAIL-526472e87484
3523010,EMAIL-7db8006395b7
3523014,EMAIL-7db8006395b7
3523058,EMAIL-526472e87484
3523078,EMAIL-526472e87484
3523105,EMAIL-05c3ae107b3d
3523106,EMAIL-f757a40fae92
3523111,EMAIL-05c3ae107b3d
3523187,EMAIL-05c3ae107b3d
3523199,EMAIL-dfe6a9c7c1a5
3523205,EMAIL-7db8006395b7
3523207,EMAIL-05c3ae107b3d
3523218,EMAIL-526472e87484
3523222,EMAIL-7db8006395b7
3523287,EMAIL-7db8006395b7
3523299,EMAIL-7db8006395b7
3523315,EMAIL-526472e87484
3523351,EMAIL-526472e87484
3523372,EMAIL-05c3ae107b3d
3523384,EMAIL-526472e87484
3523392,EMAIL-526472e87484
3523413,EMAIL-dfe6a9c7c1a5
3523470,EMAIL-526472e87484
3523471,EMAIL-601679140412
3523491,EMAIL-601679140412
3523500,EMAIL-7db8006395b7
3523501,EMAIL-601679140412
3523508,EMAIL-526472e87484
3523535,EMAIL-05c3ae107b3d
3523561,EMAIL-dfe6a9c7c1a5
3523589,EMAIL-2c6b2b02a48e
3523623,EMAIL-601679140412
3523643,EMAIL-5a7e696acd63
3523665,EMAIL-01cc9250b615
3523668,EMAIL-601679140412
3523675,EMAIL-7db8006395b7
3523704,EMAIL-662b3791aebd
3523705,EMAIL-526472e87484
3523709,EMAIL-7db8006395b7
3523715,EMAIL-526472e87484
3523718,EMAIL-7db8006395b7
3523728,EMAIL-526472e87484
3523729,EMAIL-2c6b2b02a48e
3523751,EMAIL-526472e87484
3523767,EMAIL-526472e87484
3523768,EMAIL-05c3ae107b3d
3523774,EMAIL-526472e87484
3523776,EMAIL-526472e87484
3523783,EMAIL-526472e87484
3523820,EMAIL-7db8006395b7
3523827,EMAIL-526472e87484
3523834,EMAIL-526472e87484
3523856,EMAIL-7db8006395b7
3523863,EMAIL-7db8006395b7
3523876,EMAIL-7db8006395b7
3523906,EMAIL-7db8006395b7
3523923,EMAIL-7db8006395b7
3523931,EMAIL-526472e87484
3523946,EMAIL-526472e87484
3523953,EMAIL-526472e87484
3523962,EMAIL-526472e87484
3523989,EMAIL-7db8006395b7
3524006,EMAIL-526472e87484
3524007,EMAIL-601679140412
3524011,EMAIL-601679140412
3524051,EMAIL-05c3ae107b3d
3524073,EMAIL-a45016f2e246
3524077,EMAIL-7db8006395b7
3524084,EMAIL-05c3ae107b3d
3524098,EMAIL-7db8006395b7
3524105,EMAIL-526472e87484
3524115,EMAIL-b71ecbccbf34
3524167,EMAIL-05c3ae107b3d
3524191,EMAIL-7db8006395b7
3524194,EMAIL-526472e87484
3524198,EMAIL-601679140412
3524200,EMAIL-01cc9250b615
3524213,EMAIL-7db8006395b7
3524223,EMAIL-7db8006395b7
3524224,EMAIL-7db8006395b7
3524235,EMAIL-05c3ae107b3d
3524236,EMAIL-526472e87484
3524238,EMAIL-526472e87484
3524241,EMAIL-526472e87484
3524253,EMAIL-7db8006395b7
3524256,EMAIL-7db8006395b7
3524260,EMAIL-7db8006395b7
3524262,EMAIL-7db8006395b7
3524269,EMAIL-7db8006395b7
3524270,EMAIL-526472e87484
3524279,EMAIL-7db8006395b7
3524280,EMAIL-7db8006395b7
3524284,EMAIL-7db8006395b7
3524286,EMAIL-7db8006395b7
3524290,EMAIL-526472e87484
3524293,EMAIL-526472e87484
3524295,EMAIL-526472e87484
3524298,EMAIL-526472e87484
3524313,EMAIL-7db8006395b7
3524314,EMAIL-526472e87484
3524321,EMAIL-7db8006395b7
3524322,EMAIL-526472e87484
3524323,EMAIL-526472e87484
3524324,EMAIL-7db8006395b7
3524326,EMAIL-526472e87484
3524394,EMAIL-526472e87484
3524405,EMAIL-dfe6a9c7c1a5
3524445,EMAIL-05c3ae107b3d
3524487,EMAIL-5cac1ed1c3bd
3524511,EMAIL-dfe6a9c7c1a5
3524523,EMAIL-526472e87484
3524590,EMAIL-05c3ae107b3d
3524592,EMAIL-601679140412
3524594,EMAIL-526472e87484
3524626,EMAIL-526472e87484
3524628,EMAIL-526472e87484
3524631,EMAIL-526472e87484
3524640,EMAIL-526472e87484
3524647,EMAIL-05c3ae107b3d
3524668,EMAIL-526472e87484
3524682,EMAIL-526472e87484
3524702,EMAIL-b71ecbccbf34
3524718,EMAIL-526472e87484
3524719,EMAIL-7db8006395b7
3524740,EMAIL-526472e87484
3524749,EMAIL-05c3ae107b3d
3524753,EMAIL-7db8006395b7
3524766,EMAIL-601679140412
3524785,EMAIL-526472e87484
3524794,EMAIL-3a8e7c5c8069
3524805,EMAIL-526472e87484
3524807,EMAIL-601679140412
3524819,EMAIL-601679140412
3524823,EMAIL-7db8006395b7
3524833,EMAIL-601679140412
3524844,EMAIL-dfe6a9c7c1a5
3524865,EMAIL-526472e87484
3524906,EMAIL-b71ecbccbf34
3524931,EMAIL-526472e87484
3524941,EMAIL-526472e87484
3524988,EMAIL-601679140412
3525000,EMAIL-05c3ae107b3d
3525005,EMAIL-05c3ae107b3d
3525012,EMAIL-7db8006395b7
3525066,EMAIL-7db8006395b7
3525104,EMAIL-526472e87484
3525109,EMAIL-05c3ae107b3d
3525124,EMAIL-526472e87484
3525133,EMAIL-526472e87484
3525135,EMAIL-b71ecbccbf34
3525162,EMAIL-7db8006395b7
3525199,EMAIL-7db8006395b7
3525205,EMAIL-b71ecbccbf34
3525271,EMAIL-7db8006395b7
3525272,EMAIL-526472e87484
3525300,EMAIL-05c3ae107b3d
3525320,EMAIL-7db8006395b7
3525374,EMAIL-601679140412
3525380,EMAIL-526472e87484
3525381,EMAIL-601679140412
3525384,EMAIL-601679140412
3525391,EMAIL-601679140412
3525401,EMAIL-2c6b2b02a48e
3525451,EMAIL-526472e87484
3525452,EMAIL-7db8006395b7
3525496,EMAIL-7db8006395b7
3525503,EMAIL-526472e87484
3525504,EMAIL-526472e87484
3525505,EMAIL-526472e87484
3525521,EMAIL-7db8006395b7
3525536,EMAIL-526472e87484
3525547,EMAIL-526472e87484
3525559,EMAIL-05c3ae107b3d
3525562,EMAIL-526472e87484
3525584,EMAIL-05c3ae107b3d
3525595,EMAIL-526472e87484
3525623,EMAIL-601679140412
3525660,EMAIL-05c3ae107b3d
3525666,EMAIL-7db8006395b7
3525673,EMAIL-526472e87484
3525677,EMAIL-526472e87484
3525696,EMAIL-05c3ae107b3d
3525701,EMAIL-526472e87484
3525712,EMAIL-601679140412
3525717,EMAIL-601679140412
3525724,EMAIL-601679140412
3525753,EMAIL-05c3ae107b3d
3525762,EMAIL-05c3ae107b3d
3525770,EMAIL-526472e87484
3525776,EMAIL-526472e87484
3525790,EMAIL-526472e87484
3525821,EMAIL-05c3ae107b3d
3525855,EMAIL-a45016f2e246
3525869,EMAIL-05c3ae107b3d
3525877,EMAIL-601679140412
3525902,EMAIL-8b942685451d
3525917,EMAIL-526472e87484
3525940,EMAIL-05c3ae107b3d
3525961,EMAIL-526472e87484
3526068,EMAIL-526472e87484
3526116,EMAIL-01cc9250b615
3526177,EMAIL-526472e87484
3526194,EMAIL-526472e87484
3526210,EMAIL-526472e87484
3526234,EMAIL-05c3ae107b3d
3526249,EMAIL-05c3ae107b3d
3526260,EMAIL-7db8006395b7
3526283,EMAIL-05c3ae107b3d
3526296,EMAIL-7db8006395b7
3526297,EMAIL-7db8006395b7
3526332,EMAIL-7db8006395b7
3526365,EMAIL-526472e87484
3526375,EMAIL-05c3ae107b3d
3526472,EMAIL-526472e87484
3526494,EMAIL-526472e87484
3526499,EMAIL-601679140412
3526502,EMAIL-7db8006395b7
3526503,EMAIL-526472e87484
3526515,EMAIL-526472e87484
3526519,EMAIL-05c3ae107b3d
3526526,EMAIL-526472e87484
3526534,EMAIL-7db8006395b7
3526538,EMAIL-05c3ae107b3d
3526565,EMAIL-526472e87484
3526570,EMAIL-526472e87484
3526584,EMAIL-05c3ae107b3d
3526586,EMAIL-05c3ae107b3d
3526590,EMAIL-526472e87484
3526597,EMAIL-05c3ae107b3d
3526619,EMAIL-526472e87484
3526622,EMAIL-7db8006395b7
3526635,EMAIL-05c3ae107b3d
3526655,EMAIL-000db143c437
3526656,EMAIL-05c3ae107b3d
3526657,EMAIL-601679140412
3526662,EMAIL-7db8006395b7
3526677,EMAIL-7db8006395b7
3526688,EMAIL-7db8006395b7
3526693,EMAIL-601679140412
3526710,EMAIL-05c3ae107b3d
3526716,EMAIL-7db8006395b7
3526747,EMAIL-526472e87484
3526749,EMAIL-526472e87484
3526796,EMAIL-7db8006395b7
3526801,EMAIL-7db8006395b7
3526810,EMAIL-7db8006395b7
3526821,EMAIL-526472e87484
3526826,EMAIL-526472e87484
3526838,EMAIL-7db8006395b7
3526841,EMAIL-526472e87484
3526854,EMAIL-05c3ae107b3d
3526864,EMAIL-7db8006395b7
3526866,EMAIL-7db8006395b7
3526878,EMAIL-7db8006395b7
3526880,EMAIL-01cc9250b615
3526888,EMAIL-7db8006395b7
3526890,EMAIL-7db8006395b7
3526892,EMAIL-601679140412
3526921,EMAIL-7db8006395b7
3526924,EMAIL-7db8006395b7
3526942,EMAIL-a45016f2e246
3526949,EMAIL-526472e87484
3526952,EMAIL-526472e87484
3526959,EMAIL-526472e87484
3526976,EMAIL-526472e87484
3526981,EMAIL-05c3ae107b3d
3526987,EMAIL-526472e87484
3526999,EMAIL-526472e87484
3527011,EMAIL-7db8006395b7
3527018,EMAIL-7db8006395b7
3527033,EMAIL-526472e87484
3527034,EMAIL-05c3ae107b3d
3527040,EMAIL-7db8006395b7
3527047,EMAIL-526472e87484
3527049,EMAIL-526472e87484
3527052,EMAIL-526472e87484
3527054,EMAIL-526472e87484
3527059,EMAIL-526472e87484
3527060,EMAIL-7db8006395b7
3527062,EMAIL-7db8006395b7
3527071,EMAIL-526472e87484
3527072,EMAIL-526472e87484
3527120,EMAIL-526472e87484
3527130,EMAIL-b71ecbccbf34
3527132,EMAIL-05c3ae107b3d
3527149,EMAIL-7db8006395b7
3527154,EMAIL-7db8006395b7
3527200,EMAIL-526472e87484
3527203,EMAIL-526472e87484
3527214,EMAIL-526472e87484
3527215,EMAIL-05c3ae107b3d
3527240,EMAIL-05c3ae107b3d
3527245,EMAIL-526472e87484
3527269,EMAIL-7db8006395b7
3527284,EMAIL-05c3ae107b3d
3527288,EMAIL-05c3ae107b3d
3527304,EMAIL-526472e87484
3527332,EMAIL-526472e87484
3527337,EMAIL-7db8006395b7
3527360,EMAIL-526472e87484
3527365,EMAIL-526472e87484
3527367,EMAIL-526472e87484
3527397,EMAIL-05c3ae107b3d
3527413,EMAIL-7db8006395b7
3527430,EMAIL-526472e87484
3527471,EMAIL-526472e87484
3527500,EMAIL-526472e87484
3527504,EMAIL-7db8006395b7
3527520,EMAIL-526472e87484
3527558,EMAIL-7db8006395b7
3527570,EMAIL-526472e87484
3527593,EMAIL-b71ecbccbf34
3527594,EMAIL-000db143c437
3527603,EMAIL-526472e87484
3527617,EMAIL-000db143c437
3527646,EMAIL-526472e87484
3527647,EMAIL-526472e87484
3527666,EMAIL-526472e87484
3527688,EMAIL-526472e87484
3527733,EMAIL-526472e87484
3527734,EMAIL-01cc9250b615
3527774,EMAIL-526472e87484
3527815,EMAIL-526472e87484
3527839,EMAIL-05c3ae107b3d
3527851,EMAIL-526472e87484
3527863,EMAIL-526472e87484
3527892,EMAIL-526472e87484
3527910,EMAIL-526472e87484
3527962,EMAIL-05c3ae107b3d
3527964,EMAIL-a45016f2e246
3527965,EMAIL-7db8006395b7
3527969,EMAIL-7db8006395b7
3527985,EMAIL-6617a7d96b17
3528002,EMAIL-526472e87484
3528036,EMAIL-526472e87484
3528051,EMAIL-7db8006395b7
3528052,EMAIL-6617a7d96b17
3528057,EMAIL-526472e87484
3528066,EMAIL-7db8006395b7
3528073,EMAIL-b71ecbccbf34
3528087,EMAIL-7db8006395b7
3528090,EMAIL-7db8006395b7
3528094,EMAIL-7db8006395b7
3528098,EMAIL-7db8006395b7
3528107,EMAIL-7db8006395b7
3528109,EMAIL-7db8006395b7
3528112,EMAIL-526472e87484
3528116,EMAIL-526472e87484
3528129,EMAIL-05c3ae107b3d
3528135,EMAIL-526472e87484
3528136,EMAIL-7db8006395b7
3528163,EMAIL-7db8006395b7
3528178,EMAIL-7db8006395b7
3528182,EMAIL-7db8006395b7
3528189,EMAIL-601679140412
3528204,EMAIL-526472e87484
3528229,EMAIL-05c3ae107b3d
3528241,EMAIL-526472e87484
3528255,EMAIL-526472e87484
3528265,EMAIL-526472e87484
3528280,EMAIL-7db8006395b7
3528287,EMAIL-526472e87484
3528289,EMAIL-526472e87484
3528346,EMAIL-526472e87484
3528392,EMAIL-526472e87484
3528405,EMAIL-7db8006395b7
3528420,EMAIL-e051648164f8
3528428,EMAIL-7db8006395b7
3528453,EMAIL-526472e87484
3528455,EMAIL-526472e87484
3528461,EMAIL-526472e87484
3528474,EMAIL-526472e87484
3528478,EMAIL-7db8006395b7
3528489,EMAIL-7db8006395b7
3528493,EMAIL-05c3ae107b3d
3528503,EMAIL-526472e87484
3528538,EMAIL-526472e87484
3528539,EMAIL-7db8006395b7
3528547,EMAIL-526472e87484
3528557,EMAIL-526472e87484
3528575,EMAIL-7db8006395b7
3528588,EMAIL-7db8006395b7
3528647,EMAIL-601679140412
3528676,EMAIL-526472e87484
3528677,EMAIL-526472e87484
3528685,EMAIL-526472e87484
3528747,EMAIL-601679140412
3528749,EMAIL-526472e87484
3528774,EMAIL-2c6b2b02a48e
3528779,EMAIL-526472e87484
3528782,EMAIL-526472e87484
3528794,EMAIL-dfe6a9c7c1a5
3528805,EMAIL-01cc9250b615
3528807,EMAIL-526472e87484
3528823,EMAIL-01cc9250b615
3528842,EMAIL-01cc9250b615
3528844,EMAIL-dfe6a9c7c1a5
3528894,EMAIL-526472e87484
3528902,EMAIL-526472e87484
3528906,EMAIL-526472e87484
3528910,EMAIL-526472e87484
3528945,EMAIL-526472e87484
3528948,EMAIL-7db8006395b7
3528954,EMAIL-526472e87484
3528955,EMAIL-526472e87484
3528957,EMAIL-526472e87484
3528985,EMAIL-7eeee5f261e7
3529015,EMAIL-526472e87484
3529041,EMAIL-05c3ae107b3d
3529043,EMAIL-526472e87484
3529068,EMAIL-526472e87484
3529079,EMAIL-526472e87484
3529082,EMAIL-526472e87484
3529093,EMAIL-526472e87484
3529102,EMAIL-7db8006395b7
3529126,EMAIL-526472e87484
3529149,EMAIL-7db8006395b7
3529150,EMAIL-526472e87484
3529167,EMAIL-526472e87484
3529213,EMAIL-7db8006395b7
3529221,EMAIL-7db8006395b7
3529266,EMAIL-7db8006395b7
3529268,EMAIL-526472e87484
3529271,EMAIL-526472e87484
3529285,EMAIL-526472e87484
3529290,EMAIL-526472e87484
3529303,EMAIL-7db8006395b7
3529313,EMAIL-526472e87484
3529314,EMAIL-526472e87484
3529321,EMAIL-601679140412
3529351,EMAIL-7db8006395b7
3529379,EMAIL-7db8006395b7
3529381,EMAIL-526472e87484
3529390,EMAIL-7db8006395b7
3529414,EMAIL-526472e87484
3529419,EMAIL-7db8006395b7
3529434,EMAIL-b71ecbccbf34
3529436,EMAIL-7db8006395b7
3529450,EMAIL-526472e87484
3529473,EMAIL-526472e87484
3529474,EMAIL-526472e87484
3529496,EMAIL-7db8006395b7
3529511,EMAIL-7db8006395b7
3529526,EMAIL-7db8006395b7
3529554,EMAIL-000db143c437
3529590,EMAIL-526472e87484
3529623,EMAIL-05c3ae107b3d
3529629,EMAIL-a45016f2e246
3529639,EMAIL-a45016f2e246
3529656,EMAIL-7db8006395b7
3529657,EMAIL-7db8006395b7
3529658,EMAIL-7db8006395b7
3529673,EMAIL-526472e87484
3529699,EMAIL-7db8006395b7
3529707,EMAIL-526472e87484
3529716,EMAIL-526472e87484
3529723,EMAIL-7db8006395b7
3529728,EMAIL-526472e87484
3529730,EMAIL-a45016f2e246
3529734,EMAIL-601679140412
3529747,EMAIL-526472e87484
3529761,EMAIL-7db8006395b7
3529763,EMAIL-526472e87484
3529779,EMAIL-7db8006395b7
3529797,EMAIL-7db8006395b7
3529812,EMAIL-7db8006395b7
3529819,EMAIL-526472e87484
3529843,EMAIL-526472e87484
3529846,EMAIL-7db8006395b7
3529869,EMAIL-526472e87484
3529872,EMAIL-05c3ae107b3d
3529878,EMAIL-7db8006395b7
3529879,EMAIL-526472e87484
3529911,EMAIL-526472e87484
3529924,EMAIL-05c3ae107b3d
3529926,EMAIL-7db8006395b7
3529938,EMAIL-7db8006395b7
3529966,EMAIL-7db8006395b7
3529989,EMAIL-7db8006395b7
3530003,EMAIL-526472e87484
3530030,EMAIL-7db8006395b7
3530041,EMAIL-526472e87484
3530045,EMAIL-526472e87484
3530056,EMAIL-83e81c0f7766
3530081,EMAIL-526472e87484
3530108,EMAIL-7db8006395b7
3530109,EMAIL-526472e87484
3530116,EMAIL-526472e87484
3530133,EMAIL-526472e87484
3530144,EMAIL-05c3ae107b3d
3530164,EMAIL-83e81c0f7766
3530198,EMAIL-b71ecbccbf34
3530247,EMAIL-526472e87484
3530251,EMAIL-b71ecbccbf34
3530255,EMAIL-05c3ae107b3d
3530283,EMAIL-526472e87484
3530305,EMAIL-526472e87484
3530313,EMAIL-a45016f2e246
3530403,EMAIL-05c3ae107b3d
3530465,EMAIL-05c3ae107b3d
3530482,EMAIL-526472e87484
3530499,EMAIL-b71ecbccbf34
3530531,EMAIL-526472e87484
3530541,EMAIL-601679140412
3530566,EMAIL-526472e87484
3530570,EMAIL-526472e87484
3530602,EMAIL-7db8006395b7
3530635,EMAIL-000db143c437
3530648,EMAIL-7db8006395b7
3530674,EMAIL-7db8006395b7
3530692,EMAIL-7db8006395b7
3530722,EMAIL-526472e87484
3530727,EMAIL-526472e87484
3530733,EMAIL-526472e87484
3530745,EMAIL-526472e87484
3530764,EMAIL-526472e87484
3530769,EMAIL-526472e87484
3530782,EMAIL-7db8006395b7
3530793,EMAIL-7a25e3eb5ad0
3530795,EMAIL-7db8006395b7
3530811,EMAIL-7db8006395b7
3530817,EMAIL-526472e87484
3530838,EMAIL-526472e87484
3530846,EMAIL-7db8006395b7
3530865,EMAIL-7db8006395b7
3530866,EMAIL-601679140412
3530886,EMAIL-526472e87484
3530895,EMAIL-a45016f2e246
3530896,EMAIL-526472e87484
3530933,EMAIL-526472e87484
3531000,EMAIL-526472e87484
3531002,EMAIL-526472e87484
3531004,EMAIL-526472e87484
3531006,EMAIL-526472e87484
3531019,EMAIL-05c3ae107b3d
3531058,EMAIL-526472e87484
3531063,EMAIL-526472e87484
3531072,EMAIL-526472e87484
3531102,EMAIL-526472e87484
3531135,EMAIL-526472e87484
3531149,EMAIL-526472e87484
3531197,EMAIL-7db8006395b7
3531213,EMAIL-526472e87484
3531222,EMAIL-7db8006395b7
3531224,EMAIL-05c3ae107b3d
3531297,EMAIL-526472e87484
3531309,EMAIL-7db8006395b7
3531316,EMAIL-526472e87484
3531326,EMAIL-526472e87484
3531329,EMAIL-47b8593a2f1d
3531358,EMAIL-05c3ae107b3d
3531359,EMAIL-05c3ae107b3d
3531361,EMAIL-47b8593a2f1d
3531388,EMAIL-601679140412
3531403,EMAIL-b71ecbccbf34
3531424,EMAIL-000db143c437
3531440,EMAIL-7db8006395b7
3531451,EMAIL-7db8006395b7
3531452,EMAIL-7db8006395b7
3531481,EMAIL-526472e87484
3531485,EMAIL-7db8006395b7
3531488,EMAIL-526472e87484
3531490,EMAIL-526472e87484
3531517,EMAIL-601679140412
3531522,EMAIL-7db8006395b7
3531538,EMAIL-601679140412
3531570,EMAIL-526472e87484
3531608,EMAIL-526472e87484
3531618,EMAIL-b71ecbccbf34
3531646,EMAIL-526472e87484
3531654,EMAIL-526472e87484
3531673,EMAIL-b71ecbccbf34
3531676,EMAIL-526472e87484
3531734,EMAIL-526472e87484
3531740,EMAIL-526472e87484
3531749,EMAIL-526472e87484
3531761,EMAIL-526472e87484
3531763,EMAIL-526472e87484
3531764,EMAIL-526472e87484
3531765,EMAIL-526472e87484
3531781,EMAIL-526472e87484
3531818,EMAIL-526472e87484
3531833,EMAIL-526472e87484
3531837,EMAIL-7db8006395b7
3531844,EMAIL-526472e87484
3531846,EMAIL-526472e87484
3531851,EMAIL-7db8006395b7
3531852,EMAIL-7db8006395b7
3531867,EMAIL-526472e87484
3531869,EMAIL-526472e87484
3531874,EMAIL-526472e87484
3531897,EMAIL-7db8006395b7
3531921,EMAIL-7db8006395b7
3531953,EMAIL-526472e87484
3531987,EMAIL-526472e87484
3531990,EMAIL-601679140412
3532014,EMAIL-7db8006395b7
3532024,EMAIL-d49ef073fa47
3532025,EMAIL-000db143c437
3532036,EMAIL-a45016f2e246
3532037,EMAIL-526472e87484
3532047,EMAIL-7db8006395b7
3532057,EMAIL-526472e87484
3532059,EMAIL-526472e87484
3532068,EMAIL-b71ecbccbf34
3532072,EMAIL-526472e87484
3532110,EMAIL-526472e87484
3532129,EMAIL-526472e87484
3532136,EMAIL-526472e87484
3532138,EMAIL-05c3ae107b3d
3532145,EMAIL-d1684fe68050
3532154,EMAIL-526472e87484
3532160,EMAIL-05c3ae107b3d
3532175,EMAIL-7db8006395b7
3532203,EMAIL-526472e87484
3532226,EMAIL-2c6b2b02a48e
3532281,EMAIL-7db8006395b7
3532313,EMAIL-7db8006395b7
3532333,EMAIL-526472e87484
3532348,EMAIL-7db8006395b7
3532383,EMAIL-7db8006395b7
3532388,EMAIL-7db8006395b7
3532405,EMAIL-05c3ae107b3d
3532418,EMAIL-7db8006395b7
3532422,EMAIL-7db8006395b7
3532436,EMAIL-526472e87484
3532441,EMAIL-526472e87484
3532486,EMAIL-7db8006395b7
3532492,EMAIL-7db8006395b7
3532503,EMAIL-7db8006395b7
3532512,EMAIL-526472e87484
3532536,EMAIL-526472e87484
3532539,EMAIL-7db8006395b7
3532547,EMAIL-7db8006395b7
3532552,EMAIL-526472e87484
3532579,EMAIL-526472e87484
3532580,EMAIL-526472e87484
3532597,EMAIL-a45016f2e246
3532600,EMAIL-7db8006395b7
3532603,EMAIL-526472e87484
3532607,EMAIL-526472e87484
3532610,EMAIL-7db8006395b7
3532618,EMAIL-7db8006395b7
3532623,EMAIL-526472e87484
3532637,EMAIL-526472e87484
3532644,EMAIL-7db8006395b7
3532672,EMAIL-dfe6a9c7c1a5
3532680,EMAIL-601679140412
3532687,EMAIL-526472e87484
3532692,EMAIL-7db8006395b7
3532712,EMAIL-526472e87484
3532733,EMAIL-526472e87484
3532738,EMAIL-526472e87484
3532744,EMAIL-526472e87484
3532746,EMAIL-526472e87484
3532747,EMAIL-526472e87484
3532748,EMAIL-526472e87484
3532752,EMAIL-526472e87484
3532754,EMAIL-7db8006395b7
3532758,EMAIL-526472e87484
3532770,EMAIL-526472e87484
3532773,EMAIL-526472e87484
3532790,EMAIL-526472e87484
3532794,EMAIL-526472e87484
3532798,EMAIL-526472e87484
3532801,EMAIL-b2683a414714
3532808,EMAIL-526472e87484
3532811,EMAIL-526472e87484
3532814,EMAIL-526472e87484
3532815,EMAIL-526472e87484
3532823,EMAIL-526472e87484
3532834,EMAIL-526472e87484
3532838,EMAIL-526472e87484
3532858,EMAIL-526472e87484
3532859,EMAIL-05c3ae107b3d
3532896,EMAIL-05c3ae107b3d
3532926,EMAIL-526472e87484
3532941,EMAIL-b71ecbccbf34
3533013,EMAIL-7db8006395b7
3533024,EMAIL-526472e87484
3533059,EMAIL-601679140412
3533069,EMAIL-526472e87484
3533080,EMAIL-7db8006395b7
3533106,EMAIL-526472e87484
3533108,EMAIL-7db8006395b7
3533112,EMAIL-526472e87484
3533142,EMAIL-526472e87484
3533175,EMAIL-3a8e7c5c8069
3533176,EMAIL-526472e87484
3533224,EMAIL-7db8006395b7
3533262,EMAIL-7db8006395b7
3533276,EMAIL-7db8006395b7
3533303,EMAIL-526472e87484
3533311,EMAIL-05c3ae107b3d
3533339,EMAIL-7db8006395b7
3533344,EMAIL-7db8006395b7
3533361,EMAIL-7db8006395b7
3533372,EMAIL-526472e87484
3533383,EMAIL-526472e87484
3533404,EMAIL-526472e87484
3533416,EMAIL-526472e87484
3533448,EMAIL-526472e87484
3533453,EMAIL-526472e87484
3533469,EMAIL-526472e87484
3533520,EMAIL-7db8006395b7
3533523,EMAIL-7db8006395b7
3533529,EMAIL-526472e87484
3533539,EMAIL-7db8006395b7
3533583,EMAIL-526472e87484
3533601,EMAIL-05c3ae107b3d
3533664,EMAIL-526472e87484
3533675,EMAIL-7db8006395b7
3533676,EMAIL-05c3ae107b3d
3533724,EMAIL-526472e87484
3533730,EMAIL-05c3ae107b3d
3533755,EMAIL-526472e87484
3533775,EMAIL-05c3ae107b3d
3533791,EMAIL-526472e87484
3533794,EMAIL-7db8006395b7
3533797,EMAIL-7db8006395b7
3533817,EMAIL-526472e87484
3533819,EMAIL-526472e87484
3533832,EMAIL-526472e87484
3533877,EMAIL-7db8006395b7
3533889,EMAIL-7db8006395b7
3533907,EMAIL-526472e87484
3533926,EMAIL-05c3ae107b3d
3533936,EMAIL-7db8006395b7
3533937,EMAIL-7db8006395b7
3533989,EMAIL-526472e87484
3534010,EMAIL-601679140412
3534012,EMAIL-526472e87484
3534023,EMAIL-7db8006395b7
3534070,EMAIL-526472e87484
3534094,EMAIL-7db8006395b7
3534109,EMAIL-05c3ae107b3d
3534110,EMAIL-b71ecbccbf34
3534120,EMAIL-526472e87484
3534124,EMAIL-b71ecbccbf34
3534148,EMAIL-05c3ae107b3d
3534168,EMAIL-000db143c437
3534203,EMAIL-7db8006395b7
3534214,EMAIL-526472e87484
3534259,EMAIL-526472e87484
3534279,EMAIL-526472e87484
3534342,EMAIL-526472e87484
3534364,EMAIL-526472e87484
3534382,EMAIL-7db8006395b7
3534385,EMAIL-526472e87484
3534386,EMAIL-7db8006395b7
3534392,EMAIL-47b8593a2f1d
3534395,EMAIL-526472e87484
3534399,EMAIL-526472e87484
3534425,EMAIL-7db8006395b7
3534440,EMAIL-526472e87484
3534446,EMAIL-7db8006395b7
3534453,EMAIL-526472e87484
3534461,EMAIL-526472e87484
3534469,EMAIL-601679140412
3534484,EMAIL-000db143c437
3534510,EMAIL-05c3ae107b3d
3534518,EMAIL-526472e87484
3534520,EMAIL-601679140412
3534526,EMAIL-7db8006395b7
3534539,EMAIL-526472e87484
3534561,EMAIL-526472e87484
3534577,EMAIL-05c3ae107b3d
3534602,EMAIL-a45016f2e246
3534603,EMAIL-b71ecbccbf34
3534613,EMAIL-526472e87484
3534641,EMAIL-526472e87484
3534644,EMAIL-526472e87484
3534652,EMAIL-526472e87484
3534658,EMAIL-000db143c437
3534691,EMAIL-b71ecbccbf34
3534722,EMAIL-526472e87484
3534723,EMAIL-05c3ae107b3d
3534724,EMAIL-526472e87484
3534729,EMAIL-b71ecbccbf34
3534730,EMAIL-7db8006395b7
3534746,EMAIL-7db8006395b7
3534749,EMAIL-526472e87484
3534787,EMAIL-a45016f2e246
3534805,EMAIL-526472e87484
3534819,EMAIL-526472e87484
3534820,EMAIL-7db8006395b7
3534824,EMAIL-526472e87484
3534840,EMAIL-601679140412
3534860,EMAIL-526472e87484
3534894,EMAIL-7eeee5f261e7
3534900,EMAIL-526472e87484
3534922,EMAIL-526472e87484
3534945,EMAIL-a45016f2e246
3534946,EMAIL-05c3ae107b3d
3534982,EMAIL-526472e87484
3534996,EMAIL-526472e87484
3534999,EMAIL-05c3ae107b3d
3535033,EMAIL-526472e87484
3535110,EMAIL-526472e87484
3535119,EMAIL-526472e87484
3535133,EMAIL-2c6b2b02a48e
3535142,EMAIL-662b3791aebd
3535145,EMAIL-526472e87484
3535150,EMAIL-05c3ae107b3d
3535160,EMAIL-7db8006395b7
3535162,EMAIL-3a8e7c5c8069
3535197,EMAIL-7db8006395b7
3535203,EMAIL-7db8006395b7
3535204,EMAIL-05c3ae107b3d
3535209,EMAIL-601679140412
3535214,EMAIL-7db8006395b7
3535217,EMAIL-601679140412
3535232,EMAIL-7db8006395b7
3535236,EMAIL-526472e87484
3535250,EMAIL-526472e87484
3535271,EMAIL-7db8006395b7
3535273,EMAIL-526472e87484
3535277,EMAIL-526472e87484
3535279,EMAIL-526472e87484
3535292,EMAIL-2c6b2b02a48e
3535293,EMAIL-526472e87484
3535294,EMAIL-05c3ae107b3d
3535298,EMAIL-526472e87484
3535304,EMAIL-7db8006395b7
3535310,EMAIL-7db8006395b7
3535325,EMAIL-05c3ae107b3d
3535332,EMAIL-05c3ae107b3d
3535335,EMAIL-526472e87484
3535348,EMAIL-7db8006395b7
3535349,EMAIL-7db8006395b7
3535366,EMAIL-2c6b2b02a48e
3535369,EMAIL-601679140412
3535373,EMAIL-526472e87484
3535420,EMAIL-526472e87484
3535436,EMAIL-2c6b2b02a48e
3535455,EMAIL-526472e87484
3535465,EMAIL-526472e87484
3535481,EMAIL-526472e87484
3535487,EMAIL-05c3ae107b3d
3535494,EMAIL-526472e87484
3535501,EMAIL-a45016f2e246
3535502,EMAIL-526472e87484
3535505,EMAIL-7db8006395b7
3535511,EMAIL-526472e87484
3535514,EMAIL-526472e87484
3535524,EMAIL-7db8006395b7
3535526,EMAIL-7db8006395b7
3535538,EMAIL-7db8006395b7
3535541,EMAIL-526472e87484
3535543,EMAIL-526472e87484
3535544,EMAIL-7db8006395b7
3535547,EMAIL-526472e87484
3535552,EMAIL-7db8006395b7
3535554,EMAIL-7db8006395b7
3535559,EMAIL-dfe6a9c7c1a5
3535560,EMAIL-7db8006395b7
3535565,EMAIL-526472e87484
3535568,EMAIL-7db8006395b7
3535569,EMAIL-7db8006395b7
3535588,EMAIL-7db8006395b7
3535592,EMAIL-7db8006395b7
3535594,EMAIL-dfe6a9c7c1a5
3535597,EMAIL-7db8006395b7
3535598,EMAIL-7db8006395b7
3535606,EMAIL-7db8006395b7
3535620,EMAIL-7db8006395b7
3535624,EMAIL-526472e87484
3535633,EMAIL-7db8006395b7
3535641,EMAIL-526472e87484
3535644,EMAIL-526472e87484
3535645,EMAIL-526472e87484
3535661,EMAIL-7eeee5f261e7
3535669,EMAIL-7db8006395b7
3535703,EMAIL-7db8006395b7
3535718,EMAIL-a45016f2e246
3535725,EMAIL-526472e87484
3535739,EMAIL-b2683a414714
3535752,EMAIL-601679140412
3535753,EMAIL-601679140412
3535754,EMAIL-601679140412
3535755,EMAIL-601679140412
3535765,EMAIL-601679140412
3535809,EMAIL-a45016f2e246
3535813,EMAIL-526472e87484
3535818,EMAIL-601679140412
3535841,EMAIL-601679140412
3535845,EMAIL-526472e87484
3535864,EMAIL-526472e87484
3535867,EMAIL-526472e87484
3535921,EMAIL-05c3ae107b3d
3535922,EMAIL-7db8006395b7
3535923,EMAIL-3a8e7c5c8069
3535941,EMAIL-3a8e7c5c8069
3535945,EMAIL-7db8006395b7
3535949,EMAIL-a45016f2e246
3535953,EMAIL-3a8e7c5c8069
3535967,EMAIL-526472e87484
3535971,EMAIL-3a8e7c5c8069
3535973,EMAIL-7db8006395b7
3535982,EMAIL-7db8006395b7
3535986,EMAIL-526472e87484
3536006,EMAIL-05c3ae107b3d
3536021,EMAIL-526472e87484
3536063,EMAIL-526472e87484
3536083,EMAIL-526472e87484
3536091,EMAIL-526472e87484
3536117,EMAIL-b71ecbccbf34
3536118,EMAIL-05c3ae107b3d
3536123,EMAIL-526472e87484
3536124,EMAIL-526472e87484
3536149,EMAIL-526472e87484
3536160,EMAIL-526472e87484
3536174,EMAIL-05c3ae107b3d
3536177,EMAIL-7db8006395b7
3536183,EMAIL-7db8006395b7
3536184,EMAIL-526472e87484
3536187,EMAIL-7db8006395b7
3536199,EMAIL-05c3ae107b3d
3536217,EMAIL-7db8006395b7
3536218,EMAIL-526472e87484
3536239,EMAIL-526472e87484
3536242,EMAIL-526472e87484
3536309,EMAIL-7db8006395b7
3536381,EMAIL-7db8006395b7
3536384,EMAIL-526472e87484
3536401,EMAIL-05c3ae107b3d
3536465,EMAIL-7db8006395b7
3536487,EMAIL-526472e87484
3536497,EMAIL-7db8006395b7
3536506,EMAIL-526472e87484
3536544,EMAIL-7db8006395b7
3536545,EMAIL-7db8006395b7
3536580,EMAIL-7db8006395b7
3536587,EMAIL-7db8006395b7
3536605,EMAIL-526472e87484
3536609,EMAIL-526472e87484
3536629,EMAIL-7db8006395b7
3536643,EMAIL-b71ecbccbf34
3536649,EMAIL-7db8006395b7
3536661,EMAIL-526472e87484
3536677,EMAIL-7db8006395b7
3536681,EMAIL-05c3ae107b3d
3536692,EMAIL-526472e87484
3536717,EMAIL-7db8006395b7
3536730,EMAIL-7db8006395b7
3536735,EMAIL-601679140412
3536750,EMAIL-b71ecbccbf34
3536767,EMAIL-601679140412
3536787,EMAIL-b71ecbccbf34
3536825,EMAIL-7db8006395b7
3536854,EMAIL-7db8006395b7
3536856,EMAIL-7db8006395b7
3536862,EMAIL-7db8006395b7
3536876,EMAIL-526472e87484
3536885,EMAIL-7db8006395b7
3536886,EMAIL-7db8006395b7
3536896,EMAIL-601679140412
3536901,EMAIL-a45016f2e246
3536906,EMAIL-05c3ae107b3d
3536911,EMAIL-526472e87484
3536933,EMAIL-526472e87484
3536938,EMAIL-601679140412
3536944,EMAIL-b71ecbccbf34
3536952,EMAIL-526472e87484
3536965,EMAIL-526472e87484
3536969,EMAIL-526472e87484
3536972,EMAIL-7db8006395b7
3536987,EMAIL-7db8006395b7
3537012,EMAIL-526472e87484
3537025,EMAIL-05c3ae107b3d
3537029,EMAIL-662b3791aebd
3537047,EMAIL-05c3ae107b3d
3537082,EMAIL-526472e87484
3537109,EMAIL-7db8006395b7
3537115,EMAIL-526472e87484
3537117,EMAIL-526472e87484
3537129,EMAIL-526472e87484
3537135,EMAIL-7db8006395b7
3537165,EMAIL-526472e87484
3537167,EMAIL-526472e87484
3537170,EMAIL-7db8006395b7
3537173,EMAIL-526472e87484
3537182,EMAIL-526472e87484
3537184,EMAIL-526472e87484
3537210,EMAIL-526472e87484
3537215,EMAIL-7db8006395b7
3537248,EMAIL-05c3ae107b3d
3537283,EMAIL-b71ecbccbf34
3537300,EMAIL-526472e87484
3537310,EMAIL-526472e87484
3537320,EMAIL-a45016f2e246
3537347,EMAIL-7db8006395b7
3537355,EMAIL-7db8006395b7
3537369,EMAIL-7db8006395b7
3537375,EMAIL-526472e87484
3537376,EMAIL-526472e87484
3537387,EMAIL-a45016f2e246
3537388,EMAIL-526472e87484
3537393,EMAIL-05c3ae107b3d
3537400,EMAIL-526472e87484
3537405,EMAIL-601679140412
3537409,EMAIL-0df48815e896
3537411,EMAIL-526472e87484
3537414,EMAIL-526472e87484
3537415,EMAIL-526472e87484
3537419,EMAIL-7db8006395b7
3537431,EMAIL-7db8006395b7
3537494,EMAIL-7db8006395b7
3537496,EMAIL-601679140412
3537523,EMAIL-526472e87484
3537539,EMAIL-7db8006395b7
3537565,EMAIL-601679140412
3537577,EMAIL-601679140412
3537585,EMAIL-601679140412
3537664,EMAIL-601679140412
3537683,EMAIL-05c3ae107b3d
3537688,EMAIL-526472e87484
3537714,EMAIL-526472e87484
3537718,EMAIL-7db8006395b7
3537736,EMAIL-526472e87484
3537743,EMAIL-7db8006395b7
3537857,EMAIL-526472e87484
3537872,EMAIL-526472e87484
3537876,EMAIL-7db8006395b7
3537904,EMAIL-526472e87484
3537948,EMAIL-7db8006395b7
3537949,EMAIL-526472e87484
3537952,EMAIL-526472e87484
3537954,EMAIL-526472e87484
3537991,EMAIL-7db8006395b7
3537997,EMAIL-526472e87484
3538006,EMAIL-601679140412
3538007,EMAIL-7db8006395b7
3538017,EMAIL-526472e87484
3538019,EMAIL-526472e87484
3538025,EMAIL-526472e87484
3538063,EMAIL-7db8006395b7
3538070,EMAIL-526472e87484
3538073,EMAIL-7db8006395b7
3538077,EMAIL-7db8006395b7
3538101,EMAIL-526472e87484
3538118,EMAIL-7db8006395b7
3538124,EMAIL-05c3ae107b3d
3538125,EMAIL-7db8006395b7
3538128,EMAIL-05c3ae107b3d
3538148,EMAIL-7db8006395b7
3538149,EMAIL-526472e87484
3538154,EMAIL-601679140412
3538159,EMAIL-526472e87484
3538166,EMAIL-526472e87484
3538170,EMAIL-526472e87484
3538173,EMAIL-526472e87484
3538182,EMAIL-7db8006395b7
3538184,EMAIL-526472e87484
3538187,EMAIL-7db8006395b7
3538188,EMAIL-7db8006395b7
3538189,EMAIL-526472e87484
3538190,EMAIL-526472e87484
3538202,EMAIL-05c3ae107b3d
3538203,EMAIL-7db8006395b7
3538210,EMAIL-526472e87484
3538220,EMAIL-526472e87484
3538223,EMAIL-526472e87484
3538255,EMAIL-601679140412
3538269,EMAIL-526472e87484
3538278,EMAIL-7db8006395b7
3538281,EMAIL-7db8006395b7
3538301,EMAIL-526472e87484
3538317,EMAIL-526472e87484
3538320,EMAIL-526472e87484
3538321,EMAIL-7db8006395b7
3538322,EMAIL-601679140412
3538324,EMAIL-a45016f2e246
3538337,EMAIL-7db8006395b7
3538344,EMAIL-526472e87484
3538354,EMAIL-601679140412
3538355,EMAIL-7db8006395b7
3538356,EMAIL-526472e87484
3538362,EMAIL-601679140412
3538380,EMAIL-526472e87484
3538382,EMAIL-7db8006395b7
3538389,EMAIL-7db8006395b7
3538407,EMAIL-01cc9250b615
3538415,EMAIL-526472e87484
3538416,EMAIL-05c3ae107b3d
3538427,EMAIL-7db8006395b7
3538431,EMAIL-526472e87484
3538437,EMAIL-526472e87484
3538457,EMAIL-7db8006395b7
3538459,EMAIL-601679140412
3538461,EMAIL-7db8006395b7
3538466,EMAIL-526472e87484
3538477,EMAIL-a45016f2e246
3538492,EMAIL-7db8006395b7
3538495,EMAIL-7db8006395b7
3538499,EMAIL-a45016f2e246
3538501,EMAIL-526472e87484
3538503,EMAIL-7db8006395b7
3538520,EMAIL-526472e87484
3538526,EMAIL-601679140412
3538530,EMAIL-7db8006395b7
3538540,EMAIL-526472e87484
3538544,EMAIL-526472e87484
3538545,EMAIL-7db8006395b7
3538548,EMAIL-526472e87484
3538552,EMAIL-526472e87484
3538553,EMAIL-dfe6a9c7c1a5
3538557,EMAIL-526472e87484
3538570,EMAIL-526472e87484
3538572,EMAIL-7db8006395b7
3538580,EMAIL-526472e87484
3538581,EMAIL-526472e87484
3538588,EMAIL-526472e87484
3538593,EMAIL-526472e87484
3538604,EMAIL-526472e87484
3538641,EMAIL-526472e87484
3538660,EMAIL-526472e87484
3538676,EMAIL-526472e87484
3538693,EMAIL-526472e87484
3538698,EMAIL-526472e87484
3538700,EMAIL-526472e87484
3538719,EMAIL-b71ecbccbf34
3538724,EMAIL-526472e87484
3538765,EMAIL-526472e87484
3538776,EMAIL-526472e87484
3538783,EMAIL-05c3ae107b3d
3538792,EMAIL-526472e87484
3538798,EMAIL-526472e87484
3538829,EMAIL-dfe6a9c7c1a5
3538844,EMAIL-601679140412
3538894,EMAIL-05c3ae107b3d
3538896,EMAIL-05c3ae107b3d
3538910,EMAIL-526472e87484
3538923,EMAIL-05c3ae107b3d
3538932,EMAIL-05c3ae107b3d
3538935,EMAIL-05c3ae107b3d
3538936,EMAIL-526472e87484
3538964,EMAIL-7db8006395b7
3538969,EMAIL-05c3ae107b3d
3538977,EMAIL-526472e87484
3538982,EMAIL-05c3ae107b3d
3539002,EMAIL-526472e87484
3539040,EMAIL-526472e87484
3539049,EMAIL-05c3ae107b3d
3539054,EMAIL-526472e87484
3539068,EMAIL-526472e87484
3539095,EMAIL-dfe6a9c7c1a5
3539106,EMAIL-526472e87484
3539123,EMAIL-b71ecbccbf34
3539128,EMAIL-b71ecbccbf34
3539237,EMAIL-526472e87484
3539238,EMAIL-526472e87484
3539256,EMAIL-7db8006395b7
3539260,EMAIL-7db8006395b7
3539261,EMAIL-7db8006395b7
3539262,EMAIL-7db8006395b7
3539271,EMAIL-526472e87484
3539278,EMAIL-7db8006395b7
3539297,EMAIL-7db8006395b7
3539304,EMAIL-7db8006395b7
3539323,EMAIL-7db8006395b7
3539326,EMAIL-7db8006395b7
3539344,EMAIL-7db8006395b7
3539348,EMAIL-526472e87484
3539357,EMAIL-7db8006395b7
3539372,EMAIL-7db8006395b7
3539386,EMAIL-7db8006395b7
3539403,EMAIL-7db8006395b7
3539414,EMAIL-7db8006395b7
3539419,EMAIL-7db8006395b7
3539433,EMAIL-526472e87484
3539462,EMAIL-526472e87484
3539463,EMAIL-7db8006395b7
3539489,EMAIL-526472e87484
3539490,EMAIL-7db8006395b7
3539519,EMAIL-7db8006395b7
3539531,EMAIL-601679140412
3539546,EMAIL-7db8006395b7
3539582,EMAIL-526472e87484
3539592,EMAIL-526472e87484
3539604,EMAIL-7db8006395b7
3539610,EMAIL-526472e87484
3539627,EMAIL-526472e87484
3539644,EMAIL-526472e87484
3539671,EMAIL-7eeee5f261e7
3539685,EMAIL-526472e87484
3539696,EMAIL-526472e87484
3539719,EMAIL-7db8006395b7
3539733,EMAIL-7db8006395b7
3539749,EMAIL-7db8006395b7
3539760,EMAIL-b71ecbccbf34
3539765,EMAIL-01cc9250b615
3539815,EMAIL-526472e87484
3539834,EMAIL-000db143c437
3539845,EMAIL-526472e87484
3539878,EMAIL-01cc9250b615
3539888,EMAIL-526472e87484
3539906,EMAIL-b71ecbccbf34
3539910,EMAIL-526472e87484
3539928,EMAIL-526472e87484
3539953,EMAIL-05c3ae107b3d
3539966,EMAIL-526472e87484
3539974,EMAIL-7db8006395b7
3539993,EMAIL-601679140412
3539999,EMAIL-05c3ae107b3d
3540032,EMAIL-b71ecbccbf34
3540040,EMAIL-05c3ae107b3d
3540047,EMAIL-526472e87484
3540063,EMAIL-526472e87484
3540126,EMAIL-526472e87484
3540145,EMAIL-b71ecbccbf34
3540170,EMAIL-7db8006395b7
3540176,EMAIL-05c3ae107b3d
3540177,EMAIL-526472e87484
3540193,EMAIL-526472e87484
3540199,EMAIL-526472e87484
3540237,EMAIL-05c3ae107b3d
3540265,EMAIL-601679140412
3540281,EMAIL-7db8006395b7
3540345,EMAIL-526472e87484
3540380,EMAIL-526472e87484
3540393,EMAIL-023f08585708
3540400,EMAIL-601679140412
3540420,EMAIL-7db8006395b7
3540426,EMAIL-7db8006395b7
3540442,EMAIL-526472e87484
3540468,EMAIL-526472e87484
3540470,EMAIL-601679140412
3540477,EMAIL-526472e87484
3540490,EMAIL-526472e87484
3540491,EMAIL-526472e87484
3540495,EMAIL-526472e87484
3540516,EMAIL-526472e87484
3540530,EMAIL-526472e87484
3540531,EMAIL-526472e87484
3540543,EMAIL-526472e87484
3540545,EMAIL-526472e87484
3540553,EMAIL-7db8006395b7
3540586,EMAIL-023f08585708
3540589,EMAIL-526472e87484
3540593,EMAIL-526472e87484
3540602,EMAIL-526472e87484
3540604,EMAIL-b71ecbccbf34
3540609,EMAIL-526472e87484
3540675,EMAIL-7db8006395b7
3540713,EMAIL-7db8006395b7
3540717,EMAIL-526472e87484
3540748,EMAIL-526472e87484
3540764,EMAIL-526472e87484
3540825,EMAIL-526472e87484
3540864,EMAIL-7db8006395b7
3540878,EMAIL-526472e87484
3540902,EMAIL-526472e87484
3540934,EMAIL-7db8006395b7
3540953,EMAIL-7db8006395b7
3540968,EMAIL-526472e87484
3540969,EMAIL-7db8006395b7
3540972,EMAIL-601679140412
3540978,EMAIL-7db8006395b7
3540986,EMAIL-526472e87484
3540993,EMAIL-7db8006395b7
3540994,EMAIL-05c3ae107b3d
3540997,EMAIL-7db8006395b7
3541022,EMAIL-526472e87484
3541037,EMAIL-b71ecbccbf34
3541046,EMAIL-7db8006395b7
3541048,EMAIL-7db8006395b7
3541059,EMAIL-526472e87484
3541066,EMAIL-526472e87484
3541068,EMAIL-7db8006395b7
3541082,EMAIL-526472e87484
3541084,EMAIL-f757a40fae92
3541085,EMAIL-05c3ae107b3d
3541103,EMAIL-526472e87484
3541105,EMAIL-05c3ae107b3d
3541112,EMAIL-526472e87484
3541116,EMAIL-526472e87484
3541117,EMAIL-7db8006395b7
3541124,EMAIL-526472e87484
3541129,EMAIL-526472e87484
3541132,EMAIL-526472e87484
3541138,EMAIL-526472e87484
3541154,EMAIL-526472e87484
3541155,EMAIL-526472e87484
3541166,EMAIL-526472e87484
3541194,EMAIL-7db8006395b7
3541206,EMAIL-05c3ae107b3d
3541207,EMAIL-526472e87484
3541229,EMAIL-526472e87484
3541259,EMAIL-7db8006395b7
3541260,EMAIL-7db8006395b7
3541276,EMAIL-7db8006395b7
3541280,EMAIL-7db8006395b7
3541286,EMAIL-526472e87484
3541290,EMAIL-7db8006395b7
3541296,EMAIL-526472e87484
3541300,EMAIL-7db8006395b7
3541302,EMAIL-526472e87484
3541312,EMAIL-526472e87484
3541316,EMAIL-526472e87484
3541317,EMAIL-526472e87484
3541324,EMAIL-526472e87484
3541325,EMAIL-526472e87484
3541327,EMAIL-526472e87484
3541329,EMAIL-526472e87484
3541330,EMAIL-526472e87484
3541337,EMAIL-526472e87484
3541341,EMAIL-526472e87484
3541349,EMAIL-526472e87484
3541353,EMAIL-662b3791aebd
3541355,EMAIL-526472e87484
3541363,EMAIL-526472e87484
3541375,EMAIL-526472e87484
3541385,EMAIL-7db8006395b7
3541387,EMAIL-526472e87484
3541389,EMAIL-526472e87484
3541395,EMAIL-526472e87484
3541396,EMAIL-526472e87484
3541399,EMAIL-526472e87484
3541402,EMAIL-526472e87484
3541403,EMAIL-526472e87484
3541421,EMAIL-526472e87484
3541425,EMAIL-01cc9250b615
3541433,EMAIL-526472e87484
3541436,EMAIL-526472e87484
3541437,EMAIL-526472e87484
3541440,EMAIL-7db8006395b7
3541446,EMAIL-a45016f2e246
3541447,EMAIL-526472e87484
3541448,EMAIL-526472e87484
3541453,EMAIL-2c6b2b02a48e
3541475,EMAIL-526472e87484
3541478,EMAIL-526472e87484
3541486,EMAIL-7eeee5f261e7
3541495,EMAIL-526472e87484
3541499,EMAIL-526472e87484
3541537,EMAIL-526472e87484
3541543,EMAIL-526472e87484
3541546,EMAIL-526472e87484
3541574,EMAIL-05c3ae107b3d
3541577,EMAIL-526472e87484
3541595,EMAIL-05c3ae107b3d
3541619,EMAIL-7db8006395b7
3541632,EMAIL-7db8006395b7
3541662,EMAIL-526472e87484
3541704,EMAIL-526472e87484
3541714,EMAIL-526472e87484
3541718,EMAIL-526472e87484
3541748,EMAIL-05c3ae107b3d
3541847,EMAIL-01cc9250b615
3541857,EMAIL-526472e87484
3541866,EMAIL-526472e87484
3541871,EMAIL-526472e87484
3541887,EMAIL-7db8006395b7
3541888,EMAIL-7db8006395b7
3541915,EMAIL-526472e87484
3541921,EMAIL-7db8006395b7
3541930,EMAIL-dfe6a9c7c1a5
3541939,EMAIL-526472e87484
3541972,EMAIL-7db8006395b7
3541994,EMAIL-526472e87484
3541996,EMAIL-526472e87484
3542013,EMAIL-7db8006395b7
3542021,EMAIL-526472e87484
3542024,EMAIL-526472e87484
3542040,EMAIL-526472e87484
3542053,EMAIL-7db8006395b7
3542079,EMAIL-7db8006395b7
3542080,EMAIL-526472e87484
3542119,EMAIL-526472e87484
3542130,EMAIL-05c3ae107b3d
3542138,EMAIL-526472e87484
3542167,EMAIL-7db8006395b7
3542202,EMAIL-7db8006395b7
3542204,EMAIL-7db8006395b7
3542234,EMAIL-7db8006395b7
3542239,EMAIL-526472e87484
3542286,EMAIL-7db8006395b7
3542288,EMAIL-526472e87484
3542296,EMAIL-601679140412
3542330,EMAIL-7db8006395b7
3542335,EMAIL-526472e87484
3542355,EMAIL-601679140412
3542369,EMAIL-b71ecbccbf34
3542376,EMAIL-526472e87484
3542429,EMAIL-526472e87484
3542464,EMAIL-05c3ae107b3d
3542467,EMAIL-7db8006395b7
3542507,EMAIL-7db8006395b7
3542528,EMAIL-05c3ae107b3d
3542556,EMAIL-526472e87484
3542564,EMAIL-7db8006395b7
3542583,EMAIL-7db8006395b7
3542600,EMAIL-526472e87484
3542625,EMAIL-05c3ae107b3d
3542627,EMAIL-526472e87484
3542632,EMAIL-526472e87484
3542660,EMAIL-b71ecbccbf34
3542730,EMAIL-526472e87484
3542768,EMAIL-526472e87484
3542770,EMAIL-a45016f2e246
3542771,EMAIL-526472e87484
3542800,EMAIL-526472e87484
3542831,EMAIL-7db8006395b7
3542842,EMAIL-601679140412
3542859,EMAIL-7db8006395b7
3542867,EMAIL-526472e87484
3542879,EMAIL-526472e87484
3542898,EMAIL-601679140412
3542909,EMAIL-7db8006395b7
3542925,EMAIL-7db8006395b7
3542932,EMAIL-526472e87484
3542955,EMAIL-7db8006395b7
3542966,EMAIL-601679140412
3542976,EMAIL-526472e87484
3542988,EMAIL-526472e87484
3543012,EMAIL-526472e87484
3543082,EMAIL-05c3ae107b3d
3543095,EMAIL-7db8006395b7
3543099,EMAIL-a45016f2e246
3543102,EMAIL-a45016f2e246
3543145,EMAIL-a45016f2e246
3543146,EMAIL-7db8006395b7
3543168,EMAIL-7db8006395b7
3543188,EMAIL-526472e87484
3543224,EMAIL-05c3ae107b3d
3543247,EMAIL-526472e87484
3543254,EMAIL-dfe6a9c7c1a5
3543274,EMAIL-7db8006395b7
3543293,EMAIL-7db8006395b7
3543312,EMAIL-526472e87484
3543342,EMAIL-05c3ae107b3d
3543350,EMAIL-526472e87484
3543400,EMAIL-601679140412
3543405,EMAIL-601679140412
3543407,EMAIL-7db8006395b7
3543433,EMAIL-526472e87484
3543441,EMAIL-526472e87484
3543473,EMAIL-526472e87484
3543529,EMAIL-526472e87484
3543553,EMAIL-526472e87484
3543559,EMAIL-05c3ae107b3d
3543563,EMAIL-526472e87484
3543569,EMAIL-7db8006395b7
3543571,EMAIL-8b942685451d
3543599,EMAIL-7db8006395b7
3543650,EMAIL-526472e87484
3543664,EMAIL-526472e87484
3543684,EMAIL-7db8006395b7
3543708,EMAIL-526472e87484
3543720,EMAIL-526472e87484
3543727,EMAIL-601679140412
3543742,EMAIL-2c6b2b02a48e
3543744,EMAIL-7db8006395b7
3543767,EMAIL-526472e87484
3543777,EMAIL-601679140412
3543781,EMAIL-7db8006395b7
3543794,EMAIL-7db8006395b7
3543832,EMAIL-526472e87484
3543833,EMAIL-526472e87484
3543838,EMAIL-526472e87484
3543849,EMAIL-526472e87484
3543855,EMAIL-526472e87484
3543867,EMAIL-526472e87484
3543875,EMAIL-526472e87484
3543909,EMAIL-526472e87484
3543916,EMAIL-526472e87484
3543922,EMAIL-526472e87484
3543950,EMAIL-526472e87484
3543955,EMAIL-01cc9250b615
3543958,EMAIL-526472e87484
3543967,EMAIL-7db8006395b7
3543969,EMAIL-9f7909255943
3543971,EMAIL-7db8006395b7
3543999,EMAIL-7db8006395b7
3544027,EMAIL-7db8006395b7
3544045,EMAIL-526472e87484
3544071,EMAIL-526472e87484
3544072,EMAIL-b71ecbccbf34
3544107,EMAIL-601679140412
3544118,EMAIL-526472e87484
3544142,EMAIL-7db8006395b7
3544158,EMAIL-526472e87484
3544178,EMAIL-526472e87484
3544196,EMAIL-526472e87484
3544198,EMAIL-7db8006395b7
3544201,EMAIL-7db8006395b7
3544221,EMAIL-526472e87484
3544230,EMAIL-526472e87484
3544239,EMAIL-526472e87484
3544243,EMAIL-7db8006395b7
3544244,EMAIL-526472e87484
3544264,EMAIL-526472e87484
3544275,EMAIL-7db8006395b7
3544284,EMAIL-05c3ae107b3d
3544294,EMAIL-526472e87484
3544301,EMAIL-a45016f2e246
3544304,EMAIL-2c6b2b02a48e
3544307,EMAIL-526472e87484
3544309,EMAIL-526472e87484
3544341,EMAIL-7db8006395b7
3544348,EMAIL-526472e87484
3544352,EMAIL-a45016f2e246
3544360,EMAIL-01cc9250b615
3544361,EMAIL-526472e87484
3544362,EMAIL-526472e87484
3544368,EMAIL-7db8006395b7
3544372,EMAIL-526472e87484
3544381,EMAIL-526472e87484
3544386,EMAIL-526472e87484
3544388,EMAIL-05c3ae107b3d
3544392,EMAIL-526472e87484
3544406,EMAIL-526472e87484
3544412,EMAIL-7db8006395b7
3544418,EMAIL-526472e87484
3544438,EMAIL-526472e87484
3544440,EMAIL-526472e87484
3544444,EMAIL-526472e87484
3544464,EMAIL-a45016f2e246
3544475,EMAIL-526472e87484
3544482,EMAIL-7db8006395b7
3544484,EMAIL-526472e87484
3544489,EMAIL-526472e87484
3544494,EMAIL-7db8006395b7
3544498,EMAIL-526472e87484
3544499,EMAIL-7db8006395b7
3544504,EMAIL-526472e87484
3544507,EMAIL-7db8006395b7
3544508,EMAIL-05c3ae107b3d
3544512,EMAIL-526472e87484
3544515,EMAIL-526472e87484
3544526,EMAIL-7db8006395b7
3544528,EMAIL-01cc9250b615
3544530,EMAIL-601679140412
3544540,EMAIL-526472e87484
3544543,EMAIL-526472e87484
3544551,EMAIL-7db8006395b7
3544558,EMAIL-526472e87484
3544571,EMAIL-526472e87484
3544574,EMAIL-526472e87484
3544575,EMAIL-d49ef073fa47
3544579,EMAIL-7db8006395b7
3544580,EMAIL-526472e87484
3544584,EMAIL-7db8006395b7
3544589,EMAIL-526472e87484
3544590,EMAIL-dfe6a9c7c1a5
3544592,EMAIL-b71ecbccbf34
3544600,EMAIL-526472e87484
3544611,EMAIL-7db8006395b7
3544623,EMAIL-526472e87484
3544627,EMAIL-7db8006395b7
3544635,EMAIL-526472e87484
3544643,EMAIL-526472e87484
3544645,EMAIL-601679140412
3544647,EMAIL-526472e87484
3544661,EMAIL-7db8006395b7
3544662,EMAIL-7db8006395b7
3544670,EMAIL-7db8006395b7
3544676,EMAIL-526472e87484
3544681,EMAIL-7db8006395b7
3544702,EMAIL-526472e87484
3544706,EMAIL-526472e87484
3544721,EMAIL-526472e87484
3544727,EMAIL-526472e87484
3544731,EMAIL-526472e87484
3544737,EMAIL-a45016f2e246
3544749,EMAIL-526472e87484
3544756,EMAIL-526472e87484
3544759,EMAIL-526472e87484
3544764,EMAIL-526472e87484
3544779,EMAIL-526472e87484
3544790,EMAIL-526472e87484
3544796,EMAIL-526472e87484
3544828,EMAIL-601679140412
3544871,EMAIL-526472e87484
3544880,EMAIL-526472e87484
3544886,EMAIL-526472e87484
3544905,EMAIL-526472e87484
3544923,EMAIL-3a8e7c5c8069
3544939,EMAIL-526472e87484
3544958,EMAIL-7db8006395b7
3544972,EMAIL-526472e87484
3544980,EMAIL-526472e87484
3544983,EMAIL-7db8006395b7
3544988,EMAIL-601679140412
3545048,EMAIL-526472e87484
3545071,EMAIL-526472e87484
3545077,EMAIL-526472e87484
3545086,EMAIL-b71ecbccbf34
3545129,EMAIL-526472e87484
3545132,EMAIL-526472e87484
3545147,EMAIL-526472e87484
3545168,EMAIL-7db8006395b7
3545183,EMAIL-dfe6a9c7c1a5
3545207,EMAIL-526472e87484
3545224,EMAIL-7db8006395b7
3545271,EMAIL-526472e87484
3545283,EMAIL-526472e87484
3545290,EMAIL-526472e87484
3545293,EMAIL-05c3ae107b3d
3545294,EMAIL-7db8006395b7
3545295,EMAIL-601679140412
3545323,EMAIL-526472e87484
3545339,EMAIL-601679140412
3545340,EMAIL-a45016f2e246
3545353,EMAIL-601679140412
3545355,EMAIL-526472e87484
3545367,EMAIL-526472e87484
3545374,EMAIL-601679140412
3545398,EMAIL-526472e87484
3545407,EMAIL-601679140412
3545417,EMAIL-05c3ae107b3d
3545440,EMAIL-526472e87484
3545475,EMAIL-601679140412
3545491,EMAIL-7db8006395b7
3545506,EMAIL-526472e87484
3545514,EMAIL-526472e87484
3545515,EMAIL-526472e87484
3545523,EMAIL-05c3ae107b3d
3545530,EMAIL-601679140412
3545562,EMAIL-7db8006395b7
3545599,EMAIL-526472e87484
3545614,EMAIL-05c3ae107b3d
3545631,EMAIL-7db8006395b7
3545633,EMAIL-7db8006395b7
3545662,EMAIL-7db8006395b7
3545705,EMAIL-7db8006395b7
3545720,EMAIL-526472e87484
3545722,EMAIL-a45016f2e246
3545734,EMAIL-526472e87484
3545745,EMAIL-7db8006395b7
3545748,EMAIL-526472e87484
3545756,EMAIL-601679140412
3545774,EMAIL-05c3ae107b3d
3545777,EMAIL-601679140412
3545782,EMAIL-7db8006395b7
3545811,EMAIL-7db8006395b7
3545814,EMAIL-526472e87484
3545818,EMAIL-05c3ae107b3d
3545823,EMAIL-601679140412
3545827,EMAIL-526472e87484
3545840,EMAIL-7db8006395b7
3545852,EMAIL-526472e87484
3545861,EMAIL-7db8006395b7
3545865,EMAIL-2c6b2b02a48e
3545877,EMAIL-526472e87484
3545919,EMAIL-526472e87484
3545953,EMAIL-526472e87484
3545986,EMAIL-7db8006395b7
3545988,EMAIL-7db8006395b7
3546002,EMAIL-526472e87484
3546005,EMAIL-526472e87484
3546009,EMAIL-b71ecbccbf34
3546037,EMAIL-526472e87484
3546047,EMAIL-526472e87484
3546060,EMAIL-526472e87484
3546062,EMAIL-3a8e7c5c8069
3546065,EMAIL-7db8006395b7
3546072,EMAIL-7db8006395b7
3546086,EMAIL-7db8006395b7
3546099,EMAIL-526472e87484
3546121,EMAIL-526472e87484
3546122,EMAIL-7db8006395b7
3546130,EMAIL-526472e87484
3546180,EMAIL-7db8006395b7
3546182,EMAIL-7db8006395b7
3546187,EMAIL-526472e87484
3546196,EMAIL-7db8006395b7
3546202,EMAIL-7db8006395b7
3546231,EMAIL-526472e87484
3546247,EMAIL-b71ecbccbf34
3546294,EMAIL-526472e87484
3546297,EMAIL-05c3ae107b3d
3546298,EMAIL-7db8006395b7
3546304,EMAIL-526472e87484
3546305,EMAIL-526472e87484
3546308,EMAIL-526472e87484
3546314,EMAIL-601679140412
3546335,EMAIL-526472e87484
3546339,EMAIL-05c3ae107b3d
3546356,EMAIL-7db8006395b7
3546373,EMAIL-526472e87484
3546378,EMAIL-526472e87484
3546433,EMAIL-526472e87484
3546449,EMAIL-dfe6a9c7c1a5
3546489,EMAIL-01cc9250b615
3546510,EMAIL-01cc9250b615
3546516,EMAIL-3a8e7c5c8069
3546544,EMAIL-7db8006395b7
3546555,EMAIL-7db8006395b7
3546557,EMAIL-05c3ae107b3d
3546564,EMAIL-05c3ae107b3d
3546574,EMAIL-05c3ae107b3d
3546576,EMAIL-526472e87484
3546579,EMAIL-526472e87484
3546583,EMAIL-526472e87484
3546587,EMAIL-526472e87484
3546602,EMAIL-526472e87484
3546620,EMAIL-7db8006395b7
3546646,EMAIL-05c3ae107b3d
3546665,EMAIL-7db8006395b7
3546679,EMAIL-b71ecbccbf34
3546702,EMAIL-7db8006395b7
3546746,EMAIL-526472e87484
3546758,EMAIL-526472e87484
3546760,EMAIL-dfe6a9c7c1a5
3546763,EMAIL-601679140412
3546771,EMAIL-83e81c0f7766
3546793,EMAIL-601679140412
3546816,EMAIL-05c3ae107b3d
3546836,EMAIL-7db8006395b7
3546927,EMAIL-7db8006395b7
3546951,EMAIL-526472e87484
3546952,EMAIL-526472e87484
3546970,EMAIL-7db8006395b7
3546988,EMAIL-b71ecbccbf34
3546997,EMAIL-526472e87484
3547017,EMAIL-7db8006395b7
3547025,EMAIL-526472e87484
3547030,EMAIL-7db8006395b7
3547062,EMAIL-b71ecbccbf34
3547076,EMAIL-7db8006395b7
3547119,EMAIL-526472e87484
3547131,EMAIL-7db8006395b7
3547141,EMAIL-526472e87484
3547142,EMAIL-526472e87484
3547154,EMAIL-7db8006395b7
3547191,EMAIL-526472e87484
3547193,EMAIL-526472e87484
3547195,EMAIL-7db8006395b7
3547198,EMAIL-526472e87484
3547224,EMAIL-526472e87484
3547228,EMAIL-526472e87484
3547230,EMAIL-526472e87484
3547234,EMAIL-526472e87484
3547236,EMAIL-7db8006395b7
3547238,EMAIL-526472e87484
3547239,EMAIL-526472e87484
3547254,EMAIL-7db8006395b7
3547266,EMAIL-7db8006395b7
3547268,EMAIL-526472e87484
3547284,EMAIL-526472e87484
3547289,EMAIL-526472e87484
3547294,EMAIL-601679140412
3547318,EMAIL-526472e87484
3547323,EMAIL-7db8006395b7
3547329,EMAIL-7db8006395b7
3547334,EMAIL-526472e87484
3547338,EMAIL-01cc9250b615
3547343,EMAIL-05c3ae107b3d
3547352,EMAIL-a45016f2e246
3547361,EMAIL-7db8006395b7
3547364,EMAIL-dfe6a9c7c1a5
3547382,EMAIL-526472e87484
3547392,EMAIL-526472e87484
3547395,EMAIL-526472e87484
3547396,EMAIL-7db8006395b7
3547409,EMAIL-526472e87484
3547429,EMAIL-7db8006395b7
3547430,EMAIL-601679140412
3547435,EMAIL-7db8006395b7
3547445,EMAIL-7db8006395b7
3547448,EMAIL-7db8006395b7
3547454,EMAIL-526472e87484
3547463,EMAIL-b71ecbccbf34
3547474,EMAIL-05c3ae107b3d
3547476,EMAIL-526472e87484
3547485,EMAIL-526472e87484
3547488,EMAIL-526472e87484
3547500,EMAIL-7db8006395b7
3547504,EMAIL-7db8006395b7
3547523,EMAIL-526472e87484
3547524,EMAIL-526472e87484
3547525,EMAIL-526472e87484
3547526,EMAIL-526472e87484
3547528,EMAIL-526472e87484
3547529,EMAIL-526472e87484
3547560,EMAIL-01cc9250b615
3547564,EMAIL-7db8006395b7
3547572,EMAIL-7db8006395b7
3547595,EMAIL-526472e87484
3547596,EMAIL-7db8006395b7
3547602,EMAIL-7db8006395b7
3547635,EMAIL-7db8006395b7
3547643,EMAIL-526472e87484
3547667,EMAIL-526472e87484
3547668,EMAIL-b71ecbccbf34
3547671,EMAIL-526472e87484
3547675,EMAIL-b71ecbccbf34
3547744,EMAIL-526472e87484
3547775,EMAIL-05c3ae107b3d
3547777,EMAIL-7db8006395b7
3547797,EMAIL-7db8006395b7
3547831,EMAIL-526472e87484
3547832,EMAIL-7db8006395b7
3547904,EMAIL-05c3ae107b3d
3547905,EMAIL-b71ecbccbf34
3547931,EMAIL-7db8006395b7
3547946,EMAIL-7db8006395b7
3547951,EMAIL-01cc9250b615
3547954,EMAIL-01cc9250b615
3548017,EMAIL-7db8006395b7
3548041,EMAIL-526472e87484
3548068,EMAIL-526472e87484
3548150,EMAIL-d1684fe68050
3548159,EMAIL-526472e87484
3548178,EMAIL-526472e87484
3548180,EMAIL-526472e87484
3548198,EMAIL-05c3ae107b3d
3548210,EMAIL-526472e87484
3548218,EMAIL-05c3ae107b3d
3548235,EMAIL-05c3ae107b3d
3548268,EMAIL-05c3ae107b3d
3548274,EMAIL-526472e87484
3548289,EMAIL-b71ecbccbf34
3548348,EMAIL-7db8006395b7
3548368,EMAIL-b71ecbccbf34
3548396,EMAIL-b71ecbccbf34
3548402,EMAIL-7db8006395b7
3548413,EMAIL-526472e87484
3548422,EMAIL-526472e87484
3548439,EMAIL-526472e87484
3548455,EMAIL-526472e87484
3548464,EMAIL-526472e87484
3548470,EMAIL-d1684fe68050
3548478,EMAIL-526472e87484
3548501,EMAIL-b71ecbccbf34
3548508,EMAIL-7db8006395b7
3548511,EMAIL-526472e87484
3548611,EMAIL-526472e87484
3548617,EMAIL-601679140412
3548646,EMAIL-7db8006395b7
3548662,EMAIL-526472e87484
3548691,EMAIL-5cac1ed1c3bd
3548711,EMAIL-7db8006395b7
3548712,EMAIL-7db8006395b7
3548726,EMAIL-7db8006395b7
3548746,EMAIL-7db8006395b7
3548747,EMAIL-7db8006395b7
3548753,EMAIL-7db8006395b7
3548768,EMAIL-b71ecbccbf34
3548769,EMAIL-7db8006395b7
3548770,EMAIL-05c3ae107b3d
3548781,EMAIL-526472e87484
3548782,EMAIL-b71ecbccbf34
3548846,EMAIL-b71ecbccbf34
3548858,EMAIL-526472e87484
3548882,EMAIL-526472e87484
3548888,EMAIL-526472e87484
3548894,EMAIL-7db8006395b7
3548923,EMAIL-601679140412
3548931,EMAIL-7db8006395b7
3548997,EMAIL-7db8006395b7
3549028,EMAIL-a45016f2e246
3549045,EMAIL-526472e87484
3549060,EMAIL-dfe6a9c7c1a5
3549071,EMAIL-7db8006395b7
3549098,EMAIL-526472e87484
3549114,EMAIL-7db8006395b7
3549131,EMAIL-01cc9250b615
3549180,EMAIL-7db8006395b7
3549201,EMAIL-526472e87484
3549226,EMAIL-526472e87484
3549242,EMAIL-7db8006395b7
3549252,EMAIL-7db8006395b7
3549286,EMAIL-05c3ae107b3d
3549316,EMAIL-526472e87484
3549346,EMAIL-05c3ae107b3d
3549377,EMAIL-7db8006395b7
3549472,EMAIL-526472e87484
3549484,EMAIL-601679140412
3549510,EMAIL-601679140412
3549514,EMAIL-526472e87484
3549519,EMAIL-7db8006395b7
3549523,EMAIL-601679140412
3549533,EMAIL-7db8006395b7
3549542,EMAIL-7db8006395b7
3549548,EMAIL-601679140412
3549583,EMAIL-526472e87484
3549586,EMAIL-526472e87484
3549639,EMAIL-526472e87484
3549649,EMAIL-526472e87484
3549707,EMAIL-7db8006395b7
3549708,EMAIL-7db8006395b7
3549731,EMAIL-ddd29d9009e4
3549736,EMAIL-526472e87484
3549741,EMAIL-526472e87484
3549776,EMAIL-526472e87484
3549778,EMAIL-7db8006395b7
3549784,EMAIL-526472e87484
3549815,EMAIL-a45016f2e246
3549866,EMAIL-526472e87484
3549903,EMAIL-601679140412
3549919,EMAIL-526472e87484
3549974,EMAIL-7db8006395b7
3549985,EMAIL-7db8006395b7
3549990,EMAIL-7db8006395b7
3550007,EMAIL-526472e87484
3550012,EMAIL-05c3ae107b3d
3550013,EMAIL-b71ecbccbf34
3550014,EMAIL-601679140412
3550022,EMAIL-526472e87484
3550023,EMAIL-7db8006395b7
3550037,EMAIL-7db8006395b7
3550042,EMAIL-7db8006395b7
3550045,EMAIL-7db8006395b7
3550051,EMAIL-526472e87484
3550063,EMAIL-7db8006395b7
3550064,EMAIL-7db8006395b7
3550068,EMAIL-7db8006395b7
3550076,EMAIL-7db8006395b7
3550100,EMAIL-526472e87484
3550101,EMAIL-7db8006395b7
3550110,EMAIL-7db8006395b7
3550123,EMAIL-7db8006395b7
3550127,EMAIL-526472e87484
3550129,EMAIL-526472e87484
3550194,EMAIL-7db8006395b7
3550213,EMAIL-526472e87484
3550214,EMAIL-7db8006395b7
3550216,EMAIL-526472e87484
3550232,EMAIL-601679140412
3550251,EMAIL-526472e87484
3550266,EMAIL-7db8006395b7
3550287,EMAIL-526472e87484
3550293,EMAIL-601679140412
3550334,EMAIL-7db8006395b7
3550345,EMAIL-7db8006395b7
3550358,EMAIL-7db8006395b7
3550364,EMAIL-01cc9250b615
3550368,EMAIL-526472e87484
3550376,EMAIL-01cc9250b615
3550389,EMAIL-526472e87484
3550393,EMAIL-526472e87484
3550396,EMAIL-526472e87484
3550406,EMAIL-7db8006395b7
3550411,EMAIL-526472e87484
3550415,EMAIL-7db8006395b7
3550416,EMAIL-526472e87484
3550419,EMAIL-526472e87484
3550436,EMAIL-7db8006395b7
3550452,EMAIL-526472e87484
3550459,EMAIL-7db8006395b7
3550463,EMAIL-526472e87484
3550470,EMAIL-526472e87484
3550481,EMAIL-662b3791aebd
3550493,EMAIL-526472e87484
3550497,EMAIL-526472e87484
3550533,EMAIL-526472e87484
3550551,EMAIL-7db8006395b7
3550725,EMAIL-601679140412
3550739,EMAIL-526472e87484
3550757,EMAIL-b71ecbccbf34
3550761,EMAIL-7db8006395b7
3550764,EMAIL-7db8006395b7
3550840,EMAIL-05c3ae107b3d
3550866,EMAIL-3a8e7c5c8069
3550874,EMAIL-05c3ae107b3d
3550940,EMAIL-526472e87484
3550944,EMAIL-7db8006395b7
3550956,EMAIL-526472e87484
3550962,EMAIL-526472e87484
3550987,EMAIL-526472e87484
3551004,EMAIL-526472e87484
3551076,EMAIL-526472e87484
3551098,EMAIL-023f08585708
3551118,EMAIL-526472e87484
3551148,EMAIL-526472e87484
3551158,EMAIL-526472e87484
3551176,EMAIL-526472e87484
3551214,EMAIL-526472e87484
3551215,EMAIL-526472e87484
3551233,EMAIL-526472e87484
3551244,EMAIL-05c3ae107b3d
3551245,EMAIL-05c3ae107b3d
3551324,EMAIL-05c3ae107b3d
3551346,EMAIL-05c3ae107b3d
3551388,EMAIL-526472e87484
3551411,EMAIL-526472e87484
3551412,EMAIL-526472e87484
3551430,EMAIL-526472e87484
3551431,EMAIL-526472e87484
3551455,EMAIL-662b3791aebd
3551467,EMAIL-526472e87484
3551486,EMAIL-7db8006395b7
3551487,EMAIL-7db8006395b7
3551526,EMAIL-526472e87484
3551550,EMAIL-601679140412
3551569,EMAIL-601679140412
3551576,EMAIL-601679140412
3551643,EMAIL-526472e87484
3551656,EMAIL-b71ecbccbf34
3551668,EMAIL-526472e87484
3551670,EMAIL-7db8006395b7
3551694,EMAIL-05c3ae107b3d
3551699,EMAIL-05c3ae107b3d
3551713,EMAIL-526472e87484
3551740,EMAIL-b71ecbccbf34
3551809,EMAIL-05c3ae107b3d
3551878,EMAIL-b71ecbccbf34
3551893,EMAIL-526472e87484
3551935,EMAIL-526472e87484
3551961,EMAIL-526472e87484
3551962,EMAIL-526472e87484
3551964,EMAIL-526472e87484
3551971,EMAIL-05c3ae107b3d
3551988,EMAIL-7db8006395b7
3551993,EMAIL-05c3ae107b3d
3552000,EMAIL-d1684fe68050
3552004,EMAIL-0df48815e896
3552006,EMAIL-526472e87484
3552020,EMAIL-d1684fe68050
3552048,EMAIL-601679140412
3552060,EMAIL-601679140412
3552066,EMAIL-526472e87484
3552070,EMAIL-526472e87484
3552073,EMAIL-7db8006395b7
3552081,EMAIL-662b3791aebd
3552086,EMAIL-526472e87484
3552121,EMAIL-526472e87484
3552124,EMAIL-05c3ae107b3d
3552150,EMAIL-526472e87484
3552172,EMAIL-7db8006395b7
3552183,EMAIL-7db8006395b7
3552259,EMAIL-526472e87484
3552272,EMAIL-526472e87484
3552326,EMAIL-601679140412
3552335,EMAIL-601679140412
3552354,EMAIL-526472e87484
3552369,EMAIL-526472e87484
3552374,EMAIL-526472e87484
3552393,EMAIL-023f08585708
3552399,EMAIL-023f08585708
3552418,EMAIL-526472e87484
3552431,EMAIL-526472e87484
3552433,EMAIL-526472e87484
3552439,EMAIL-526472e87484
3552443,EMAIL-526472e87484
3552453,EMAIL-526472e87484
3552469,EMAIL-526472e87484
3552506,EMAIL-3a8e7c5c8069
3552526,EMAIL-526472e87484
3552558,EMAIL-526472e87484
3552561,EMAIL-526472e87484
3552572,EMAIL-023f08585708
3552577,EMAIL-b1be8c968bc2
3552585,EMAIL-526472e87484
3552589,EMAIL-526472e87484
3552687,EMAIL-526472e87484
3552710,EMAIL-7db8006395b7
3552715,EMAIL-7db8006395b7
3552762,EMAIL-526472e87484
3552765,EMAIL-05c3ae107b3d
3552795,EMAIL-05c3ae107b3d
3552822,EMAIL-526472e87484
3552824,EMAIL-526472e87484
3552826,EMAIL-05c3ae107b3d
3552834,EMAIL-526472e87484
3552836,EMAIL-b71ecbccbf34
3552888,EMAIL-7db8006395b7
3552900,EMAIL-7db8006395b7
3552911,EMAIL-7db8006395b7
3552923,EMAIL-7db8006395b7
3552928,EMAIL-7db8006395b7
3552967,EMAIL-0df48815e896
3552969,EMAIL-7db8006395b7
3553003,EMAIL-7db8006395b7
3553030,EMAIL-05c3ae107b3d
3553033,EMAIL-526472e87484
3553084,EMAIL-7db8006395b7
3553098,EMAIL-526472e87484
3553105,EMAIL-526472e87484
3553135,EMAIL-526472e87484
3553156,EMAIL-526472e87484
3553164,EMAIL-526472e87484
3553188,EMAIL-526472e87484
3553192,EMAIL-601679140412
3553209,EMAIL-526472e87484
3553214,EMAIL-526472e87484
3553219,EMAIL-526472e87484
3553223,EMAIL-526472e87484
3553231,EMAIL-526472e87484
3553252,EMAIL-526472e87484
3553265,EMAIL-7db8006395b7
3553269,EMAIL-526472e87484
3553270,EMAIL-05c3ae107b3d
3553275,EMAIL-023f08585708
3553276,EMAIL-526472e87484
3553279,EMAIL-7db8006395b7
3553280,EMAIL-7db8006395b7
3553281,EMAIL-526472e87484
3553293,EMAIL-05c3ae107b3d
3553300,EMAIL-7db8006395b7
3553337,EMAIL-05c3ae107b3d
3553342,EMAIL-526472e87484
3553357,EMAIL-dfe6a9c7c1a5
3553370,EMAIL-526472e87484
3553384,EMAIL-526472e87484
3553402,EMAIL-526472e87484
3553406,EMAIL-7db8006395b7
3553412,EMAIL-526472e87484
3553435,EMAIL-7eeee5f261e7
3553456,EMAIL-526472e87484
3553462,EMAIL-7db8006395b7
3553501,EMAIL-526472e87484
3553509,EMAIL-526472e87484
3553510,EMAIL-526472e87484
3553520,EMAIL-526472e87484
3553561,EMAIL-05c3ae107b3d
3553568,EMAIL-526472e87484
3553586,EMAIL-526472e87484
3553653,EMAIL-b71ecbccbf34
3553659,EMAIL-526472e87484
3553719,EMAIL-05c3ae107b3d
3553731,EMAIL-05c3ae107b3d
3553745,EMAIL-526472e87484
3553765,EMAIL-526472e87484
3553784,EMAIL-601679140412
3553793,EMAIL-dfe6a9c7c1a5
3553794,EMAIL-dfe6a9c7c1a5
3553823,EMAIL-dfe6a9c7c1a5
3553830,EMAIL-dfe6a9c7c1a5
3553888,EMAIL-526472e87484
3553901,EMAIL-526472e87484
3553903,EMAIL-01cc9250b615
3553930,EMAIL-dfe6a9c7c1a5
3553935,EMAIL-05c3ae107b3d
3553943,EMAIL-7db8006395b7
3553958,EMAIL-526472e87484
3553986,EMAIL-526472e87484
3553994,EMAIL-526472e87484
3554004,EMAIL-526472e87484
3554014,EMAIL-7db8006395b7
3554019,EMAIL-526472e87484
3554076,EMAIL-526472e87484
3554077,EMAIL-7db8006395b7
3554081,EMAIL-05c3ae107b3d
3554085,EMAIL-05c3ae107b3d
3554099,EMAIL-526472e87484
3554119,EMAIL-05c3ae107b3d
3554120,EMAIL-7db8006395b7
3554123,EMAIL-7db8006395b7
3554127,EMAIL-05c3ae107b3d
3554137,EMAIL-662b3791aebd
3554140,EMAIL-526472e87484
3554194,EMAIL-526472e87484
3554201,EMAIL-526472e87484
3554217,EMAIL-526472e87484
3554222,EMAIL-05c3ae107b3d
3554224,EMAIL-7db8006395b7
3554252,EMAIL-526472e87484
3554260,EMAIL-526472e87484
3554276,EMAIL-7db8006395b7
3554288,EMAIL-7db8006395b7
3554289,EMAIL-526472e87484
3554297,EMAIL-526472e87484
3554300,EMAIL-7db8006395b7
3554314,EMAIL-526472e87484
3554328,EMAIL-526472e87484
3554334,EMAIL-526472e87484
3554335,EMAIL-526472e87484
3554342,EMAIL-023f08585708
3554344,EMAIL-7db8006395b7
3554368,EMAIL-526472e87484
3554369,EMAIL-05c3ae107b3d
3554389,EMAIL-526472e87484
3554424,EMAIL-601679140412
3554476,EMAIL-7db8006395b7
3554480,EMAIL-a45016f2e246
3554488,EMAIL-526472e87484
3554490,EMAIL-7db8006395b7
3554499,EMAIL-a45016f2e246
3554504,EMAIL-05c3ae107b3d
3554511,EMAIL-a45016f2e246
3554515,EMAIL-a45016f2e246
3554519,EMAIL-a45016f2e246
3554541,EMAIL-526472e87484
3554566,EMAIL-526472e87484
3554577,EMAIL-023f08585708
3554580,EMAIL-7db8006395b7
3554589,EMAIL-a45016f2e246
3554620,EMAIL-526472e87484
3554665,EMAIL-05c3ae107b3d
3554666,EMAIL-01cc9250b615
3554683,EMAIL-526472e87484
3554689,EMAIL-526472e87484
3554721,EMAIL-526472e87484
3554760,EMAIL-526472e87484
3554764,EMAIL-526472e87484
3554780,EMAIL-526472e87484
3554791,EMAIL-526472e87484
3554801,EMAIL-05c3ae107b3d
3554822,EMAIL-526472e87484
3554833,EMAIL-7db8006395b7
3554836,EMAIL-b71ecbccbf34
3554868,EMAIL-7db8006395b7
3554886,EMAIL-05c3ae107b3d
3554901,EMAIL-05c3ae107b3d
3554931,EMAIL-7db8006395b7
3554977,EMAIL-7db8006395b7
3555114,EMAIL-8b942685451d
3555122,EMAIL-05c3ae107b3d
3555124,EMAIL-526472e87484
3555175,EMAIL-526472e87484
3555199,EMAIL-526472e87484
3555219,EMAIL-a45016f2e246
3555244,EMAIL-526472e87484
3555287,EMAIL-7db8006395b7
3555291,EMAIL-526472e87484
3555329,EMAIL-526472e87484
3555360,EMAIL-526472e87484
3555405,EMAIL-526472e87484
3555481,EMAIL-05c3ae107b3d
3555494,EMAIL-05c3ae107b3d
3555568,EMAIL-526472e87484
3555577,EMAIL-b71ecbccbf34
3555603,EMAIL-526472e87484
3555609,EMAIL-05c3ae107b3d
3555617,EMAIL-7db8006395b7
3555624,EMAIL-05c3ae107b3d
3555638,EMAIL-7db8006395b7
3555689,EMAIL-526472e87484
3555749,EMAIL-526472e87484
3555768,EMAIL-7db8006395b7
3555772,EMAIL-7db8006395b7
3555781,EMAIL-7db8006395b7
3555794,EMAIL-b71ecbccbf34
3555804,EMAIL-526472e87484
3555810,EMAIL-526472e87484
3555813,EMAIL-526472e87484
3555816,EMAIL-526472e87484
3555851,EMAIL-526472e87484
3555864,EMAIL-526472e87484
3555892,EMAIL-526472e87484
3555903,EMAIL-7db8006395b7
3555907,EMAIL-7db8006395b7
3555942,EMAIL-7db8006395b7
3555964,EMAIL-526472e87484
3556023,EMAIL-2c6b2b02a48e
3556024,EMAIL-526472e87484
3556062,EMAIL-7db8006395b7
3556066,EMAIL-526472e87484
3556074,EMAIL-601679140412
3556089,EMAIL-601679140412
3556096,EMAIL-601679140412
3556102,EMAIL-526472e87484
3556163,EMAIL-b71ecbccbf34
3556179,EMAIL-7db8006395b7
3556187,EMAIL-7db8006395b7
3556196,EMAIL-05c3ae107b3d
3556205,EMAIL-601679140412
3556215,EMAIL-b71ecbccbf34
3556216,EMAIL-7db8006395b7
3556269,EMAIL-0845c59ff0b1
3556282,EMAIL-526472e87484
3556286,EMAIL-526472e87484
3556288,EMAIL-526472e87484
3556294,EMAIL-526472e87484
3556311,EMAIL-526472e87484
3556315,EMAIL-a45016f2e246
3556329,EMAIL-05c3ae107b3d
3556353,EMAIL-7db8006395b7
3556457,EMAIL-526472e87484
3556479,EMAIL-601679140412
3556489,EMAIL-b71ecbccbf34
3556508,EMAIL-7db8006395b7
3556512,EMAIL-526472e87484
3556531,EMAIL-526472e87484
3556570,EMAIL-526472e87484
3556719,EMAIL-526472e87484
3556732,EMAIL-526472e87484
3556734,EMAIL-526472e87484
3556738,EMAIL-05c3ae107b3d
3556771,EMAIL-526472e87484
3556784,EMAIL-526472e87484
3556789,EMAIL-601679140412
3556797,EMAIL-7db8006395b7
3556813,EMAIL-05c3ae107b3d
3556817,EMAIL-526472e87484
3556839,EMAIL-526472e87484
3556866,EMAIL-601679140412
3556867,EMAIL-05c3ae107b3d
3556868,EMAIL-601679140412
3556893,EMAIL-601679140412
3556911,EMAIL-526472e87484
3556915,EMAIL-7db8006395b7
3556947,EMAIL-526472e87484
3556955,EMAIL-526472e87484
3556968,EMAIL-0df48815e896
3556982,EMAIL-05c3ae107b3d
3556997,EMAIL-601679140412
3557033,EMAIL-dfe6a9c7c1a5
3557061,EMAIL-526472e87484
3557081,EMAIL-526472e87484
3557084,EMAIL-526472e87484
3557091,EMAIL-526472e87484
3557106,EMAIL-526472e87484
3557118,EMAIL-526472e87484
3557139,EMAIL-526472e87484
3557158,EMAIL-05c3ae107b3d
3557159,EMAIL-526472e87484
3557178,EMAIL-01cc9250b615
3557182,EMAIL-526472e87484
3557203,EMAIL-01cc9250b615
3557241,EMAIL-526472e87484
3557340,EMAIL-05c3ae107b3d
3557368,EMAIL-05c3ae107b3d
3557371,EMAIL-526472e87484
3557376,EMAIL-7db8006395b7
3557383,EMAIL-b71ecbccbf34
3557399,EMAIL-601679140412
3557410,EMAIL-526472e87484
3557413,EMAIL-7db8006395b7
3557424,EMAIL-526472e87484
3557435,EMAIL-526472e87484
3557461,EMAIL-601679140412
3557470,EMAIL-662b3791aebd
3557527,EMAIL-01cc9250b615
3557537,EMAIL-526472e87484
3557603,EMAIL-7db8006395b7
3557632,EMAIL-b71ecbccbf34
3557657,EMAIL-7db8006395b7
3557710,EMAIL-526472e87484
3557727,EMAIL-7db8006395b7
3557731,EMAIL-526472e87484
3557749,EMAIL-526472e87484
3557751,EMAIL-7db8006395b7
3557753,EMAIL-b71ecbccbf34
3557755,EMAIL-526472e87484
3557774,EMAIL-7db8006395b7
3557800,EMAIL-a45016f2e246
3557834,EMAIL-7db8006395b7
3557841,EMAIL-7db8006395b7
3557851,EMAIL-7db8006395b7
3557879,EMAIL-7db8006395b7
3557906,EMAIL-05c3ae107b3d
3557937,EMAIL-526472e87484
3557941,EMAIL-526472e87484
3557964,EMAIL-7db8006395b7
3557969,EMAIL-526472e87484
3557979,EMAIL-7db8006395b7
3557980,EMAIL-526472e87484
3557987,EMAIL-7db8006395b7
3557993,EMAIL-526472e87484
3558004,EMAIL-b71ecbccbf34
3558032,EMAIL-526472e87484
3558041,EMAIL-05c3ae107b3d
3558043,EMAIL-05c3ae107b3d
3558054,EMAIL-7db8006395b7
3558114,EMAIL-526472e87484
3558123,EMAIL-05c3ae107b3d
3558128,EMAIL-526472e87484
3558146,EMAIL-ddd29d9009e4
3558175,EMAIL-05c3ae107b3d
3558184,EMAIL-ddd29d9009e4
3558256,EMAIL-526472e87484
3558260,EMAIL-ddd29d9009e4
3558263,EMAIL-ddd29d9009e4
3558264,EMAIL-526472e87484
3558265,EMAIL-526472e87484
3558293,EMAIL-7db8006395b7
3558311,EMAIL-7eeee5f261e7
3558322,EMAIL-526472e87484
3558449,EMAIL-601679140412
3558452,EMAIL-05c3ae107b3d
3558490,EMAIL-526472e87484
3558507,EMAIL-526472e87484
3558559,EMAIL-05c3ae107b3d
3558562,EMAIL-05c3ae107b3d
3558582,EMAIL-526472e87484
3558587,EMAIL-05c3ae107b3d
3558599,EMAIL-526472e87484
3558609,EMAIL-05c3ae107b3d
3558623,EMAIL-526472e87484
3558624,EMAIL-526472e87484
3558647,EMAIL-526472e87484
3558680,EMAIL-526472e87484
3558696,EMAIL-05c3ae107b3d
3558704,EMAIL-601679140412
3558721,EMAIL-7db8006395b7
3558727,EMAIL-526472e87484
3558730,EMAIL-526472e87484
3558765,EMAIL-05c3ae107b3d
3558846,EMAIL-526472e87484
3558858,EMAIL-526472e87484
3558878,EMAIL-a45016f2e246
3558882,EMAIL-01cc9250b615
3558887,EMAIL-7db8006395b7
3558888,EMAIL-7db8006395b7
3558892,EMAIL-526472e87484
3558894,EMAIL-526472e87484
3558906,EMAIL-601679140412
3558907,EMAIL-526472e87484
3558914,EMAIL-2c6b2b02a48e
3558915,EMAIL-7db8006395b7
3558916,EMAIL-05c3ae107b3d
3558918,EMAIL-526472e87484
3558920,EMAIL-05c3ae107b3d
3558934,EMAIL-526472e87484
3558935,EMAIL-526472e87484
3558947,EMAIL-526472e87484
3558965,EMAIL-0df48815e896
3558983,EMAIL-7db8006395b7
3558992,EMAIL-526472e87484
3558994,EMAIL-7db8006395b7
3558995,EMAIL-0df48815e896
3559003,EMAIL-526472e87484
3559019,EMAIL-a45016f2e246
3559040,EMAIL-b71ecbccbf34
3559046,EMAIL-7db8006395b7
3559050,EMAIL-b71ecbccbf34
3559052,EMAIL-526472e87484
3559112,EMAIL-05c3ae107b3d
3559136,EMAIL-05c3ae107b3d
3559152,EMAIL-05c3ae107b3d
3559159,EMAIL-05c3ae107b3d
3559185,EMAIL-05c3ae107b3d
3559193,EMAIL-05c3ae107b3d
3559219,EMAIL-526472e87484
3559226,EMAIL-526472e87484
3559241,EMAIL-526472e87484
3559248,EMAIL-526472e87484
3559264,EMAIL-526472e87484
3559274,EMAIL-526472e87484
3559285,EMAIL-2c6b2b02a48e
3559335,EMAIL-526472e87484
3559492,EMAIL-7db8006395b7
3559535,EMAIL-526472e87484
3559558,EMAIL-526472e87484
3559560,EMAIL-05c3ae107b3d
3559585,EMAIL-601679140412
3559589,EMAIL-601679140412
3559607,EMAIL-7db8006395b7
3559616,EMAIL-05c3ae107b3d
3559657,EMAIL-526472e87484
3559667,EMAIL-526472e87484
3559707,EMAIL-526472e87484
3559710,EMAIL-b71ecbccbf34
3559714,EMAIL-526472e87484
3559725,EMAIL-526472e87484
3559744,EMAIL-01cc9250b615
3559753,EMAIL-526472e87484
3559776,EMAIL-601679140412
3559783,EMAIL-526472e87484
3559823,EMAIL-526472e87484
3559825,EMAIL-05c3ae107b3d
3559827,EMAIL-7db8006395b7
3559838,EMAIL-526472e87484
3559847,EMAIL-526472e87484
3559852,EMAIL-526472e87484
3559873,EMAIL-526472e87484
3559884,EMAIL-0df48815e896
3559938,EMAIL-526472e87484
3560014,EMAIL-526472e87484
3560017,EMAIL-7db8006395b7
3560044,EMAIL-526472e87484
3560061,EMAIL-2c6b2b02a48e
3560073,EMAIL-05c3ae107b3d
3560206,EMAIL-7db8006395b7
3560218,EMAIL-7db8006395b7
3560242,EMAIL-526472e87484
3560363,EMAIL-526472e87484
3560371,EMAIL-526472e87484
3560378,EMAIL-7db8006395b7
3560397,EMAIL-526472e87484
3560409,EMAIL-a45016f2e246
3560477,EMAIL-526472e87484
3560572,EMAIL-526472e87484
3560575,EMAIL-526472e87484
3560584,EMAIL-05c3ae107b3d
3560595,EMAIL-526472e87484
3560631,EMAIL-7db8006395b7
3560718,EMAIL-7db8006395b7
3560722,EMAIL-7db8006395b7
3560751,EMAIL-7db8006395b7
3560762,EMAIL-526472e87484
3560780,EMAIL-7db8006395b7
3560822,EMAIL-526472e87484
3560834,EMAIL-526472e87484
3560841,EMAIL-526472e87484
3560843,EMAIL-526472e87484
3560855,EMAIL-526472e87484
3560894,EMAIL-526472e87484
3560918,EMAIL-526472e87484
3560978,EMAIL-601679140412
3560993,EMAIL-7db8006395b7
3561028,EMAIL-526472e87484
3561043,EMAIL-7db8006395b7
3561044,EMAIL-526472e87484
3561100,EMAIL-05c3ae107b3d
3561109,EMAIL-526472e87484
3561126,EMAIL-7db8006395b7
3561151,EMAIL-601679140412
3561154,EMAIL-526472e87484
3561200,EMAIL-7db8006395b7
3561270,EMAIL-7db8006395b7
3561287,EMAIL-601679140412
3561295,EMAIL-601679140412
3561324,EMAIL-526472e87484
3561337,EMAIL-601679140412
3561345,EMAIL-526472e87484
3561352,EMAIL-526472e87484
3561395,EMAIL-7db8006395b7
3561398,EMAIL-526472e87484
3561400,EMAIL-8b942685451d
3561404,EMAIL-526472e87484
3561406,EMAIL-526472e87484
3561407,EMAIL-05c3ae107b3d
3561416,EMAIL-526472e87484
3561421,EMAIL-526472e87484
3561433,EMAIL-526472e87484
3561445,EMAIL-526472e87484
3561448,EMAIL-526472e87484
3561455,EMAIL-526472e87484
3561471,EMAIL-601679140412
3561476,EMAIL-526472e87484
3561481,EMAIL-526472e87484
3561493,EMAIL-526472e87484
3561510,EMAIL-526472e87484
3561517,EMAIL-526472e87484
3561532,EMAIL-7db8006395b7
3561538,EMAIL-7db8006395b7
3561547,EMAIL-526472e87484
3561555,EMAIL-7db8006395b7
3561556,EMAIL-526472e87484
3561561,EMAIL-7db8006395b7
3561570,EMAIL-7db8006395b7
3561571,EMAIL-526472e87484
3561579,EMAIL-526472e87484
3561593,EMAIL-526472e87484
3561599,EMAIL-7db8006395b7
3561605,EMAIL-526472e87484
3561637,EMAIL-601679140412
3561642,EMAIL-601679140412
3561651,EMAIL-7db8006395b7
3561669,EMAIL-7db8006395b7
3561695,EMAIL-05c3ae107b3d
3561702,EMAIL-526472e87484
3561763,EMAIL-526472e87484
3561764,EMAIL-526472e87484
3561796,EMAIL-05c3ae107b3d
3561824,EMAIL-b71ecbccbf34
3561879,EMAIL-0df48815e896
3561904,EMAIL-526472e87484
3561933,EMAIL-01cc9250b615
3561934,EMAIL-05c3ae107b3d
3561994,EMAIL-526472e87484
3562049,EMAIL-526472e87484
3562088,EMAIL-526472e87484
3562109,EMAIL-7db8006395b7
3562195,EMAIL-7db8006395b7
3562231,EMAIL-526472e87484
3562238,EMAIL-05c3ae107b3d
3562247,EMAIL-526472e87484
3562297,EMAIL-526472e87484
3562325,EMAIL-526472e87484
3562337,EMAIL-526472e87484
3562363,EMAIL-526472e87484
3562421,EMAIL-05c3ae107b3d
3562569,EMAIL-601679140412
3562672,EMAIL-3a8e7c5c8069
3562678,EMAIL-0df48815e896
3562727,EMAIL-526472e87484
3562880,EMAIL-7db8006395b7
3562977,EMAIL-526472e87484
3562984,EMAIL-526472e87484
3562992,EMAIL-b71ecbccbf34
3562997,EMAIL-526472e87484
3563049,EMAIL-dfe6a9c7c1a5
3563052,EMAIL-601679140412
3563068,EMAIL-526472e87484
3563095,EMAIL-b71ecbccbf34
3563120,EMAIL-601679140412
3563175,EMAIL-526472e87484
3563229,EMAIL-526472e87484
3563276,EMAIL-05c3ae107b3d
3563386,EMAIL-7db8006395b7
3563395,EMAIL-526472e87484
3563405,EMAIL-7db8006395b7
3563509,EMAIL-526472e87484
3563578,EMAIL-05c3ae107b3d
3563608,EMAIL-526472e87484
3563712,EMAIL-b71ecbccbf34
3563728,EMAIL-526472e87484
3563763,EMAIL-5cac1ed1c3bd
3563772,EMAIL-526472e87484
3563774,EMAIL-526472e87484
3563781,EMAIL-526472e87484
3563808,EMAIL-526472e87484
3563816,EMAIL-526472e87484
3563824,EMAIL-526472e87484
3563827,EMAIL-b71ecbccbf34
3563851,EMAIL-526472e87484
3563928,EMAIL-526472e87484
3563985,EMAIL-526472e87484
3564014,EMAIL-526472e87484
3564030,EMAIL-526472e87484
3564112,EMAIL-526472e87484
3564219,EMAIL-b71ecbccbf34
3564233,EMAIL-526472e87484
3564255,EMAIL-526472e87484
3564264,EMAIL-526472e87484
3564301,EMAIL-526472e87484
3564334,EMAIL-526472e87484
3564392,EMAIL-05c3ae107b3d
3564459,EMAIL-526472e87484
3564470,EMAIL-526472e87484
3564474,EMAIL-526472e87484
3564484,EMAIL-05c3ae107b3d
3564542,EMAIL-526472e87484
3564575,EMAIL-526472e87484
3564683,EMAIL-526472e87484
3564755,EMAIL-526472e87484
3564763,EMAIL-662b3791aebd
3564807,EMAIL-526472e87484
3564846,EMAIL-601679140412
3564856,EMAIL-526472e87484
3564891,EMAIL-601679140412
3564942,EMAIL-526472e87484
3564966,EMAIL-526472e87484
3564971,EMAIL-05c3ae107b3d
3565067,EMAIL-023f08585708
3565075,EMAIL-023f08585708
3565092,EMAIL-05c3ae107b3d
3565138,EMAIL-526472e87484
3565140,EMAIL-526472e87484
3565143,EMAIL-526472e87484
3565151,EMAIL-526472e87484
3565160,EMAIL-526472e87484
3565172,EMAIL-7db8006395b7
3565213,EMAIL-526472e87484
3565240,EMAIL-b71ecbccbf34
3565250,EMAIL-601679140412
3565320,EMAIL-d1684fe68050
3565382,EMAIL-526472e87484
3565397,EMAIL-000db143c437
3565469,EMAIL-3a8e7c5c8069
3565512,EMAIL-7db8006395b7
3565579,EMAIL-526472e87484
3565580,EMAIL-7db8006395b7
3565596,EMAIL-526472e87484
3565657,EMAIL-05c3ae107b3d
3565663,EMAIL-526472e87484
3565664,EMAIL-7db8006395b7
3565691,EMAIL-526472e87484
3565709,EMAIL-526472e87484
3565743,EMAIL-7db8006395b7
3565755,EMAIL-526472e87484
3565827,EMAIL-3a8e7c5c8069
3565836,EMAIL-7db8006395b7
3565843,EMAIL-526472e87484
3565858,EMAIL-526472e87484
3565864,EMAIL-7db8006395b7
3565881,EMAIL-526472e87484
3565900,EMAIL-526472e87484
3565908,EMAIL-b71ecbccbf34
3565919,EMAIL-05c3ae107b3d
3565954,EMAIL-526472e87484
3566012,EMAIL-526472e87484
3566033,EMAIL-7db8006395b7
3566075,EMAIL-7db8006395b7
3566092,EMAIL-b71ecbccbf34
3566093,EMAIL-05c3ae107b3d
3566097,EMAIL-526472e87484
3566111,EMAIL-05c3ae107b3d
3566117,EMAIL-7db8006395b7
3566136,EMAIL-3a8e7c5c8069
3566151,EMAIL-526472e87484
3566170,EMAIL-b71ecbccbf34
3566173,EMAIL-526472e87484
3566191,EMAIL-7db8006395b7
3566202,EMAIL-5cac1ed1c3bd
3566221,EMAIL-7db8006395b7
3566223,EMAIL-526472e87484
3566241,EMAIL-526472e87484
3566250,EMAIL-7db8006395b7
3566298,EMAIL-526472e87484
3566341,EMAIL-01cc9250b615
3566363,EMAIL-526472e87484
3566364,EMAIL-526472e87484
3566411,EMAIL-05c3ae107b3d
3566424,EMAIL-05c3ae107b3d
3566457,EMAIL-526472e87484
3566500,EMAIL-601679140412
3566521,EMAIL-7db8006395b7
3566530,EMAIL-526472e87484
3566552,EMAIL-526472e87484
3566575,EMAIL-7db8006395b7
3566615,EMAIL-7db8006395b7
3566629,EMAIL-526472e87484
3566681,EMAIL-d1684fe68050
3566685,EMAIL-7db8006395b7
3566694,EMAIL-dfe6a9c7c1a5
3566696,EMAIL-526472e87484
3566743,EMAIL-dfe6a9c7c1a5
3566786,EMAIL-7db8006395b7
3566802,EMAIL-dfe6a9c7c1a5
3566900,EMAIL-526472e87484
3566927,EMAIL-526472e87484
3566957,EMAIL-7db8006395b7
3566988,EMAIL-05c3ae107b3d
3566994,EMAIL-526472e87484
3567006,EMAIL-05c3ae107b3d
3567058,EMAIL-526472e87484
3567073,EMAIL-526472e87484
3567085,EMAIL-7db8006395b7
3567119,EMAIL-b71ecbccbf34
3567120,EMAIL-526472e87484
3567121,EMAIL-7db8006395b7
3567127,EMAIL-d1684fe68050
3567197,EMAIL-7db8006395b7
3567213,EMAIL-526472e87484
3567231,EMAIL-7db8006395b7
3567242,EMAIL-526472e87484
3567245,EMAIL-526472e87484
3567247,EMAIL-601679140412
3567256,EMAIL-526472e87484
3567268,EMAIL-7db8006395b7
3567283,EMAIL-d1684fe68050
3567298,EMAIL-526472e87484
3567310,EMAIL-7db8006395b7
3567349,EMAIL-05c3ae107b3d
3567384,EMAIL-526472e87484
3567418,EMAIL-526472e87484
3567421,EMAIL-601679140412
3567448,EMAIL-526472e87484
3567472,EMAIL-05c3ae107b3d
3567477,EMAIL-05c3ae107b3d
3567481,EMAIL-526472e87484
3567498,EMAIL-7db8006395b7
3567514,EMAIL-526472e87484
3567541,EMAIL-7db8006395b7
3567545,EMAIL-601679140412
3567597,EMAIL-526472e87484
3567626,EMAIL-526472e87484
3567652,EMAIL-526472e87484
3567671,EMAIL-526472e87484
3567692,EMAIL-526472e87484
3567766,EMAIL-7db8006395b7
3567772,EMAIL-526472e87484
3567795,EMAIL-7db8006395b7
3567878,EMAIL-526472e87484
3567884,EMAIL-7db8006395b7
3567888,EMAIL-7db8006395b7
3567893,EMAIL-526472e87484
3567895,EMAIL-7db8006395b7
3567896,EMAIL-023f08585708
3567902,EMAIL-601679140412
3567906,EMAIL-526472e87484
3567912,EMAIL-7db8006395b7
3567930,EMAIL-7db8006395b7
3567931,EMAIL-7db8006395b7
3567952,EMAIL-7db8006395b7
3567958,EMAIL-7db8006395b7
3567959,EMAIL-526472e87484
3567985,EMAIL-01cc9250b615
3567987,EMAIL-526472e87484
3568025,EMAIL-526472e87484
3568029,EMAIL-526472e87484
3568034,EMAIL-526472e87484
3568040,EMAIL-7db8006395b7
3568043,EMAIL-526472e87484
3568047,EMAIL-601679140412
3568050,EMAIL-526472e87484
3568155,EMAIL-601679140412
3568156,EMAIL-526472e87484
3568205,EMAIL-7db8006395b7
3568206,EMAIL-662b3791aebd
3568211,EMAIL-05c3ae107b3d
3568225,EMAIL-05c3ae107b3d
3568226,EMAIL-662b3791aebd
3568231,EMAIL-7db8006395b7
3568261,EMAIL-526472e87484
3568296,EMAIL-601679140412
3568327,EMAIL-000db143c437
3568417,EMAIL-526472e87484
3568429,EMAIL-526472e87484
3568460,EMAIL-601679140412
3568461,EMAIL-526472e87484
3568465,EMAIL-526472e87484
3568474,EMAIL-b71ecbccbf34
3568478,EMAIL-526472e87484
3568565,EMAIL-526472e87484
3568634,EMAIL-05c3ae107b3d
3568646,EMAIL-526472e87484
3568649,EMAIL-526472e87484
3568651,EMAIL-7db8006395b7
3568711,EMAIL-05c3ae107b3d
3568733,EMAIL-05c3ae107b3d
3568744,EMAIL-526472e87484
3568745,EMAIL-526472e87484
3568753,EMAIL-526472e87484
3568759,EMAIL-7db8006395b7
3568762,EMAIL-526472e87484
3568775,EMAIL-526472e87484
3568779,EMAIL-7db8006395b7
3568791,EMAIL-526472e87484
3568800,EMAIL-526472e87484
3568803,EMAIL-7eeee5f261e7
3568835,EMAIL-7db8006395b7
3568837,EMAIL-05c3ae107b3d
3568874,EMAIL-526472e87484
3568879,EMAIL-05c3ae107b3d
3568900,EMAIL-601679140412
3568915,EMAIL-601679140412
3568927,EMAIL-a45016f2e246
3568933,EMAIL-601679140412
3568952,EMAIL-526472e87484
3568960,EMAIL-526472e87484
3568974,EMAIL-526472e87484
3568991,EMAIL-526472e87484
3568997,EMAIL-601679140412
3569000,EMAIL-526472e87484
3569002,EMAIL-526472e87484
3569098,EMAIL-526472e87484
3569134,EMAIL-526472e87484
3569135,EMAIL-526472e87484
3569148,EMAIL-526472e87484
3569183,EMAIL-526472e87484
3569186,EMAIL-526472e87484
3569296,EMAIL-526472e87484
3569366,EMAIL-601679140412
3569403,EMAIL-526472e87484
3569404,EMAIL-601679140412
3569412,EMAIL-7db8006395b7
3569458,EMAIL-601679140412
3569469,EMAIL-526472e87484
3569471,EMAIL-526472e87484
3569475,EMAIL-526472e87484
3569478,EMAIL-7db8006395b7
3569489,EMAIL-05c3ae107b3d
3569504,EMAIL-05c3ae107b3d
3569527,EMAIL-526472e87484
3569529,EMAIL-601679140412
3569548,EMAIL-526472e87484
3569556,EMAIL-526472e87484
3569557,EMAIL-05c3ae107b3d
3569581,EMAIL-526472e87484
3569584,EMAIL-7db8006395b7
3569589,EMAIL-7db8006395b7
3569592,EMAIL-526472e87484
3569596,EMAIL-7db8006395b7
3569626,EMAIL-01cc9250b615
3569633,EMAIL-526472e87484
3569650,EMAIL-7db8006395b7
3569669,EMAIL-526472e87484
3569672,EMAIL-601679140412
3569747,EMAIL-7db8006395b7
3569846,EMAIL-526472e87484
3569874,EMAIL-526472e87484
3569899,EMAIL-7db8006395b7
3569938,EMAIL-526472e87484
3569953,EMAIL-526472e87484
3569970,EMAIL-b71ecbccbf34
3569987,EMAIL-05c3ae107b3d
3570013,EMAIL-01cc9250b615
3570110,EMAIL-05c3ae107b3d
3570111,EMAIL-b71ecbccbf34
3570132,EMAIL-7db8006395b7
3570137,EMAIL-526472e87484
3570225,EMAIL-b71ecbccbf34
3570315,EMAIL-2c6b2b02a48e
3570318,EMAIL-526472e87484
3570322,EMAIL-7db8006395b7
3570330,EMAIL-526472e87484
3570341,EMAIL-7db8006395b7
3570348,EMAIL-526472e87484
3570353,EMAIL-7db8006395b7
3570355,EMAIL-b71ecbccbf34
3570359,EMAIL-05c3ae107b3d
3570404,EMAIL-7db8006395b7
3570406,EMAIL-b71ecbccbf34
3570412,EMAIL-7db8006395b7
3570416,EMAIL-526472e87484
3570476,EMAIL-526472e87484
3570507,EMAIL-601679140412
3570509,EMAIL-601679140412
3570511,EMAIL-7db8006395b7
3570550,EMAIL-7db8006395b7
3570561,EMAIL-7db8006395b7
3570563,EMAIL-526472e87484
3570568,EMAIL-526472e87484
3570580,EMAIL-05c3ae107b3d
3570584,EMAIL-7db8006395b7
3570589,EMAIL-601679140412
3570613,EMAIL-7db8006395b7
3570634,EMAIL-526472e87484
3570637,EMAIL-7db8006395b7
3570646,EMAIL-7db8006395b7
3570669,EMAIL-7eeee5f261e7
3570675,EMAIL-526472e87484
3570695,EMAIL-526472e87484
3570709,EMAIL-601679140412
3570723,EMAIL-7db8006395b7
3570737,EMAIL-526472e87484
3570778,EMAIL-05c3ae107b3d
3570834,EMAIL-7db8006395b7
3570968,EMAIL-05c3ae107b3d
3570996,EMAIL-05c3ae107b3d
3571020,EMAIL-526472e87484
3571025,EMAIL-526472e87484
3571074,EMAIL-526472e87484
3571081,EMAIL-526472e87484
3571094,EMAIL-526472e87484
3571099,EMAIL-526472e87484
3571143,EMAIL-526472e87484
3571196,EMAIL-526472e87484
3571199,EMAIL-526472e87484
3571200,EMAIL-b71ecbccbf34
3571203,EMAIL-b71ecbccbf34
3571212,EMAIL-5a343157d535
3571215,EMAIL-05c3ae107b3d
3571233,EMAIL-526472e87484
3571253,EMAIL-7db8006395b7
3571263,EMAIL-7db8006395b7
3571264,EMAIL-7db8006395b7
3571286,EMAIL-526472e87484
3571309,EMAIL-b71ecbccbf34
3571324,EMAIL-7db8006395b7
3571326,EMAIL-05c3ae107b3d
3571328,EMAIL-05c3ae107b3d
3571332,EMAIL-7db8006395b7
3571341,EMAIL-05c3ae107b3d
3571355,EMAIL-601679140412
3571365,EMAIL-b71ecbccbf34
3571381,EMAIL-7db8006395b7
3571383,EMAIL-526472e87484
3571429,EMAIL-526472e87484
3571437,EMAIL-526472e87484
3571454,EMAIL-7db8006395b7
3571464,EMAIL-526472e87484
3571470,EMAIL-526472e87484
3571494,EMAIL-526472e87484
3571506,EMAIL-05c3ae107b3d
3571514,EMAIL-0845c59ff0b1
3571551,EMAIL-526472e87484
3571557,EMAIL-526472e87484
3571567,EMAIL-b71ecbccbf34
3571568,EMAIL-601679140412
3571577,EMAIL-526472e87484
3571595,EMAIL-526472e87484
3571599,EMAIL-526472e87484
3571622,EMAIL-a45016f2e246
3571624,EMAIL-526472e87484
3571662,EMAIL-526472e87484
3571730,EMAIL-526472e87484
3571765,EMAIL-7db8006395b7
3571769,EMAIL-526472e87484
3571862,EMAIL-526472e87484
3571879,EMAIL-47b8593a2f1d
3571882,EMAIL-3a8e7c5c8069
3571886,EMAIL-7db8006395b7
3571910,EMAIL-526472e87484
3571937,EMAIL-601679140412
3571945,EMAIL-05c3ae107b3d
3571970,EMAIL-7db8006395b7
3571983,EMAIL-601679140412
3571986,EMAIL-526472e87484
3571991,EMAIL-601679140412
3572007,EMAIL-526472e87484
3572018,EMAIL-7db8006395b7
3572034,EMAIL-526472e87484
3572042,EMAIL-526472e87484
3572076,EMAIL-01cc9250b615
3572077,EMAIL-7db8006395b7
3572098,EMAIL-5a343157d535
3572117,EMAIL-5a343157d535
3572127,EMAIL-526472e87484
3572172,EMAIL-05c3ae107b3d
3572192,EMAIL-05c3ae107b3d
3572209,EMAIL-526472e87484
3572300,EMAIL-526472e87484
3572331,EMAIL-05c3ae107b3d
3572356,EMAIL-526472e87484
3572363,EMAIL-601679140412
3572366,EMAIL-526472e87484
3572369,EMAIL-601679140412
3572391,EMAIL-526472e87484
3572453,EMAIL-526472e87484
3572459,EMAIL-7db8006395b7
3572479,EMAIL-526472e87484
3572500,EMAIL-05c3ae107b3d
3572533,EMAIL-526472e87484
3572545,EMAIL-526472e87484
3572561,EMAIL-b71ecbccbf34
3572603,EMAIL-526472e87484
3572618,EMAIL-7db8006395b7
3572629,EMAIL-01cc9250b615
3572651,EMAIL-05c3ae107b3d
3572678,EMAIL-01cc9250b615
3572700,EMAIL-526472e87484
3572720,EMAIL-526472e87484
3572742,EMAIL-526472e87484
3572795,EMAIL-526472e87484
3572808,EMAIL-526472e87484
3572840,EMAIL-8b942685451d
3572863,EMAIL-526472e87484
3572880,EMAIL-526472e87484
3572896,EMAIL-526472e87484
3572899,EMAIL-2c6b2b02a48e
3572914,EMAIL-526472e87484
3572916,EMAIL-526472e87484
3572927,EMAIL-526472e87484
3572930,EMAIL-7db8006395b7
3572947,EMAIL-526472e87484
3572953,EMAIL-7db8006395b7
3572955,EMAIL-526472e87484
3572964,EMAIL-526472e87484
3572967,EMAIL-526472e87484
3572969,EMAIL-526472e87484
3572973,EMAIL-526472e87484
3572983,EMAIL-526472e87484
3573001,EMAIL-526472e87484
3573002,EMAIL-601679140412
3573010,EMAIL-5a343157d535
3573022,EMAIL-5a343157d535
3573032,EMAIL-601679140412
3573039,EMAIL-526472e87484
3573074,EMAIL-a45016f2e246
3573099,EMAIL-a45016f2e246
3573104,EMAIL-7db8006395b7
3573108,EMAIL-05c3ae107b3d
3573112,EMAIL-7db8006395b7
3573148,EMAIL-7db8006395b7
3573150,EMAIL-7db8006395b7
3573162,EMAIL-526472e87484
3573172,EMAIL-7db8006395b7
3573193,EMAIL-83e81c0f7766
3573229,EMAIL-526472e87484
3573236,EMAIL-526472e87484
3573254,EMAIL-7db8006395b7
3573283,EMAIL-7db8006395b7
3573287,EMAIL-7db8006395b7
3573305,EMAIL-526472e87484
3573309,EMAIL-526472e87484
3573340,EMAIL-7db8006395b7
3573343,EMAIL-b2683a414714
3573373,EMAIL-526472e87484
3573429,EMAIL-05c3ae107b3d
3573528,EMAIL-05c3ae107b3d
3573542,EMAIL-05c3ae107b3d
3573576,EMAIL-05c3ae107b3d
3573591,EMAIL-7db8006395b7
3573610,EMAIL-d1684fe68050
3573620,EMAIL-526472e87484
3573667,EMAIL-526472e87484
3573674,EMAIL-7db8006395b7
3573712,EMAIL-a45016f2e246
3573756,EMAIL-0df48815e896
3573759,EMAIL-7db8006395b7
3573781,EMAIL-7db8006395b7
3573813,EMAIL-7db8006395b7
3573818,EMAIL-7db8006395b7
3573836,EMAIL-7db8006395b7
3573838,EMAIL-526472e87484
3573843,EMAIL-7db8006395b7
3573856,EMAIL-000db143c437
3573858,EMAIL-526472e87484
3573891,EMAIL-526472e87484
3573919,EMAIL-526472e87484
3573930,EMAIL-526472e87484
3573950,EMAIL-526472e87484
3574024,EMAIL-601679140412
3574033,EMAIL-526472e87484
3574047,EMAIL-b71ecbccbf34
3574052,EMAIL-601679140412
3574068,EMAIL-526472e87484
3574073,EMAIL-7db8006395b7
3574136,EMAIL-526472e87484
3574207,EMAIL-601679140412
3574210,EMAIL-526472e87484
3574211,EMAIL-526472e87484
3574276,EMAIL-601679140412
3574333,EMAIL-7db8006395b7
3574397,EMAIL-3a8e7c5c8069
3574416,EMAIL-7db8006395b7
3574432,EMAIL-526472e87484
3574500,EMAIL-7db8006395b7
3574543,EMAIL-7db8006395b7
3574547,EMAIL-a45016f2e246
3574558,EMAIL-526472e87484
3574612,EMAIL-526472e87484
3574659,EMAIL-526472e87484
3574661,EMAIL-526472e87484
3574665,EMAIL-526472e87484
3574681,EMAIL-526472e87484
3574695,EMAIL-526472e87484
3574728,EMAIL-a45016f2e246
3574746,EMAIL-05c3ae107b3d
3574795,EMAIL-7db8006395b7
3574801,EMAIL-a45016f2e246
3574859,EMAIL-7db8006395b7
3574868,EMAIL-7db8006395b7
3574877,EMAIL-7db8006395b7
3574884,EMAIL-7db8006395b7
3574893,EMAIL-526472e87484
3574907,EMAIL-601679140412
3574958,EMAIL-526472e87484
3575065,EMAIL-05c3ae107b3d
3575098,EMAIL-526472e87484
3575101,EMAIL-526472e87484
3575108,EMAIL-526472e87484
3575124,EMAIL-526472e87484
3575160,EMAIL-7db8006395b7
3575170,EMAIL-526472e87484
3575211,EMAIL-05c3ae107b3d
3575214,EMAIL-526472e87484
3575242,EMAIL-7db8006395b7
3575301,EMAIL-526472e87484
3575345,EMAIL-526472e87484
3575364,EMAIL-d1684fe68050
3575369,EMAIL-601679140412
3575392,EMAIL-7db8006395b7
3575394,EMAIL-7db8006395b7
3575398,EMAIL-526472e87484
3575441,EMAIL-7db8006395b7
3575472,EMAIL-7db8006395b7
3575540,EMAIL-7db8006395b7
3575542,EMAIL-526472e87484
3575572,EMAIL-7db8006395b7
3575601,EMAIL-526472e87484
3575623,EMAIL-a45016f2e246
3575630,EMAIL-a45016f2e246
3575637,EMAIL-a45016f2e246
3575680,EMAIL-a45016f2e246
3575683,EMAIL-a45016f2e246
3575690,EMAIL-526472e87484
3575703,EMAIL-7db8006395b7
3575719,EMAIL-7db8006395b7
3575726,EMAIL-526472e87484
3575731,EMAIL-526472e87484
3575752,EMAIL-526472e87484
3575787,EMAIL-526472e87484
3575795,EMAIL-526472e87484
3575805,EMAIL-05c3ae107b3d
3575817,EMAIL-526472e87484
3575821,EMAIL-526472e87484
3575822,EMAIL-7db8006395b7
3575852,EMAIL-526472e87484
3575853,EMAIL-526472e87484
3575856,EMAIL-7db8006395b7
3575875,EMAIL-526472e87484
3575879,EMAIL-601679140412
3575881,EMAIL-7db8006395b7
3575883,EMAIL-601679140412
3575884,EMAIL-526472e87484
3575889,EMAIL-526472e87484
3575890,EMAIL-7db8006395b7
3575891,EMAIL-526472e87484
3575895,EMAIL-526472e87484
3575903,EMAIL-526472e87484
3575913,EMAIL-0845c59ff0b1
3575926,EMAIL-7db8006395b7
3575963,EMAIL-05c3ae107b3d
3575974,EMAIL-d1684fe68050
3576023,EMAIL-526472e87484
3576121,EMAIL-601679140412
3576146,EMAIL-526472e87484
3576194,EMAIL-7db8006395b7
3576198,EMAIL-7db8006395b7
3576208,EMAIL-526472e87484
3576209,EMAIL-526472e87484
3576223,EMAIL-526472e87484
3576228,EMAIL-526472e87484
3576234,EMAIL-05c3ae107b3d
3576304,EMAIL-526472e87484
3576329,EMAIL-601679140412
3576332,EMAIL-05c3ae107b3d
3576340,EMAIL-526472e87484
3576382,EMAIL-b71ecbccbf34
3576468,EMAIL-7db8006395b7
3576525,EMAIL-7db8006395b7
3576571,EMAIL-05c3ae107b3d
3576607,EMAIL-526472e87484
3576609,EMAIL-526472e87484
3576626,EMAIL-601679140412
3576673,EMAIL-05c3ae107b3d
3576688,EMAIL-526472e87484
3576689,EMAIL-526472e87484
3576738,EMAIL-526472e87484
3576771,EMAIL-526472e87484
3576778,EMAIL-526472e87484
3576821,EMAIL-05c3ae107b3d
3576872,EMAIL-7db8006395b7
3576874,EMAIL-7db8006395b7
3576887,EMAIL-526472e87484
3576896,EMAIL-526472e87484
3576903,EMAIL-526472e87484
3576953,EMAIL-526472e87484
3577025,EMAIL-526472e87484
3577170,EMAIL-7db8006395b7
3577180,EMAIL-526472e87484
3577192,EMAIL-526472e87484
3577200,EMAIL-7db8006395b7
3577244,EMAIL-0df48815e896
3577245,EMAIL-7db8006395b7
3577271,EMAIL-05c3ae107b3d
3577287,EMAIL-7db8006395b7
3577290,EMAIL-526472e87484
3577298,EMAIL-05c3ae107b3d
3577342,EMAIL-526472e87484
3577388,EMAIL-526472e87484
3577389,EMAIL-526472e87484
3577409,EMAIL-526472e87484
3577423,EMAIL-526472e87484
3577440,EMAIL-526472e87484
3577443,EMAIL-b71ecbccbf34
3577511,EMAIL-526472e87484
3577561,EMAIL-05c3ae107b3d
3577591,EMAIL-7db8006395b7
3577595,EMAIL-7db8006395b7
3577605,EMAIL-b71ecbccbf34
3577647,EMAIL-526472e87484
3577715,EMAIL-01cc9250b615
3577748,EMAIL-05c3ae107b3d
3577749,EMAIL-05c3ae107b3d
3577771,EMAIL-526472e87484
3577776,EMAIL-01cc9250b615
3577784,EMAIL-05c3ae107b3d
3577809,EMAIL-526472e87484
3577890,EMAIL-05c3ae107b3d
3577953,EMAIL-05c3ae107b3d
3577954,EMAIL-05c3ae107b3d
3578050,EMAIL-2c6b2b02a48e
3578064,EMAIL-05c3ae107b3d
3578107,EMAIL-601679140412
3578148,EMAIL-2c6b2b02a48e
3578250,EMAIL-526472e87484
3578264,EMAIL-526472e87484
3578277,EMAIL-526472e87484
3578281,EMAIL-05c3ae107b3d
3578303,EMAIL-526472e87484
3578340,EMAIL-526472e87484
3578347,EMAIL-526472e87484
3578394,EMAIL-7db8006395b7
3578405,EMAIL-7db8006395b7
3578451,EMAIL-7db8006395b7
3578471,EMAIL-526472e87484
3578475,EMAIL-526472e87484
3578478,EMAIL-dfe6a9c7c1a5
3578483,EMAIL-526472e87484
3578486,EMAIL-526472e87484
3578491,EMAIL-526472e87484
3578496,EMAIL-526472e87484
3578506,EMAIL-526472e87484
3578577,EMAIL-526472e87484
3578596,EMAIL-526472e87484
3578624,EMAIL-d1684fe68050
3578648,EMAIL-d1684fe68050
3578672,EMAIL-601679140412
3578772,EMAIL-0df48815e896
3578817,EMAIL-7db8006395b7
3578945,EMAIL-05c3ae107b3d
3578995,EMAIL-601679140412
3578997,EMAIL-526472e87484
3579068,EMAIL-526472e87484
3579073,EMAIL-05c3ae107b3d
3579082,EMAIL-3a8e7c5c8069
3579115,EMAIL-b71ecbccbf34
3579161,EMAIL-526472e87484
3579193,EMAIL-526472e87484
3579224,EMAIL-526472e87484
3579287,EMAIL-3a8e7c5c8069
3579304,EMAIL-05c3ae107b3d
3579316,EMAIL-526472e87484
3579326,EMAIL-526472e87484
3579355,EMAIL-526472e87484
3579400,EMAIL-526472e87484
3579407,EMAIL-526472e87484
3579410,EMAIL-526472e87484
3579474,EMAIL-601679140412
3579480,EMAIL-7db8006395b7
3579565,EMAIL-05c3ae107b3d
3579576,EMAIL-7db8006395b7
3579597,EMAIL-01cc9250b615
3579646,EMAIL-7db8006395b7
3579649,EMAIL-601679140412
3579655,EMAIL-05c3ae107b3d
3579661,EMAIL-b71ecbccbf34
3579662,EMAIL-05c3ae107b3d
3579666,EMAIL-7db8006395b7
3579674,EMAIL-b71ecbccbf34
3579691,EMAIL-7db8006395b7
3579724,EMAIL-601679140412
3579735,EMAIL-05c3ae107b3d
3579766,EMAIL-7db8006395b7
3579769,EMAIL-000db143c437
3579794,EMAIL-526472e87484
3579804,EMAIL-526472e87484
3579817,EMAIL-b71ecbccbf34
3579881,EMAIL-526472e87484
3579887,EMAIL-b71ecbccbf34
3579949,EMAIL-05c3ae107b3d
3579968,EMAIL-b71ecbccbf34
3579977,EMAIL-5cac1ed1c3bd
3580083,EMAIL-7db8006395b7
3580098,EMAIL-05c3ae107b3d
3580100,EMAIL-05c3ae107b3d
3580132,EMAIL-526472e87484
3580137,EMAIL-526472e87484
3580186,EMAIL-526472e87484
3580202,EMAIL-526472e87484
3580206,EMAIL-526472e87484
3580219,EMAIL-526472e87484
3580232,EMAIL-526472e87484
3580237,EMAIL-526472e87484
3580276,EMAIL-7db8006395b7
3580346,EMAIL-526472e87484
3580348,EMAIL-526472e87484
3580353,EMAIL-601679140412
3580380,EMAIL-7db8006395b7
3580403,EMAIL-7db8006395b7
3580417,EMAIL-7db8006395b7
3580427,EMAIL-05c3ae107b3d
3580458,EMAIL-7db8006395b7
3580459,EMAIL-526472e87484
3580474,EMAIL-526472e87484
3580477,EMAIL-526472e87484
3580478,EMAIL-526472e87484
3580482,EMAIL-526472e87484
3580501,EMAIL-526472e87484
3580528,EMAIL-526472e87484
3580544,EMAIL-7db8006395b7
3580691,EMAIL-05c3ae107b3d
3580712,EMAIL-601679140412
3580739,EMAIL-526472e87484
3580765,EMAIL-526472e87484
3580776,EMAIL-526472e87484
3580781,EMAIL-7db8006395b7
3580804,EMAIL-526472e87484
3580815,EMAIL-7db8006395b7
3580821,EMAIL-7db8006395b7
3580894,EMAIL-7db8006395b7
3580907,EMAIL-526472e87484
3580933,EMAIL-526472e87484
3580951,EMAIL-7db8006395b7
3580992,EMAIL-526472e87484
3581033,EMAIL-526472e87484
3581048,EMAIL-7db8006395b7
3581068,EMAIL-b71ecbccbf34
3581086,EMAIL-526472e87484
3581145,EMAIL-526472e87484
3581160,EMAIL-526472e87484
3581178,EMAIL-b71ecbccbf34
3581242,EMAIL-526472e87484
3581295,EMAIL-526472e87484
3581343,EMAIL-05c3ae107b3d
3581345,EMAIL-526472e87484
3581405,EMAIL-526472e87484
3581445,EMAIL-526472e87484
3581469,EMAIL-7db8006395b7
3581484,EMAIL-526472e87484
3581491,EMAIL-05c3ae107b3d
3581517,EMAIL-526472e87484
3581524,EMAIL-526472e87484
3581527,EMAIL-b71ecbccbf34
3581586,EMAIL-526472e87484
3581694,EMAIL-05c3ae107b3d
3581696,EMAIL-526472e87484
3581724,EMAIL-05c3ae107b3d
3581734,EMAIL-7db8006395b7
3581784,EMAIL-526472e87484
3581815,EMAIL-601679140412
3581834,EMAIL-526472e87484
3581857,EMAIL-b71ecbccbf34
3581888,EMAIL-601679140412
3581953,EMAIL-05c3ae107b3d
3581957,EMAIL-526472e87484
3582065,EMAIL-526472e87484
3582082,EMAIL-601679140412
3582107,EMAIL-601679140412
3582142,EMAIL-7db8006395b7
3582175,EMAIL-7db8006395b7
3582178,EMAIL-662b3791aebd
3582219,EMAIL-526472e87484
3582244,EMAIL-526472e87484
3582290,EMAIL-526472e87484
3582327,EMAIL-526472e87484
3582336,EMAIL-526472e87484
3582338,EMAIL-526472e87484
3582353,EMAIL-a45016f2e246
3582375,EMAIL-526472e87484
3582413,EMAIL-7db8006395b7
3582426,EMAIL-05c3ae107b3d
3582430,EMAIL-c610055e5ed8
3582465,EMAIL-526472e87484
3582561,EMAIL-526472e87484
3582576,EMAIL-05c3ae107b3d
3582602,EMAIL-7db8006395b7
3582624,EMAIL-7db8006395b7
3582648,EMAIL-526472e87484
3582658,EMAIL-526472e87484
3582667,EMAIL-526472e87484
3582671,EMAIL-526472e87484
3582685,EMAIL-05c3ae107b3d
3582686,EMAIL-05c3ae107b3d
3582730,EMAIL-526472e87484
3582738,EMAIL-601679140412
3582750,EMAIL-526472e87484
3582843,EMAIL-a45016f2e246
3582868,EMAIL-7db8006395b7
3582897,EMAIL-526472e87484
3582922,EMAIL-526472e87484
3582927,EMAIL-b71ecbccbf34
3582931,EMAIL-7db8006395b7
3583009,EMAIL-526472e87484
3583041,EMAIL-526472e87484
3583101,EMAIL-7eeee5f261e7
3583140,EMAIL-526472e87484
3583152,EMAIL-526472e87484
3583171,EMAIL-526472e87484
3583199,EMAIL-01cc9250b615
3583227,EMAIL-7db8006395b7
3583229,EMAIL-526472e87484
3583252,EMAIL-526472e87484
3583264,EMAIL-526472e87484
3583334,EMAIL-3a8e7c5c8069
3583348,EMAIL-01cc9250b615
3583368,EMAIL-526472e87484
3583374,EMAIL-526472e87484
3583406,EMAIL-526472e87484
3583411,EMAIL-7db8006395b7
3583415,EMAIL-7db8006395b7
3583417,EMAIL-7db8006395b7
3583435,EMAIL-7db8006395b7
3583494,EMAIL-526472e87484
3583499,EMAIL-7db8006395b7
3583503,EMAIL-7db8006395b7
3583568,EMAIL-526472e87484
3583600,EMAIL-05c3ae107b3d
3583601,EMAIL-526472e87484
3583641,EMAIL-526472e87484
3583644,EMAIL-526472e87484
3583666,EMAIL-526472e87484
3583674,EMAIL-b71ecbccbf34
3583677,EMAIL-526472e87484
3583687,EMAIL-526472e87484
3583700,EMAIL-526472e87484
3583737,EMAIL-b71ecbccbf34
3583747,EMAIL-526472e87484
3583753,EMAIL-0df48815e896
3583796,EMAIL-526472e87484
3583815,EMAIL-7db8006395b7
3583862,EMAIL-526472e87484
3583866,EMAIL-526472e87484
3583914,EMAIL-7db8006395b7
3583948,EMAIL-05c3ae107b3d
3583968,EMAIL-7db8006395b7
3584003,EMAIL-7db8006395b7
3584017,EMAIL-526472e87484
3584027,EMAIL-526472e87484
3584057,EMAIL-b71ecbccbf34
3584153,EMAIL-601679140412
3584155,EMAIL-7db8006395b7
3584285,EMAIL-7db8006395b7
3584321,EMAIL-526472e87484
3584354,EMAIL-526472e87484
3584397,EMAIL-b71ecbccbf34
3584401,EMAIL-526472e87484
3584429,EMAIL-526472e87484
3584460,EMAIL-526472e87484
3584516,EMAIL-526472e87484
3584530,EMAIL-05c3ae107b3d
3584627,EMAIL-05c3ae107b3d
3584673,EMAIL-0df48815e896
3584693,EMAIL-023f08585708
3584706,EMAIL-7db8006395b7
3584859,EMAIL-01cc9250b615
3584872,EMAIL-601679140412
3584912,EMAIL-526472e87484
3584913,EMAIL-526472e87484
3584935,EMAIL-05c3ae107b3d
3584952,EMAIL-526472e87484
3584959,EMAIL-b71ecbccbf34
3584962,EMAIL-526472e87484
3584985,EMAIL-7db8006395b7
3585001,EMAIL-526472e87484
3585055,EMAIL-7db8006395b7
3585056,EMAIL-526472e87484
3585057,EMAIL-05c3ae107b3d
3585064,EMAIL-7db8006395b7
3585088,EMAIL-7db8006395b7
3585134,EMAIL-05c3ae107b3d
3585140,EMAIL-b71ecbccbf34
3585195,EMAIL-d1684fe68050
3585268,EMAIL-526472e87484
3585289,EMAIL-526472e87484
3585345,EMAIL-526472e87484
3585360,EMAIL-05c3ae107b3d
3585414,EMAIL-526472e87484
3585417,EMAIL-526472e87484
3585421,EMAIL-526472e87484
3585434,EMAIL-526472e87484
3585446,EMAIL-526472e87484
3585524,EMAIL-526472e87484
3585532,EMAIL-526472e87484
3585540,EMAIL-526472e87484
3585556,EMAIL-526472e87484
3585679,EMAIL-b71ecbccbf34
3585701,EMAIL-526472e87484
3585726,EMAIL-7db8006395b7
3585787,EMAIL-05c3ae107b3d
3585801,EMAIL-dfe6a9c7c1a5
3585824,EMAIL-83e81c0f7766
3585832,EMAIL-7db8006395b7
3585876,EMAIL-526472e87484
3585928,EMAIL-601679140412
3585965,EMAIL-b71ecbccbf34
3585988,EMAIL-601679140412
3585995,EMAIL-b71ecbccbf34
3586050,EMAIL-526472e87484
3586055,EMAIL-05c3ae107b3d
3586080,EMAIL-05c3ae107b3d
3586119,EMAIL-526472e87484
3586265,EMAIL-05c3ae107b3d
3586288,EMAIL-05c3ae107b3d
3586300,EMAIL-601679140412
3586311,EMAIL-526472e87484
3586328,EMAIL-05c3ae107b3d
3586372,EMAIL-601679140412
3586384,EMAIL-526472e87484
3586457,EMAIL-526472e87484
3586482,EMAIL-05c3ae107b3d
3586487,EMAIL-05c3ae107b3d
3586508,EMAIL-05c3ae107b3d
3586520,EMAIL-05c3ae107b3d
3586556,EMAIL-526472e87484
3586603,EMAIL-526472e87484
3586692,EMAIL-601679140412
3586761,EMAIL-526472e87484
3586772,EMAIL-526472e87484
3586782,EMAIL-05c3ae107b3d
3586783,EMAIL-b71ecbccbf34
3586813,EMAIL-7db8006395b7
3586831,EMAIL-526472e87484
3586862,EMAIL-526472e87484
3586975,EMAIL-526472e87484
3586986,EMAIL-526472e87484
3587032,EMAIL-526472e87484
3587034,EMAIL-526472e87484
3587052,EMAIL-b71ecbccbf34
3587110,EMAIL-7db8006395b7
3587224,EMAIL-526472e87484
3587233,EMAIL-b71ecbccbf34
3587261,EMAIL-526472e87484
3587334,EMAIL-526472e87484
3587434,EMAIL-526472e87484
3587551,EMAIL-05c3ae107b3d
3587553,EMAIL-a45016f2e246
3587557,EMAIL-a45016f2e246
3587567,EMAIL-526472e87484
3587585,EMAIL-b71ecbccbf34
3587604,EMAIL-05c3ae107b3d
3587627,EMAIL-05c3ae107b3d
3587696,EMAIL-526472e87484
3587753,EMAIL-3a8e7c5c8069
3587774,EMAIL-05c3ae107b3d
3587776,EMAIL-526472e87484
3587797,EMAIL-05c3ae107b3d
3587836,EMAIL-05c3ae107b3d
3587840,EMAIL-05c3ae107b3d
3587858,EMAIL-7db8006395b7
3587982,EMAIL-05c3ae107b3d
3588360,EMAIL-526472e87484
3588410,EMAIL-05c3ae107b3d
3588413,EMAIL-526472e87484
3588762,EMAIL-05c3ae107b3d
3588805,EMAIL-b71ecbccbf34
3588834,EMAIL-526472e87484
3588910,EMAIL-526472e87484
3589105,EMAIL-526472e87484
3589112,EMAIL-526472e87484
3589171,EMAIL-526472e87484
3589331,EMAIL-05c3ae107b3d
3590084,EMAIL-b71ecbccbf34
3590327,EMAIL-526472e87484
3590578,EMAIL-05c3ae107b3d
3590655,EMAIL-526472e87484
3590736,EMAIL-526472e87484
3001172,EMAIL-526472e87484
3001176,EMAIL-526472e87484
3001393,EMAIL-601679140412
3001887,EMAIL-526472e87484
3002601,EMAIL-526472e87484
3002670,EMAIL-526472e87484
3002741,EMAIL-601679140412
3002983,EMAIL-526472e87484
3003004,EMAIL-526472e87484
3003547,EMAIL-1275669f6557
3006031,EMAIL-5cac1ed1c3bd
3006928,EMAIL-5cac1ed1c3bd
3008420,EMAIL-05c3ae107b3d
3012613,EMAIL-05c3ae107b3d
3017897,EMAIL-526472e87484
3018405,EMAIL-7db8006395b7
3020489,EMAIL-526472e87484
3020881,EMAIL-601679140412
3020895,EMAIL-601679140412
3022316,EMAIL-05c3ae107b3d
3022704,EMAIL-05c3ae107b3d
3022777,EMAIL-05c3ae107b3d
3025135,EMAIL-601679140412
3026900,EMAIL-526472e87484
3026939,EMAIL-526472e87484
3026955,EMAIL-526472e87484
3028542,EMAIL-526472e87484
3029127,EMAIL-526472e87484
3030290,EMAIL-526472e87484
3030532,EMAIL-526472e87484
3032418,EMAIL-526472e87484
3033818,EMAIL-5cac1ed1c3bd
3034459,EMAIL-526472e87484
3037967,EMAIL-526472e87484
3039032,EMAIL-526472e87484
3039722,EMAIL-526472e87484
3041946,EMAIL-05c3ae107b3d
3045126,EMAIL-05c3ae107b3d
3045220,EMAIL-526472e87484
3045247,EMAIL-05c3ae107b3d
3047555,EMAIL-526472e87484
3048750,EMAIL-526472e87484
3049156,EMAIL-601679140412
3049290,EMAIL-05c3ae107b3d
3054407,EMAIL-526472e87484
3055462,EMAIL-601679140412
3055624,EMAIL-7db8006395b7
3055687,EMAIL-526472e87484
3056361,EMAIL-05c3ae107b3d
3057817,EMAIL-526472e87484
3058791,EMAIL-526472e87484
3059499,EMAIL-601679140412
3063032,EMAIL-526472e87484
3063185,EMAIL-526472e87484
3063943,EMAIL-526472e87484
3066323,EMAIL-dfe6a9c7c1a5
3066356,EMAIL-5a7e696acd63
3066479,EMAIL-526472e87484
3067110,EMAIL-526472e87484
3069408,EMAIL-601679140412
3071793,EMAIL-b71ecbccbf34
3071866,EMAIL-b71ecbccbf34
3072009,EMAIL-601679140412
3072305,EMAIL-b71ecbccbf34
3073400,EMAIL-05c3ae107b3d
3076175,EMAIL-0df48815e896
3076269,EMAIL-b71ecbccbf34
3076305,EMAIL-b71ecbccbf34
3076736,EMAIL-526472e87484
3077016,EMAIL-526472e87484
3078147,EMAIL-526472e87484
3078575,EMAIL-601679140412
3079730,EMAIL-3a8e7c5c8069
3080225,EMAIL-662b3791aebd
3080252,EMAIL-601679140412
3080605,EMAIL-526472e87484
3081583,EMAIL-526472e87484
3081604,EMAIL-5cac1ed1c3bd
3081735,EMAIL-601679140412
3082483,EMAIL-601679140412
3082562,EMAIL-7db8006395b7
3082675,EMAIL-601679140412
3082697,EMAIL-601679140412
3082907,EMAIL-601679140412
3083499,EMAIL-05c3ae107b3d
3083864,EMAIL-526472e87484
3083959,EMAIL-526472e87484
3085777,EMAIL-94f19eddc52f
3085789,EMAIL-601679140412
3085799,EMAIL-94f19eddc52f
3086802,EMAIL-601679140412
3086856,EMAIL-9f7909255943
3087179,EMAIL-dfe6a9c7c1a5
3087296,EMAIL-b71ecbccbf34
3087389,EMAIL-83e81c0f7766
3087486,EMAIL-05c3ae107b3d
3087748,EMAIL-000db143c437
3087754,EMAIL-000db143c437
3087790,EMAIL-000db143c437
3088073,EMAIL-05c3ae107b3d
3088316,EMAIL-526472e87484
3088334,EMAIL-5a343157d535
3088580,EMAIL-526472e87484
3089129,EMAIL-6d8c8eb6c5c8
3089162,EMAIL-5a7e696acd63
3089258,EMAIL-7db8006395b7
3089435,EMAIL-601679140412
3090419,EMAIL-601679140412
3090799,EMAIL-601679140412
3091208,EMAIL-526472e87484
3091220,EMAIL-05c3ae107b3d
3092462,EMAIL-526472e87484
3093654,EMAIL-7db8006395b7
3094088,EMAIL-526472e87484
3094387,EMAIL-b71ecbccbf34
3094479,EMAIL-526472e87484
3094730,EMAIL-526472e87484
3095701,EMAIL-601679140412
3096556,EMAIL-94f19eddc52f
3097142,EMAIL-526472e87484
3097185,EMAIL-526472e87484
3097357,EMAIL-526472e87484
3097519,EMAIL-b71ecbccbf34
3097999,EMAIL-526472e87484
3098937,EMAIL-526472e87484
3099197,EMAIL-05c3ae107b3d
3099575,EMAIL-601679140412
3099750,EMAIL-b71ecbccbf34
3100192,EMAIL-5a7e696acd63
3100262,EMAIL-05c3ae107b3d
3100379,EMAIL-b71ecbccbf34
3100649,EMAIL-601679140412
3101183,EMAIL-05c3ae107b3d
3101308,EMAIL-601679140412
3101397,EMAIL-05c3ae107b3d
3102514,EMAIL-526472e87484
3102996,EMAIL-7db8006395b7
3103105,EMAIL-05c3ae107b3d
3103853,EMAIL-000db143c437
3103899,EMAIL-05c3ae107b3d
3104106,EMAIL-05c3ae107b3d
3104220,EMAIL-b71ecbccbf34
3104386,EMAIL-3a8e7c5c8069
3104430,EMAIL-526472e87484
3104462,EMAIL-526472e87484
3104539,EMAIL-526472e87484
3104604,EMAIL-526472e87484
3104707,EMAIL-000db143c437
3104735,EMAIL-05c3ae107b3d
3104821,EMAIL-526472e87484
3104882,EMAIL-526472e87484
3105115,EMAIL-7db8006395b7
3105125,EMAIL-7db8006395b7
3105218,EMAIL-05c3ae107b3d
3105353,EMAIL-526472e87484
3105761,EMAIL-5c6241391e67
3106231,EMAIL-b71ecbccbf34
3106276,EMAIL-05c3ae107b3d
3106487,EMAIL-000db143c437
3106504,EMAIL-023b965c6243
3106555,EMAIL-526472e87484
3106558,EMAIL-526472e87484
3106691,EMAIL-05c3ae107b3d
3106718,EMAIL-05c3ae107b3d
3106804,EMAIL-05c3ae107b3d
3106821,EMAIL-b71ecbccbf34
3107289,EMAIL-5cac1ed1c3bd
3107314,EMAIL-526472e87484
3107712,EMAIL-5a343157d535
3107780,EMAIL-b71ecbccbf34
3107869,EMAIL-601679140412
3108695,EMAIL-526472e87484
3109837,EMAIL-526472e87484
3110119,EMAIL-526472e87484
3110128,EMAIL-000db143c437
3110222,EMAIL-526472e87484
3110470,EMAIL-8b942685451d
3110537,EMAIL-526472e87484
3110770,EMAIL-601679140412
3110968,EMAIL-526472e87484
3111053,EMAIL-526472e87484
3111262,EMAIL-662b3791aebd
3111394,EMAIL-05c3ae107b3d
3111620,EMAIL-5a343157d535
3111659,EMAIL-526472e87484
3112632,EMAIL-526472e87484
3112777,EMAIL-526472e87484
3113095,EMAIL-526472e87484
3113337,EMAIL-601679140412
3113745,EMAIL-94f19eddc52f
3114222,EMAIL-662b3791aebd
3114278,EMAIL-05c3ae107b3d
3114774,EMAIL-526472e87484
3116058,EMAIL-526472e87484
3116388,EMAIL-7db8006395b7
3116941,EMAIL-601679140412
3117007,EMAIL-05c3ae107b3d
3118906,EMAIL-526472e87484
3119655,EMAIL-662b3791aebd
3119839,EMAIL-526472e87484
3119975,EMAIL-05c3ae107b3d
3120270,EMAIL-7db8006395b7
3121891,EMAIL-526472e87484
3123571,EMAIL-601679140412
3124512,EMAIL-05c3ae107b3d
3125057,EMAIL-526472e87484
3125592,EMAIL-601679140412
3125962,EMAIL-601679140412
3126309,EMAIL-05c3ae107b3d
3126369,EMAIL-05c3ae107b3d
3126433,EMAIL-05c3ae107b3d
3127792,EMAIL-b71ecbccbf34
3128139,EMAIL-526472e87484
3128166,EMAIL-526472e87484
3128409,EMAIL-b71ecbccbf34
3128457,EMAIL-b71ecbccbf34
3128825,EMAIL-526472e87484
3128868,EMAIL-526472e87484
3129566,EMAIL-000db143c437
3130044,EMAIL-8b942685451d
3130883,EMAIL-601679140412
3131271,EMAIL-526472e87484
3133883,EMAIL-7db8006395b7
3135192,EMAIL-526472e87484
3136399,EMAIL-05c3ae107b3d
3138351,EMAIL-526472e87484
3142505,EMAIL-526472e87484
3144649,EMAIL-526472e87484
3147680,EMAIL-526472e87484
3148250,EMAIL-dfe6a9c7c1a5
3149771,EMAIL-3a8e7c5c8069
3150993,EMAIL-000db143c437
3151048,EMAIL-7db8006395b7
3151868,EMAIL-601679140412
3152316,EMAIL-526472e87484
3153142,EMAIL-526472e87484
3153301,EMAIL-05c3ae107b3d
3156075,EMAIL-526472e87484
3162397,EMAIL-526472e87484
3162401,EMAIL-526472e87484
3166984,EMAIL-526472e87484
3166999,EMAIL-526472e87484
3170180,EMAIL-b2683a414714
3174371,EMAIL-526472e87484
3184681,EMAIL-526472e87484
3184683,EMAIL-526472e87484
3184770,EMAIL-526472e87484
3184779,EMAIL-526472e87484
3186562,EMAIL-526472e87484
3189958,EMAIL-601679140412
3190920,EMAIL-601679140412
3191050,EMAIL-662b3791aebd
3195393,EMAIL-0df48815e896
3199424,EMAIL-05c3ae107b3d
3203155,EMAIL-601679140412
3205867,EMAIL-7db8006395b7
3216800,EMAIL-526472e87484
3216812,EMAIL-526472e87484
3220722,EMAIL-b71ecbccbf34
3220745,EMAIL-b71ecbccbf34
3220757,EMAIL-b71ecbccbf34
3224188,EMAIL-526472e87484
3225011,EMAIL-7db8006395b7
3226819,EMAIL-526472e87484
3230073,EMAIL-b2683a414714
3234327,EMAIL-0df48815e896
3237339,EMAIL-526472e87484
3237387,EMAIL-601679140412
3237870,EMAIL-526472e87484
3242771,EMAIL-7db8006395b7
3242903,EMAIL-7db8006395b7
3245947,EMAIL-526472e87484
3247180,EMAIL-601679140412
3256374,EMAIL-05c3ae107b3d
3258860,EMAIL-526472e87484
3263096,EMAIL-526472e87484
3266379,EMAIL-526472e87484
3266422,EMAIL-526472e87484
3266519,EMAIL-526472e87484
3266547,EMAIL-526472e87484
3266602,EMAIL-526472e87484
3266611,EMAIL-526472e87484
3266624,EMAIL-526472e87484
3266634,EMAIL-526472e87484
3269981,EMAIL-dfe6a9c7c1a5
3271013,EMAIL-05c3ae107b3d
3271785,EMAIL-526472e87484
3274940,EMAIL-601679140412
3274941,EMAIL-601679140412
3275524,EMAIL-526472e87484
3277990,EMAIL-05c3ae107b3d
3281918,EMAIL-83e81c0f7766
3283037,EMAIL-526472e87484
3292160,EMAIL-83e81c0f7766
3292271,EMAIL-05c3ae107b3d
3294845,EMAIL-05c3ae107b3d
3297370,EMAIL-601679140412
3297415,EMAIL-526472e87484
3299662,EMAIL-7db8006395b7
3302409,EMAIL-526472e87484
3306844,EMAIL-05c3ae107b3d
3307015,EMAIL-526472e87484
3307848,EMAIL-526472e87484
3322690,EMAIL-05c3ae107b3d
3323111,EMAIL-526472e87484
3324666,EMAIL-526472e87484
3328963,EMAIL-601679140412
3330698,EMAIL-526472e87484
3330702,EMAIL-526472e87484
3330761,EMAIL-526472e87484
3338050,EMAIL-526472e87484
3338320,EMAIL-0df48815e896
3339340,EMAIL-526472e87484
3342487,EMAIL-dfe6a9c7c1a5
3344514,EMAIL-7db8006395b7
3345629,EMAIL-526472e87484
3347940,EMAIL-526472e87484
3348227,EMAIL-601679140412
3356668,EMAIL-526472e87484
3356674,EMAIL-526472e87484
3356675,EMAIL-526472e87484
3356684,EMAIL-526472e87484
3357184,EMAIL-526472e87484
3362873,EMAIL-601679140412
3363619,EMAIL-7db8006395b7
3364769,EMAIL-b71ecbccbf34
3366280,EMAIL-601679140412
3368083,EMAIL-526472e87484
3368360,EMAIL-05c3ae107b3d
3369996,EMAIL-05c3ae107b3d
3370071,EMAIL-05c3ae107b3d
3372255,EMAIL-7db8006395b7
3372266,EMAIL-526472e87484
3375376,EMAIL-526472e87484
3381003,EMAIL-526472e87484
3381585,EMAIL-94f19eddc52f
3381749,EMAIL-526472e87484
3382160,EMAIL-7db8006395b7
3388538,EMAIL-05c3ae107b3d
3389523,EMAIL-05c3ae107b3d
3389674,EMAIL-601679140412
3390612,EMAIL-526472e87484
3393397,EMAIL-000db143c437
3395339,EMAIL-526472e87484
3396053,EMAIL-601679140412
3397708,EMAIL-526472e87484
3398160,EMAIL-05c3ae107b3d
3405413,EMAIL-526472e87484
3405614,EMAIL-05c3ae107b3d
3408509,EMAIL-b71ecbccbf34
3410694,EMAIL-601679140412
3415299,EMAIL-526472e87484
3418766,EMAIL-526472e87484
3419383,EMAIL-526472e87484
3420051,EMAIL-7db8006395b7
3423856,EMAIL-dfe6a9c7c1a5
3426604,EMAIL-526472e87484
3429062,EMAIL-05c3ae107b3d
3429104,EMAIL-05c3ae107b3d
3429135,EMAIL-05c3ae107b3d
3429511,EMAIL-526472e87484
3429608,EMAIL-526472e87484
3431078,EMAIL-b71ecbccbf34
3431244,EMAIL-526472e87484
3431290,EMAIL-526472e87484
3431637,EMAIL-b71ecbccbf34
3431753,EMAIL-7db8006395b7
3431845,EMAIL-601679140412
3432046,EMAIL-5a343157d535
3432200,EMAIL-526472e87484
3432417,EMAIL-526472e87484
3432422,EMAIL-526472e87484
3432424,EMAIL-526472e87484
3432433,EMAIL-526472e87484
3432475,EMAIL-601679140412
3432914,EMAIL-526472e87484
3432940,EMAIL-7db8006395b7
3433401,EMAIL-05c3ae107b3d
3434965,EMAIL-fcfba35dc44c
3435015,EMAIL-b615162b121d
3436085,EMAIL-601679140412
3436592,EMAIL-526472e87484
3436646,EMAIL-601679140412
3437403,EMAIL-526472e87484
3437791,EMAIL-601679140412
3437871,EMAIL-601679140412
3438023,EMAIL-601679140412
3438059,EMAIL-05c3ae107b3d
3438493,EMAIL-601679140412
3438553,EMAIL-526472e87484
3438808,EMAIL-b71ecbccbf34
3438919,EMAIL-526472e87484
3439423,EMAIL-601679140412
3439475,EMAIL-601679140412
3439853,EMAIL-526472e87484
3440157,EMAIL-000db143c437
3440177,EMAIL-000db143c437
3440591,EMAIL-526472e87484
3440592,EMAIL-a45016f2e246
3440723,EMAIL-8b942685451d
3440943,EMAIL-526472e87484
3441122,EMAIL-fcfba35dc44c
3441802,EMAIL-526472e87484
3442809,EMAIL-526472e87484
3442940,EMAIL-526472e87484
3443366,EMAIL-7db8006395b7
3443495,EMAIL-601679140412
3443973,EMAIL-601679140412
3443976,EMAIL-601679140412
3444025,EMAIL-601679140412
3444431,EMAIL-b71ecbccbf34
3444960,EMAIL-601679140412
3444993,EMAIL-526472e87484
3445158,EMAIL-601679140412
3445800,EMAIL-7db8006395b7
3445983,EMAIL-601679140412
3446338,EMAIL-526472e87484
3446421,EMAIL-601679140412
3446515,EMAIL-601679140412
3446555,EMAIL-fcfba35dc44c
3446608,EMAIL-601679140412
3446803,EMAIL-5cac1ed1c3bd
3446976,EMAIL-526472e87484
3447915,EMAIL-601679140412
3448056,EMAIL-0df48815e896
3448259,EMAIL-0df48815e896
3448976,EMAIL-601679140412
3449299,EMAIL-05c3ae107b3d
3449603,EMAIL-000db143c437
3449681,EMAIL-601679140412
3450571,EMAIL-526472e87484
3451604,EMAIL-601679140412
3451693,EMAIL-526472e87484
3451880,EMAIL-dfe6a9c7c1a5
3452077,EMAIL-05c3ae107b3d
3452348,EMAIL-526472e87484
3452360,EMAIL-526472e87484
3452782,EMAIL-526472e87484
3453090,EMAIL-601679140412
3453134,EMAIL-601679140412
3453539,EMAIL-0df48815e896
3453580,EMAIL-0df48815e896
3454016,EMAIL-601679140412
3454333,EMAIL-526472e87484
3454422,EMAIL-526472e87484
3454435,EMAIL-526472e87484
3454471,EMAIL-526472e87484
3454489,EMAIL-526472e87484
3454730,EMAIL-7db8006395b7
3455578,EMAIL-526472e87484
3455704,EMAIL-526472e87484
3455948,EMAIL-526472e87484
3455968,EMAIL-526472e87484
3456149,EMAIL-526472e87484
3456705,EMAIL-526472e87484
3456958,EMAIL-662b3791aebd
3457236,EMAIL-526472e87484
3457281,EMAIL-526472e87484
3457637,EMAIL-526472e87484
3457994,EMAIL-b71ecbccbf34
3458603,EMAIL-05c3ae107b3d
3459427,EMAIL-526472e87484
3459464,EMAIL-83e81c0f7766
3459943,EMAIL-05c3ae107b3d
3460077,EMAIL-526472e87484
3460156,EMAIL-601679140412
3460185,EMAIL-7db8006395b7
3460232,EMAIL-7db8006395b7
3460297,EMAIL-526472e87484
3460634,EMAIL-526472e87484
3460696,EMAIL-526472e87484
3461217,EMAIL-05c3ae107b3d
3462327,EMAIL-601679140412
3462364,EMAIL-601679140412
3462447,EMAIL-526472e87484
3462792,EMAIL-601679140412
3463288,EMAIL-601679140412
3463534,EMAIL-8b942685451d
3463595,EMAIL-05c3ae107b3d
3464148,EMAIL-05c3ae107b3d
3465055,EMAIL-5cac1ed1c3bd
3465063,EMAIL-05c3ae107b3d
3465230,EMAIL-601679140412
3465421,EMAIL-526472e87484
3465441,EMAIL-b71ecbccbf34
3465689,EMAIL-05c3ae107b3d
3465924,EMAIL-526472e87484
3465959,EMAIL-526472e87484
3466013,EMAIL-526472e87484
3467167,EMAIL-526472e87484
3467346,EMAIL-000db143c437
3467528,EMAIL-526472e87484
3467932,EMAIL-526472e87484
3468059,EMAIL-05c3ae107b3d
3468251,EMAIL-5a343157d535
3468491,EMAIL-0df48815e896
3469151,EMAIL-526472e87484
3471032,EMAIL-05c3ae107b3d
3472754,EMAIL-526472e87484
3473417,EMAIL-526472e87484
3478561,EMAIL-526472e87484
3478714,EMAIL-601679140412
3481593,EMAIL-7db8006395b7
3482812,EMAIL-526472e87484
3482839,EMAIL-526472e87484
3482860,EMAIL-526472e87484
3482924,EMAIL-526472e87484
3482929,EMAIL-526472e87484
3483187,EMAIL-05c3ae107b3d
3483198,EMAIL-05c3ae107b3d
3484139,EMAIL-05c3ae107b3d
3485808,EMAIL-526472e87484
3485910,EMAIL-526472e87484
3486038,EMAIL-601679140412
3486049,EMAIL-526472e87484
3486052,EMAIL-7db8006395b7
3486552,EMAIL-05c3ae107b3d
3487482,EMAIL-601679140412
3487659,EMAIL-05c3ae107b3d
3488570,EMAIL-b71ecbccbf34
3489071,EMAIL-05c3ae107b3d
3489320,EMAIL-526472e87484
3489760,EMAIL-05c3ae107b3d
3489784,EMAIL-7db8006395b7
3489922,EMAIL-526472e87484
3491096,EMAIL-7db8006395b7
3491271,EMAIL-526472e87484
3491396,EMAIL-05c3ae107b3d
3491668,EMAIL-526472e87484
3492086,EMAIL-526472e87484
3492168,EMAIL-526472e87484
3492354,EMAIL-601679140412
3492637,EMAIL-601679140412
3493830,EMAIL-526472e87484
3494054,EMAIL-000db143c437
3494067,EMAIL-000db143c437
3494182,EMAIL-05c3ae107b3d
3494313,EMAIL-526472e87484
3494535,EMAIL-601679140412
3494965,EMAIL-601679140412
3495821,EMAIL-526472e87484
3496146,EMAIL-05c3ae107b3d
3496621,EMAIL-526472e87484
3496833,EMAIL-526472e87484
3497063,EMAIL-526472e87484
3497670,EMAIL-05c3ae107b3d
3497738,EMAIL-526472e87484
3497820,EMAIL-601679140412
3500738,EMAIL-05c3ae107b3d
3500844,EMAIL-b71ecbccbf34
3500928,EMAIL-05c3ae107b3d
3500930,EMAIL-05c3ae107b3d
3501023,EMAIL-05c3ae107b3d
3501132,EMAIL-05c3ae107b3d
3501177,EMAIL-05c3ae107b3d
3501263,EMAIL-601679140412
3502901,EMAIL-526472e87484
3503412,EMAIL-526472e87484
3503878,EMAIL-526472e87484
3503988,EMAIL-526472e87484
3504429,EMAIL-05c3ae107b3d
3504479,EMAIL-05c3ae107b3d
3504950,EMAIL-94f19eddc52f
3507297,EMAIL-05c3ae107b3d
3507659,EMAIL-526472e87484
3507660,EMAIL-526472e87484
3507672,EMAIL-526472e87484
3508296,EMAIL-94f19eddc52f
3508342,EMAIL-94f19eddc52f
3508617,EMAIL-05c3ae107b3d
3508877,EMAIL-05c3ae107b3d
3509359,EMAIL-94f19eddc52f
3509432,EMAIL-7db8006395b7
3509470,EMAIL-05c3ae107b3d
3509625,EMAIL-05c3ae107b3d
3509711,EMAIL-05c3ae107b3d
3513574,EMAIL-526472e87484
3513647,EMAIL-526472e87484
3515777,EMAIL-526472e87484
3516576,EMAIL-526472e87484
3516867,EMAIL-b71ecbccbf34
3518393,EMAIL-05c3ae107b3d
3518671,EMAIL-05c3ae107b3d
3520213,EMAIL-0df48815e896
3521668,EMAIL-526472e87484
3523199,EMAIL-526472e87484
3524594,EMAIL-601679140412
3524763,EMAIL-601679140412
3525126,EMAIL-05c3ae107b3d
3525158,EMAIL-05c3ae107b3d
3525189,EMAIL-05c3ae107b3d
3527103,EMAIL-526472e87484
3527839,EMAIL-526472e87484
3527960,EMAIL-526472e87484
3531358,EMAIL-526472e87484
3532441,EMAIL-601679140412
3534691,EMAIL-526472e87484
3534729,EMAIL-526472e87484
3536183,EMAIL-b71ecbccbf34
3536506,EMAIL-601679140412
3538700,EMAIL-5a7e696acd63
3538792,EMAIL-5a7e696acd63
3539034,EMAIL-05c3ae107b3d
3539095,EMAIL-05c3ae107b3d
3541718,EMAIL-b71ecbccbf34
3543650,EMAIL-dfe6a9c7c1a5
3543950,EMAIL-05c3ae107b3d
3545223,EMAIL-526472e87484
3545489,EMAIL-526472e87484
3548781,EMAIL-05c3ae107b3d
3551176,EMAIL-601679140412
3553731,EMAIL-dfe6a9c7c1a5
3556789,EMAIL-05c3ae107b3d
3556868,EMAIL-05c3ae107b3d
3556893,EMAIL-05c3ae107b3d
3558004,EMAIL-526472e87484
3562337,EMAIL-601679140412
3568532,EMAIL-dfe6a9c7c1a5
3570416,EMAIL-dfe6a9c7c1a5
3572098,EMAIL-526472e87484
3572117,EMAIL-526472e87484
3573010,EMAIL-526472e87484
3573022,EMAIL-526472e87484
3574033,EMAIL-dfe6a9c7c1a5
3575547,EMAIL-dfe6a9c7c1a5
3576079,EMAIL-601679140412
3580353,EMAIL-526472e87484
3581141,EMAIL-526472e87484
3582244,EMAIL-662b3791aebd
3584499,EMAIL-526472e87484
3586980,EMAIL-526472e87484
3587042,EMAIL-526472e87484
3587043,EMAIL-526472e87484
3588859,EMAIL-526472e87484
3588874,EMAIL-526472e87484
3588876,EMAIL-526472e87484
3588905,EMAIL-526472e87484
3588919,EMAIL-526472e87484
3588950,EMAIL-526472e87484
